image_id,source_dataset,filepath,original_path,original_class,unified_class,label,group_id,specimen_id,stratum,fold
current_freshwater-0272afc34415,current_freshwater,data/raw/current_freshwater/test_split/Bacterial Red disease_Bacterial Red disease_130.jpg,test_split/Bacterial Red disease_Bacterial Red disease_130.jpg,Bacterial Red disease,Bacterial Red Disease,0,current_freshwater-0272afc34415,,Bacterial Red Disease|current_freshwater,1
current_freshwater-bc76b4330e61,current_freshwater,data/raw/current_freshwater/test_split/Bacterial Red disease_Bacterial Red disease_186.jpg,test_split/Bacterial Red disease_Bacterial Red disease_186.jpg,Bacterial Red disease,Bacterial Red Disease,0,current_freshwater-00f1e1382549,,Bacterial Red Disease|current_freshwater,1
current_freshwater-6d1b29b6184f,current_freshwater,data/raw/current_freshwater/test_split/Bacterial Red disease_Bacterial Red disease_20.jpeg,test_split/Bacterial Red disease_Bacterial Red disease_20.jpeg,Bacterial Red disease,Bacterial Red Disease,0,current_freshwater-6d1b29b6184f,,Bacterial Red Disease|roboflow,1
current_freshwater-40143d63b50b,current_freshwater,data/raw/current_freshwater/test_split/Bacterial Red disease_Bacterial Red disease_73.jpg,test_split/Bacterial Red disease_Bacterial Red disease_73.jpg,Bacterial Red disease,Bacterial Red Disease,0,current_freshwater-40143d63b50b,,Bacterial Red Disease|current_freshwater,1
current_freshwater-a467e93b8e61,current_freshwater,data/raw/current_freshwater/train_split/Bacterial Red disease/Bacterial Red disease_11.jpg,train_split/Bacterial Red disease/Bacterial Red disease_11.jpg,Bacterial Red disease,Bacterial Red Disease,0,current_freshwater-6e4e27605886,,Bacterial Red Disease|current_freshwater,1
current_freshwater-82dd4d57c5a4,current_freshwater,data/raw/current_freshwater/train_split/Bacterial Red disease/Bacterial Red disease_112.jpg,train_split/Bacterial Red disease/Bacterial Red disease_112.jpg,Bacterial Red disease,Bacterial Red Disease,0,current_freshwater-82dd4d57c5a4,,Bacterial Red Disease|current_freshwater,1
current_freshwater-d899f2e78d63,current_freshwater,data/raw/current_freshwater/train_split/Bacterial Red disease/Bacterial Red disease_122.jpg,train_split/Bacterial Red disease/Bacterial Red disease_122.jpg,Bacterial Red disease,Bacterial Red Disease,0,current_freshwater-d899f2e78d63,,Bacterial Red Disease|current_freshwater,1
current_freshwater-8b3efc0de82c,current_freshwater,data/raw/current_freshwater/train_split/Bacterial Red disease/Bacterial Red disease_127.jpg,train_split/Bacterial Red disease/Bacterial Red disease_127.jpg,Bacterial Red disease,Bacterial Red Disease,0,current_freshwater-8b3efc0de82c,,Bacterial Red Disease|current_freshwater,1
current_freshwater-39ead0a55163,current_freshwater,data/raw/current_freshwater/train_split/Bacterial Red disease/Bacterial Red disease_18.jpg,train_split/Bacterial Red disease/Bacterial Red disease_18.jpg,Bacterial Red disease,Bacterial Red Disease,0,current_freshwater-39ead0a55163,,Bacterial Red Disease|current_freshwater,1
current_freshwater-0d940ab3ae2d,current_freshwater,data/raw/current_freshwater/train_split/Bacterial Red disease/Bacterial Red disease_183.jpg,train_split/Bacterial Red disease/Bacterial Red disease_183.jpg,Bacterial Red disease,Bacterial Red Disease,0,current_freshwater-0d940ab3ae2d,,Bacterial Red Disease|current_freshwater,1
current_freshwater-fe441e147007,current_freshwater,data/raw/current_freshwater/train_split/Bacterial Red disease/Bacterial Red disease_187.jpg,train_split/Bacterial Red disease/Bacterial Red disease_187.jpg,Bacterial Red disease,Bacterial Red Disease,0,current_freshwater-a03b8b2b124e,,Bacterial Red Disease|current_freshwater,1
current_freshwater-00dc3d27c5da,current_freshwater,data/raw/current_freshwater/train_split/Bacterial Red disease/Bacterial Red disease_195.jpg,train_split/Bacterial Red disease/Bacterial Red disease_195.jpg,Bacterial Red disease,Bacterial Red Disease,0,current_freshwater-00dc3d27c5da,,Bacterial Red Disease|current_freshwater,1
current_freshwater-746b9e508485,current_freshwater,data/raw/current_freshwater/train_split/Bacterial Red disease/Bacterial Red disease_199.jpg,train_split/Bacterial Red disease/Bacterial Red disease_199.jpg,Bacterial Red disease,Bacterial Red Disease,0,current_freshwater-746b9e508485,,Bacterial Red Disease|current_freshwater,1
current_freshwater-ba2738150e9f,current_freshwater,data/raw/current_freshwater/train_split/Bacterial Red disease/Bacterial Red disease_201.jpg,train_split/Bacterial Red disease/Bacterial Red disease_201.jpg,Bacterial Red disease,Bacterial Red Disease,0,current_freshwater-ba2738150e9f,,Bacterial Red Disease|current_freshwater,1
current_freshwater-4ca9fe7cda40,current_freshwater,data/raw/current_freshwater/train_split/Bacterial Red disease/Bacterial Red disease_75.jpg,train_split/Bacterial Red disease/Bacterial Red disease_75.jpg,Bacterial Red disease,Bacterial Red Disease,0,current_freshwater-4ca9fe7cda40,,Bacterial Red Disease|current_freshwater,1
current_freshwater-722ce1d600a1,current_freshwater,data/raw/current_freshwater/train_split/Bacterial Red disease/Bacterial Red disease_aug_0.jpg,train_split/Bacterial Red disease/Bacterial Red disease_aug_0.jpg,Bacterial Red disease,Bacterial Red Disease,0,current_freshwater-722ce1d600a1,,Bacterial Red Disease|current_freshwater,1
current_freshwater-03c524073d6a,current_freshwater,data/raw/current_freshwater/train_split/Bacterial Red disease/Bacterial Red disease_aug_12.jpg,train_split/Bacterial Red disease/Bacterial Red disease_aug_12.jpg,Bacterial Red disease,Bacterial Red Disease,0,current_freshwater-03c524073d6a,,Bacterial Red Disease|current_freshwater,1
current_freshwater-01dda11546bc,current_freshwater,data/raw/current_freshwater/train_split/Bacterial Red disease/Bacterial Red disease_aug_154.jpg,train_split/Bacterial Red disease/Bacterial Red disease_aug_154.jpg,Bacterial Red disease,Bacterial Red Disease,0,current_freshwater-01dda11546bc,,Bacterial Red Disease|current_freshwater,1
current_freshwater-d1cfa13ad593,current_freshwater,data/raw/current_freshwater/train_split/Bacterial Red disease/Bacterial Red disease_aug_159.jpg,train_split/Bacterial Red disease/Bacterial Red disease_aug_159.jpg,Bacterial Red disease,Bacterial Red Disease,0,current_freshwater-d1cfa13ad593,,Bacterial Red Disease|current_freshwater,1
current_freshwater-c80c14bf1221,current_freshwater,data/raw/current_freshwater/train_split/Bacterial Red disease/Bacterial Red disease_aug_173.jpg,train_split/Bacterial Red disease/Bacterial Red disease_aug_173.jpg,Bacterial Red disease,Bacterial Red Disease,0,current_freshwater-c80c14bf1221,,Bacterial Red Disease|current_freshwater,1
current_freshwater-00e0e9946f07,current_freshwater,data/raw/current_freshwater/train_split/Bacterial Red disease/Bacterial Red disease_aug_178.jpg,train_split/Bacterial Red disease/Bacterial Red disease_aug_178.jpg,Bacterial Red disease,Bacterial Red Disease,0,current_freshwater-00e0e9946f07,,Bacterial Red Disease|current_freshwater,1
current_freshwater-6e4e27605886,current_freshwater,data/raw/current_freshwater/train_split/Bacterial Red disease/Bacterial Red disease_aug_180.jpg,train_split/Bacterial Red disease/Bacterial Red disease_aug_180.jpg,Bacterial Red disease,Bacterial Red Disease,0,current_freshwater-6e4e27605886,,Bacterial Red Disease|current_freshwater,1
current_freshwater-9fafdf3d7afd,current_freshwater,data/raw/current_freshwater/train_split/Bacterial Red disease/Bacterial Red disease_aug_208.jpg,train_split/Bacterial Red disease/Bacterial Red disease_aug_208.jpg,Bacterial Red disease,Bacterial Red Disease,0,current_freshwater-4dc5a25522d5,,Bacterial Red Disease|current_freshwater,1
current_freshwater-c919dcd7f216,current_freshwater,data/raw/current_freshwater/train_split/Bacterial Red disease/Bacterial Red disease_aug_223.jpg,train_split/Bacterial Red disease/Bacterial Red disease_aug_223.jpg,Bacterial Red disease,Bacterial Red Disease,0,current_freshwater-c919dcd7f216,,Bacterial Red Disease|current_freshwater,1
current_freshwater-f36fb1a9e1f9,current_freshwater,data/raw/current_freshwater/train_split/Bacterial Red disease/Bacterial Red disease_aug_245.jpg,train_split/Bacterial Red disease/Bacterial Red disease_aug_245.jpg,Bacterial Red disease,Bacterial Red Disease,0,current_freshwater-f36fb1a9e1f9,,Bacterial Red Disease|current_freshwater,1
current_freshwater-43e728e8283f,current_freshwater,data/raw/current_freshwater/train_split/Bacterial Red disease/Bacterial Red disease_aug_248.jpg,train_split/Bacterial Red disease/Bacterial Red disease_aug_248.jpg,Bacterial Red disease,Bacterial Red Disease,0,current_freshwater-43e728e8283f,,Bacterial Red Disease|current_freshwater,1
current_freshwater-00f1e1382549,current_freshwater,data/raw/current_freshwater/train_split/Bacterial Red disease/Bacterial Red disease_aug_256.jpg,train_split/Bacterial Red disease/Bacterial Red disease_aug_256.jpg,Bacterial Red disease,Bacterial Red Disease,0,current_freshwater-00f1e1382549,,Bacterial Red Disease|current_freshwater,1
current_freshwater-8b50c7d07a17,current_freshwater,data/raw/current_freshwater/train_split/Bacterial Red disease/Bacterial Red disease_aug_257.jpg,train_split/Bacterial Red disease/Bacterial Red disease_aug_257.jpg,Bacterial Red disease,Bacterial Red Disease,0,current_freshwater-8b50c7d07a17,,Bacterial Red Disease|current_freshwater,1
current_freshwater-9868bc84510b,current_freshwater,data/raw/current_freshwater/train_split/Bacterial Red disease/Bacterial Red disease_aug_298.jpg,train_split/Bacterial Red disease/Bacterial Red disease_aug_298.jpg,Bacterial Red disease,Bacterial Red Disease,0,current_freshwater-9868bc84510b,,Bacterial Red Disease|current_freshwater,1
current_freshwater-e888b206e50e,current_freshwater,data/raw/current_freshwater/train_split/Bacterial Red disease/Bacterial Red disease_aug_314.jpg,train_split/Bacterial Red disease/Bacterial Red disease_aug_314.jpg,Bacterial Red disease,Bacterial Red Disease,0,current_freshwater-e888b206e50e,,Bacterial Red Disease|current_freshwater,1
current_freshwater-098e918912ab,current_freshwater,data/raw/current_freshwater/train_split/Bacterial Red disease/Bacterial Red disease_aug_33.jpg,train_split/Bacterial Red disease/Bacterial Red disease_aug_33.jpg,Bacterial Red disease,Bacterial Red Disease,0,current_freshwater-00f1e1382549,,Bacterial Red Disease|current_freshwater,1
current_freshwater-7857ba91fa6b,current_freshwater,data/raw/current_freshwater/train_split/Bacterial Red disease/Bacterial Red disease_aug_58.jpg,train_split/Bacterial Red disease/Bacterial Red disease_aug_58.jpg,Bacterial Red disease,Bacterial Red Disease,0,current_freshwater-7857ba91fa6b,,Bacterial Red Disease|current_freshwater,1
current_freshwater-e268b269d307,current_freshwater,data/raw/current_freshwater/train_split/Bacterial Red disease/Bacterial Red disease_aug_6.jpg,train_split/Bacterial Red disease/Bacterial Red disease_aug_6.jpg,Bacterial Red disease,Bacterial Red Disease,0,current_freshwater-00f1e1382549,,Bacterial Red Disease|current_freshwater,1
current_freshwater-f3190c1760d0,current_freshwater,data/raw/current_freshwater/train_split/Bacterial Red disease/Bacterial Red disease_aug_66.jpg,train_split/Bacterial Red disease/Bacterial Red disease_aug_66.jpg,Bacterial Red disease,Bacterial Red Disease,0,current_freshwater-f3190c1760d0,,Bacterial Red Disease|current_freshwater,1
current_freshwater-a03b8b2b124e,current_freshwater,data/raw/current_freshwater/train_split/Bacterial Red disease/Bacterial Red disease_aug_96.jpg,train_split/Bacterial Red disease/Bacterial Red disease_aug_96.jpg,Bacterial Red disease,Bacterial Red Disease,0,current_freshwater-a03b8b2b124e,,Bacterial Red Disease|current_freshwater,1
roboflow-3647dd4bfb0f,roboflow,data/raw/roboflow/train/Bacterial Red disease/Bacterial-Red-disease-21-_jpg.rf.774fe449da8367bc50895e1266dbfef4.jpg,train/Bacterial Red disease/Bacterial-Red-disease-21-_jpg.rf.774fe449da8367bc50895e1266dbfef4.jpg,Bacterial Red disease,Bacterial Red Disease,0,current_freshwater-39ead0a55163,,Bacterial Red Disease|current_freshwater,1
roboflow-d03e11a2dd86,roboflow,data/raw/roboflow/valid/Bacterial Red disease/Bacterial-Red-disease-35-_jpg.rf.271d0fc22f5bbba0942548c118e492c2.jpg,valid/Bacterial Red disease/Bacterial-Red-disease-35-_jpg.rf.271d0fc22f5bbba0942548c118e492c2.jpg,Bacterial Red disease,Bacterial Red Disease,0,current_freshwater-6d1b29b6184f,,Bacterial Red Disease|roboflow,1
roboflow-fb650b9f11a2,roboflow,data/raw/roboflow/valid/Bacterial Red disease/Bacterial-Red-disease-4-_jpeg.rf.cdd0a4cc8807bf7b7ddaed01fd53a7a7.jpg,valid/Bacterial Red disease/Bacterial-Red-disease-4-_jpeg.rf.cdd0a4cc8807bf7b7ddaed01fd53a7a7.jpg,Bacterial Red disease,Bacterial Red Disease,0,current_freshwater-6d1b29b6184f,,Bacterial Red Disease|roboflow,1
current_freshwater-fc009c68d85c,current_freshwater,data/raw/current_freshwater/test_split/Bacterial diseases - Aeromoniasis_Bacterial diseases - Aeromoniasis_112.jpg,test_split/Bacterial diseases - Aeromoniasis_Bacterial diseases - Aeromoniasis_112.jpg,Bacterial diseases - Aeromoniasis,Aeromoniasis,1,current_freshwater-fc009c68d85c,,Aeromoniasis|current_freshwater,1
current_freshwater-8156cf8fd5c8,current_freshwater,data/raw/current_freshwater/test_split/Bacterial diseases - Aeromoniasis_Bacterial diseases - Aeromoniasis_210.jpg,test_split/Bacterial diseases - Aeromoniasis_Bacterial diseases - Aeromoniasis_210.jpg,Bacterial diseases - Aeromoniasis,Aeromoniasis,1,current_freshwater-8156cf8fd5c8,,Aeromoniasis|current_freshwater,1
current_freshwater-40d7b9d5f2ee,current_freshwater,data/raw/current_freshwater/test_split/Bacterial diseases - Aeromoniasis_Bacterial diseases - Aeromoniasis_45.jpg,test_split/Bacterial diseases - Aeromoniasis_Bacterial diseases - Aeromoniasis_45.jpg,Bacterial diseases - Aeromoniasis,Aeromoniasis,1,current_freshwater-40d7b9d5f2ee,,Aeromoniasis|current_freshwater,1
current_freshwater-755b0afa4ac0,current_freshwater,data/raw/current_freshwater/train_split/Bacterial diseases - Aeromoniasis/Bacterial diseases - Aeromoniasis_114.jpeg,train_split/Bacterial diseases - Aeromoniasis/Bacterial diseases - Aeromoniasis_114.jpeg,Bacterial diseases - Aeromoniasis,Aeromoniasis,1,current_freshwater-755b0afa4ac0,,Aeromoniasis|current_freshwater,1
current_freshwater-0b185ced6b6e,current_freshwater,data/raw/current_freshwater/train_split/Bacterial diseases - Aeromoniasis/Bacterial diseases - Aeromoniasis_164.jpg,train_split/Bacterial diseases - Aeromoniasis/Bacterial diseases - Aeromoniasis_164.jpg,Bacterial diseases - Aeromoniasis,Aeromoniasis,1,current_freshwater-0b185ced6b6e,,Aeromoniasis|current_freshwater,1
current_freshwater-ef55bb67ec21,current_freshwater,data/raw/current_freshwater/train_split/Bacterial diseases - Aeromoniasis/Bacterial diseases - Aeromoniasis_167.jpg,train_split/Bacterial diseases - Aeromoniasis/Bacterial diseases - Aeromoniasis_167.jpg,Bacterial diseases - Aeromoniasis,Aeromoniasis,1,current_freshwater-ef55bb67ec21,,Aeromoniasis|roboflow,1
current_freshwater-b913d32466a4,current_freshwater,data/raw/current_freshwater/train_split/Bacterial diseases - Aeromoniasis/Bacterial diseases - Aeromoniasis_169.jpg,train_split/Bacterial diseases - Aeromoniasis/Bacterial diseases - Aeromoniasis_169.jpg,Bacterial diseases - Aeromoniasis,Aeromoniasis,1,current_freshwater-349f76f2f23d,,Aeromoniasis|current_freshwater,1
current_freshwater-8823861105ee,current_freshwater,data/raw/current_freshwater/train_split/Bacterial diseases - Aeromoniasis/Bacterial diseases - Aeromoniasis_226.jpg,train_split/Bacterial diseases - Aeromoniasis/Bacterial diseases - Aeromoniasis_226.jpg,Bacterial diseases - Aeromoniasis,Aeromoniasis,1,current_freshwater-8823861105ee,,Aeromoniasis|current_freshwater,1
current_freshwater-88e792f043c2,current_freshwater,data/raw/current_freshwater/train_split/Bacterial diseases - Aeromoniasis/Bacterial diseases - Aeromoniasis_232.jpg,train_split/Bacterial diseases - Aeromoniasis/Bacterial diseases - Aeromoniasis_232.jpg,Bacterial diseases - Aeromoniasis,Aeromoniasis,1,current_freshwater-88e792f043c2,,Aeromoniasis|current_freshwater,1
current_freshwater-8dffb83d1799,current_freshwater,data/raw/current_freshwater/train_split/Bacterial diseases - Aeromoniasis/Bacterial diseases - Aeromoniasis_238.jpg,train_split/Bacterial diseases - Aeromoniasis/Bacterial diseases - Aeromoniasis_238.jpg,Bacterial diseases - Aeromoniasis,Aeromoniasis,1,current_freshwater-8dffb83d1799,,Aeromoniasis|current_freshwater,1
current_freshwater-ccdcb5772abb,current_freshwater,data/raw/current_freshwater/train_split/Bacterial diseases - Aeromoniasis/Bacterial diseases - Aeromoniasis_27.jpg,train_split/Bacterial diseases - Aeromoniasis/Bacterial diseases - Aeromoniasis_27.jpg,Bacterial diseases - Aeromoniasis,Aeromoniasis,1,current_freshwater-ccdcb5772abb,,Aeromoniasis|current_freshwater,1
current_freshwater-a45bc223d41d,current_freshwater,data/raw/current_freshwater/train_split/Bacterial diseases - Aeromoniasis/Bacterial diseases - Aeromoniasis_30.jpg,train_split/Bacterial diseases - Aeromoniasis/Bacterial diseases - Aeromoniasis_30.jpg,Bacterial diseases - Aeromoniasis,Aeromoniasis,1,current_freshwater-a45bc223d41d,,Aeromoniasis|current_freshwater,1
current_freshwater-05ae5d67f39e,current_freshwater,data/raw/current_freshwater/train_split/Bacterial diseases - Aeromoniasis/Bacterial diseases - Aeromoniasis_64.jpg,train_split/Bacterial diseases - Aeromoniasis/Bacterial diseases - Aeromoniasis_64.jpg,Bacterial diseases - Aeromoniasis,Aeromoniasis,1,current_freshwater-05ae5d67f39e,,Aeromoniasis|current_freshwater,1
current_freshwater-45596d919b16,current_freshwater,data/raw/current_freshwater/train_split/Bacterial diseases - Aeromoniasis/Bacterial diseases - Aeromoniasis_70.jpg,train_split/Bacterial diseases - Aeromoniasis/Bacterial diseases - Aeromoniasis_70.jpg,Bacterial diseases - Aeromoniasis,Aeromoniasis,1,current_freshwater-45596d919b16,,Aeromoniasis|current_freshwater,1
current_freshwater-5d597fe7afec,current_freshwater,data/raw/current_freshwater/train_split/Bacterial diseases - Aeromoniasis/Bacterial diseases - Aeromoniasis_97.jpg,train_split/Bacterial diseases - Aeromoniasis/Bacterial diseases - Aeromoniasis_97.jpg,Bacterial diseases - Aeromoniasis,Aeromoniasis,1,current_freshwater-5d597fe7afec,,Aeromoniasis|current_freshwater,1
current_freshwater-93a70cfc0a25,current_freshwater,data/raw/current_freshwater/train_split/Bacterial diseases - Aeromoniasis/Bacterial diseases - Aeromoniasis_aug_10.jpg,train_split/Bacterial diseases - Aeromoniasis/Bacterial diseases - Aeromoniasis_aug_10.jpg,Bacterial diseases - Aeromoniasis,Aeromoniasis,1,current_freshwater-88e792f043c2,,Aeromoniasis|current_freshwater,1
current_freshwater-a22a0cd8da20,current_freshwater,data/raw/current_freshwater/train_split/Bacterial diseases - Aeromoniasis/Bacterial diseases - Aeromoniasis_aug_135.jpg,train_split/Bacterial diseases - Aeromoniasis/Bacterial diseases - Aeromoniasis_aug_135.jpg,Bacterial diseases - Aeromoniasis,Aeromoniasis,1,current_freshwater-349f76f2f23d,,Aeromoniasis|current_freshwater,1
current_freshwater-51a776e332b0,current_freshwater,data/raw/current_freshwater/train_split/Bacterial diseases - Aeromoniasis/Bacterial diseases - Aeromoniasis_aug_170.jpg,train_split/Bacterial diseases - Aeromoniasis/Bacterial diseases - Aeromoniasis_aug_170.jpg,Bacterial diseases - Aeromoniasis,Aeromoniasis,1,current_freshwater-51a776e332b0,,Aeromoniasis|current_freshwater,1
current_freshwater-ca7632f8ce94,current_freshwater,data/raw/current_freshwater/train_split/Bacterial diseases - Aeromoniasis/Bacterial diseases - Aeromoniasis_aug_171.jpg,train_split/Bacterial diseases - Aeromoniasis/Bacterial diseases - Aeromoniasis_aug_171.jpg,Bacterial diseases - Aeromoniasis,Aeromoniasis,1,current_freshwater-ca7632f8ce94,,Aeromoniasis|current_freshwater,1
current_freshwater-d24a67d914a0,current_freshwater,data/raw/current_freshwater/train_split/Bacterial diseases - Aeromoniasis/Bacterial diseases - Aeromoniasis_aug_188.jpg,train_split/Bacterial diseases - Aeromoniasis/Bacterial diseases - Aeromoniasis_aug_188.jpg,Bacterial diseases - Aeromoniasis,Aeromoniasis,1,current_freshwater-d24a67d914a0,,Aeromoniasis|current_freshwater,1
current_freshwater-b8b54a233745,current_freshwater,data/raw/current_freshwater/train_split/Bacterial diseases - Aeromoniasis/Bacterial diseases - Aeromoniasis_aug_197.jpg,train_split/Bacterial diseases - Aeromoniasis/Bacterial diseases - Aeromoniasis_aug_197.jpg,Bacterial diseases - Aeromoniasis,Aeromoniasis,1,current_freshwater-b8b54a233745,,Aeromoniasis|current_freshwater,1
current_freshwater-1532a86acabf,current_freshwater,data/raw/current_freshwater/train_split/Bacterial diseases - Aeromoniasis/Bacterial diseases - Aeromoniasis_aug_201.jpg,train_split/Bacterial diseases - Aeromoniasis/Bacterial diseases - Aeromoniasis_aug_201.jpg,Bacterial diseases - Aeromoniasis,Aeromoniasis,1,current_freshwater-1532a86acabf,,Aeromoniasis|current_freshwater,1
current_freshwater-216c7fb346df,current_freshwater,data/raw/current_freshwater/train_split/Bacterial diseases - Aeromoniasis/Bacterial diseases - Aeromoniasis_aug_215.jpg,train_split/Bacterial diseases - Aeromoniasis/Bacterial diseases - Aeromoniasis_aug_215.jpg,Bacterial diseases - Aeromoniasis,Aeromoniasis,1,current_freshwater-216c7fb346df,,Aeromoniasis|current_freshwater,1
current_freshwater-ad4d18b76617,current_freshwater,data/raw/current_freshwater/train_split/Bacterial diseases - Aeromoniasis/Bacterial diseases - Aeromoniasis_aug_217.jpg,train_split/Bacterial diseases - Aeromoniasis/Bacterial diseases - Aeromoniasis_aug_217.jpg,Bacterial diseases - Aeromoniasis,Aeromoniasis,1,current_freshwater-ad4d18b76617,,Aeromoniasis|current_freshwater,1
current_freshwater-349f76f2f23d,current_freshwater,data/raw/current_freshwater/train_split/Bacterial diseases - Aeromoniasis/Bacterial diseases - Aeromoniasis_aug_233.jpg,train_split/Bacterial diseases - Aeromoniasis/Bacterial diseases - Aeromoniasis_aug_233.jpg,Bacterial diseases - Aeromoniasis,Aeromoniasis,1,current_freshwater-349f76f2f23d,,Aeromoniasis|current_freshwater,1
current_freshwater-3785bc2028d6,current_freshwater,data/raw/current_freshwater/train_split/Bacterial diseases - Aeromoniasis/Bacterial diseases - Aeromoniasis_aug_240.jpg,train_split/Bacterial diseases - Aeromoniasis/Bacterial diseases - Aeromoniasis_aug_240.jpg,Bacterial diseases - Aeromoniasis,Aeromoniasis,1,current_freshwater-3785bc2028d6,,Aeromoniasis|current_freshwater,1
current_freshwater-eb2a869c5744,current_freshwater,data/raw/current_freshwater/train_split/Bacterial diseases - Aeromoniasis/Bacterial diseases - Aeromoniasis_aug_245.jpg,train_split/Bacterial diseases - Aeromoniasis/Bacterial diseases - Aeromoniasis_aug_245.jpg,Bacterial diseases - Aeromoniasis,Aeromoniasis,1,current_freshwater-eb2a869c5744,,Aeromoniasis|current_freshwater,1
current_freshwater-36f8a22e81c3,current_freshwater,data/raw/current_freshwater/train_split/Bacterial diseases - Aeromoniasis/Bacterial diseases - Aeromoniasis_aug_249.jpg,train_split/Bacterial diseases - Aeromoniasis/Bacterial diseases - Aeromoniasis_aug_249.jpg,Bacterial diseases - Aeromoniasis,Aeromoniasis,1,current_freshwater-36f8a22e81c3,,Aeromoniasis|current_freshwater,1
current_freshwater-ab55d522be2a,current_freshwater,data/raw/current_freshwater/train_split/Bacterial diseases - Aeromoniasis/Bacterial diseases - Aeromoniasis_aug_257.jpg,train_split/Bacterial diseases - Aeromoniasis/Bacterial diseases - Aeromoniasis_aug_257.jpg,Bacterial diseases - Aeromoniasis,Aeromoniasis,1,current_freshwater-ab55d522be2a,,Aeromoniasis|current_freshwater,1
current_freshwater-687d1bf893f7,current_freshwater,data/raw/current_freshwater/train_split/Bacterial diseases - Aeromoniasis/Bacterial diseases - Aeromoniasis_aug_270.jpg,train_split/Bacterial diseases - Aeromoniasis/Bacterial diseases - Aeromoniasis_aug_270.jpg,Bacterial diseases - Aeromoniasis,Aeromoniasis,1,current_freshwater-687d1bf893f7,,Aeromoniasis|current_freshwater,1
current_freshwater-c7443f094637,current_freshwater,data/raw/current_freshwater/train_split/Bacterial diseases - Aeromoniasis/Bacterial diseases - Aeromoniasis_aug_50.jpg,train_split/Bacterial diseases - Aeromoniasis/Bacterial diseases - Aeromoniasis_aug_50.jpg,Bacterial diseases - Aeromoniasis,Aeromoniasis,1,current_freshwater-c7443f094637,,Aeromoniasis|current_freshwater,1
current_freshwater-02ff26968439,current_freshwater,data/raw/current_freshwater/train_split/Bacterial diseases - Aeromoniasis/Bacterial diseases - Aeromoniasis_aug_65.jpg,train_split/Bacterial diseases - Aeromoniasis/Bacterial diseases - Aeromoniasis_aug_65.jpg,Bacterial diseases - Aeromoniasis,Aeromoniasis,1,current_freshwater-02ff26968439,,Aeromoniasis|current_freshwater,1
current_freshwater-4c61a1e2a0c1,current_freshwater,data/raw/current_freshwater/train_split/Bacterial diseases - Aeromoniasis/Bacterial diseases - Aeromoniasis_aug_82.jpg,train_split/Bacterial diseases - Aeromoniasis/Bacterial diseases - Aeromoniasis_aug_82.jpg,Bacterial diseases - Aeromoniasis,Aeromoniasis,1,current_freshwater-4c61a1e2a0c1,,Aeromoniasis|current_freshwater,1
current_freshwater-6d3e31f1bbaf,current_freshwater,data/raw/current_freshwater/train_split/Bacterial diseases - Aeromoniasis/Bacterial diseases - Aeromoniasis_aug_91.jpg,train_split/Bacterial diseases - Aeromoniasis/Bacterial diseases - Aeromoniasis_aug_91.jpg,Bacterial diseases - Aeromoniasis,Aeromoniasis,1,current_freshwater-6d3e31f1bbaf,,Aeromoniasis|current_freshwater,1
current_freshwater-7ac55a63f8af,current_freshwater,data/raw/current_freshwater/train_split/Bacterial diseases - Aeromoniasis/Bacterial diseases - Aeromoniasis_aug_93.jpg,train_split/Bacterial diseases - Aeromoniasis/Bacterial diseases - Aeromoniasis_aug_93.jpg,Bacterial diseases - Aeromoniasis,Aeromoniasis,1,current_freshwater-7ac55a63f8af,,Aeromoniasis|current_freshwater,1
roboflow-70e21ce02455,roboflow,data/raw/roboflow/test/Bacterial diseases - Aeromoniasis/Bacterial-diseases-Aeromoniasis-3-_jpeg.rf.9c026983b669525d234f4c9b364bd0fd.jpg,test/Bacterial diseases - Aeromoniasis/Bacterial-diseases-Aeromoniasis-3-_jpeg.rf.9c026983b669525d234f4c9b364bd0fd.jpg,Bacterial diseases - Aeromoniasis,Aeromoniasis,1,current_freshwater-755b0afa4ac0,,Aeromoniasis|current_freshwater,1
roboflow-3cedb6f5615c,roboflow,data/raw/roboflow/test/Bacterial diseases - Aeromoniasis/Bacterial-diseases-Aeromoniasis-30-_jpg.rf.a7ca6922d7a5e2e2205c4a8795b6b6e4.jpg,test/Bacterial diseases - Aeromoniasis/Bacterial-diseases-Aeromoniasis-30-_jpg.rf.a7ca6922d7a5e2e2205c4a8795b6b6e4.jpg,Bacterial diseases - Aeromoniasis,Aeromoniasis,1,current_freshwater-ef55bb67ec21,,Aeromoniasis|roboflow,1
roboflow-59c59bf88163,roboflow,data/raw/roboflow/train/Bacterial diseases - Aeromoniasis/Bacterial-diseases-Aeromoniasis-27-_jpg.rf.b58792b47449efc46014eb053db050ea.jpg,train/Bacterial diseases - Aeromoniasis/Bacterial-diseases-Aeromoniasis-27-_jpg.rf.b58792b47449efc46014eb053db050ea.jpg,Bacterial diseases - Aeromoniasis,Aeromoniasis,1,current_freshwater-0b185ced6b6e,,Aeromoniasis|current_freshwater,1
roboflow-4186c2b07e56,roboflow,data/raw/roboflow/train/Bacterial diseases - Aeromoniasis/Bacterial-diseases-Aeromoniasis-8-_jpg.rf.54c3ee177acd49ea2dd62bc19783625a.jpg,train/Bacterial diseases - Aeromoniasis/Bacterial-diseases-Aeromoniasis-8-_jpg.rf.54c3ee177acd49ea2dd62bc19783625a.jpg,Bacterial diseases - Aeromoniasis,Aeromoniasis,1,current_freshwater-ef55bb67ec21,,Aeromoniasis|roboflow,1
roboflow-479027629dd9,roboflow,data/raw/roboflow/valid/Bacterial diseases - Aeromoniasis/Bacterial-diseases-Aeromoniasis-31-_jpg.rf.1a7b4a85ef798f6a5cb91ddb5ba2751a.jpg,valid/Bacterial diseases - Aeromoniasis/Bacterial-diseases-Aeromoniasis-31-_jpg.rf.1a7b4a85ef798f6a5cb91ddb5ba2751a.jpg,Bacterial diseases - Aeromoniasis,Aeromoniasis,1,current_freshwater-349f76f2f23d,,Aeromoniasis|current_freshwater,1
current_freshwater-82a57e1fbb69,current_freshwater,data/raw/current_freshwater/test_split/Bacterial gill disease_Bacterial gill disease_161.jpg,test_split/Bacterial gill disease_Bacterial gill disease_161.jpg,Bacterial gill disease,Bacterial Gill Disease,2,current_freshwater-82a57e1fbb69,,Bacterial Gill Disease|current_freshwater,1
current_freshwater-dd2b15fa4bdd,current_freshwater,data/raw/current_freshwater/test_split/Bacterial gill disease_Bacterial gill disease_67.jpg,test_split/Bacterial gill disease_Bacterial gill disease_67.jpg,Bacterial gill disease,Bacterial Gill Disease,2,current_freshwater-dd2b15fa4bdd,,Bacterial Gill Disease|current_freshwater,1
current_freshwater-d141ac68bc65,current_freshwater,data/raw/current_freshwater/train_split/Bacterial gill disease/Bacterial gill disease_103.jpg,train_split/Bacterial gill disease/Bacterial gill disease_103.jpg,Bacterial gill disease,Bacterial Gill Disease,2,current_freshwater-d141ac68bc65,,Bacterial Gill Disease|current_freshwater,1
current_freshwater-8025ae07720b,current_freshwater,data/raw/current_freshwater/train_split/Bacterial gill disease/Bacterial gill disease_120.jpg,train_split/Bacterial gill disease/Bacterial gill disease_120.jpg,Bacterial gill disease,Bacterial Gill Disease,2,current_freshwater-8025ae07720b,,Bacterial Gill Disease|current_freshwater,1
current_freshwater-ab1b188c34e2,current_freshwater,data/raw/current_freshwater/train_split/Bacterial gill disease/Bacterial gill disease_127.jpg,train_split/Bacterial gill disease/Bacterial gill disease_127.jpg,Bacterial gill disease,Bacterial Gill Disease,2,current_freshwater-02eefb5590a4,,Bacterial Gill Disease|current_freshwater,1
current_freshwater-da26f6b44ddf,current_freshwater,data/raw/current_freshwater/train_split/Bacterial gill disease/Bacterial gill disease_136.jpg,train_split/Bacterial gill disease/Bacterial gill disease_136.jpg,Bacterial gill disease,Bacterial Gill Disease,2,current_freshwater-da26f6b44ddf,,Bacterial Gill Disease|current_freshwater,1
current_freshwater-9823b4877af2,current_freshwater,data/raw/current_freshwater/train_split/Bacterial gill disease/Bacterial gill disease_14.jpg,train_split/Bacterial gill disease/Bacterial gill disease_14.jpg,Bacterial gill disease,Bacterial Gill Disease,2,current_freshwater-9823b4877af2,,Bacterial Gill Disease|current_freshwater,1
current_freshwater-10480e570041,current_freshwater,data/raw/current_freshwater/train_split/Bacterial gill disease/Bacterial gill disease_145.jpg,train_split/Bacterial gill disease/Bacterial gill disease_145.jpg,Bacterial gill disease,Bacterial Gill Disease,2,current_freshwater-10480e570041,,Bacterial Gill Disease|current_freshwater,1
current_freshwater-9256138c0f44,current_freshwater,data/raw/current_freshwater/train_split/Bacterial gill disease/Bacterial gill disease_154.jpg,train_split/Bacterial gill disease/Bacterial gill disease_154.jpg,Bacterial gill disease,Bacterial Gill Disease,2,current_freshwater-9256138c0f44,,Bacterial Gill Disease|current_freshwater,1
current_freshwater-ecd5c3457d2d,current_freshwater,data/raw/current_freshwater/train_split/Bacterial gill disease/Bacterial gill disease_180.jpg,train_split/Bacterial gill disease/Bacterial gill disease_180.jpg,Bacterial gill disease,Bacterial Gill Disease,2,current_freshwater-ecd5c3457d2d,,Bacterial Gill Disease|current_freshwater,1
current_freshwater-d12d5bdb0afa,current_freshwater,data/raw/current_freshwater/train_split/Bacterial gill disease/Bacterial gill disease_198.jpg,train_split/Bacterial gill disease/Bacterial gill disease_198.jpg,Bacterial gill disease,Bacterial Gill Disease,2,current_freshwater-d12d5bdb0afa,,Bacterial Gill Disease|current_freshwater,1
current_freshwater-a08cb26bb4e2,current_freshwater,data/raw/current_freshwater/train_split/Bacterial gill disease/Bacterial gill disease_20.jpeg,train_split/Bacterial gill disease/Bacterial gill disease_20.jpeg,Bacterial gill disease,Bacterial Gill Disease,2,current_freshwater-a08cb26bb4e2,,Bacterial Gill Disease|roboflow,1
current_freshwater-bf1e3af59945,current_freshwater,data/raw/current_freshwater/train_split/Bacterial gill disease/Bacterial gill disease_229.jpg,train_split/Bacterial gill disease/Bacterial gill disease_229.jpg,Bacterial gill disease,Bacterial Gill Disease,2,current_freshwater-bf1e3af59945,,Bacterial Gill Disease|current_freshwater,1
current_freshwater-fe9d7b01d926,current_freshwater,data/raw/current_freshwater/train_split/Bacterial gill disease/Bacterial gill disease_241.jpg,train_split/Bacterial gill disease/Bacterial gill disease_241.jpg,Bacterial gill disease,Bacterial Gill Disease,2,current_freshwater-fe9d7b01d926,,Bacterial Gill Disease|current_freshwater,1
current_freshwater-1cf1d1c9dbdc,current_freshwater,data/raw/current_freshwater/train_split/Bacterial gill disease/Bacterial gill disease_42.jpg,train_split/Bacterial gill disease/Bacterial gill disease_42.jpg,Bacterial gill disease,Bacterial Gill Disease,2,current_freshwater-1cf1d1c9dbdc,,Bacterial Gill Disease|current_freshwater,1
current_freshwater-769aa01bbbc5,current_freshwater,data/raw/current_freshwater/train_split/Bacterial gill disease/Bacterial gill disease_43.jpeg,train_split/Bacterial gill disease/Bacterial gill disease_43.jpeg,Bacterial gill disease,Bacterial Gill Disease,2,current_freshwater-769aa01bbbc5,,Bacterial Gill Disease|current_freshwater,1
current_freshwater-5da71653cf56,current_freshwater,data/raw/current_freshwater/train_split/Bacterial gill disease/Bacterial gill disease_58.jpg,train_split/Bacterial gill disease/Bacterial gill disease_58.jpg,Bacterial gill disease,Bacterial Gill Disease,2,current_freshwater-5da71653cf56,,Bacterial Gill Disease|current_freshwater,1
current_freshwater-7eb81925a502,current_freshwater,data/raw/current_freshwater/train_split/Bacterial gill disease/Bacterial gill disease_8.jpg,train_split/Bacterial gill disease/Bacterial gill disease_8.jpg,Bacterial gill disease,Bacterial Gill Disease,2,current_freshwater-1cf1d1c9dbdc,,Bacterial Gill Disease|current_freshwater,1
current_freshwater-29c2ee75bebb,current_freshwater,data/raw/current_freshwater/train_split/Bacterial gill disease/Bacterial gill disease_aug_10.jpg,train_split/Bacterial gill disease/Bacterial gill disease_aug_10.jpg,Bacterial gill disease,Bacterial Gill Disease,2,current_freshwater-29c2ee75bebb,,Bacterial Gill Disease|current_freshwater,1
current_freshwater-6be56305e61a,current_freshwater,data/raw/current_freshwater/train_split/Bacterial gill disease/Bacterial gill disease_aug_102.jpg,train_split/Bacterial gill disease/Bacterial gill disease_aug_102.jpg,Bacterial gill disease,Bacterial Gill Disease,2,current_freshwater-6be56305e61a,,Bacterial Gill Disease|current_freshwater,1
current_freshwater-5211e6a2d795,current_freshwater,data/raw/current_freshwater/train_split/Bacterial gill disease/Bacterial gill disease_aug_105.jpg,train_split/Bacterial gill disease/Bacterial gill disease_aug_105.jpg,Bacterial gill disease,Bacterial Gill Disease,2,current_freshwater-5211e6a2d795,,Bacterial Gill Disease|current_freshwater,1
current_freshwater-4d2db403a2fa,current_freshwater,data/raw/current_freshwater/train_split/Bacterial gill disease/Bacterial gill disease_aug_128.jpg,train_split/Bacterial gill disease/Bacterial gill disease_aug_128.jpg,Bacterial gill disease,Bacterial Gill Disease,2,current_freshwater-4d2db403a2fa,,Bacterial Gill Disease|current_freshwater,1
current_freshwater-1c1906f524c5,current_freshwater,data/raw/current_freshwater/train_split/Bacterial gill disease/Bacterial gill disease_aug_142.jpg,train_split/Bacterial gill disease/Bacterial gill disease_aug_142.jpg,Bacterial gill disease,Bacterial Gill Disease,2,current_freshwater-1c1906f524c5,,Bacterial Gill Disease|current_freshwater,1
current_freshwater-86490e707c7b,current_freshwater,data/raw/current_freshwater/train_split/Bacterial gill disease/Bacterial gill disease_aug_17.jpg,train_split/Bacterial gill disease/Bacterial gill disease_aug_17.jpg,Bacterial gill disease,Bacterial Gill Disease,2,current_freshwater-86490e707c7b,,Bacterial Gill Disease|current_freshwater,1
current_freshwater-5955c95d1273,current_freshwater,data/raw/current_freshwater/train_split/Bacterial gill disease/Bacterial gill disease_aug_173.jpg,train_split/Bacterial gill disease/Bacterial gill disease_aug_173.jpg,Bacterial gill disease,Bacterial Gill Disease,2,current_freshwater-5955c95d1273,,Bacterial Gill Disease|current_freshwater,1
current_freshwater-02eefb5590a4,current_freshwater,data/raw/current_freshwater/train_split/Bacterial gill disease/Bacterial gill disease_aug_178.jpg,train_split/Bacterial gill disease/Bacterial gill disease_aug_178.jpg,Bacterial gill disease,Bacterial Gill Disease,2,current_freshwater-02eefb5590a4,,Bacterial Gill Disease|current_freshwater,1
current_freshwater-d52397e92c1f,current_freshwater,data/raw/current_freshwater/train_split/Bacterial gill disease/Bacterial gill disease_aug_199.jpg,train_split/Bacterial gill disease/Bacterial gill disease_aug_199.jpg,Bacterial gill disease,Bacterial Gill Disease,2,current_freshwater-d52397e92c1f,,Bacterial Gill Disease|current_freshwater,1
current_freshwater-4d7c03a6601c,current_freshwater,data/raw/current_freshwater/train_split/Bacterial gill disease/Bacterial gill disease_aug_237.jpg,train_split/Bacterial gill disease/Bacterial gill disease_aug_237.jpg,Bacterial gill disease,Bacterial Gill Disease,2,current_freshwater-4d7c03a6601c,,Bacterial Gill Disease|current_freshwater,1
current_freshwater-6130c32bb71e,current_freshwater,data/raw/current_freshwater/train_split/Bacterial gill disease/Bacterial gill disease_aug_251.jpg,train_split/Bacterial gill disease/Bacterial gill disease_aug_251.jpg,Bacterial gill disease,Bacterial Gill Disease,2,current_freshwater-6130c32bb71e,,Bacterial Gill Disease|current_freshwater,1
current_freshwater-05d705c1c1fc,current_freshwater,data/raw/current_freshwater/train_split/Bacterial gill disease/Bacterial gill disease_aug_52.jpg,train_split/Bacterial gill disease/Bacterial gill disease_aug_52.jpg,Bacterial gill disease,Bacterial Gill Disease,2,current_freshwater-05d705c1c1fc,,Bacterial Gill Disease|current_freshwater,1
current_freshwater-de9b8fca06de,current_freshwater,data/raw/current_freshwater/train_split/Bacterial gill disease/Bacterial gill disease_aug_56.jpg,train_split/Bacterial gill disease/Bacterial gill disease_aug_56.jpg,Bacterial gill disease,Bacterial Gill Disease,2,current_freshwater-de9b8fca06de,,Bacterial Gill Disease|current_freshwater,1
current_freshwater-1a925ec7ca28,current_freshwater,data/raw/current_freshwater/train_split/Bacterial gill disease/Bacterial gill disease_aug_67.jpg,train_split/Bacterial gill disease/Bacterial gill disease_aug_67.jpg,Bacterial gill disease,Bacterial Gill Disease,2,current_freshwater-1a925ec7ca28,,Bacterial Gill Disease|current_freshwater,1
current_freshwater-706f79d6aa14,current_freshwater,data/raw/current_freshwater/train_split/Bacterial gill disease/Bacterial gill disease_aug_69.jpg,train_split/Bacterial gill disease/Bacterial gill disease_aug_69.jpg,Bacterial gill disease,Bacterial Gill Disease,2,current_freshwater-1cf1d1c9dbdc,,Bacterial Gill Disease|current_freshwater,1
current_freshwater-8c3c08ab5135,current_freshwater,data/raw/current_freshwater/train_split/Bacterial gill disease/Bacterial gill disease_aug_85.jpg,train_split/Bacterial gill disease/Bacterial gill disease_aug_85.jpg,Bacterial gill disease,Bacterial Gill Disease,2,current_freshwater-8c3c08ab5135,,Bacterial Gill Disease|current_freshwater,1
current_freshwater-495d307a7dd1,current_freshwater,data/raw/current_freshwater/train_split/Bacterial gill disease/Bacterial gill disease_aug_87.jpg,train_split/Bacterial gill disease/Bacterial gill disease_aug_87.jpg,Bacterial gill disease,Bacterial Gill Disease,2,current_freshwater-495d307a7dd1,,Bacterial Gill Disease|current_freshwater,1
roboflow-c9a2abcfa6a3,roboflow,data/raw/roboflow/test/Bacterial gill disease/Bacterial-gill-disease-32-_jpg.rf.6e7525d456a70515fe971f171d131eb7.jpg,test/Bacterial gill disease/Bacterial-gill-disease-32-_jpg.rf.6e7525d456a70515fe971f171d131eb7.jpg,Bacterial gill disease,Bacterial Gill Disease,2,current_freshwater-a08cb26bb4e2,,Bacterial Gill Disease|roboflow,1
roboflow-0e26f86648b0,roboflow,data/raw/roboflow/train/Bacterial gill disease/Bacterial-gill-disease-12-_jpeg.rf.d6ac717a8327c3cfa95bf8ea1cba2849.jpg,train/Bacterial gill disease/Bacterial-gill-disease-12-_jpeg.rf.d6ac717a8327c3cfa95bf8ea1cba2849.jpg,Bacterial gill disease,Bacterial Gill Disease,2,current_freshwater-a08cb26bb4e2,,Bacterial Gill Disease|roboflow,1
roboflow-889a13ab6e69,roboflow,data/raw/roboflow/train/Bacterial gill disease/Bacterial-gill-disease-29-_jpg.rf.bd3b8ea1556373db40795fb76383bb67.jpg,train/Bacterial gill disease/Bacterial-gill-disease-29-_jpg.rf.bd3b8ea1556373db40795fb76383bb67.jpg,Bacterial gill disease,Bacterial Gill Disease,2,current_freshwater-1cf1d1c9dbdc,,Bacterial Gill Disease|current_freshwater,1
roboflow-dbe29591b9cd,roboflow,data/raw/roboflow/train/Bacterial gill disease/Bacterial-gill-disease-4-_jpeg.rf.367d51ffa862ad0939e2de1f9b7af9bd.jpg,train/Bacterial gill disease/Bacterial-gill-disease-4-_jpeg.rf.367d51ffa862ad0939e2de1f9b7af9bd.jpg,Bacterial gill disease,Bacterial Gill Disease,2,current_freshwater-769aa01bbbc5,,Bacterial Gill Disease|current_freshwater,1
roboflow-a7069f48e832,roboflow,data/raw/roboflow/train/Bacterial gill disease/Bacterial-gill-disease-5-_jpg.rf.417ef61f550bfbe930dfce1a0648fbe6.jpg,train/Bacterial gill disease/Bacterial-gill-disease-5-_jpg.rf.417ef61f550bfbe930dfce1a0648fbe6.jpg,Bacterial gill disease,Bacterial Gill Disease,2,current_freshwater-a08cb26bb4e2,,Bacterial Gill Disease|roboflow,1
roboflow-9c6dafb5abe2,roboflow,data/raw/roboflow/valid/Bacterial gill disease/Bacterial-gill-disease-1-_jpg.rf.7b493a2840511f46e466453811367e9c.jpg,valid/Bacterial gill disease/Bacterial-gill-disease-1-_jpg.rf.7b493a2840511f46e466453811367e9c.jpg,Bacterial gill disease,Bacterial Gill Disease,2,current_freshwater-1cf1d1c9dbdc,,Bacterial Gill Disease|current_freshwater,1
current_freshwater-0ad6beee301b,current_freshwater,data/raw/current_freshwater/test_split/EUS_EUS_151.jpg,test_split/EUS_EUS_151.jpg,EUS,EUS Disease,3,current_freshwater-0ad6beee301b,,EUS Disease|current_freshwater,1
current_freshwater-7fb8ca33c5d5,current_freshwater,data/raw/current_freshwater/test_split/EUS_EUS_19.jpg,test_split/EUS_EUS_19.jpg,EUS,EUS Disease,3,current_freshwater-7fb8ca33c5d5,,EUS Disease|current_freshwater,1
current_freshwater-db94d78e0641,current_freshwater,data/raw/current_freshwater/test_split/EUS_EUS_27.jpg,test_split/EUS_EUS_27.jpg,EUS,EUS Disease,3,current_freshwater-db94d78e0641,,EUS Disease|current_freshwater,1
current_freshwater-2d5212d8d52a,current_freshwater,data/raw/current_freshwater/test_split/EUS_EUS_289.jpg,test_split/EUS_EUS_289.jpg,EUS,EUS Disease,3,current_freshwater-2d5212d8d52a,,EUS Disease|current_freshwater,1
current_freshwater-1c7b255836d4,current_freshwater,data/raw/current_freshwater/test_split/EUS_EUS_340.jpg,test_split/EUS_EUS_340.jpg,EUS,EUS Disease,3,current_freshwater-1c7b255836d4,,EUS Disease|current_freshwater,1
current_freshwater-78c7cc3ed751,current_freshwater,data/raw/current_freshwater/train_split/EUS/EUS_109.jpg,train_split/EUS/EUS_109.jpg,EUS,EUS Disease,3,current_freshwater-78c7cc3ed751,,EUS Disease|current_freshwater,1
current_freshwater-4aa260779b2d,current_freshwater,data/raw/current_freshwater/train_split/EUS/EUS_118.jpg,train_split/EUS/EUS_118.jpg,EUS,EUS Disease,3,current_freshwater-4aa260779b2d,,EUS Disease|current_freshwater,1
current_freshwater-06cd8cf04721,current_freshwater,data/raw/current_freshwater/train_split/EUS/EUS_120.jpg,train_split/EUS/EUS_120.jpg,EUS,EUS Disease,3,current_freshwater-06cd8cf04721,,EUS Disease|current_freshwater,1
current_freshwater-ee1dfd5ecf2d,current_freshwater,data/raw/current_freshwater/train_split/EUS/EUS_169.jpg,train_split/EUS/EUS_169.jpg,EUS,EUS Disease,3,current_freshwater-ee1dfd5ecf2d,,EUS Disease|current_freshwater,1
current_freshwater-35f462fb468e,current_freshwater,data/raw/current_freshwater/train_split/EUS/EUS_182.jpg,train_split/EUS/EUS_182.jpg,EUS,EUS Disease,3,current_freshwater-35f462fb468e,,EUS Disease|current_freshwater,1
current_freshwater-58a70f0fea1e,current_freshwater,data/raw/current_freshwater/train_split/EUS/EUS_199.jpg,train_split/EUS/EUS_199.jpg,EUS,EUS Disease,3,current_freshwater-58a70f0fea1e,,EUS Disease|current_freshwater,1
current_freshwater-7003dcc72c19,current_freshwater,data/raw/current_freshwater/train_split/EUS/EUS_200.jpg,train_split/EUS/EUS_200.jpg,EUS,EUS Disease,3,current_freshwater-7003dcc72c19,,EUS Disease|current_freshwater,1
current_freshwater-34e3f0b968ec,current_freshwater,data/raw/current_freshwater/train_split/EUS/EUS_222.jpg,train_split/EUS/EUS_222.jpg,EUS,EUS Disease,3,current_freshwater-34e3f0b968ec,,EUS Disease|current_freshwater,1
current_freshwater-c762887af53a,current_freshwater,data/raw/current_freshwater/train_split/EUS/EUS_255.jpg,train_split/EUS/EUS_255.jpg,EUS,EUS Disease,3,current_freshwater-c762887af53a,,EUS Disease|current_freshwater,1
current_freshwater-b24273a90646,current_freshwater,data/raw/current_freshwater/train_split/EUS/EUS_26.jpg,train_split/EUS/EUS_26.jpg,EUS,EUS Disease,3,current_freshwater-b24273a90646,,EUS Disease|current_freshwater,1
current_freshwater-dfb61ac69831,current_freshwater,data/raw/current_freshwater/train_split/EUS/EUS_278.jpg,train_split/EUS/EUS_278.jpg,EUS,EUS Disease,3,current_freshwater-dfb61ac69831,,EUS Disease|current_freshwater,1
current_freshwater-8bd6ae375f25,current_freshwater,data/raw/current_freshwater/train_split/EUS/EUS_305.jpg,train_split/EUS/EUS_305.jpg,EUS,EUS Disease,3,current_freshwater-8bd6ae375f25,,EUS Disease|current_freshwater,1
current_freshwater-c6be60314811,current_freshwater,data/raw/current_freshwater/train_split/EUS/EUS_308.jpg,train_split/EUS/EUS_308.jpg,EUS,EUS Disease,3,current_freshwater-c6be60314811,,EUS Disease|current_freshwater,1
current_freshwater-f48b8eb8c61f,current_freshwater,data/raw/current_freshwater/train_split/EUS/EUS_323.jpg,train_split/EUS/EUS_323.jpg,EUS,EUS Disease,3,current_freshwater-f48b8eb8c61f,,EUS Disease|current_freshwater,1
current_freshwater-825fb83e602c,current_freshwater,data/raw/current_freshwater/train_split/EUS/EUS_347.jpg,train_split/EUS/EUS_347.jpg,EUS,EUS Disease,3,current_freshwater-825fb83e602c,,EUS Disease|current_freshwater,1
current_freshwater-b2c0c6745606,current_freshwater,data/raw/current_freshwater/train_split/EUS/EUS_75.jpg,train_split/EUS/EUS_75.jpg,EUS,EUS Disease,3,current_freshwater-b2c0c6745606,,EUS Disease|current_freshwater,1
current_freshwater-62d8725a1646,current_freshwater,data/raw/current_freshwater/train_split/EUS/EUS_8.jpg,train_split/EUS/EUS_8.jpg,EUS,EUS Disease,3,current_freshwater-62d8725a1646,,EUS Disease|current_freshwater,1
current_freshwater-fe0ce3b27323,current_freshwater,data/raw/current_freshwater/train_split/EUS/EUS_82.jpg,train_split/EUS/EUS_82.jpg,EUS,EUS Disease,3,current_freshwater-fe0ce3b27323,,EUS Disease|current_freshwater,1
current_freshwater-e6592e652709,current_freshwater,data/raw/current_freshwater/train_split/EUS/EUS_aug_126.jpg,train_split/EUS/EUS_aug_126.jpg,EUS,EUS Disease,3,current_freshwater-e6592e652709,,EUS Disease|current_freshwater,1
current_freshwater-29d5f5995f6f,current_freshwater,data/raw/current_freshwater/train_split/EUS/EUS_aug_132.jpg,train_split/EUS/EUS_aug_132.jpg,EUS,EUS Disease,3,current_freshwater-29d5f5995f6f,,EUS Disease|current_freshwater,1
current_freshwater-5aadf0f45cae,current_freshwater,data/raw/current_freshwater/train_split/EUS/EUS_aug_136.jpg,train_split/EUS/EUS_aug_136.jpg,EUS,EUS Disease,3,current_freshwater-5aadf0f45cae,,EUS Disease|current_freshwater,1
current_freshwater-a7b26bcfce74,current_freshwater,data/raw/current_freshwater/train_split/EUS/EUS_aug_162.jpg,train_split/EUS/EUS_aug_162.jpg,EUS,EUS Disease,3,current_freshwater-a7b26bcfce74,,EUS Disease|current_freshwater,1
current_freshwater-475fae2ff443,current_freshwater,data/raw/current_freshwater/train_split/EUS/EUS_aug_195.jpg,train_split/EUS/EUS_aug_195.jpg,EUS,EUS Disease,3,current_freshwater-475fae2ff443,,EUS Disease|current_freshwater,1
current_freshwater-f07e51b8a1c1,current_freshwater,data/raw/current_freshwater/train_split/EUS/EUS_aug_2.jpg,train_split/EUS/EUS_aug_2.jpg,EUS,EUS Disease,3,current_freshwater-db94d78e0641,,EUS Disease|current_freshwater,1
current_freshwater-51df8ac4d521,current_freshwater,data/raw/current_freshwater/train_split/EUS/EUS_aug_37.jpg,train_split/EUS/EUS_aug_37.jpg,EUS,EUS Disease,3,current_freshwater-51df8ac4d521,,EUS Disease|current_freshwater,1
current_freshwater-540e039caf9b,current_freshwater,data/raw/current_freshwater/train_split/EUS/EUS_aug_45.jpg,train_split/EUS/EUS_aug_45.jpg,EUS,EUS Disease,3,current_freshwater-540e039caf9b,,EUS Disease|current_freshwater,1
current_freshwater-feb72e615b9a,current_freshwater,data/raw/current_freshwater/train_split/EUS/EUS_aug_7.jpg,train_split/EUS/EUS_aug_7.jpg,EUS,EUS Disease,3,current_freshwater-feb72e615b9a,,EUS Disease|current_freshwater,1
current_freshwater-bc3ec6510b36,current_freshwater,data/raw/current_freshwater/train_split/EUS/EUS_aug_9.jpg,train_split/EUS/EUS_aug_9.jpg,EUS,EUS Disease,3,current_freshwater-bc3ec6510b36,,EUS Disease|current_freshwater,1
kaptai-0e7bb28d085d,kaptai,data/raw/kaptai/EUS/16.jpg,EUS/16.jpg,EUS,EUS Disease,3,current_freshwater-62d8725a1646,,EUS Disease|current_freshwater,1
kaptai-773e11829879,kaptai,data/raw/kaptai/EUS/EUS  (10).jpg,EUS/EUS  (10).jpg,EUS,EUS Disease,3,current_freshwater-7fb8ca33c5d5,,EUS Disease|current_freshwater,1
kaptai-a6ba336be703,kaptai,data/raw/kaptai/EUS/EUS  (3).jpg,EUS/EUS  (3).jpg,EUS,EUS Disease,3,current_freshwater-db94d78e0641,,EUS Disease|current_freshwater,1
kaptai-11309ab09b29,kaptai,data/raw/kaptai/EUS/EUS  (4).jpg,EUS/EUS  (4).jpg,EUS,EUS Disease,3,kaptai-11309ab09b29,,EUS Disease|kaptai,1
current_freshwater-b37c8652332a,current_freshwater,data/raw/current_freshwater/test_split/Fungal diseases Saprolegniasis_Fungal diseases Saprolegniasis_29.jpeg,test_split/Fungal diseases Saprolegniasis_Fungal diseases Saprolegniasis_29.jpeg,Fungal diseases Saprolegniasis,Saprolegniasis,4,current_freshwater-b37c8652332a,,Saprolegniasis|current_freshwater,1
current_freshwater-f50d38a46a3b,current_freshwater,data/raw/current_freshwater/train_split/Fungal diseases Saprolegniasis/Fungal diseases Saprolegniasis_207.jpg,train_split/Fungal diseases Saprolegniasis/Fungal diseases Saprolegniasis_207.jpg,Fungal diseases Saprolegniasis,Saprolegniasis,4,current_freshwater-f50d38a46a3b,,Saprolegniasis|current_freshwater,1
current_freshwater-172faaaff34a,current_freshwater,data/raw/current_freshwater/train_split/Fungal diseases Saprolegniasis/Fungal diseases Saprolegniasis_246.jpg,train_split/Fungal diseases Saprolegniasis/Fungal diseases Saprolegniasis_246.jpg,Fungal diseases Saprolegniasis,Saprolegniasis,4,current_freshwater-172faaaff34a,,Saprolegniasis|current_freshwater,1
current_freshwater-18bbed671bf7,current_freshwater,data/raw/current_freshwater/train_split/Fungal diseases Saprolegniasis/Fungal diseases Saprolegniasis_31.png,train_split/Fungal diseases Saprolegniasis/Fungal diseases Saprolegniasis_31.png,Fungal diseases Saprolegniasis,Saprolegniasis,4,current_freshwater-18bbed671bf7,,Saprolegniasis|current_freshwater,1
current_freshwater-21f80313a8a8,current_freshwater,data/raw/current_freshwater/train_split/Fungal diseases Saprolegniasis/Fungal diseases Saprolegniasis_54.png,train_split/Fungal diseases Saprolegniasis/Fungal diseases Saprolegniasis_54.png,Fungal diseases Saprolegniasis,Saprolegniasis,4,current_freshwater-0289aa5c3653,,Saprolegniasis|current_freshwater,1
current_freshwater-a421dc268ea3,current_freshwater,data/raw/current_freshwater/train_split/Fungal diseases Saprolegniasis/Fungal diseases Saprolegniasis_72.jpg,train_split/Fungal diseases Saprolegniasis/Fungal diseases Saprolegniasis_72.jpg,Fungal diseases Saprolegniasis,Saprolegniasis,4,current_freshwater-57fbc1b78883,,Saprolegniasis|current_freshwater,1
current_freshwater-4e112fb8cbfb,current_freshwater,data/raw/current_freshwater/train_split/Fungal diseases Saprolegniasis/Fungal diseases Saprolegniasis_73.jpg,train_split/Fungal diseases Saprolegniasis/Fungal diseases Saprolegniasis_73.jpg,Fungal diseases Saprolegniasis,Saprolegniasis,4,current_freshwater-4e112fb8cbfb,,Saprolegniasis|current_freshwater,1
current_freshwater-f48f000c97c6,current_freshwater,data/raw/current_freshwater/train_split/Fungal diseases Saprolegniasis/Fungal diseases Saprolegniasis_aug_102.jpg,train_split/Fungal diseases Saprolegniasis/Fungal diseases Saprolegniasis_aug_102.jpg,Fungal diseases Saprolegniasis,Saprolegniasis,4,current_freshwater-0289aa5c3653,,Saprolegniasis|current_freshwater,1
current_freshwater-e8a4bed5dc2b,current_freshwater,data/raw/current_freshwater/train_split/Fungal diseases Saprolegniasis/Fungal diseases Saprolegniasis_aug_112.jpg,train_split/Fungal diseases Saprolegniasis/Fungal diseases Saprolegniasis_aug_112.jpg,Fungal diseases Saprolegniasis,Saprolegniasis,4,current_freshwater-e8a4bed5dc2b,,Saprolegniasis|current_freshwater,1
current_freshwater-57fbc1b78883,current_freshwater,data/raw/current_freshwater/train_split/Fungal diseases Saprolegniasis/Fungal diseases Saprolegniasis_aug_113.jpg,train_split/Fungal diseases Saprolegniasis/Fungal diseases Saprolegniasis_aug_113.jpg,Fungal diseases Saprolegniasis,Saprolegniasis,4,current_freshwater-57fbc1b78883,,Saprolegniasis|current_freshwater,1
current_freshwater-9c20c2dd2c30,current_freshwater,data/raw/current_freshwater/train_split/Fungal diseases Saprolegniasis/Fungal diseases Saprolegniasis_aug_132.jpg,train_split/Fungal diseases Saprolegniasis/Fungal diseases Saprolegniasis_aug_132.jpg,Fungal diseases Saprolegniasis,Saprolegniasis,4,current_freshwater-9c20c2dd2c30,,Saprolegniasis|current_freshwater,1
current_freshwater-a2e81d01f21c,current_freshwater,data/raw/current_freshwater/train_split/Fungal diseases Saprolegniasis/Fungal diseases Saprolegniasis_aug_134.jpg,train_split/Fungal diseases Saprolegniasis/Fungal diseases Saprolegniasis_aug_134.jpg,Fungal diseases Saprolegniasis,Saprolegniasis,4,current_freshwater-a2e81d01f21c,,Saprolegniasis|current_freshwater,1
current_freshwater-c11db69b6366,current_freshwater,data/raw/current_freshwater/train_split/Fungal diseases Saprolegniasis/Fungal diseases Saprolegniasis_aug_137.jpg,train_split/Fungal diseases Saprolegniasis/Fungal diseases Saprolegniasis_aug_137.jpg,Fungal diseases Saprolegniasis,Saprolegniasis,4,current_freshwater-c11db69b6366,,Saprolegniasis|current_freshwater,1
current_freshwater-0df96ba6d938,current_freshwater,data/raw/current_freshwater/train_split/Fungal diseases Saprolegniasis/Fungal diseases Saprolegniasis_aug_139.jpg,train_split/Fungal diseases Saprolegniasis/Fungal diseases Saprolegniasis_aug_139.jpg,Fungal diseases Saprolegniasis,Saprolegniasis,4,current_freshwater-0df96ba6d938,,Saprolegniasis|current_freshwater,1
current_freshwater-4640776cff49,current_freshwater,data/raw/current_freshwater/train_split/Fungal diseases Saprolegniasis/Fungal diseases Saprolegniasis_aug_149.jpg,train_split/Fungal diseases Saprolegniasis/Fungal diseases Saprolegniasis_aug_149.jpg,Fungal diseases Saprolegniasis,Saprolegniasis,4,current_freshwater-4640776cff49,,Saprolegniasis|current_freshwater,1
current_freshwater-90319db2eea3,current_freshwater,data/raw/current_freshwater/train_split/Fungal diseases Saprolegniasis/Fungal diseases Saprolegniasis_aug_150.jpg,train_split/Fungal diseases Saprolegniasis/Fungal diseases Saprolegniasis_aug_150.jpg,Fungal diseases Saprolegniasis,Saprolegniasis,4,current_freshwater-0289aa5c3653,,Saprolegniasis|current_freshwater,1
current_freshwater-1bf8b748fcfc,current_freshwater,data/raw/current_freshwater/train_split/Fungal diseases Saprolegniasis/Fungal diseases Saprolegniasis_aug_158.jpg,train_split/Fungal diseases Saprolegniasis/Fungal diseases Saprolegniasis_aug_158.jpg,Fungal diseases Saprolegniasis,Saprolegniasis,4,current_freshwater-1bf8b748fcfc,,Saprolegniasis|current_freshwater,1
current_freshwater-09e53b0c0c85,current_freshwater,data/raw/current_freshwater/train_split/Fungal diseases Saprolegniasis/Fungal diseases Saprolegniasis_aug_192.jpg,train_split/Fungal diseases Saprolegniasis/Fungal diseases Saprolegniasis_aug_192.jpg,Fungal diseases Saprolegniasis,Saprolegniasis,4,current_freshwater-09e53b0c0c85,,Saprolegniasis|current_freshwater,1
current_freshwater-5be8527b7836,current_freshwater,data/raw/current_freshwater/train_split/Fungal diseases Saprolegniasis/Fungal diseases Saprolegniasis_aug_233.jpg,train_split/Fungal diseases Saprolegniasis/Fungal diseases Saprolegniasis_aug_233.jpg,Fungal diseases Saprolegniasis,Saprolegniasis,4,current_freshwater-5be8527b7836,,Saprolegniasis|current_freshwater,1
current_freshwater-83f059acaac8,current_freshwater,data/raw/current_freshwater/train_split/Fungal diseases Saprolegniasis/Fungal diseases Saprolegniasis_aug_236.jpg,train_split/Fungal diseases Saprolegniasis/Fungal diseases Saprolegniasis_aug_236.jpg,Fungal diseases Saprolegniasis,Saprolegniasis,4,current_freshwater-83f059acaac8,,Saprolegniasis|current_freshwater,1
current_freshwater-64bbb78d72c1,current_freshwater,data/raw/current_freshwater/train_split/Fungal diseases Saprolegniasis/Fungal diseases Saprolegniasis_aug_272.jpg,train_split/Fungal diseases Saprolegniasis/Fungal diseases Saprolegniasis_aug_272.jpg,Fungal diseases Saprolegniasis,Saprolegniasis,4,current_freshwater-64bbb78d72c1,,Saprolegniasis|current_freshwater,1
current_freshwater-3d70fe2a607b,current_freshwater,data/raw/current_freshwater/train_split/Fungal diseases Saprolegniasis/Fungal diseases Saprolegniasis_aug_274.jpg,train_split/Fungal diseases Saprolegniasis/Fungal diseases Saprolegniasis_aug_274.jpg,Fungal diseases Saprolegniasis,Saprolegniasis,4,current_freshwater-3d70fe2a607b,,Saprolegniasis|current_freshwater,1
current_freshwater-91c4445a42ac,current_freshwater,data/raw/current_freshwater/train_split/Fungal diseases Saprolegniasis/Fungal diseases Saprolegniasis_aug_281.jpg,train_split/Fungal diseases Saprolegniasis/Fungal diseases Saprolegniasis_aug_281.jpg,Fungal diseases Saprolegniasis,Saprolegniasis,4,current_freshwater-91c4445a42ac,,Saprolegniasis|current_freshwater,1
current_freshwater-0289aa5c3653,current_freshwater,data/raw/current_freshwater/train_split/Fungal diseases Saprolegniasis/Fungal diseases Saprolegniasis_aug_291.jpg,train_split/Fungal diseases Saprolegniasis/Fungal diseases Saprolegniasis_aug_291.jpg,Fungal diseases Saprolegniasis,Saprolegniasis,4,current_freshwater-0289aa5c3653,,Saprolegniasis|current_freshwater,1
current_freshwater-b7f1131314a0,current_freshwater,data/raw/current_freshwater/train_split/Fungal diseases Saprolegniasis/Fungal diseases Saprolegniasis_aug_344.jpg,train_split/Fungal diseases Saprolegniasis/Fungal diseases Saprolegniasis_aug_344.jpg,Fungal diseases Saprolegniasis,Saprolegniasis,4,current_freshwater-b7f1131314a0,,Saprolegniasis|current_freshwater,1
current_freshwater-ec25360bb788,current_freshwater,data/raw/current_freshwater/train_split/Fungal diseases Saprolegniasis/Fungal diseases Saprolegniasis_aug_351.jpg,train_split/Fungal diseases Saprolegniasis/Fungal diseases Saprolegniasis_aug_351.jpg,Fungal diseases Saprolegniasis,Saprolegniasis,4,current_freshwater-ec25360bb788,,Saprolegniasis|current_freshwater,1
current_freshwater-31c1bc5f74d9,current_freshwater,data/raw/current_freshwater/train_split/Fungal diseases Saprolegniasis/Fungal diseases Saprolegniasis_aug_38.jpg,train_split/Fungal diseases Saprolegniasis/Fungal diseases Saprolegniasis_aug_38.jpg,Fungal diseases Saprolegniasis,Saprolegniasis,4,current_freshwater-0289aa5c3653,,Saprolegniasis|current_freshwater,1
current_freshwater-6c4613927129,current_freshwater,data/raw/current_freshwater/train_split/Fungal diseases Saprolegniasis/Fungal diseases Saprolegniasis_aug_71.jpg,train_split/Fungal diseases Saprolegniasis/Fungal diseases Saprolegniasis_aug_71.jpg,Fungal diseases Saprolegniasis,Saprolegniasis,4,current_freshwater-6c4613927129,,Saprolegniasis|current_freshwater,1
current_freshwater-098f433705a7,current_freshwater,data/raw/current_freshwater/train_split/Fungal diseases Saprolegniasis/Fungal diseases Saprolegniasis_aug_8.jpg,train_split/Fungal diseases Saprolegniasis/Fungal diseases Saprolegniasis_aug_8.jpg,Fungal diseases Saprolegniasis,Saprolegniasis,4,current_freshwater-098f433705a7,,Saprolegniasis|current_freshwater,1
current_freshwater-621b3ee43067,current_freshwater,data/raw/current_freshwater/train_split/Fungal diseases Saprolegniasis/Fungal diseases Saprolegniasis_aug_89.jpg,train_split/Fungal diseases Saprolegniasis/Fungal diseases Saprolegniasis_aug_89.jpg,Fungal diseases Saprolegniasis,Saprolegniasis,4,current_freshwater-621b3ee43067,,Saprolegniasis|current_freshwater,1
current_freshwater-0c9be3db74f1,current_freshwater,data/raw/current_freshwater/train_split/Fungal diseases Saprolegniasis/Fungal diseases Saprolegniasis_aug_91.jpg,train_split/Fungal diseases Saprolegniasis/Fungal diseases Saprolegniasis_aug_91.jpg,Fungal diseases Saprolegniasis,Saprolegniasis,4,current_freshwater-0c9be3db74f1,,Saprolegniasis|current_freshwater,1
roboflow-ff904da78e06,roboflow,data/raw/roboflow/train/Fungal diseases Saprolegniasis/Fungal-diseases-Saprolegniasis-2-_png.rf.d64bf6a93063cc3f0f89e527cf7979f2.jpg,train/Fungal diseases Saprolegniasis/Fungal-diseases-Saprolegniasis-2-_png.rf.d64bf6a93063cc3f0f89e527cf7979f2.jpg,Fungal diseases Saprolegniasis,Saprolegniasis,4,current_freshwater-0289aa5c3653,,Saprolegniasis|current_freshwater,1
roboflow-787a06cf34cb,roboflow,data/raw/roboflow/train/Fungal diseases Saprolegniasis/Fungal-diseases-Saprolegniasis-3-_jpeg.rf.fc26aef75ec3a82a62eb260de62b661a.jpg,train/Fungal diseases Saprolegniasis/Fungal-diseases-Saprolegniasis-3-_jpeg.rf.fc26aef75ec3a82a62eb260de62b661a.jpg,Fungal diseases Saprolegniasis,Saprolegniasis,4,current_freshwater-b37c8652332a,,Saprolegniasis|current_freshwater,1
roboflow-ecfcd26800c0,roboflow,data/raw/roboflow/train/Fungal diseases Saprolegniasis/Fungal-diseases-Saprolegniasis-3-_png.rf.5afa8e747dde3bfb7c0a0a7f1ed96dbd.jpg,train/Fungal diseases Saprolegniasis/Fungal-diseases-Saprolegniasis-3-_png.rf.5afa8e747dde3bfb7c0a0a7f1ed96dbd.jpg,Fungal diseases Saprolegniasis,Saprolegniasis,4,current_freshwater-18bbed671bf7,,Saprolegniasis|current_freshwater,1
roboflow-4e1bc41a54c2,roboflow,data/raw/roboflow/train/Fungal diseases Saprolegniasis/Fungal-diseases-Saprolegniasis-6-_jpeg.rf.d6b0870e4294cc64413aacfb0a809143.jpg,train/Fungal diseases Saprolegniasis/Fungal-diseases-Saprolegniasis-6-_jpeg.rf.d6b0870e4294cc64413aacfb0a809143.jpg,Fungal diseases Saprolegniasis,Saprolegniasis,4,roboflow-4e1bc41a54c2,,Saprolegniasis|roboflow,1
roboflow-840ffe30b04d,roboflow,data/raw/roboflow/train/Fungal diseases Saprolegniasis/Fungal-diseases-Saprolegniasis-9-_jpg.rf.be7251dc0d2a2ae124ae7cadb25b0d25.jpg,train/Fungal diseases Saprolegniasis/Fungal-diseases-Saprolegniasis-9-_jpg.rf.be7251dc0d2a2ae124ae7cadb25b0d25.jpg,Fungal diseases Saprolegniasis,Saprolegniasis,4,roboflow-4e1bc41a54c2,,Saprolegniasis|roboflow,1
current_freshwater-102a2f298386,current_freshwater,data/raw/current_freshwater/test_split/Parasitic diseases_Parasitic diseases_160.jpg,test_split/Parasitic diseases_Parasitic diseases_160.jpg,Parasitic diseases,Parasitic Disease,5,current_freshwater-102a2f298386,,Parasitic Disease|current_freshwater,1
current_freshwater-8ffd53dff422,current_freshwater,data/raw/current_freshwater/test_split/Parasitic diseases_Parasitic diseases_8.jpg,test_split/Parasitic diseases_Parasitic diseases_8.jpg,Parasitic diseases,Parasitic Disease,5,current_freshwater-8ffd53dff422,,Parasitic Disease|current_freshwater,1
current_freshwater-2d321c294623,current_freshwater,data/raw/current_freshwater/train_split/Parasitic diseases/Parasitic diseases_142.jpg,train_split/Parasitic diseases/Parasitic diseases_142.jpg,Parasitic diseases,Parasitic Disease,5,current_freshwater-2d321c294623,,Parasitic Disease|current_freshwater,1
current_freshwater-22e5692fb07b,current_freshwater,data/raw/current_freshwater/train_split/Parasitic diseases/Parasitic diseases_144.jpg,train_split/Parasitic diseases/Parasitic diseases_144.jpg,Parasitic diseases,Parasitic Disease,5,current_freshwater-22e5692fb07b,,Parasitic Disease|current_freshwater,1
current_freshwater-903fb9eec9d2,current_freshwater,data/raw/current_freshwater/train_split/Parasitic diseases/Parasitic diseases_151.jpg,train_split/Parasitic diseases/Parasitic diseases_151.jpg,Parasitic diseases,Parasitic Disease,5,current_freshwater-903fb9eec9d2,,Parasitic Disease|current_freshwater,1
current_freshwater-8bf2b5c4a7db,current_freshwater,data/raw/current_freshwater/train_split/Parasitic diseases/Parasitic diseases_173.jpg,train_split/Parasitic diseases/Parasitic diseases_173.jpg,Parasitic diseases,Parasitic Disease,5,current_freshwater-203626a26fae,,Parasitic Disease|current_freshwater,1
current_freshwater-6f5e370d923d,current_freshwater,data/raw/current_freshwater/train_split/Parasitic diseases/Parasitic diseases_19.jpg,train_split/Parasitic diseases/Parasitic diseases_19.jpg,Parasitic diseases,Parasitic Disease,5,current_freshwater-6f5e370d923d,,Parasitic Disease|current_freshwater,1
current_freshwater-435259ddda82,current_freshwater,data/raw/current_freshwater/train_split/Parasitic diseases/Parasitic diseases_218.jpg,train_split/Parasitic diseases/Parasitic diseases_218.jpg,Parasitic diseases,Parasitic Disease,5,current_freshwater-435259ddda82,,Parasitic Disease|current_freshwater,1
current_freshwater-d7ebe8fc46df,current_freshwater,data/raw/current_freshwater/train_split/Parasitic diseases/Parasitic diseases_245.jpg,train_split/Parasitic diseases/Parasitic diseases_245.jpg,Parasitic diseases,Parasitic Disease,5,current_freshwater-d7ebe8fc46df,,Parasitic Disease|current_freshwater,1
current_freshwater-e7b061f3b503,current_freshwater,data/raw/current_freshwater/train_split/Parasitic diseases/Parasitic diseases_27.jpg,train_split/Parasitic diseases/Parasitic diseases_27.jpg,Parasitic diseases,Parasitic Disease,5,current_freshwater-e7b061f3b503,,Parasitic Disease|roboflow,1
current_freshwater-b9dd141e305f,current_freshwater,data/raw/current_freshwater/train_split/Parasitic diseases/Parasitic diseases_6.jpg,train_split/Parasitic diseases/Parasitic diseases_6.jpg,Parasitic diseases,Parasitic Disease,5,current_freshwater-6e3e2e2a5c47,,Parasitic Disease|current_freshwater,1
current_freshwater-1d3d9ff1b925,current_freshwater,data/raw/current_freshwater/train_split/Parasitic diseases/Parasitic diseases_7.jpg,train_split/Parasitic diseases/Parasitic diseases_7.jpg,Parasitic diseases,Parasitic Disease,5,current_freshwater-1d3d9ff1b925,,Parasitic Disease|current_freshwater,1
current_freshwater-b3910cb0493c,current_freshwater,data/raw/current_freshwater/train_split/Parasitic diseases/Parasitic diseases_77.jpg,train_split/Parasitic diseases/Parasitic diseases_77.jpg,Parasitic diseases,Parasitic Disease,5,current_freshwater-b3910cb0493c,,Parasitic Disease|current_freshwater,1
current_freshwater-c753d0bfa9a9,current_freshwater,data/raw/current_freshwater/train_split/Parasitic diseases/Parasitic diseases_88.jpg,train_split/Parasitic diseases/Parasitic diseases_88.jpg,Parasitic diseases,Parasitic Disease,5,current_freshwater-c753d0bfa9a9,,Parasitic Disease|current_freshwater,1
current_freshwater-4da5ce81ccab,current_freshwater,data/raw/current_freshwater/train_split/Parasitic diseases/Parasitic diseases_93.jpg,train_split/Parasitic diseases/Parasitic diseases_93.jpg,Parasitic diseases,Parasitic Disease,5,current_freshwater-4da5ce81ccab,,Parasitic Disease|current_freshwater,1
current_freshwater-8a6cff894b06,current_freshwater,data/raw/current_freshwater/train_split/Parasitic diseases/Parasitic diseases_aug_116.jpg,train_split/Parasitic diseases/Parasitic diseases_aug_116.jpg,Parasitic diseases,Parasitic Disease,5,current_freshwater-8a6cff894b06,,Parasitic Disease|current_freshwater,1
current_freshwater-9a76a9bd06e4,current_freshwater,data/raw/current_freshwater/train_split/Parasitic diseases/Parasitic diseases_aug_122.jpg,train_split/Parasitic diseases/Parasitic diseases_aug_122.jpg,Parasitic diseases,Parasitic Disease,5,current_freshwater-9a76a9bd06e4,,Parasitic Disease|current_freshwater,1
current_freshwater-4d6f587c4bbb,current_freshwater,data/raw/current_freshwater/train_split/Parasitic diseases/Parasitic diseases_aug_146.jpg,train_split/Parasitic diseases/Parasitic diseases_aug_146.jpg,Parasitic diseases,Parasitic Disease,5,current_freshwater-4d6f587c4bbb,,Parasitic Disease|current_freshwater,1
current_freshwater-b21923dbb2ec,current_freshwater,data/raw/current_freshwater/train_split/Parasitic diseases/Parasitic diseases_aug_174.jpg,train_split/Parasitic diseases/Parasitic diseases_aug_174.jpg,Parasitic diseases,Parasitic Disease,5,current_freshwater-b21923dbb2ec,,Parasitic Disease|current_freshwater,1
current_freshwater-4396849accf5,current_freshwater,data/raw/current_freshwater/train_split/Parasitic diseases/Parasitic diseases_aug_182.jpg,train_split/Parasitic diseases/Parasitic diseases_aug_182.jpg,Parasitic diseases,Parasitic Disease,5,current_freshwater-4396849accf5,,Parasitic Disease|current_freshwater,1
current_freshwater-f598b7ffa62c,current_freshwater,data/raw/current_freshwater/train_split/Parasitic diseases/Parasitic diseases_aug_185.jpg,train_split/Parasitic diseases/Parasitic diseases_aug_185.jpg,Parasitic diseases,Parasitic Disease,5,current_freshwater-6f5e370d923d,,Parasitic Disease|current_freshwater,1
current_freshwater-978378f38bf7,current_freshwater,data/raw/current_freshwater/train_split/Parasitic diseases/Parasitic diseases_aug_193.jpg,train_split/Parasitic diseases/Parasitic diseases_aug_193.jpg,Parasitic diseases,Parasitic Disease,5,current_freshwater-978378f38bf7,,Parasitic Disease|current_freshwater,1
current_freshwater-626d579ede6d,current_freshwater,data/raw/current_freshwater/train_split/Parasitic diseases/Parasitic diseases_aug_208.jpg,train_split/Parasitic diseases/Parasitic diseases_aug_208.jpg,Parasitic diseases,Parasitic Disease,5,current_freshwater-55384ceaffff,,Parasitic Disease|current_freshwater,1
current_freshwater-93c66ec4355a,current_freshwater,data/raw/current_freshwater/train_split/Parasitic diseases/Parasitic diseases_aug_216.jpg,train_split/Parasitic diseases/Parasitic diseases_aug_216.jpg,Parasitic diseases,Parasitic Disease,5,current_freshwater-93c66ec4355a,,Parasitic Disease|current_freshwater,1
current_freshwater-ebae70e158e2,current_freshwater,data/raw/current_freshwater/train_split/Parasitic diseases/Parasitic diseases_aug_218.jpg,train_split/Parasitic diseases/Parasitic diseases_aug_218.jpg,Parasitic diseases,Parasitic Disease,5,current_freshwater-ebae70e158e2,,Parasitic Disease|current_freshwater,1
current_freshwater-d8601aa7dc60,current_freshwater,data/raw/current_freshwater/train_split/Parasitic diseases/Parasitic diseases_aug_227.jpg,train_split/Parasitic diseases/Parasitic diseases_aug_227.jpg,Parasitic diseases,Parasitic Disease,5,current_freshwater-d8601aa7dc60,,Parasitic Disease|current_freshwater,1
current_freshwater-2df58f2581da,current_freshwater,data/raw/current_freshwater/train_split/Parasitic diseases/Parasitic diseases_aug_275.jpg,train_split/Parasitic diseases/Parasitic diseases_aug_275.jpg,Parasitic diseases,Parasitic Disease,5,current_freshwater-2df58f2581da,,Parasitic Disease|current_freshwater,1
current_freshwater-6732087b9d5b,current_freshwater,data/raw/current_freshwater/train_split/Parasitic diseases/Parasitic diseases_aug_279.jpg,train_split/Parasitic diseases/Parasitic diseases_aug_279.jpg,Parasitic diseases,Parasitic Disease,5,current_freshwater-6732087b9d5b,,Parasitic Disease|current_freshwater,1
current_freshwater-022543ccacbb,current_freshwater,data/raw/current_freshwater/train_split/Parasitic diseases/Parasitic diseases_aug_294.jpg,train_split/Parasitic diseases/Parasitic diseases_aug_294.jpg,Parasitic diseases,Parasitic Disease,5,current_freshwater-022543ccacbb,,Parasitic Disease|current_freshwater,1
current_freshwater-203626a26fae,current_freshwater,data/raw/current_freshwater/train_split/Parasitic diseases/Parasitic diseases_aug_321.jpg,train_split/Parasitic diseases/Parasitic diseases_aug_321.jpg,Parasitic diseases,Parasitic Disease,5,current_freshwater-203626a26fae,,Parasitic Disease|current_freshwater,1
current_freshwater-78bb463f8f4b,current_freshwater,data/raw/current_freshwater/train_split/Parasitic diseases/Parasitic diseases_aug_51.jpg,train_split/Parasitic diseases/Parasitic diseases_aug_51.jpg,Parasitic diseases,Parasitic Disease,5,current_freshwater-78bb463f8f4b,,Parasitic Disease|current_freshwater,1
current_freshwater-87b6b98bb740,current_freshwater,data/raw/current_freshwater/train_split/Parasitic diseases/Parasitic diseases_aug_58.jpg,train_split/Parasitic diseases/Parasitic diseases_aug_58.jpg,Parasitic diseases,Parasitic Disease,5,current_freshwater-87b6b98bb740,,Parasitic Disease|current_freshwater,1
current_freshwater-6e3e2e2a5c47,current_freshwater,data/raw/current_freshwater/train_split/Parasitic diseases/Parasitic diseases_aug_60.jpg,train_split/Parasitic diseases/Parasitic diseases_aug_60.jpg,Parasitic diseases,Parasitic Disease,5,current_freshwater-6e3e2e2a5c47,,Parasitic Disease|current_freshwater,1
current_freshwater-93cee660d07e,current_freshwater,data/raw/current_freshwater/train_split/Parasitic diseases/Parasitic diseases_aug_80.jpg,train_split/Parasitic diseases/Parasitic diseases_aug_80.jpg,Parasitic diseases,Parasitic Disease,5,current_freshwater-93cee660d07e,,Parasitic Disease|current_freshwater,1
roboflow-8b0b9dc5f609,roboflow,data/raw/roboflow/test/Parasitic diseases/Parasitic-diseases-10-_jpeg.rf.202c0324c3df7edfe48ad74edd0a092a.jpg,test/Parasitic diseases/Parasitic-diseases-10-_jpeg.rf.202c0324c3df7edfe48ad74edd0a092a.jpg,Parasitic diseases,Parasitic Disease,5,current_freshwater-e7b061f3b503,,Parasitic Disease|roboflow,1
roboflow-89edc14224ff,roboflow,data/raw/roboflow/train/Parasitic diseases/Parasitic-diseases-12-_jpg.rf.8a41885cc8931fc0284ce385b7bb4576.jpg,train/Parasitic diseases/Parasitic-diseases-12-_jpg.rf.8a41885cc8931fc0284ce385b7bb4576.jpg,Parasitic diseases,Parasitic Disease,5,current_freshwater-6e3e2e2a5c47,,Parasitic Disease|current_freshwater,1
roboflow-a63b26502309,roboflow,data/raw/roboflow/train/Parasitic diseases/Parasitic-diseases-13-_jpg.rf.f52178135a39e940b545fe0597fa27f6.jpg,train/Parasitic diseases/Parasitic-diseases-13-_jpg.rf.f52178135a39e940b545fe0597fa27f6.jpg,Parasitic diseases,Parasitic Disease,5,current_freshwater-8ffd53dff422,,Parasitic Disease|current_freshwater,1
roboflow-87e6dc4eb839,roboflow,data/raw/roboflow/train/Parasitic diseases/Parasitic-diseases-26-_jpg.rf.6c65b0565aa8179258c69c01cac4b4d3.jpg,train/Parasitic diseases/Parasitic-diseases-26-_jpg.rf.6c65b0565aa8179258c69c01cac4b4d3.jpg,Parasitic diseases,Parasitic Disease,5,current_freshwater-e7b061f3b503,,Parasitic Disease|roboflow,1
roboflow-8468d076df29,roboflow,data/raw/roboflow/train/Parasitic diseases/Parasitic-diseases-5-_jpeg.rf.04cd0467ea7e401f1a9a37cbdf85e971.jpg,train/Parasitic diseases/Parasitic-diseases-5-_jpeg.rf.04cd0467ea7e401f1a9a37cbdf85e971.jpg,Parasitic diseases,Parasitic Disease,5,current_freshwater-6e3e2e2a5c47,,Parasitic Disease|current_freshwater,1
current_freshwater-330d54df0dc5,current_freshwater,data/raw/current_freshwater/test_split/Viral diseases White tail disease_Viral diseases White tail disease_212.jpg,test_split/Viral diseases White tail disease_Viral diseases White tail disease_212.jpg,Viral diseases White tail disease,White Tail Disease,6,current_freshwater-330d54df0dc5,,White Tail Disease|current_freshwater,1
current_freshwater-f733d8b8dad6,current_freshwater,data/raw/current_freshwater/test_split/Viral diseases White tail disease_Viral diseases White tail disease_240.jpg,test_split/Viral diseases White tail disease_Viral diseases White tail disease_240.jpg,Viral diseases White tail disease,White Tail Disease,6,current_freshwater-464170093129,,White Tail Disease|current_freshwater,1
current_freshwater-fe929cc2519d,current_freshwater,data/raw/current_freshwater/train_split/Viral diseases White tail disease/Viral diseases White tail disease_135.jpg,train_split/Viral diseases White tail disease/Viral diseases White tail disease_135.jpg,Viral diseases White tail disease,White Tail Disease,6,current_freshwater-40128a8e7da7,,White Tail Disease|current_freshwater,1
current_freshwater-24bacd882664,current_freshwater,data/raw/current_freshwater/train_split/Viral diseases White tail disease/Viral diseases White tail disease_152.jpg,train_split/Viral diseases White tail disease/Viral diseases White tail disease_152.jpg,Viral diseases White tail disease,White Tail Disease,6,current_freshwater-24bacd882664,,White Tail Disease|current_freshwater,1
current_freshwater-3978cafefd24,current_freshwater,data/raw/current_freshwater/train_split/Viral diseases White tail disease/Viral diseases White tail disease_159.jpg,train_split/Viral diseases White tail disease/Viral diseases White tail disease_159.jpg,Viral diseases White tail disease,White Tail Disease,6,current_freshwater-3978cafefd24,,White Tail Disease|current_freshwater,1
current_freshwater-326214450f21,current_freshwater,data/raw/current_freshwater/train_split/Viral diseases White tail disease/Viral diseases White tail disease_187.jpg,train_split/Viral diseases White tail disease/Viral diseases White tail disease_187.jpg,Viral diseases White tail disease,White Tail Disease,6,current_freshwater-326214450f21,,White Tail Disease|current_freshwater,1
current_freshwater-3a0229154fc5,current_freshwater,data/raw/current_freshwater/train_split/Viral diseases White tail disease/Viral diseases White tail disease_189.jpg,train_split/Viral diseases White tail disease/Viral diseases White tail disease_189.jpg,Viral diseases White tail disease,White Tail Disease,6,current_freshwater-2b8e184f1492,,White Tail Disease|current_freshwater,1
current_freshwater-692333351364,current_freshwater,data/raw/current_freshwater/train_split/Viral diseases White tail disease/Viral diseases White tail disease_190.jpg,train_split/Viral diseases White tail disease/Viral diseases White tail disease_190.jpg,Viral diseases White tail disease,White Tail Disease,6,current_freshwater-692333351364,,White Tail Disease|current_freshwater,1
current_freshwater-72894544537d,current_freshwater,data/raw/current_freshwater/train_split/Viral diseases White tail disease/Viral diseases White tail disease_191.jpg,train_split/Viral diseases White tail disease/Viral diseases White tail disease_191.jpg,Viral diseases White tail disease,White Tail Disease,6,current_freshwater-72894544537d,,White Tail Disease|current_freshwater,1
current_freshwater-71da2e7d070f,current_freshwater,data/raw/current_freshwater/train_split/Viral diseases White tail disease/Viral diseases White tail disease_192.jpg,train_split/Viral diseases White tail disease/Viral diseases White tail disease_192.jpg,Viral diseases White tail disease,White Tail Disease,6,current_freshwater-71da2e7d070f,,White Tail Disease|current_freshwater,1
current_freshwater-8e29490963f8,current_freshwater,data/raw/current_freshwater/train_split/Viral diseases White tail disease/Viral diseases White tail disease_210.jpg,train_split/Viral diseases White tail disease/Viral diseases White tail disease_210.jpg,Viral diseases White tail disease,White Tail Disease,6,current_freshwater-8e29490963f8,,White Tail Disease|current_freshwater,1
current_freshwater-cb3b69d31282,current_freshwater,data/raw/current_freshwater/train_split/Viral diseases White tail disease/Viral diseases White tail disease_24.jpg,train_split/Viral diseases White tail disease/Viral diseases White tail disease_24.jpg,Viral diseases White tail disease,White Tail Disease,6,current_freshwater-cb3b69d31282,,White Tail Disease|roboflow,1
current_freshwater-55780af3ed41,current_freshwater,data/raw/current_freshwater/train_split/Viral diseases White tail disease/Viral diseases White tail disease_46.jpg,train_split/Viral diseases White tail disease/Viral diseases White tail disease_46.jpg,Viral diseases White tail disease,White Tail Disease,6,current_freshwater-55780af3ed41,,White Tail Disease|current_freshwater,1
current_freshwater-10227333af0f,current_freshwater,data/raw/current_freshwater/train_split/Viral diseases White tail disease/Viral diseases White tail disease_54.jpg,train_split/Viral diseases White tail disease/Viral diseases White tail disease_54.jpg,Viral diseases White tail disease,White Tail Disease,6,current_freshwater-10227333af0f,,White Tail Disease|current_freshwater,1
current_freshwater-c15ab8ee2fcd,current_freshwater,data/raw/current_freshwater/train_split/Viral diseases White tail disease/Viral diseases White tail disease_62.jpg,train_split/Viral diseases White tail disease/Viral diseases White tail disease_62.jpg,Viral diseases White tail disease,White Tail Disease,6,current_freshwater-c15ab8ee2fcd,,White Tail Disease|current_freshwater,1
current_freshwater-f2278f0f5a97,current_freshwater,data/raw/current_freshwater/train_split/Viral diseases White tail disease/Viral diseases White tail disease_aug_102.jpg,train_split/Viral diseases White tail disease/Viral diseases White tail disease_aug_102.jpg,Viral diseases White tail disease,White Tail Disease,6,current_freshwater-71da2e7d070f,,White Tail Disease|current_freshwater,1
current_freshwater-2b8e184f1492,current_freshwater,data/raw/current_freshwater/train_split/Viral diseases White tail disease/Viral diseases White tail disease_aug_126.jpg,train_split/Viral diseases White tail disease/Viral diseases White tail disease_aug_126.jpg,Viral diseases White tail disease,White Tail Disease,6,current_freshwater-2b8e184f1492,,White Tail Disease|current_freshwater,1
current_freshwater-d39f68200e1e,current_freshwater,data/raw/current_freshwater/train_split/Viral diseases White tail disease/Viral diseases White tail disease_aug_134.jpg,train_split/Viral diseases White tail disease/Viral diseases White tail disease_aug_134.jpg,Viral diseases White tail disease,White Tail Disease,6,current_freshwater-d39f68200e1e,,White Tail Disease|current_freshwater,1
current_freshwater-97923e1e0fd8,current_freshwater,data/raw/current_freshwater/train_split/Viral diseases White tail disease/Viral diseases White tail disease_aug_187.jpg,train_split/Viral diseases White tail disease/Viral diseases White tail disease_aug_187.jpg,Viral diseases White tail disease,White Tail Disease,6,current_freshwater-97923e1e0fd8,,White Tail Disease|current_freshwater,1
current_freshwater-4de0490dd9a4,current_freshwater,data/raw/current_freshwater/train_split/Viral diseases White tail disease/Viral diseases White tail disease_aug_220.jpg,train_split/Viral diseases White tail disease/Viral diseases White tail disease_aug_220.jpg,Viral diseases White tail disease,White Tail Disease,6,current_freshwater-4de0490dd9a4,,White Tail Disease|current_freshwater,1
current_freshwater-b5781be6c399,current_freshwater,data/raw/current_freshwater/train_split/Viral diseases White tail disease/Viral diseases White tail disease_aug_221.jpg,train_split/Viral diseases White tail disease/Viral diseases White tail disease_aug_221.jpg,Viral diseases White tail disease,White Tail Disease,6,current_freshwater-b5781be6c399,,White Tail Disease|current_freshwater,1
current_freshwater-226b56cf4385,current_freshwater,data/raw/current_freshwater/train_split/Viral diseases White tail disease/Viral diseases White tail disease_aug_222.jpg,train_split/Viral diseases White tail disease/Viral diseases White tail disease_aug_222.jpg,Viral diseases White tail disease,White Tail Disease,6,current_freshwater-226b56cf4385,,White Tail Disease|current_freshwater,1
current_freshwater-61fa758157fa,current_freshwater,data/raw/current_freshwater/train_split/Viral diseases White tail disease/Viral diseases White tail disease_aug_228.jpg,train_split/Viral diseases White tail disease/Viral diseases White tail disease_aug_228.jpg,Viral diseases White tail disease,White Tail Disease,6,current_freshwater-61fa758157fa,,White Tail Disease|current_freshwater,1
current_freshwater-4620b6984189,current_freshwater,data/raw/current_freshwater/train_split/Viral diseases White tail disease/Viral diseases White tail disease_aug_271.jpg,train_split/Viral diseases White tail disease/Viral diseases White tail disease_aug_271.jpg,Viral diseases White tail disease,White Tail Disease,6,current_freshwater-4620b6984189,,White Tail Disease|current_freshwater,1
current_freshwater-fa4075c9c2f9,current_freshwater,data/raw/current_freshwater/train_split/Viral diseases White tail disease/Viral diseases White tail disease_aug_307.jpg,train_split/Viral diseases White tail disease/Viral diseases White tail disease_aug_307.jpg,Viral diseases White tail disease,White Tail Disease,6,current_freshwater-fa4075c9c2f9,,White Tail Disease|current_freshwater,1
current_freshwater-deaf2a2cb3a8,current_freshwater,data/raw/current_freshwater/train_split/Viral diseases White tail disease/Viral diseases White tail disease_aug_324.jpg,train_split/Viral diseases White tail disease/Viral diseases White tail disease_aug_324.jpg,Viral diseases White tail disease,White Tail Disease,6,current_freshwater-deaf2a2cb3a8,,White Tail Disease|current_freshwater,1
current_freshwater-3ab105275d04,current_freshwater,data/raw/current_freshwater/train_split/Viral diseases White tail disease/Viral diseases White tail disease_aug_332.jpg,train_split/Viral diseases White tail disease/Viral diseases White tail disease_aug_332.jpg,Viral diseases White tail disease,White Tail Disease,6,current_freshwater-3ab105275d04,,White Tail Disease|current_freshwater,1
current_freshwater-d8bdc01cc6fc,current_freshwater,data/raw/current_freshwater/train_split/Viral diseases White tail disease/Viral diseases White tail disease_aug_333.jpg,train_split/Viral diseases White tail disease/Viral diseases White tail disease_aug_333.jpg,Viral diseases White tail disease,White Tail Disease,6,current_freshwater-d8bdc01cc6fc,,White Tail Disease|current_freshwater,1
current_freshwater-9871564c746e,current_freshwater,data/raw/current_freshwater/train_split/Viral diseases White tail disease/Viral diseases White tail disease_aug_40.jpg,train_split/Viral diseases White tail disease/Viral diseases White tail disease_aug_40.jpg,Viral diseases White tail disease,White Tail Disease,6,current_freshwater-9871564c746e,,White Tail Disease|current_freshwater,1
current_freshwater-e08e4299ba6d,current_freshwater,data/raw/current_freshwater/train_split/Viral diseases White tail disease/Viral diseases White tail disease_aug_42.jpg,train_split/Viral diseases White tail disease/Viral diseases White tail disease_aug_42.jpg,Viral diseases White tail disease,White Tail Disease,6,current_freshwater-e08e4299ba6d,,White Tail Disease|current_freshwater,1
current_freshwater-40128a8e7da7,current_freshwater,data/raw/current_freshwater/train_split/Viral diseases White tail disease/Viral diseases White tail disease_aug_59.jpg,train_split/Viral diseases White tail disease/Viral diseases White tail disease_aug_59.jpg,Viral diseases White tail disease,White Tail Disease,6,current_freshwater-40128a8e7da7,,White Tail Disease|current_freshwater,1
current_freshwater-e7418efcea73,current_freshwater,data/raw/current_freshwater/train_split/Viral diseases White tail disease/Viral diseases White tail disease_aug_76.jpg,train_split/Viral diseases White tail disease/Viral diseases White tail disease_aug_76.jpg,Viral diseases White tail disease,White Tail Disease,6,current_freshwater-10227333af0f,,White Tail Disease|current_freshwater,1
current_freshwater-4ac0243dc33c,current_freshwater,data/raw/current_freshwater/train_split/Viral diseases White tail disease/Viral diseases White tail disease_aug_90.jpg,train_split/Viral diseases White tail disease/Viral diseases White tail disease_aug_90.jpg,Viral diseases White tail disease,White Tail Disease,6,current_freshwater-4ac0243dc33c,,White Tail Disease|current_freshwater,1
current_freshwater-464170093129,current_freshwater,data/raw/current_freshwater/train_split/Viral diseases White tail disease/Viral diseases White tail disease_aug_92.jpg,train_split/Viral diseases White tail disease/Viral diseases White tail disease_aug_92.jpg,Viral diseases White tail disease,White Tail Disease,6,current_freshwater-464170093129,,White Tail Disease|current_freshwater,1
roboflow-a1e96766b047,roboflow,data/raw/roboflow/test/Viral diseases White tail disease/Viral-diseases-White-tail-disease-2-_jpg.rf.74dc25002b167c5e1e45fac1b7c1347e.jpg,test/Viral diseases White tail disease/Viral-diseases-White-tail-disease-2-_jpg.rf.74dc25002b167c5e1e45fac1b7c1347e.jpg,Viral diseases White tail disease,White Tail Disease,6,current_freshwater-cb3b69d31282,,White Tail Disease|roboflow,1
roboflow-b2033a38dd47,roboflow,data/raw/roboflow/train/Viral diseases White tail disease/Viral-diseases-White-tail-disease-23-_jpg.rf.d2c2e3a8df86c9ea16227514193c58c0.jpg,train/Viral diseases White tail disease/Viral-diseases-White-tail-disease-23-_jpg.rf.d2c2e3a8df86c9ea16227514193c58c0.jpg,Viral diseases White tail disease,White Tail Disease,6,current_freshwater-cb3b69d31282,,White Tail Disease|roboflow,1
roboflow-edfe2550d2d1,roboflow,data/raw/roboflow/train/Viral diseases White tail disease/Viral-diseases-White-tail-disease-6-_jpg.rf.aa44e5cce13b7b629e6d099d6ebfee70.jpg,train/Viral diseases White tail disease/Viral-diseases-White-tail-disease-6-_jpg.rf.aa44e5cce13b7b629e6d099d6ebfee70.jpg,Viral diseases White tail disease,White Tail Disease,6,current_freshwater-10227333af0f,,White Tail Disease|current_freshwater,1
current_freshwater-0c7f2f792d92,current_freshwater,data/raw/current_freshwater/test_split/Healthy Fish_Healthy Fish_220.jpg,test_split/Healthy Fish_Healthy Fish_220.jpg,Healthy Fish,Healthy Fish,7,current_freshwater-0c7f2f792d92,,Healthy Fish|current_freshwater,1
current_freshwater-f0161f0d7f2a,current_freshwater,data/raw/current_freshwater/test_split/Healthy Fish_Healthy Fish_244.jpg,test_split/Healthy Fish_Healthy Fish_244.jpg,Healthy Fish,Healthy Fish,7,current_freshwater-f0161f0d7f2a,,Healthy Fish|current_freshwater,1
current_freshwater-c65fbccb40bd,current_freshwater,data/raw/current_freshwater/test_split/Healthy Fish_Healthy Fish_349.jpg,test_split/Healthy Fish_Healthy Fish_349.jpg,Healthy Fish,Healthy Fish,7,current_freshwater-c65fbccb40bd,,Healthy Fish|current_freshwater,1
current_freshwater-273e967b8d3f,current_freshwater,data/raw/current_freshwater/test_split/Healthy Fish_Healthy Fish_350.jpg,test_split/Healthy Fish_Healthy Fish_350.jpg,Healthy Fish,Healthy Fish,7,current_freshwater-273e967b8d3f,,Healthy Fish|current_freshwater,1
current_freshwater-bb973c3315bf,current_freshwater,data/raw/current_freshwater/test_split/Healthy Fish_Healthy Fish_381.jpg,test_split/Healthy Fish_Healthy Fish_381.jpg,Healthy Fish,Healthy Fish,7,current_freshwater-bb973c3315bf,,Healthy Fish|current_freshwater,1
current_freshwater-f15b6419769f,current_freshwater,data/raw/current_freshwater/test_split/Healthy Fish_Healthy Fish_400.jpg,test_split/Healthy Fish_Healthy Fish_400.jpg,Healthy Fish,Healthy Fish,7,current_freshwater-f15b6419769f,,Healthy Fish|current_freshwater,1
current_freshwater-4886468a0e05,current_freshwater,data/raw/current_freshwater/test_split/Healthy Fish_Healthy Fish_405.jpg,test_split/Healthy Fish_Healthy Fish_405.jpg,Healthy Fish,Healthy Fish,7,current_freshwater-4886468a0e05,,Healthy Fish|current_freshwater,1
current_freshwater-023ab7a3b1f5,current_freshwater,data/raw/current_freshwater/test_split/Healthy Fish_Healthy Fish_443.jpg,test_split/Healthy Fish_Healthy Fish_443.jpg,Healthy Fish,Healthy Fish,7,current_freshwater-023ab7a3b1f5,,Healthy Fish|current_freshwater,1
current_freshwater-cd313d5f65fb,current_freshwater,data/raw/current_freshwater/test_split/Healthy Fish_Healthy Fish_456.jpg,test_split/Healthy Fish_Healthy Fish_456.jpg,Healthy Fish,Healthy Fish,7,current_freshwater-cd313d5f65fb,,Healthy Fish|current_freshwater,1
current_freshwater-787d0c973ffc,current_freshwater,data/raw/current_freshwater/test_split/Healthy Fish_Healthy Fish_482.jpg,test_split/Healthy Fish_Healthy Fish_482.jpg,Healthy Fish,Healthy Fish,7,current_freshwater-787d0c973ffc,,Healthy Fish|current_freshwater,1
current_freshwater-209db8b0e183,current_freshwater,data/raw/current_freshwater/test_split/Healthy Fish_Healthy Fish_55.jpg,test_split/Healthy Fish_Healthy Fish_55.jpg,Healthy Fish,Healthy Fish,7,current_freshwater-209db8b0e183,,Healthy Fish|current_freshwater,1
current_freshwater-cc28191cc0c3,current_freshwater,data/raw/current_freshwater/train_split/Healthy Fish/Healthy Fish_144.jpg,train_split/Healthy Fish/Healthy Fish_144.jpg,Healthy Fish,Healthy Fish,7,current_freshwater-cc28191cc0c3,,Healthy Fish|current_freshwater,1
current_freshwater-f91012d449a9,current_freshwater,data/raw/current_freshwater/train_split/Healthy Fish/Healthy Fish_145.jpg,train_split/Healthy Fish/Healthy Fish_145.jpg,Healthy Fish,Healthy Fish,7,current_freshwater-f91012d449a9,,Healthy Fish|current_freshwater,1
current_freshwater-e4d891001fa4,current_freshwater,data/raw/current_freshwater/train_split/Healthy Fish/Healthy Fish_162.jpg,train_split/Healthy Fish/Healthy Fish_162.jpg,Healthy Fish,Healthy Fish,7,current_freshwater-e4d891001fa4,,Healthy Fish|current_freshwater,1
current_freshwater-b44dbf618c47,current_freshwater,data/raw/current_freshwater/train_split/Healthy Fish/Healthy Fish_17.jpg,train_split/Healthy Fish/Healthy Fish_17.jpg,Healthy Fish,Healthy Fish,7,current_freshwater-b44dbf618c47,,Healthy Fish|current_freshwater,1
current_freshwater-fad47db37ab9,current_freshwater,data/raw/current_freshwater/train_split/Healthy Fish/Healthy Fish_251.jpg,train_split/Healthy Fish/Healthy Fish_251.jpg,Healthy Fish,Healthy Fish,7,current_freshwater-fad47db37ab9,,Healthy Fish|current_freshwater,1
current_freshwater-df57c8e0b769,current_freshwater,data/raw/current_freshwater/train_split/Healthy Fish/Healthy Fish_282.jpg,train_split/Healthy Fish/Healthy Fish_282.jpg,Healthy Fish,Healthy Fish,7,current_freshwater-df57c8e0b769,,Healthy Fish|current_freshwater,1
current_freshwater-7befed5bae2f,current_freshwater,data/raw/current_freshwater/train_split/Healthy Fish/Healthy Fish_301.jpg,train_split/Healthy Fish/Healthy Fish_301.jpg,Healthy Fish,Healthy Fish,7,current_freshwater-7befed5bae2f,,Healthy Fish|current_freshwater,1
current_freshwater-47f71bb939b9,current_freshwater,data/raw/current_freshwater/train_split/Healthy Fish/Healthy Fish_318.jpg,train_split/Healthy Fish/Healthy Fish_318.jpg,Healthy Fish,Healthy Fish,7,current_freshwater-45113805134d,,Healthy Fish|current_freshwater,1
current_freshwater-4c1315faaf16,current_freshwater,data/raw/current_freshwater/train_split/Healthy Fish/Healthy Fish_337.jpg,train_split/Healthy Fish/Healthy Fish_337.jpg,Healthy Fish,Healthy Fish,7,current_freshwater-4c1315faaf16,,Healthy Fish|current_freshwater,1
current_freshwater-dc39cce1bd23,current_freshwater,data/raw/current_freshwater/train_split/Healthy Fish/Healthy Fish_353.jpg,train_split/Healthy Fish/Healthy Fish_353.jpg,Healthy Fish,Healthy Fish,7,current_freshwater-dc39cce1bd23,,Healthy Fish|current_freshwater,1
current_freshwater-8405f4b9f3dc,current_freshwater,data/raw/current_freshwater/train_split/Healthy Fish/Healthy Fish_386.jpg,train_split/Healthy Fish/Healthy Fish_386.jpg,Healthy Fish,Healthy Fish,7,current_freshwater-8405f4b9f3dc,,Healthy Fish|current_freshwater,1
current_freshwater-45113805134d,current_freshwater,data/raw/current_freshwater/train_split/Healthy Fish/Healthy Fish_427.jpg,train_split/Healthy Fish/Healthy Fish_427.jpg,Healthy Fish,Healthy Fish,7,current_freshwater-45113805134d,,Healthy Fish|current_freshwater,1
current_freshwater-654beacc747c,current_freshwater,data/raw/current_freshwater/train_split/Healthy Fish/Healthy Fish_428.jpg,train_split/Healthy Fish/Healthy Fish_428.jpg,Healthy Fish,Healthy Fish,7,current_freshwater-654beacc747c,,Healthy Fish|current_freshwater,1
current_freshwater-55bf064aa536,current_freshwater,data/raw/current_freshwater/train_split/Healthy Fish/Healthy Fish_43.jpg,train_split/Healthy Fish/Healthy Fish_43.jpg,Healthy Fish,Healthy Fish,7,current_freshwater-55bf064aa536,,Healthy Fish|current_freshwater,1
current_freshwater-63373da22cb1,current_freshwater,data/raw/current_freshwater/train_split/Healthy Fish/Healthy Fish_54.jpg,train_split/Healthy Fish/Healthy Fish_54.jpg,Healthy Fish,Healthy Fish,7,current_freshwater-0d36968db23c,,Healthy Fish|current_freshwater,1
current_freshwater-58812c5d1593,current_freshwater,data/raw/current_freshwater/train_split/Healthy Fish/Healthy Fish_59.jpg,train_split/Healthy Fish/Healthy Fish_59.jpg,Healthy Fish,Healthy Fish,7,current_freshwater-58812c5d1593,,Healthy Fish|current_freshwater,1
current_freshwater-51bc2d07cc91,current_freshwater,data/raw/current_freshwater/train_split/Healthy Fish/Healthy Fish_aug_11.jpg,train_split/Healthy Fish/Healthy Fish_aug_11.jpg,Healthy Fish,Healthy Fish,7,current_freshwater-51bc2d07cc91,,Healthy Fish|current_freshwater,1
current_freshwater-10f33fc91b98,current_freshwater,data/raw/current_freshwater/train_split/Healthy Fish/Healthy Fish_aug_116.jpg,train_split/Healthy Fish/Healthy Fish_aug_116.jpg,Healthy Fish,Healthy Fish,7,current_freshwater-10f33fc91b98,,Healthy Fish|current_freshwater,1
current_freshwater-0d36968db23c,current_freshwater,data/raw/current_freshwater/train_split/Healthy Fish/Healthy Fish_aug_124.jpg,train_split/Healthy Fish/Healthy Fish_aug_124.jpg,Healthy Fish,Healthy Fish,7,current_freshwater-0d36968db23c,,Healthy Fish|current_freshwater,1
current_freshwater-f6e7f2af2e19,current_freshwater,data/raw/current_freshwater/train_split/Healthy Fish/Healthy Fish_aug_15.jpg,train_split/Healthy Fish/Healthy Fish_aug_15.jpg,Healthy Fish,Healthy Fish,7,current_freshwater-f6e7f2af2e19,,Healthy Fish|current_freshwater,1
current_freshwater-77c7c45e04d2,current_freshwater,data/raw/current_freshwater/train_split/Healthy Fish/Healthy Fish_aug_155.jpg,train_split/Healthy Fish/Healthy Fish_aug_155.jpg,Healthy Fish,Healthy Fish,7,current_freshwater-77c7c45e04d2,,Healthy Fish|current_freshwater,1
current_freshwater-dd65249c17cf,current_freshwater,data/raw/current_freshwater/train_split/Healthy Fish/Healthy Fish_aug_236.jpg,train_split/Healthy Fish/Healthy Fish_aug_236.jpg,Healthy Fish,Healthy Fish,7,current_freshwater-dd65249c17cf,,Healthy Fish|current_freshwater,1
current_freshwater-b2b70172d784,current_freshwater,data/raw/current_freshwater/train_split/Healthy Fish/Healthy Fish_aug_27.jpg,train_split/Healthy Fish/Healthy Fish_aug_27.jpg,Healthy Fish,Healthy Fish,7,current_freshwater-b2b70172d784,,Healthy Fish|current_freshwater,1
current_freshwater-ed38e524abaa,current_freshwater,data/raw/current_freshwater/train_split/Healthy Fish/Healthy Fish_aug_41.jpg,train_split/Healthy Fish/Healthy Fish_aug_41.jpg,Healthy Fish,Healthy Fish,7,current_freshwater-ed38e524abaa,,Healthy Fish|current_freshwater,1
current_freshwater-ab7c4f8f2f18,current_freshwater,data/raw/current_freshwater/train_split/Healthy Fish/Healthy Fish_aug_89.jpg,train_split/Healthy Fish/Healthy Fish_aug_89.jpg,Healthy Fish,Healthy Fish,7,current_freshwater-55bf064aa536,,Healthy Fish|current_freshwater,1
kaptai-f8afabc9a187,kaptai,data/raw/kaptai/Healthy Fish/healthy (2).jpg,Healthy Fish/healthy (2).jpg,Healthy Fish,Healthy Fish,7,kaptai-f8afabc9a187,,Healthy Fish|kaptai,1
kaptai-df0884df4ab1,kaptai,data/raw/kaptai/Healthy Fish/healthy (21).jpg,Healthy Fish/healthy (21).jpg,Healthy Fish,Healthy Fish,7,current_freshwater-45113805134d,,Healthy Fish|current_freshwater,1
kaptai-926e531ab3ad,kaptai,data/raw/kaptai/Healthy Fish/healthy (22).jpg,Healthy Fish/healthy (22).jpg,Healthy Fish,Healthy Fish,7,current_freshwater-654beacc747c,,Healthy Fish|current_freshwater,1
kaptai-c0b1d15fbed1,kaptai,data/raw/kaptai/Healthy Fish/healthy (9).jpg,Healthy Fish/healthy (9).jpg,Healthy Fish,Healthy Fish,7,current_freshwater-023ab7a3b1f5,,Healthy Fish|current_freshwater,1
roboflow-a9e3b2e2ce21,roboflow,data/raw/roboflow/train/Healthy Fish/Healthy-Fish-104-_jpg.rf.0a5a07cac0303b91c0099d8c8159a518.jpg,train/Healthy Fish/Healthy-Fish-104-_jpg.rf.0a5a07cac0303b91c0099d8c8159a518.jpg,Healthy Fish,Healthy Fish,7,roboflow-a9e3b2e2ce21,,Healthy Fish|roboflow,1
roboflow-98a9bb53f4c8,roboflow,data/raw/roboflow/train/Healthy Fish/Healthy-Fish-156-_jpg.rf.931681492cc6f38d5c154c234fccd617.jpg,train/Healthy Fish/Healthy-Fish-156-_jpg.rf.931681492cc6f38d5c154c234fccd617.jpg,Healthy Fish,Healthy Fish,7,roboflow-1d02d5af284a,,Healthy Fish|roboflow,1
roboflow-e0d8d954bf19,roboflow,data/raw/roboflow/train/Healthy Fish/Healthy-Fish-19-_jpeg.rf.4713ca7a6801218a567c6de633bec5ae.jpg,train/Healthy Fish/Healthy-Fish-19-_jpeg.rf.4713ca7a6801218a567c6de633bec5ae.jpg,Healthy Fish,Healthy Fish,7,roboflow-e0d8d954bf19,,Healthy Fish|roboflow,1
roboflow-1d02d5af284a,roboflow,data/raw/roboflow/train/Healthy Fish/Healthy-Fish-19-_jpg.rf.d2e303a8dbb69c31e3904d3a5b637f2c.jpg,train/Healthy Fish/Healthy-Fish-19-_jpg.rf.d2e303a8dbb69c31e3904d3a5b637f2c.jpg,Healthy Fish,Healthy Fish,7,roboflow-1d02d5af284a,,Healthy Fish|roboflow,1
roboflow-eae028fb7f34,roboflow,data/raw/roboflow/train/Healthy Fish/Healthy-Fish-44-_jpg.rf.3f1b8c417d96a33e0983568bda6c0ac2.jpg,train/Healthy Fish/Healthy-Fish-44-_jpg.rf.3f1b8c417d96a33e0983568bda6c0ac2.jpg,Healthy Fish,Healthy Fish,7,roboflow-eae028fb7f34,,Healthy Fish|roboflow,1
roboflow-9d9dac888d6b,roboflow,data/raw/roboflow/train/Healthy Fish/Healthy-Fish-82-_jpg.rf.dd2c78df16fc15b9cb1fcdeca7853a72.jpg,train/Healthy Fish/Healthy-Fish-82-_jpg.rf.dd2c78df16fc15b9cb1fcdeca7853a72.jpg,Healthy Fish,Healthy Fish,7,roboflow-1d02d5af284a,,Healthy Fish|roboflow,1
roboflow-2f18d979b655,roboflow,data/raw/roboflow/valid/Healthy Fish/Healthy-Fish-14-_jpeg.rf.4df863a9042ba9cc2b816dcd35fb32d3.jpg,valid/Healthy Fish/Healthy-Fish-14-_jpeg.rf.4df863a9042ba9cc2b816dcd35fb32d3.jpg,Healthy Fish,Healthy Fish,7,roboflow-2f18d979b655,,Healthy Fish|roboflow,1
current_freshwater-96a56f0ca173,current_freshwater,data/raw/current_freshwater/test_split/Bacterial Red disease_Bacterial Red disease_129.jpg,test_split/Bacterial Red disease_Bacterial Red disease_129.jpg,Bacterial Red disease,Bacterial Red Disease,0,current_freshwater-96a56f0ca173,,Bacterial Red Disease|current_freshwater,2
current_freshwater-68cd7d83b530,current_freshwater,data/raw/current_freshwater/test_split/Bacterial Red disease_Bacterial Red disease_16.jpg,test_split/Bacterial Red disease_Bacterial Red disease_16.jpg,Bacterial Red disease,Bacterial Red Disease,0,current_freshwater-68cd7d83b530,,Bacterial Red Disease|current_freshwater,2
current_freshwater-777a666eb003,current_freshwater,data/raw/current_freshwater/test_split/Bacterial Red disease_Bacterial Red disease_65.jpg,test_split/Bacterial Red disease_Bacterial Red disease_65.jpg,Bacterial Red disease,Bacterial Red Disease,0,current_freshwater-3784f17606e9,,Bacterial Red Disease|current_freshwater,2
current_freshwater-d97c91a777c8,current_freshwater,data/raw/current_freshwater/test_split/Bacterial Red disease_Bacterial Red disease_9.jpg,test_split/Bacterial Red disease_Bacterial Red disease_9.jpg,Bacterial Red disease,Bacterial Red Disease,0,current_freshwater-d97c91a777c8,,Bacterial Red Disease|current_freshwater,2
current_freshwater-6f47eb7d097a,current_freshwater,data/raw/current_freshwater/train_split/Bacterial Red disease/Bacterial Red disease_115.jpg,train_split/Bacterial Red disease/Bacterial Red disease_115.jpg,Bacterial Red disease,Bacterial Red Disease,0,current_freshwater-052a595522fe,,Bacterial Red Disease|current_freshwater,2
current_freshwater-ceaacaffa8a6,current_freshwater,data/raw/current_freshwater/train_split/Bacterial Red disease/Bacterial Red disease_135.jpg,train_split/Bacterial Red disease/Bacterial Red disease_135.jpg,Bacterial Red disease,Bacterial Red Disease,0,current_freshwater-ceaacaffa8a6,,Bacterial Red Disease|current_freshwater,2
current_freshwater-62539c3c7edd,current_freshwater,data/raw/current_freshwater/train_split/Bacterial Red disease/Bacterial Red disease_162.jpg,train_split/Bacterial Red disease/Bacterial Red disease_162.jpg,Bacterial Red disease,Bacterial Red Disease,0,current_freshwater-62539c3c7edd,,Bacterial Red Disease|current_freshwater,2
current_freshwater-ba61ba164cdc,current_freshwater,data/raw/current_freshwater/train_split/Bacterial Red disease/Bacterial Red disease_206.jpg,train_split/Bacterial Red disease/Bacterial Red disease_206.jpg,Bacterial Red disease,Bacterial Red Disease,0,current_freshwater-ba61ba164cdc,,Bacterial Red Disease|current_freshwater,2
current_freshwater-c7a2208b9326,current_freshwater,data/raw/current_freshwater/train_split/Bacterial Red disease/Bacterial Red disease_207.jpg,train_split/Bacterial Red disease/Bacterial Red disease_207.jpg,Bacterial Red disease,Bacterial Red Disease,0,current_freshwater-c7a2208b9326,,Bacterial Red Disease|current_freshwater,2
current_freshwater-b65bc15edda5,current_freshwater,data/raw/current_freshwater/train_split/Bacterial Red disease/Bacterial Red disease_211.jpg,train_split/Bacterial Red disease/Bacterial Red disease_211.jpg,Bacterial Red disease,Bacterial Red Disease,0,current_freshwater-b65bc15edda5,,Bacterial Red Disease|current_freshwater,2
current_freshwater-f29f3b6563fd,current_freshwater,data/raw/current_freshwater/train_split/Bacterial Red disease/Bacterial Red disease_43.jpg,train_split/Bacterial Red disease/Bacterial Red disease_43.jpg,Bacterial Red disease,Bacterial Red Disease,0,current_freshwater-2c3e0d7cafc0,,Bacterial Red Disease|current_freshwater,2
current_freshwater-472288c544c7,current_freshwater,data/raw/current_freshwater/train_split/Bacterial Red disease/Bacterial Red disease_aug_107.jpg,train_split/Bacterial Red disease/Bacterial Red disease_aug_107.jpg,Bacterial Red disease,Bacterial Red Disease,0,current_freshwater-472288c544c7,,Bacterial Red Disease|current_freshwater,2
current_freshwater-3784f17606e9,current_freshwater,data/raw/current_freshwater/train_split/Bacterial Red disease/Bacterial Red disease_aug_121.jpg,train_split/Bacterial Red disease/Bacterial Red disease_aug_121.jpg,Bacterial Red disease,Bacterial Red Disease,0,current_freshwater-3784f17606e9,,Bacterial Red Disease|current_freshwater,2
current_freshwater-066b6a1fe8cc,current_freshwater,data/raw/current_freshwater/train_split/Bacterial Red disease/Bacterial Red disease_aug_127.jpg,train_split/Bacterial Red disease/Bacterial Red disease_aug_127.jpg,Bacterial Red disease,Bacterial Red Disease,0,current_freshwater-066b6a1fe8cc,,Bacterial Red Disease|current_freshwater,2
current_freshwater-893cb77be25d,current_freshwater,data/raw/current_freshwater/train_split/Bacterial Red disease/Bacterial Red disease_aug_139.jpg,train_split/Bacterial Red disease/Bacterial Red disease_aug_139.jpg,Bacterial Red disease,Bacterial Red Disease,0,current_freshwater-893cb77be25d,,Bacterial Red Disease|current_freshwater,2
current_freshwater-44331deb2a07,current_freshwater,data/raw/current_freshwater/train_split/Bacterial Red disease/Bacterial Red disease_aug_148.jpg,train_split/Bacterial Red disease/Bacterial Red disease_aug_148.jpg,Bacterial Red disease,Bacterial Red Disease,0,current_freshwater-44331deb2a07,,Bacterial Red Disease|current_freshwater,2
current_freshwater-d563844cacc4,current_freshwater,data/raw/current_freshwater/train_split/Bacterial Red disease/Bacterial Red disease_aug_153.jpg,train_split/Bacterial Red disease/Bacterial Red disease_aug_153.jpg,Bacterial Red disease,Bacterial Red Disease,0,current_freshwater-d563844cacc4,,Bacterial Red Disease|current_freshwater,2
current_freshwater-f0043e2d4b95,current_freshwater,data/raw/current_freshwater/train_split/Bacterial Red disease/Bacterial Red disease_aug_165.jpg,train_split/Bacterial Red disease/Bacterial Red disease_aug_165.jpg,Bacterial Red disease,Bacterial Red Disease,0,current_freshwater-1f55c63856ff,,Bacterial Red Disease|current_freshwater,2
current_freshwater-2c3e0d7cafc0,current_freshwater,data/raw/current_freshwater/train_split/Bacterial Red disease/Bacterial Red disease_aug_219.jpg,train_split/Bacterial Red disease/Bacterial Red disease_aug_219.jpg,Bacterial Red disease,Bacterial Red Disease,0,current_freshwater-2c3e0d7cafc0,,Bacterial Red Disease|current_freshwater,2
current_freshwater-79e9b75ecbce,current_freshwater,data/raw/current_freshwater/train_split/Bacterial Red disease/Bacterial Red disease_aug_220.jpg,train_split/Bacterial Red disease/Bacterial Red disease_aug_220.jpg,Bacterial Red disease,Bacterial Red Disease,0,current_freshwater-79e9b75ecbce,,Bacterial Red Disease|current_freshwater,2
current_freshwater-13e47fabea9d,current_freshwater,data/raw/current_freshwater/train_split/Bacterial Red disease/Bacterial Red disease_aug_272.jpg,train_split/Bacterial Red disease/Bacterial Red disease_aug_272.jpg,Bacterial Red disease,Bacterial Red Disease,0,current_freshwater-13e47fabea9d,,Bacterial Red Disease|current_freshwater,2
current_freshwater-2f77682f5c7c,current_freshwater,data/raw/current_freshwater/train_split/Bacterial Red disease/Bacterial Red disease_aug_279.jpg,train_split/Bacterial Red disease/Bacterial Red disease_aug_279.jpg,Bacterial Red disease,Bacterial Red Disease,0,current_freshwater-2f77682f5c7c,,Bacterial Red Disease|current_freshwater,2
current_freshwater-0404855af326,current_freshwater,data/raw/current_freshwater/train_split/Bacterial Red disease/Bacterial Red disease_aug_291.jpg,train_split/Bacterial Red disease/Bacterial Red disease_aug_291.jpg,Bacterial Red disease,Bacterial Red Disease,0,current_freshwater-0404855af326,,Bacterial Red Disease|current_freshwater,2
current_freshwater-4c8a892310fd,current_freshwater,data/raw/current_freshwater/train_split/Bacterial Red disease/Bacterial Red disease_aug_293.jpg,train_split/Bacterial Red disease/Bacterial Red disease_aug_293.jpg,Bacterial Red disease,Bacterial Red Disease,0,current_freshwater-4c8a892310fd,,Bacterial Red Disease|current_freshwater,2
current_freshwater-8268563e5e14,current_freshwater,data/raw/current_freshwater/train_split/Bacterial Red disease/Bacterial Red disease_aug_319.jpg,train_split/Bacterial Red disease/Bacterial Red disease_aug_319.jpg,Bacterial Red disease,Bacterial Red Disease,0,current_freshwater-8268563e5e14,,Bacterial Red Disease|current_freshwater,2
current_freshwater-a9b0d9a0d0b3,current_freshwater,data/raw/current_freshwater/train_split/Bacterial Red disease/Bacterial Red disease_aug_320.jpg,train_split/Bacterial Red disease/Bacterial Red disease_aug_320.jpg,Bacterial Red disease,Bacterial Red Disease,0,current_freshwater-a9b0d9a0d0b3,,Bacterial Red Disease|current_freshwater,2
current_freshwater-310adfa13a1f,current_freshwater,data/raw/current_freshwater/train_split/Bacterial Red disease/Bacterial Red disease_aug_326.jpg,train_split/Bacterial Red disease/Bacterial Red disease_aug_326.jpg,Bacterial Red disease,Bacterial Red Disease,0,current_freshwater-310adfa13a1f,,Bacterial Red Disease|current_freshwater,2
current_freshwater-e2084fc6b357,current_freshwater,data/raw/current_freshwater/train_split/Bacterial Red disease/Bacterial Red disease_aug_331.jpg,train_split/Bacterial Red disease/Bacterial Red disease_aug_331.jpg,Bacterial Red disease,Bacterial Red Disease,0,current_freshwater-e2084fc6b357,,Bacterial Red Disease|current_freshwater,2
current_freshwater-36f1b540041b,current_freshwater,data/raw/current_freshwater/train_split/Bacterial Red disease/Bacterial Red disease_aug_35.jpg,train_split/Bacterial Red disease/Bacterial Red disease_aug_35.jpg,Bacterial Red disease,Bacterial Red Disease,0,current_freshwater-36f1b540041b,,Bacterial Red Disease|current_freshwater,2
current_freshwater-b6483e647aef,current_freshwater,data/raw/current_freshwater/train_split/Bacterial Red disease/Bacterial Red disease_aug_39.jpg,train_split/Bacterial Red disease/Bacterial Red disease_aug_39.jpg,Bacterial Red disease,Bacterial Red Disease,0,current_freshwater-b6483e647aef,,Bacterial Red Disease|current_freshwater,2
current_freshwater-6241ae29e156,current_freshwater,data/raw/current_freshwater/train_split/Bacterial Red disease/Bacterial Red disease_aug_55.jpg,train_split/Bacterial Red disease/Bacterial Red disease_aug_55.jpg,Bacterial Red disease,Bacterial Red Disease,0,current_freshwater-6241ae29e156,,Bacterial Red Disease|current_freshwater,2
current_freshwater-052a595522fe,current_freshwater,data/raw/current_freshwater/train_split/Bacterial Red disease/Bacterial Red disease_aug_70.jpg,train_split/Bacterial Red disease/Bacterial Red disease_aug_70.jpg,Bacterial Red disease,Bacterial Red Disease,0,current_freshwater-052a595522fe,,Bacterial Red Disease|current_freshwater,2
current_freshwater-e46181680a89,current_freshwater,data/raw/current_freshwater/train_split/Bacterial Red disease/Bacterial Red disease_aug_77.jpg,train_split/Bacterial Red disease/Bacterial Red disease_aug_77.jpg,Bacterial Red disease,Bacterial Red Disease,0,current_freshwater-e46181680a89,,Bacterial Red Disease|current_freshwater,2
current_freshwater-a46b8aecbe51,current_freshwater,data/raw/current_freshwater/train_split/Bacterial Red disease/Bacterial Red disease_aug_78.jpg,train_split/Bacterial Red disease/Bacterial Red disease_aug_78.jpg,Bacterial Red disease,Bacterial Red Disease,0,current_freshwater-96a56f0ca173,,Bacterial Red Disease|current_freshwater,2
roboflow-bdf2eae2cf0c,roboflow,data/raw/roboflow/train/Bacterial Red disease/Bacterial-Red-disease-23-_jpg.rf.7ec0a98c86f3a240696bee874c23099a.jpg,train/Bacterial Red disease/Bacterial-Red-disease-23-_jpg.rf.7ec0a98c86f3a240696bee874c23099a.jpg,Bacterial Red disease,Bacterial Red Disease,0,roboflow-79491afa603f,,Bacterial Red Disease|roboflow,2
roboflow-79491afa603f,roboflow,data/raw/roboflow/train/Bacterial Red disease/Bacterial-Red-disease-26-_jpg.rf.5b81fa0434ecd87d2c104324f06d8a61.jpg,train/Bacterial Red disease/Bacterial-Red-disease-26-_jpg.rf.5b81fa0434ecd87d2c104324f06d8a61.jpg,Bacterial Red disease,Bacterial Red Disease,0,roboflow-79491afa603f,,Bacterial Red Disease|roboflow,2
roboflow-e6e1fab74a32,roboflow,data/raw/roboflow/train/Bacterial Red disease/Bacterial-Red-disease-6-_jpg.rf.a6e64d8107825c3a8257cc6a63fa6463.jpg,train/Bacterial Red disease/Bacterial-Red-disease-6-_jpg.rf.a6e64d8107825c3a8257cc6a63fa6463.jpg,Bacterial Red disease,Bacterial Red Disease,0,current_freshwater-2c3e0d7cafc0,,Bacterial Red Disease|current_freshwater,2
current_freshwater-341a6dd91c33,current_freshwater,data/raw/current_freshwater/test_split/Bacterial diseases - Aeromoniasis_Bacterial diseases - Aeromoniasis_133.jpg,test_split/Bacterial diseases - Aeromoniasis_Bacterial diseases - Aeromoniasis_133.jpg,Bacterial diseases - Aeromoniasis,Aeromoniasis,1,current_freshwater-341a6dd91c33,,Aeromoniasis|current_freshwater,2
current_freshwater-4cea5bba0429,current_freshwater,data/raw/current_freshwater/test_split/Bacterial diseases - Aeromoniasis_Bacterial diseases - Aeromoniasis_153.jpg,test_split/Bacterial diseases - Aeromoniasis_Bacterial diseases - Aeromoniasis_153.jpg,Bacterial diseases - Aeromoniasis,Aeromoniasis,1,current_freshwater-4cea5bba0429,,Aeromoniasis|current_freshwater,2
current_freshwater-a3fc08fa156e,current_freshwater,data/raw/current_freshwater/test_split/Bacterial diseases - Aeromoniasis_Bacterial diseases - Aeromoniasis_213.jpg,test_split/Bacterial diseases - Aeromoniasis_Bacterial diseases - Aeromoniasis_213.jpg,Bacterial diseases - Aeromoniasis,Aeromoniasis,1,current_freshwater-a3fc08fa156e,,Aeromoniasis|current_freshwater,2
current_freshwater-599cdc790ef9,current_freshwater,data/raw/current_freshwater/train_split/Bacterial diseases - Aeromoniasis/Bacterial diseases - Aeromoniasis_131.jpg,train_split/Bacterial diseases - Aeromoniasis/Bacterial diseases - Aeromoniasis_131.jpg,Bacterial diseases - Aeromoniasis,Aeromoniasis,1,current_freshwater-24bfae9847db,,Aeromoniasis|current_freshwater,2
current_freshwater-1978bbfb64a7,current_freshwater,data/raw/current_freshwater/train_split/Bacterial diseases - Aeromoniasis/Bacterial diseases - Aeromoniasis_135.jpg,train_split/Bacterial diseases - Aeromoniasis/Bacterial diseases - Aeromoniasis_135.jpg,Bacterial diseases - Aeromoniasis,Aeromoniasis,1,current_freshwater-1978bbfb64a7,,Aeromoniasis|current_freshwater,2
current_freshwater-3fb1c4798829,current_freshwater,data/raw/current_freshwater/train_split/Bacterial diseases - Aeromoniasis/Bacterial diseases - Aeromoniasis_139.jpg,train_split/Bacterial diseases - Aeromoniasis/Bacterial diseases - Aeromoniasis_139.jpg,Bacterial diseases - Aeromoniasis,Aeromoniasis,1,current_freshwater-01c097a5a57a,,Aeromoniasis|current_freshwater,2
current_freshwater-a9e78998968d,current_freshwater,data/raw/current_freshwater/train_split/Bacterial diseases - Aeromoniasis/Bacterial diseases - Aeromoniasis_142.jpg,train_split/Bacterial diseases - Aeromoniasis/Bacterial diseases - Aeromoniasis_142.jpg,Bacterial diseases - Aeromoniasis,Aeromoniasis,1,current_freshwater-a9e78998968d,,Aeromoniasis|current_freshwater,2
current_freshwater-f7f10b6a4a22,current_freshwater,data/raw/current_freshwater/train_split/Bacterial diseases - Aeromoniasis/Bacterial diseases - Aeromoniasis_174.jpg,train_split/Bacterial diseases - Aeromoniasis/Bacterial diseases - Aeromoniasis_174.jpg,Bacterial diseases - Aeromoniasis,Aeromoniasis,1,current_freshwater-f7f10b6a4a22,,Aeromoniasis|roboflow,2
current_freshwater-31f8ec294754,current_freshwater,data/raw/current_freshwater/train_split/Bacterial diseases - Aeromoniasis/Bacterial diseases - Aeromoniasis_195.jpg,train_split/Bacterial diseases - Aeromoniasis/Bacterial diseases - Aeromoniasis_195.jpg,Bacterial diseases - Aeromoniasis,Aeromoniasis,1,current_freshwater-31f8ec294754,,Aeromoniasis|current_freshwater,2
current_freshwater-24bfae9847db,current_freshwater,data/raw/current_freshwater/train_split/Bacterial diseases - Aeromoniasis/Bacterial diseases - Aeromoniasis_244.jpg,train_split/Bacterial diseases - Aeromoniasis/Bacterial diseases - Aeromoniasis_244.jpg,Bacterial diseases - Aeromoniasis,Aeromoniasis,1,current_freshwater-24bfae9847db,,Aeromoniasis|current_freshwater,2
current_freshwater-70c6ece9f685,current_freshwater,data/raw/current_freshwater/train_split/Bacterial diseases - Aeromoniasis/Bacterial diseases - Aeromoniasis_25.jpg,train_split/Bacterial diseases - Aeromoniasis/Bacterial diseases - Aeromoniasis_25.jpg,Bacterial diseases - Aeromoniasis,Aeromoniasis,1,current_freshwater-70c6ece9f685,,Aeromoniasis|current_freshwater,2
current_freshwater-e0ab02452d91,current_freshwater,data/raw/current_freshwater/train_split/Bacterial diseases - Aeromoniasis/Bacterial diseases - Aeromoniasis_3.png,train_split/Bacterial diseases - Aeromoniasis/Bacterial diseases - Aeromoniasis_3.png,Bacterial diseases - Aeromoniasis,Aeromoniasis,1,current_freshwater-99eeaf7ef500,,Aeromoniasis|current_freshwater,2
current_freshwater-ce779a293108,current_freshwater,data/raw/current_freshwater/train_split/Bacterial diseases - Aeromoniasis/Bacterial diseases - Aeromoniasis_31.jpg,train_split/Bacterial diseases - Aeromoniasis/Bacterial diseases - Aeromoniasis_31.jpg,Bacterial diseases - Aeromoniasis,Aeromoniasis,1,current_freshwater-ce779a293108,,Aeromoniasis|current_freshwater,2
current_freshwater-2835d0267f9a,current_freshwater,data/raw/current_freshwater/train_split/Bacterial diseases - Aeromoniasis/Bacterial diseases - Aeromoniasis_34.jpg,train_split/Bacterial diseases - Aeromoniasis/Bacterial diseases - Aeromoniasis_34.jpg,Bacterial diseases - Aeromoniasis,Aeromoniasis,1,current_freshwater-2835d0267f9a,,Aeromoniasis|current_freshwater,2
current_freshwater-ea9a68cb1d9f,current_freshwater,data/raw/current_freshwater/train_split/Bacterial diseases - Aeromoniasis/Bacterial diseases - Aeromoniasis_4.jpg,train_split/Bacterial diseases - Aeromoniasis/Bacterial diseases - Aeromoniasis_4.jpg,Bacterial diseases - Aeromoniasis,Aeromoniasis,1,current_freshwater-ea9a68cb1d9f,,Aeromoniasis|current_freshwater,2
current_freshwater-180bf3c62dca,current_freshwater,data/raw/current_freshwater/train_split/Bacterial diseases - Aeromoniasis/Bacterial diseases - Aeromoniasis_aug_113.jpg,train_split/Bacterial diseases - Aeromoniasis/Bacterial diseases - Aeromoniasis_aug_113.jpg,Bacterial diseases - Aeromoniasis,Aeromoniasis,1,current_freshwater-180bf3c62dca,,Aeromoniasis|current_freshwater,2
current_freshwater-1f915c2a2cf7,current_freshwater,data/raw/current_freshwater/train_split/Bacterial diseases - Aeromoniasis/Bacterial diseases - Aeromoniasis_aug_120.jpg,train_split/Bacterial diseases - Aeromoniasis/Bacterial diseases - Aeromoniasis_aug_120.jpg,Bacterial diseases - Aeromoniasis,Aeromoniasis,1,current_freshwater-1f915c2a2cf7,,Aeromoniasis|current_freshwater,2
current_freshwater-998501eddd6e,current_freshwater,data/raw/current_freshwater/train_split/Bacterial diseases - Aeromoniasis/Bacterial diseases - Aeromoniasis_aug_121.jpg,train_split/Bacterial diseases - Aeromoniasis/Bacterial diseases - Aeromoniasis_aug_121.jpg,Bacterial diseases - Aeromoniasis,Aeromoniasis,1,current_freshwater-998501eddd6e,,Aeromoniasis|current_freshwater,2
current_freshwater-0b9c763e5c79,current_freshwater,data/raw/current_freshwater/train_split/Bacterial diseases - Aeromoniasis/Bacterial diseases - Aeromoniasis_aug_126.jpg,train_split/Bacterial diseases - Aeromoniasis/Bacterial diseases - Aeromoniasis_aug_126.jpg,Bacterial diseases - Aeromoniasis,Aeromoniasis,1,current_freshwater-0b9c763e5c79,,Aeromoniasis|current_freshwater,2
current_freshwater-ee257ac146d6,current_freshwater,data/raw/current_freshwater/train_split/Bacterial diseases - Aeromoniasis/Bacterial diseases - Aeromoniasis_aug_137.jpg,train_split/Bacterial diseases - Aeromoniasis/Bacterial diseases - Aeromoniasis_aug_137.jpg,Bacterial diseases - Aeromoniasis,Aeromoniasis,1,current_freshwater-ee257ac146d6,,Aeromoniasis|current_freshwater,2
current_freshwater-93d2694800dc,current_freshwater,data/raw/current_freshwater/train_split/Bacterial diseases - Aeromoniasis/Bacterial diseases - Aeromoniasis_aug_14.jpg,train_split/Bacterial diseases - Aeromoniasis/Bacterial diseases - Aeromoniasis_aug_14.jpg,Bacterial diseases - Aeromoniasis,Aeromoniasis,1,current_freshwater-93d2694800dc,,Aeromoniasis|current_freshwater,2
current_freshwater-6295d0b30cc5,current_freshwater,data/raw/current_freshwater/train_split/Bacterial diseases - Aeromoniasis/Bacterial diseases - Aeromoniasis_aug_145.jpg,train_split/Bacterial diseases - Aeromoniasis/Bacterial diseases - Aeromoniasis_aug_145.jpg,Bacterial diseases - Aeromoniasis,Aeromoniasis,1,current_freshwater-6295d0b30cc5,,Aeromoniasis|current_freshwater,2
current_freshwater-99eeaf7ef500,current_freshwater,data/raw/current_freshwater/train_split/Bacterial diseases - Aeromoniasis/Bacterial diseases - Aeromoniasis_aug_149.jpg,train_split/Bacterial diseases - Aeromoniasis/Bacterial diseases - Aeromoniasis_aug_149.jpg,Bacterial diseases - Aeromoniasis,Aeromoniasis,1,current_freshwater-99eeaf7ef500,,Aeromoniasis|current_freshwater,2
current_freshwater-30a8bb037552,current_freshwater,data/raw/current_freshwater/train_split/Bacterial diseases - Aeromoniasis/Bacterial diseases - Aeromoniasis_aug_153.jpg,train_split/Bacterial diseases - Aeromoniasis/Bacterial diseases - Aeromoniasis_aug_153.jpg,Bacterial diseases - Aeromoniasis,Aeromoniasis,1,current_freshwater-30a8bb037552,,Aeromoniasis|current_freshwater,2
current_freshwater-cdd8a61213c7,current_freshwater,data/raw/current_freshwater/train_split/Bacterial diseases - Aeromoniasis/Bacterial diseases - Aeromoniasis_aug_163.jpg,train_split/Bacterial diseases - Aeromoniasis/Bacterial diseases - Aeromoniasis_aug_163.jpg,Bacterial diseases - Aeromoniasis,Aeromoniasis,1,current_freshwater-cdd8a61213c7,,Aeromoniasis|current_freshwater,2
current_freshwater-a6565aae38ee,current_freshwater,data/raw/current_freshwater/train_split/Bacterial diseases - Aeromoniasis/Bacterial diseases - Aeromoniasis_aug_2.jpg,train_split/Bacterial diseases - Aeromoniasis/Bacterial diseases - Aeromoniasis_aug_2.jpg,Bacterial diseases - Aeromoniasis,Aeromoniasis,1,current_freshwater-a6565aae38ee,,Aeromoniasis|current_freshwater,2
current_freshwater-12c05e1b2b80,current_freshwater,data/raw/current_freshwater/train_split/Bacterial diseases - Aeromoniasis/Bacterial diseases - Aeromoniasis_aug_223.jpg,train_split/Bacterial diseases - Aeromoniasis/Bacterial diseases - Aeromoniasis_aug_223.jpg,Bacterial diseases - Aeromoniasis,Aeromoniasis,1,current_freshwater-12c05e1b2b80,,Aeromoniasis|current_freshwater,2
current_freshwater-1c57255b288f,current_freshwater,data/raw/current_freshwater/train_split/Bacterial diseases - Aeromoniasis/Bacterial diseases - Aeromoniasis_aug_234.jpg,train_split/Bacterial diseases - Aeromoniasis/Bacterial diseases - Aeromoniasis_aug_234.jpg,Bacterial diseases - Aeromoniasis,Aeromoniasis,1,current_freshwater-1c57255b288f,,Aeromoniasis|current_freshwater,2
current_freshwater-e2a9361c1dc8,current_freshwater,data/raw/current_freshwater/train_split/Bacterial diseases - Aeromoniasis/Bacterial diseases - Aeromoniasis_aug_24.jpg,train_split/Bacterial diseases - Aeromoniasis/Bacterial diseases - Aeromoniasis_aug_24.jpg,Bacterial diseases - Aeromoniasis,Aeromoniasis,1,current_freshwater-e2a9361c1dc8,,Aeromoniasis|current_freshwater,2
current_freshwater-e5a74bdb797a,current_freshwater,data/raw/current_freshwater/train_split/Bacterial diseases - Aeromoniasis/Bacterial diseases - Aeromoniasis_aug_241.jpg,train_split/Bacterial diseases - Aeromoniasis/Bacterial diseases - Aeromoniasis_aug_241.jpg,Bacterial diseases - Aeromoniasis,Aeromoniasis,1,current_freshwater-e5a74bdb797a,,Aeromoniasis|current_freshwater,2
current_freshwater-01c097a5a57a,current_freshwater,data/raw/current_freshwater/train_split/Bacterial diseases - Aeromoniasis/Bacterial diseases - Aeromoniasis_aug_243.jpg,train_split/Bacterial diseases - Aeromoniasis/Bacterial diseases - Aeromoniasis_aug_243.jpg,Bacterial diseases - Aeromoniasis,Aeromoniasis,1,current_freshwater-01c097a5a57a,,Aeromoniasis|current_freshwater,2
current_freshwater-b36b8af63030,current_freshwater,data/raw/current_freshwater/train_split/Bacterial diseases - Aeromoniasis/Bacterial diseases - Aeromoniasis_aug_272.jpg,train_split/Bacterial diseases - Aeromoniasis/Bacterial diseases - Aeromoniasis_aug_272.jpg,Bacterial diseases - Aeromoniasis,Aeromoniasis,1,current_freshwater-b36b8af63030,,Aeromoniasis|current_freshwater,2
current_freshwater-a9ce27633862,current_freshwater,data/raw/current_freshwater/train_split/Bacterial diseases - Aeromoniasis/Bacterial diseases - Aeromoniasis_aug_37.jpg,train_split/Bacterial diseases - Aeromoniasis/Bacterial diseases - Aeromoniasis_aug_37.jpg,Bacterial diseases - Aeromoniasis,Aeromoniasis,1,current_freshwater-a9ce27633862,,Aeromoniasis|current_freshwater,2
current_freshwater-93de72748985,current_freshwater,data/raw/current_freshwater/train_split/Bacterial diseases - Aeromoniasis/Bacterial diseases - Aeromoniasis_aug_69.jpg,train_split/Bacterial diseases - Aeromoniasis/Bacterial diseases - Aeromoniasis_aug_69.jpg,Bacterial diseases - Aeromoniasis,Aeromoniasis,1,current_freshwater-93de72748985,,Aeromoniasis|current_freshwater,2
current_freshwater-b5772596baa8,current_freshwater,data/raw/current_freshwater/train_split/Bacterial diseases - Aeromoniasis/Bacterial diseases - Aeromoniasis_aug_73.jpg,train_split/Bacterial diseases - Aeromoniasis/Bacterial diseases - Aeromoniasis_aug_73.jpg,Bacterial diseases - Aeromoniasis,Aeromoniasis,1,current_freshwater-b5772596baa8,,Aeromoniasis|current_freshwater,2
current_freshwater-64a3ff7e0a3b,current_freshwater,data/raw/current_freshwater/train_split/Bacterial diseases - Aeromoniasis/Bacterial diseases - Aeromoniasis_aug_97.jpg,train_split/Bacterial diseases - Aeromoniasis/Bacterial diseases - Aeromoniasis_aug_97.jpg,Bacterial diseases - Aeromoniasis,Aeromoniasis,1,current_freshwater-64a3ff7e0a3b,,Aeromoniasis|current_freshwater,2
roboflow-6956e9d0c5a9,roboflow,data/raw/roboflow/train/Bacterial diseases - Aeromoniasis/Bacterial-diseases-Aeromoniasis-1-_png.rf.d1ee6686e5a693d48964b16ee2aefc33.jpg,train/Bacterial diseases - Aeromoniasis/Bacterial-diseases-Aeromoniasis-1-_png.rf.d1ee6686e5a693d48964b16ee2aefc33.jpg,Bacterial diseases - Aeromoniasis,Aeromoniasis,1,current_freshwater-99eeaf7ef500,,Aeromoniasis|current_freshwater,2
roboflow-ab5043bfc46f,roboflow,data/raw/roboflow/train/Bacterial diseases - Aeromoniasis/Bacterial-diseases-Aeromoniasis-11-_jpg.rf.62b0fcc078f6322cdb027ffc1c0bbf67.jpg,train/Bacterial diseases - Aeromoniasis/Bacterial-diseases-Aeromoniasis-11-_jpg.rf.62b0fcc078f6322cdb027ffc1c0bbf67.jpg,Bacterial diseases - Aeromoniasis,Aeromoniasis,1,current_freshwater-ea9a68cb1d9f,,Aeromoniasis|current_freshwater,2
roboflow-e24ea8b934d0,roboflow,data/raw/roboflow/train/Bacterial diseases - Aeromoniasis/Bacterial-diseases-Aeromoniasis-34-_jpg.rf.103d0457e4ff2eba4bcf6209b0d38588.jpg,train/Bacterial diseases - Aeromoniasis/Bacterial-diseases-Aeromoniasis-34-_jpg.rf.103d0457e4ff2eba4bcf6209b0d38588.jpg,Bacterial diseases - Aeromoniasis,Aeromoniasis,1,current_freshwater-f7f10b6a4a22,,Aeromoniasis|roboflow,2
roboflow-cea678154aeb,roboflow,data/raw/roboflow/train/Bacterial diseases - Aeromoniasis/Bacterial-diseases-Aeromoniasis-37-_jpg.rf.806cad897ab827f189d113b29fdbe04d.jpg,train/Bacterial diseases - Aeromoniasis/Bacterial-diseases-Aeromoniasis-37-_jpg.rf.806cad897ab827f189d113b29fdbe04d.jpg,Bacterial diseases - Aeromoniasis,Aeromoniasis,1,current_freshwater-f7f10b6a4a22,,Aeromoniasis|roboflow,2
current_freshwater-2387ba643ccb,current_freshwater,data/raw/current_freshwater/test_split/Bacterial gill disease_Bacterial gill disease_176.jpg,test_split/Bacterial gill disease_Bacterial gill disease_176.jpg,Bacterial gill disease,Bacterial Gill Disease,2,current_freshwater-2387ba643ccb,,Bacterial Gill Disease|current_freshwater,2
current_freshwater-9c69e2046e6e,current_freshwater,data/raw/current_freshwater/test_split/Bacterial gill disease_Bacterial gill disease_275.jpg,test_split/Bacterial gill disease_Bacterial gill disease_275.jpg,Bacterial gill disease,Bacterial Gill Disease,2,current_freshwater-9c69e2046e6e,,Bacterial Gill Disease|current_freshwater,2
current_freshwater-a963ee548566,current_freshwater,data/raw/current_freshwater/test_split/Bacterial gill disease_Bacterial gill disease_79.jpeg,test_split/Bacterial gill disease_Bacterial gill disease_79.jpeg,Bacterial gill disease,Bacterial Gill Disease,2,current_freshwater-a963ee548566,,Bacterial Gill Disease|current_freshwater,2
current_freshwater-ba8edcf54c68,current_freshwater,data/raw/current_freshwater/train_split/Bacterial gill disease/Bacterial gill disease_129.jpg,train_split/Bacterial gill disease/Bacterial gill disease_129.jpg,Bacterial gill disease,Bacterial Gill Disease,2,current_freshwater-ba8edcf54c68,,Bacterial Gill Disease|current_freshwater,2
current_freshwater-5fcf0bf01aae,current_freshwater,data/raw/current_freshwater/train_split/Bacterial gill disease/Bacterial gill disease_139.jpg,train_split/Bacterial gill disease/Bacterial gill disease_139.jpg,Bacterial gill disease,Bacterial Gill Disease,2,current_freshwater-5fcf0bf01aae,,Bacterial Gill Disease|current_freshwater,2
current_freshwater-5ae9d8f29284,current_freshwater,data/raw/current_freshwater/train_split/Bacterial gill disease/Bacterial gill disease_165.jpg,train_split/Bacterial gill disease/Bacterial gill disease_165.jpg,Bacterial gill disease,Bacterial Gill Disease,2,current_freshwater-5ae9d8f29284,,Bacterial Gill Disease|current_freshwater,2
current_freshwater-66956b4d7030,current_freshwater,data/raw/current_freshwater/train_split/Bacterial gill disease/Bacterial gill disease_166.jpg,train_split/Bacterial gill disease/Bacterial gill disease_166.jpg,Bacterial gill disease,Bacterial Gill Disease,2,current_freshwater-66956b4d7030,,Bacterial Gill Disease|current_freshwater,2
current_freshwater-615c308d4505,current_freshwater,data/raw/current_freshwater/train_split/Bacterial gill disease/Bacterial gill disease_167.jpg,train_split/Bacterial gill disease/Bacterial gill disease_167.jpg,Bacterial gill disease,Bacterial Gill Disease,2,current_freshwater-615c308d4505,,Bacterial Gill Disease|current_freshwater,2
current_freshwater-e8d55d22ac68,current_freshwater,data/raw/current_freshwater/train_split/Bacterial gill disease/Bacterial gill disease_17.jpg,train_split/Bacterial gill disease/Bacterial gill disease_17.jpg,Bacterial gill disease,Bacterial Gill Disease,2,current_freshwater-e8d55d22ac68,,Bacterial Gill Disease|current_freshwater,2
current_freshwater-e79aa8a98356,current_freshwater,data/raw/current_freshwater/train_split/Bacterial gill disease/Bacterial gill disease_175.jpg,train_split/Bacterial gill disease/Bacterial gill disease_175.jpg,Bacterial gill disease,Bacterial Gill Disease,2,current_freshwater-e79aa8a98356,,Bacterial Gill Disease|current_freshwater,2
current_freshwater-239d2404ca21,current_freshwater,data/raw/current_freshwater/train_split/Bacterial gill disease/Bacterial gill disease_182.jpg,train_split/Bacterial gill disease/Bacterial gill disease_182.jpg,Bacterial gill disease,Bacterial Gill Disease,2,current_freshwater-239d2404ca21,,Bacterial Gill Disease|current_freshwater,2
current_freshwater-d6886134971d,current_freshwater,data/raw/current_freshwater/train_split/Bacterial gill disease/Bacterial gill disease_202.jpg,train_split/Bacterial gill disease/Bacterial gill disease_202.jpg,Bacterial gill disease,Bacterial Gill Disease,2,current_freshwater-d6886134971d,,Bacterial Gill Disease|current_freshwater,2
current_freshwater-3f9d20e1d28c,current_freshwater,data/raw/current_freshwater/train_split/Bacterial gill disease/Bacterial gill disease_208.jpg,train_split/Bacterial gill disease/Bacterial gill disease_208.jpg,Bacterial gill disease,Bacterial Gill Disease,2,current_freshwater-0e57153d697d,,Bacterial Gill Disease|current_freshwater,2
current_freshwater-3cf65256dc63,current_freshwater,data/raw/current_freshwater/train_split/Bacterial gill disease/Bacterial gill disease_243.jpg,train_split/Bacterial gill disease/Bacterial gill disease_243.jpg,Bacterial gill disease,Bacterial Gill Disease,2,current_freshwater-2d32104e8e31,,Bacterial Gill Disease|current_freshwater,2
current_freshwater-f688be26c3e5,current_freshwater,data/raw/current_freshwater/train_split/Bacterial gill disease/Bacterial gill disease_257.jpg,train_split/Bacterial gill disease/Bacterial gill disease_257.jpg,Bacterial gill disease,Bacterial Gill Disease,2,current_freshwater-f688be26c3e5,,Bacterial Gill Disease|current_freshwater,2
current_freshwater-a3a5725f7445,current_freshwater,data/raw/current_freshwater/train_split/Bacterial gill disease/Bacterial gill disease_259.jpg,train_split/Bacterial gill disease/Bacterial gill disease_259.jpg,Bacterial gill disease,Bacterial Gill Disease,2,current_freshwater-a3a5725f7445,,Bacterial Gill Disease|current_freshwater,2
current_freshwater-5abd5d5df929,current_freshwater,data/raw/current_freshwater/train_split/Bacterial gill disease/Bacterial gill disease_27.jpg,train_split/Bacterial gill disease/Bacterial gill disease_27.jpg,Bacterial gill disease,Bacterial Gill Disease,2,current_freshwater-5abd5d5df929,,Bacterial Gill Disease|roboflow,2
current_freshwater-0e09a5b41cb4,current_freshwater,data/raw/current_freshwater/train_split/Bacterial gill disease/Bacterial gill disease_270.jpg,train_split/Bacterial gill disease/Bacterial gill disease_270.jpg,Bacterial gill disease,Bacterial Gill Disease,2,current_freshwater-0e09a5b41cb4,,Bacterial Gill Disease|current_freshwater,2
current_freshwater-6c0e49783280,current_freshwater,data/raw/current_freshwater/train_split/Bacterial gill disease/Bacterial gill disease_372.jpg,train_split/Bacterial gill disease/Bacterial gill disease_372.jpg,Bacterial gill disease,Bacterial Gill Disease,2,current_freshwater-6c0e49783280,,Bacterial Gill Disease|current_freshwater,2
current_freshwater-0e57153d697d,current_freshwater,data/raw/current_freshwater/train_split/Bacterial gill disease/Bacterial gill disease_40.jpg,train_split/Bacterial gill disease/Bacterial gill disease_40.jpg,Bacterial gill disease,Bacterial Gill Disease,2,current_freshwater-0e57153d697d,,Bacterial Gill Disease|current_freshwater,2
current_freshwater-38688a3f6eb6,current_freshwater,data/raw/current_freshwater/train_split/Bacterial gill disease/Bacterial gill disease_49.jpg,train_split/Bacterial gill disease/Bacterial gill disease_49.jpg,Bacterial gill disease,Bacterial Gill Disease,2,current_freshwater-38688a3f6eb6,,Bacterial Gill Disease|current_freshwater,2
current_freshwater-0505400c9931,current_freshwater,data/raw/current_freshwater/train_split/Bacterial gill disease/Bacterial gill disease_52.jpg,train_split/Bacterial gill disease/Bacterial gill disease_52.jpg,Bacterial gill disease,Bacterial Gill Disease,2,current_freshwater-0505400c9931,,Bacterial Gill Disease|current_freshwater,2
current_freshwater-424a98966835,current_freshwater,data/raw/current_freshwater/train_split/Bacterial gill disease/Bacterial gill disease_60.jpg,train_split/Bacterial gill disease/Bacterial gill disease_60.jpg,Bacterial gill disease,Bacterial Gill Disease,2,current_freshwater-424a98966835,,Bacterial Gill Disease|current_freshwater,2
current_freshwater-45d344d74173,current_freshwater,data/raw/current_freshwater/train_split/Bacterial gill disease/Bacterial gill disease_77.jpg,train_split/Bacterial gill disease/Bacterial gill disease_77.jpg,Bacterial gill disease,Bacterial Gill Disease,2,current_freshwater-45d344d74173,,Bacterial Gill Disease|current_freshwater,2
current_freshwater-ad7b7fca6205,current_freshwater,data/raw/current_freshwater/train_split/Bacterial gill disease/Bacterial gill disease_aug_148.jpg,train_split/Bacterial gill disease/Bacterial gill disease_aug_148.jpg,Bacterial gill disease,Bacterial Gill Disease,2,current_freshwater-ad7b7fca6205,,Bacterial Gill Disease|current_freshwater,2
current_freshwater-e726fb82e35a,current_freshwater,data/raw/current_freshwater/train_split/Bacterial gill disease/Bacterial gill disease_aug_161.jpg,train_split/Bacterial gill disease/Bacterial gill disease_aug_161.jpg,Bacterial gill disease,Bacterial Gill Disease,2,current_freshwater-e726fb82e35a,,Bacterial Gill Disease|current_freshwater,2
current_freshwater-cc077e735fd8,current_freshwater,data/raw/current_freshwater/train_split/Bacterial gill disease/Bacterial gill disease_aug_20.jpg,train_split/Bacterial gill disease/Bacterial gill disease_aug_20.jpg,Bacterial gill disease,Bacterial Gill Disease,2,current_freshwater-cc077e735fd8,,Bacterial Gill Disease|current_freshwater,2
current_freshwater-413e849a0d5f,current_freshwater,data/raw/current_freshwater/train_split/Bacterial gill disease/Bacterial gill disease_aug_226.jpg,train_split/Bacterial gill disease/Bacterial gill disease_aug_226.jpg,Bacterial gill disease,Bacterial Gill Disease,2,current_freshwater-413e849a0d5f,,Bacterial Gill Disease|current_freshwater,2
current_freshwater-7e612ad92554,current_freshwater,data/raw/current_freshwater/train_split/Bacterial gill disease/Bacterial gill disease_aug_40.jpg,train_split/Bacterial gill disease/Bacterial gill disease_aug_40.jpg,Bacterial gill disease,Bacterial Gill Disease,2,current_freshwater-7e612ad92554,,Bacterial Gill Disease|current_freshwater,2
current_freshwater-73ccee98ca3f,current_freshwater,data/raw/current_freshwater/train_split/Bacterial gill disease/Bacterial gill disease_aug_50.jpg,train_split/Bacterial gill disease/Bacterial gill disease_aug_50.jpg,Bacterial gill disease,Bacterial Gill Disease,2,current_freshwater-6c0e49783280,,Bacterial Gill Disease|current_freshwater,2
current_freshwater-a0a5ef3d47a0,current_freshwater,data/raw/current_freshwater/train_split/Bacterial gill disease/Bacterial gill disease_aug_71.jpg,train_split/Bacterial gill disease/Bacterial gill disease_aug_71.jpg,Bacterial gill disease,Bacterial Gill Disease,2,current_freshwater-a0a5ef3d47a0,,Bacterial Gill Disease|current_freshwater,2
current_freshwater-938cdccbb83a,current_freshwater,data/raw/current_freshwater/train_split/Bacterial gill disease/Bacterial gill disease_aug_78.jpg,train_split/Bacterial gill disease/Bacterial gill disease_aug_78.jpg,Bacterial gill disease,Bacterial Gill Disease,2,current_freshwater-938cdccbb83a,,Bacterial Gill Disease|current_freshwater,2
current_freshwater-2d32104e8e31,current_freshwater,data/raw/current_freshwater/train_split/Bacterial gill disease/Bacterial gill disease_aug_8.jpg,train_split/Bacterial gill disease/Bacterial gill disease_aug_8.jpg,Bacterial gill disease,Bacterial Gill Disease,2,current_freshwater-2d32104e8e31,,Bacterial Gill Disease|current_freshwater,2
current_freshwater-9f00b60f0fcc,current_freshwater,data/raw/current_freshwater/train_split/Bacterial gill disease/Bacterial gill disease_aug_94.jpg,train_split/Bacterial gill disease/Bacterial gill disease_aug_94.jpg,Bacterial gill disease,Bacterial Gill Disease,2,current_freshwater-9f00b60f0fcc,,Bacterial Gill Disease|current_freshwater,2
roboflow-198dbe7d5ab8,roboflow,data/raw/roboflow/test/Bacterial gill disease/Bacterial-gill-disease-35-_jpg.rf.3071cdf65ca717d1662d537ff0b73011.jpg,test/Bacterial gill disease/Bacterial-gill-disease-35-_jpg.rf.3071cdf65ca717d1662d537ff0b73011.jpg,Bacterial gill disease,Bacterial Gill Disease,2,current_freshwater-5abd5d5df929,,Bacterial Gill Disease|roboflow,2
roboflow-dfc9294c5376,roboflow,data/raw/roboflow/train/Bacterial gill disease/Bacterial-gill-disease-10-_jpeg.rf.030b6045ec306ed2a33064560210fdd4.jpg,train/Bacterial gill disease/Bacterial-gill-disease-10-_jpeg.rf.030b6045ec306ed2a33064560210fdd4.jpg,Bacterial gill disease,Bacterial Gill Disease,2,current_freshwater-a963ee548566,,Bacterial Gill Disease|current_freshwater,2
roboflow-06f80b337130,roboflow,data/raw/roboflow/train/Bacterial gill disease/Bacterial-gill-disease-15-_jpg.rf.b0bfd2bc2fbfd6ab476da5108fb52277.jpg,train/Bacterial gill disease/Bacterial-gill-disease-15-_jpg.rf.b0bfd2bc2fbfd6ab476da5108fb52277.jpg,Bacterial gill disease,Bacterial Gill Disease,2,current_freshwater-5abd5d5df929,,Bacterial Gill Disease|roboflow,2
roboflow-ef90cdd4c71c,roboflow,data/raw/roboflow/train/Bacterial gill disease/Bacterial-gill-disease-17-_jpeg.rf.22ad5cdac76a90394174e6cbaee9e002.jpg,train/Bacterial gill disease/Bacterial-gill-disease-17-_jpeg.rf.22ad5cdac76a90394174e6cbaee9e002.jpg,Bacterial gill disease,Bacterial Gill Disease,2,roboflow-ef90cdd4c71c,,Bacterial Gill Disease|roboflow,2
roboflow-6212a1a7db21,roboflow,data/raw/roboflow/train/Bacterial gill disease/Bacterial-gill-disease-25-_jpg.rf.c303a71bb473aab5a6474f79186990b6.jpg,train/Bacterial gill disease/Bacterial-gill-disease-25-_jpg.rf.c303a71bb473aab5a6474f79186990b6.jpg,Bacterial gill disease,Bacterial Gill Disease,2,current_freshwater-0e57153d697d,,Bacterial Gill Disease|current_freshwater,2
roboflow-0185b66a4d2a,roboflow,data/raw/roboflow/valid/Bacterial gill disease/Bacterial-gill-disease-8-_jpg.rf.0703c2bc3d4fe485a8d6c25b1ea12d59.jpg,valid/Bacterial gill disease/Bacterial-gill-disease-8-_jpg.rf.0703c2bc3d4fe485a8d6c25b1ea12d59.jpg,Bacterial gill disease,Bacterial Gill Disease,2,current_freshwater-0e57153d697d,,Bacterial Gill Disease|current_freshwater,2
current_freshwater-7e8f66405431,current_freshwater,data/raw/current_freshwater/test_split/EUS_EUS_133.jpg,test_split/EUS_EUS_133.jpg,EUS,EUS Disease,3,current_freshwater-7e8f66405431,,EUS Disease|current_freshwater,2
current_freshwater-eb49842bb332,current_freshwater,data/raw/current_freshwater/test_split/EUS_EUS_142.jpg,test_split/EUS_EUS_142.jpg,EUS,EUS Disease,3,current_freshwater-eb49842bb332,,EUS Disease|current_freshwater,2
current_freshwater-ede4ee069715,current_freshwater,data/raw/current_freshwater/test_split/EUS_EUS_154.jpg,test_split/EUS_EUS_154.jpg,EUS,EUS Disease,3,current_freshwater-ede4ee069715,,EUS Disease|current_freshwater,2
current_freshwater-4a3d03b720de,current_freshwater,data/raw/current_freshwater/test_split/EUS_EUS_226.jpg,test_split/EUS_EUS_226.jpg,EUS,EUS Disease,3,current_freshwater-3c4ea681c0e5,,EUS Disease|current_freshwater,2
current_freshwater-7179d285753a,current_freshwater,data/raw/current_freshwater/test_split/EUS_EUS_39.jpg,test_split/EUS_EUS_39.jpg,EUS,EUS Disease,3,current_freshwater-7179d285753a,,EUS Disease|current_freshwater,2
current_freshwater-8ba90f89ebeb,current_freshwater,data/raw/current_freshwater/train_split/EUS/EUS_104.jpg,train_split/EUS/EUS_104.jpg,EUS,EUS Disease,3,current_freshwater-8ba90f89ebeb,,EUS Disease|current_freshwater,2
current_freshwater-2d4602f1f488,current_freshwater,data/raw/current_freshwater/train_split/EUS/EUS_115.jpg,train_split/EUS/EUS_115.jpg,EUS,EUS Disease,3,current_freshwater-2d4602f1f488,,EUS Disease|current_freshwater,2
current_freshwater-f65e02575b44,current_freshwater,data/raw/current_freshwater/train_split/EUS/EUS_117.jpg,train_split/EUS/EUS_117.jpg,EUS,EUS Disease,3,current_freshwater-f65e02575b44,,EUS Disease|current_freshwater,2
current_freshwater-37958a5dd92b,current_freshwater,data/raw/current_freshwater/train_split/EUS/EUS_122.jpg,train_split/EUS/EUS_122.jpg,EUS,EUS Disease,3,current_freshwater-37958a5dd92b,,EUS Disease|current_freshwater,2
current_freshwater-65fae06f05f1,current_freshwater,data/raw/current_freshwater/train_split/EUS/EUS_14.jpg,train_split/EUS/EUS_14.jpg,EUS,EUS Disease,3,current_freshwater-65fae06f05f1,,EUS Disease|current_freshwater,2
current_freshwater-42d96b745a6a,current_freshwater,data/raw/current_freshwater/train_split/EUS/EUS_150.jpg,train_split/EUS/EUS_150.jpg,EUS,EUS Disease,3,current_freshwater-42d96b745a6a,,EUS Disease|current_freshwater,2
current_freshwater-3cbfead19a46,current_freshwater,data/raw/current_freshwater/train_split/EUS/EUS_175.jpg,train_split/EUS/EUS_175.jpg,EUS,EUS Disease,3,current_freshwater-3cbfead19a46,,EUS Disease|current_freshwater,2
current_freshwater-08b073665947,current_freshwater,data/raw/current_freshwater/train_split/EUS/EUS_198.jpg,train_split/EUS/EUS_198.jpg,EUS,EUS Disease,3,current_freshwater-08b073665947,,EUS Disease|current_freshwater,2
current_freshwater-c84a79b95fdb,current_freshwater,data/raw/current_freshwater/train_split/EUS/EUS_205.jpg,train_split/EUS/EUS_205.jpg,EUS,EUS Disease,3,current_freshwater-c84a79b95fdb,,EUS Disease|current_freshwater,2
current_freshwater-6c29c1a89d78,current_freshwater,data/raw/current_freshwater/train_split/EUS/EUS_211.jpg,train_split/EUS/EUS_211.jpg,EUS,EUS Disease,3,current_freshwater-6c29c1a89d78,,EUS Disease|current_freshwater,2
current_freshwater-eab71b11f67a,current_freshwater,data/raw/current_freshwater/train_split/EUS/EUS_219.jpg,train_split/EUS/EUS_219.jpg,EUS,EUS Disease,3,current_freshwater-eab71b11f67a,,EUS Disease|current_freshwater,2
current_freshwater-81983df99f94,current_freshwater,data/raw/current_freshwater/train_split/EUS/EUS_256.jpg,train_split/EUS/EUS_256.jpg,EUS,EUS Disease,3,current_freshwater-81983df99f94,,EUS Disease|current_freshwater,2
current_freshwater-3e11dcf00e6d,current_freshwater,data/raw/current_freshwater/train_split/EUS/EUS_265.jpg,train_split/EUS/EUS_265.jpg,EUS,EUS Disease,3,current_freshwater-3e11dcf00e6d,,EUS Disease|current_freshwater,2
current_freshwater-756671b40d83,current_freshwater,data/raw/current_freshwater/train_split/EUS/EUS_290.jpg,train_split/EUS/EUS_290.jpg,EUS,EUS Disease,3,current_freshwater-756671b40d83,,EUS Disease|current_freshwater,2
current_freshwater-5568b70cf3d5,current_freshwater,data/raw/current_freshwater/train_split/EUS/EUS_312.jpg,train_split/EUS/EUS_312.jpg,EUS,EUS Disease,3,current_freshwater-5568b70cf3d5,,EUS Disease|current_freshwater,2
current_freshwater-27cbd0a4fc52,current_freshwater,data/raw/current_freshwater/train_split/EUS/EUS_44.jpg,train_split/EUS/EUS_44.jpg,EUS,EUS Disease,3,current_freshwater-27cbd0a4fc52,,EUS Disease|current_freshwater,2
current_freshwater-ca4b6e6ed05c,current_freshwater,data/raw/current_freshwater/train_split/EUS/EUS_5.jpg,train_split/EUS/EUS_5.jpg,EUS,EUS Disease,3,current_freshwater-3ead15462078,,EUS Disease|current_freshwater,2
current_freshwater-100e50a189eb,current_freshwater,data/raw/current_freshwater/train_split/EUS/EUS_78.jpg,train_split/EUS/EUS_78.jpg,EUS,EUS Disease,3,current_freshwater-100e50a189eb,,EUS Disease|current_freshwater,2
current_freshwater-f0b101102409,current_freshwater,data/raw/current_freshwater/train_split/EUS/EUS_aug_103.jpg,train_split/EUS/EUS_aug_103.jpg,EUS,EUS Disease,3,current_freshwater-f0b101102409,,EUS Disease|current_freshwater,2
current_freshwater-fd48a9199efa,current_freshwater,data/raw/current_freshwater/train_split/EUS/EUS_aug_108.jpg,train_split/EUS/EUS_aug_108.jpg,EUS,EUS Disease,3,current_freshwater-fd48a9199efa,,EUS Disease|current_freshwater,2
current_freshwater-d79334e0247e,current_freshwater,data/raw/current_freshwater/train_split/EUS/EUS_aug_121.jpg,train_split/EUS/EUS_aug_121.jpg,EUS,EUS Disease,3,current_freshwater-d79334e0247e,,EUS Disease|current_freshwater,2
current_freshwater-e9b222d1b846,current_freshwater,data/raw/current_freshwater/train_split/EUS/EUS_aug_144.jpg,train_split/EUS/EUS_aug_144.jpg,EUS,EUS Disease,3,current_freshwater-3e11dcf00e6d,,EUS Disease|current_freshwater,2
current_freshwater-6ab1972ae7f2,current_freshwater,data/raw/current_freshwater/train_split/EUS/EUS_aug_172.jpg,train_split/EUS/EUS_aug_172.jpg,EUS,EUS Disease,3,current_freshwater-6ab1972ae7f2,,EUS Disease|current_freshwater,2
current_freshwater-ae1974f85e71,current_freshwater,data/raw/current_freshwater/train_split/EUS/EUS_aug_18.jpg,train_split/EUS/EUS_aug_18.jpg,EUS,EUS Disease,3,current_freshwater-ae1974f85e71,,EUS Disease|current_freshwater,2
current_freshwater-66529d6e0a16,current_freshwater,data/raw/current_freshwater/train_split/EUS/EUS_aug_211.jpg,train_split/EUS/EUS_aug_211.jpg,EUS,EUS Disease,3,current_freshwater-66529d6e0a16,,EUS Disease|current_freshwater,2
current_freshwater-3ead15462078,current_freshwater,data/raw/current_freshwater/train_split/EUS/EUS_aug_221.jpg,train_split/EUS/EUS_aug_221.jpg,EUS,EUS Disease,3,current_freshwater-3ead15462078,,EUS Disease|current_freshwater,2
current_freshwater-11c88c85ec70,current_freshwater,data/raw/current_freshwater/train_split/EUS/EUS_aug_24.jpg,train_split/EUS/EUS_aug_24.jpg,EUS,EUS Disease,3,current_freshwater-11c88c85ec70,,EUS Disease|current_freshwater,2
current_freshwater-f572a8549a30,current_freshwater,data/raw/current_freshwater/train_split/EUS/EUS_aug_36.jpg,train_split/EUS/EUS_aug_36.jpg,EUS,EUS Disease,3,current_freshwater-f572a8549a30,,EUS Disease|current_freshwater,2
current_freshwater-4dcc075d8c03,current_freshwater,data/raw/current_freshwater/train_split/EUS/EUS_aug_83.jpg,train_split/EUS/EUS_aug_83.jpg,EUS,EUS Disease,3,current_freshwater-4dcc075d8c03,,EUS Disease|current_freshwater,2
current_freshwater-3c4ea681c0e5,current_freshwater,data/raw/current_freshwater/train_split/EUS/EUS_aug_85.jpg,train_split/EUS/EUS_aug_85.jpg,EUS,EUS Disease,3,current_freshwater-3c4ea681c0e5,,EUS Disease|current_freshwater,2
kaptai-3b18838a68bb,kaptai,data/raw/kaptai/EUS/13.jpg,EUS/13.jpg,EUS,EUS Disease,3,current_freshwater-3ead15462078,,EUS Disease|current_freshwater,2
kaptai-f6351c9a4042,kaptai,data/raw/kaptai/EUS/EUS  (13).jpg,EUS/EUS  (13).jpg,EUS,EUS Disease,3,kaptai-f6351c9a4042,,EUS Disease|kaptai,2
current_freshwater-12877e40fde1,current_freshwater,data/raw/current_freshwater/test_split/Fungal diseases Saprolegniasis_Fungal diseases Saprolegniasis_1.jpeg,test_split/Fungal diseases Saprolegniasis_Fungal diseases Saprolegniasis_1.jpeg,Fungal diseases Saprolegniasis,Saprolegniasis,4,current_freshwater-12877e40fde1,,Saprolegniasis|current_freshwater,2
current_freshwater-20dadfdb0b3d,current_freshwater,data/raw/current_freshwater/test_split/Fungal diseases Saprolegniasis_Fungal diseases Saprolegniasis_75.jpg,test_split/Fungal diseases Saprolegniasis_Fungal diseases Saprolegniasis_75.jpg,Fungal diseases Saprolegniasis,Saprolegniasis,4,current_freshwater-20dadfdb0b3d,,Saprolegniasis|current_freshwater,2
current_freshwater-a7bf9b8308e6,current_freshwater,data/raw/current_freshwater/test_split/Fungal diseases Saprolegniasis_Fungal diseases Saprolegniasis_91.jpg,test_split/Fungal diseases Saprolegniasis_Fungal diseases Saprolegniasis_91.jpg,Fungal diseases Saprolegniasis,Saprolegniasis,4,current_freshwater-a7bf9b8308e6,,Saprolegniasis|current_freshwater,2
current_freshwater-4493774050b2,current_freshwater,data/raw/current_freshwater/train_split/Fungal diseases Saprolegniasis/Fungal diseases Saprolegniasis_143.jpg,train_split/Fungal diseases Saprolegniasis/Fungal diseases Saprolegniasis_143.jpg,Fungal diseases Saprolegniasis,Saprolegniasis,4,current_freshwater-4493774050b2,,Saprolegniasis|current_freshwater,2
current_freshwater-6298a0fd7133,current_freshwater,data/raw/current_freshwater/train_split/Fungal diseases Saprolegniasis/Fungal diseases Saprolegniasis_170.jpg,train_split/Fungal diseases Saprolegniasis/Fungal diseases Saprolegniasis_170.jpg,Fungal diseases Saprolegniasis,Saprolegniasis,4,current_freshwater-6298a0fd7133,,Saprolegniasis|current_freshwater,2
current_freshwater-cada40cfec89,current_freshwater,data/raw/current_freshwater/train_split/Fungal diseases Saprolegniasis/Fungal diseases Saprolegniasis_203.jpg,train_split/Fungal diseases Saprolegniasis/Fungal diseases Saprolegniasis_203.jpg,Fungal diseases Saprolegniasis,Saprolegniasis,4,current_freshwater-70ed11c84309,,Saprolegniasis|current_freshwater,2
current_freshwater-c8509d6100ba,current_freshwater,data/raw/current_freshwater/train_split/Fungal diseases Saprolegniasis/Fungal diseases Saprolegniasis_213.jpg,train_split/Fungal diseases Saprolegniasis/Fungal diseases Saprolegniasis_213.jpg,Fungal diseases Saprolegniasis,Saprolegniasis,4,current_freshwater-c8509d6100ba,,Saprolegniasis|current_freshwater,2
current_freshwater-eed560850995,current_freshwater,data/raw/current_freshwater/train_split/Fungal diseases Saprolegniasis/Fungal diseases Saprolegniasis_224.jpg,train_split/Fungal diseases Saprolegniasis/Fungal diseases Saprolegniasis_224.jpg,Fungal diseases Saprolegniasis,Saprolegniasis,4,current_freshwater-20dadfdb0b3d,,Saprolegniasis|current_freshwater,2
current_freshwater-9524bcd64229,current_freshwater,data/raw/current_freshwater/train_split/Fungal diseases Saprolegniasis/Fungal diseases Saprolegniasis_26.jpg,train_split/Fungal diseases Saprolegniasis/Fungal diseases Saprolegniasis_26.jpg,Fungal diseases Saprolegniasis,Saprolegniasis,4,current_freshwater-9524bcd64229,,Saprolegniasis|current_freshwater,2
current_freshwater-0f1ccfc0c58b,current_freshwater,data/raw/current_freshwater/train_split/Fungal diseases Saprolegniasis/Fungal diseases Saprolegniasis_64.jpg,train_split/Fungal diseases Saprolegniasis/Fungal diseases Saprolegniasis_64.jpg,Fungal diseases Saprolegniasis,Saprolegniasis,4,current_freshwater-0f1ccfc0c58b,,Saprolegniasis|current_freshwater,2
current_freshwater-c6ddd23f509b,current_freshwater,data/raw/current_freshwater/train_split/Fungal diseases Saprolegniasis/Fungal diseases Saprolegniasis_81.jpg,train_split/Fungal diseases Saprolegniasis/Fungal diseases Saprolegniasis_81.jpg,Fungal diseases Saprolegniasis,Saprolegniasis,4,current_freshwater-15f59c4dd811,,Saprolegniasis|current_freshwater,2
current_freshwater-1a83b8e8647f,current_freshwater,data/raw/current_freshwater/train_split/Fungal diseases Saprolegniasis/Fungal diseases Saprolegniasis_aug_107.jpg,train_split/Fungal diseases Saprolegniasis/Fungal diseases Saprolegniasis_aug_107.jpg,Fungal diseases Saprolegniasis,Saprolegniasis,4,current_freshwater-1a83b8e8647f,,Saprolegniasis|current_freshwater,2
current_freshwater-b992eb2e390a,current_freshwater,data/raw/current_freshwater/train_split/Fungal diseases Saprolegniasis/Fungal diseases Saprolegniasis_aug_115.jpg,train_split/Fungal diseases Saprolegniasis/Fungal diseases Saprolegniasis_aug_115.jpg,Fungal diseases Saprolegniasis,Saprolegniasis,4,current_freshwater-b992eb2e390a,,Saprolegniasis|current_freshwater,2
current_freshwater-3ced01675113,current_freshwater,data/raw/current_freshwater/train_split/Fungal diseases Saprolegniasis/Fungal diseases Saprolegniasis_aug_125.jpg,train_split/Fungal diseases Saprolegniasis/Fungal diseases Saprolegniasis_aug_125.jpg,Fungal diseases Saprolegniasis,Saprolegniasis,4,current_freshwater-3ced01675113,,Saprolegniasis|current_freshwater,2
current_freshwater-0b3dd5ec117e,current_freshwater,data/raw/current_freshwater/train_split/Fungal diseases Saprolegniasis/Fungal diseases Saprolegniasis_aug_128.jpg,train_split/Fungal diseases Saprolegniasis/Fungal diseases Saprolegniasis_aug_128.jpg,Fungal diseases Saprolegniasis,Saprolegniasis,4,current_freshwater-0b3dd5ec117e,,Saprolegniasis|current_freshwater,2
current_freshwater-9717484fb147,current_freshwater,data/raw/current_freshwater/train_split/Fungal diseases Saprolegniasis/Fungal diseases Saprolegniasis_aug_169.jpg,train_split/Fungal diseases Saprolegniasis/Fungal diseases Saprolegniasis_aug_169.jpg,Fungal diseases Saprolegniasis,Saprolegniasis,4,current_freshwater-9717484fb147,,Saprolegniasis|current_freshwater,2
current_freshwater-d73afedeea8a,current_freshwater,data/raw/current_freshwater/train_split/Fungal diseases Saprolegniasis/Fungal diseases Saprolegniasis_aug_181.jpg,train_split/Fungal diseases Saprolegniasis/Fungal diseases Saprolegniasis_aug_181.jpg,Fungal diseases Saprolegniasis,Saprolegniasis,4,current_freshwater-d73afedeea8a,,Saprolegniasis|current_freshwater,2
current_freshwater-7a8545c33e67,current_freshwater,data/raw/current_freshwater/train_split/Fungal diseases Saprolegniasis/Fungal diseases Saprolegniasis_aug_206.jpg,train_split/Fungal diseases Saprolegniasis/Fungal diseases Saprolegniasis_aug_206.jpg,Fungal diseases Saprolegniasis,Saprolegniasis,4,current_freshwater-7a8545c33e67,,Saprolegniasis|current_freshwater,2
current_freshwater-a6a6edfbf23b,current_freshwater,data/raw/current_freshwater/train_split/Fungal diseases Saprolegniasis/Fungal diseases Saprolegniasis_aug_260.jpg,train_split/Fungal diseases Saprolegniasis/Fungal diseases Saprolegniasis_aug_260.jpg,Fungal diseases Saprolegniasis,Saprolegniasis,4,current_freshwater-a6a6edfbf23b,,Saprolegniasis|current_freshwater,2
current_freshwater-fc53150a614b,current_freshwater,data/raw/current_freshwater/train_split/Fungal diseases Saprolegniasis/Fungal diseases Saprolegniasis_aug_261.jpg,train_split/Fungal diseases Saprolegniasis/Fungal diseases Saprolegniasis_aug_261.jpg,Fungal diseases Saprolegniasis,Saprolegniasis,4,current_freshwater-fc53150a614b,,Saprolegniasis|current_freshwater,2
current_freshwater-bb8c2b3486f6,current_freshwater,data/raw/current_freshwater/train_split/Fungal diseases Saprolegniasis/Fungal diseases Saprolegniasis_aug_270.jpg,train_split/Fungal diseases Saprolegniasis/Fungal diseases Saprolegniasis_aug_270.jpg,Fungal diseases Saprolegniasis,Saprolegniasis,4,current_freshwater-bb8c2b3486f6,,Saprolegniasis|current_freshwater,2
current_freshwater-eabd9996d6ad,current_freshwater,data/raw/current_freshwater/train_split/Fungal diseases Saprolegniasis/Fungal diseases Saprolegniasis_aug_32.jpg,train_split/Fungal diseases Saprolegniasis/Fungal diseases Saprolegniasis_aug_32.jpg,Fungal diseases Saprolegniasis,Saprolegniasis,4,current_freshwater-20dadfdb0b3d,,Saprolegniasis|current_freshwater,2
current_freshwater-209b5279bb61,current_freshwater,data/raw/current_freshwater/train_split/Fungal diseases Saprolegniasis/Fungal diseases Saprolegniasis_aug_328.jpg,train_split/Fungal diseases Saprolegniasis/Fungal diseases Saprolegniasis_aug_328.jpg,Fungal diseases Saprolegniasis,Saprolegniasis,4,current_freshwater-209b5279bb61,,Saprolegniasis|current_freshwater,2
current_freshwater-d4e00e4ff296,current_freshwater,data/raw/current_freshwater/train_split/Fungal diseases Saprolegniasis/Fungal diseases Saprolegniasis_aug_329.jpg,train_split/Fungal diseases Saprolegniasis/Fungal diseases Saprolegniasis_aug_329.jpg,Fungal diseases Saprolegniasis,Saprolegniasis,4,current_freshwater-5ded2f76c297,,Saprolegniasis|current_freshwater,2
current_freshwater-15f59c4dd811,current_freshwater,data/raw/current_freshwater/train_split/Fungal diseases Saprolegniasis/Fungal diseases Saprolegniasis_aug_341.jpg,train_split/Fungal diseases Saprolegniasis/Fungal diseases Saprolegniasis_aug_341.jpg,Fungal diseases Saprolegniasis,Saprolegniasis,4,current_freshwater-15f59c4dd811,,Saprolegniasis|current_freshwater,2
current_freshwater-7ba62a8135d1,current_freshwater,data/raw/current_freshwater/train_split/Fungal diseases Saprolegniasis/Fungal diseases Saprolegniasis_aug_353.jpg,train_split/Fungal diseases Saprolegniasis/Fungal diseases Saprolegniasis_aug_353.jpg,Fungal diseases Saprolegniasis,Saprolegniasis,4,current_freshwater-7ba62a8135d1,,Saprolegniasis|current_freshwater,2
current_freshwater-19b908e84625,current_freshwater,data/raw/current_freshwater/train_split/Fungal diseases Saprolegniasis/Fungal diseases Saprolegniasis_aug_4.jpg,train_split/Fungal diseases Saprolegniasis/Fungal diseases Saprolegniasis_aug_4.jpg,Fungal diseases Saprolegniasis,Saprolegniasis,4,current_freshwater-19b908e84625,,Saprolegniasis|current_freshwater,2
current_freshwater-19fe2a58fddf,current_freshwater,data/raw/current_freshwater/train_split/Fungal diseases Saprolegniasis/Fungal diseases Saprolegniasis_aug_44.jpg,train_split/Fungal diseases Saprolegniasis/Fungal diseases Saprolegniasis_aug_44.jpg,Fungal diseases Saprolegniasis,Saprolegniasis,4,current_freshwater-19fe2a58fddf,,Saprolegniasis|current_freshwater,2
current_freshwater-5ded2f76c297,current_freshwater,data/raw/current_freshwater/train_split/Fungal diseases Saprolegniasis/Fungal diseases Saprolegniasis_aug_53.jpg,train_split/Fungal diseases Saprolegniasis/Fungal diseases Saprolegniasis_aug_53.jpg,Fungal diseases Saprolegniasis,Saprolegniasis,4,current_freshwater-5ded2f76c297,,Saprolegniasis|current_freshwater,2
current_freshwater-e157100ff36a,current_freshwater,data/raw/current_freshwater/train_split/Fungal diseases Saprolegniasis/Fungal diseases Saprolegniasis_aug_61.jpg,train_split/Fungal diseases Saprolegniasis/Fungal diseases Saprolegniasis_aug_61.jpg,Fungal diseases Saprolegniasis,Saprolegniasis,4,current_freshwater-e157100ff36a,,Saprolegniasis|current_freshwater,2
current_freshwater-b9d163f27a57,current_freshwater,data/raw/current_freshwater/train_split/Fungal diseases Saprolegniasis/Fungal diseases Saprolegniasis_aug_92.jpg,train_split/Fungal diseases Saprolegniasis/Fungal diseases Saprolegniasis_aug_92.jpg,Fungal diseases Saprolegniasis,Saprolegniasis,4,current_freshwater-20dadfdb0b3d,,Saprolegniasis|current_freshwater,2
current_freshwater-70ed11c84309,current_freshwater,data/raw/current_freshwater/train_split/Fungal diseases Saprolegniasis/Fungal diseases Saprolegniasis_aug_96.jpg,train_split/Fungal diseases Saprolegniasis/Fungal diseases Saprolegniasis_aug_96.jpg,Fungal diseases Saprolegniasis,Saprolegniasis,4,current_freshwater-70ed11c84309,,Saprolegniasis|current_freshwater,2
current_freshwater-62431347e09a,current_freshwater,data/raw/current_freshwater/train_split/Fungal diseases Saprolegniasis/Fungal diseases Saprolegniasis_aug_99.jpg,train_split/Fungal diseases Saprolegniasis/Fungal diseases Saprolegniasis_aug_99.jpg,Fungal diseases Saprolegniasis,Saprolegniasis,4,current_freshwater-62431347e09a,,Saprolegniasis|current_freshwater,2
roboflow-47902cba7251,roboflow,data/raw/roboflow/train/Fungal diseases Saprolegniasis/Fungal-diseases-Saprolegniasis-1-_jpeg.rf.ea9a203239387b7cf78cda3b4cd511c9.jpg,train/Fungal diseases Saprolegniasis/Fungal-diseases-Saprolegniasis-1-_jpeg.rf.ea9a203239387b7cf78cda3b4cd511c9.jpg,Fungal diseases Saprolegniasis,Saprolegniasis,4,current_freshwater-12877e40fde1,,Saprolegniasis|current_freshwater,2
roboflow-0731bfa565de,roboflow,data/raw/roboflow/train/Fungal diseases Saprolegniasis/Fungal-diseases-Saprolegniasis-4-_jpg.rf.e03b2f8f5fbcfccc75b9999985de8f8a.jpg,train/Fungal diseases Saprolegniasis/Fungal-diseases-Saprolegniasis-4-_jpg.rf.e03b2f8f5fbcfccc75b9999985de8f8a.jpg,Fungal diseases Saprolegniasis,Saprolegniasis,4,roboflow-0731bfa565de,,Saprolegniasis|roboflow,2
roboflow-a50f69475514,roboflow,data/raw/roboflow/train/Fungal diseases Saprolegniasis/Fungal-diseases-Saprolegniasis-7-_jpeg.rf.6353cf67706752c5539d64aada738509.jpg,train/Fungal diseases Saprolegniasis/Fungal-diseases-Saprolegniasis-7-_jpeg.rf.6353cf67706752c5539d64aada738509.jpg,Fungal diseases Saprolegniasis,Saprolegniasis,4,roboflow-0731bfa565de,,Saprolegniasis|roboflow,2
current_freshwater-baa08929b415,current_freshwater,data/raw/current_freshwater/test_split/Parasitic diseases_Parasitic diseases_145.jpg,test_split/Parasitic diseases_Parasitic diseases_145.jpg,Parasitic diseases,Parasitic Disease,5,current_freshwater-baa08929b415,,Parasitic Disease|current_freshwater,2
current_freshwater-246c178c7545,current_freshwater,data/raw/current_freshwater/test_split/Parasitic diseases_Parasitic diseases_166.jpg,test_split/Parasitic diseases_Parasitic diseases_166.jpg,Parasitic diseases,Parasitic Disease,5,current_freshwater-246c178c7545,,Parasitic Disease|current_freshwater,2
current_freshwater-c301195cc663,current_freshwater,data/raw/current_freshwater/test_split/Parasitic diseases_Parasitic diseases_34.jpg,test_split/Parasitic diseases_Parasitic diseases_34.jpg,Parasitic diseases,Parasitic Disease,5,current_freshwater-15eed604625d,,Parasitic Disease|current_freshwater,2
current_freshwater-c988fb43a6d9,current_freshwater,data/raw/current_freshwater/test_split/Parasitic diseases_Parasitic diseases_60.jpg,test_split/Parasitic diseases_Parasitic diseases_60.jpg,Parasitic diseases,Parasitic Disease,5,current_freshwater-c988fb43a6d9,,Parasitic Disease|current_freshwater,2
current_freshwater-c7226dec37f7,current_freshwater,data/raw/current_freshwater/test_split/Parasitic diseases_Parasitic diseases_66.jpeg,test_split/Parasitic diseases_Parasitic diseases_66.jpeg,Parasitic diseases,Parasitic Disease,5,current_freshwater-c7226dec37f7,,Parasitic Disease|current_freshwater,2
current_freshwater-33e0f2a1f9b3,current_freshwater,data/raw/current_freshwater/test_split/Parasitic diseases_Parasitic diseases_73.jpg,test_split/Parasitic diseases_Parasitic diseases_73.jpg,Parasitic diseases,Parasitic Disease,5,current_freshwater-33e0f2a1f9b3,,Parasitic Disease|current_freshwater,2
current_freshwater-94d708387aa4,current_freshwater,data/raw/current_freshwater/test_split/Parasitic diseases_Parasitic diseases_96.jpg,test_split/Parasitic diseases_Parasitic diseases_96.jpg,Parasitic diseases,Parasitic Disease,5,current_freshwater-94d708387aa4,,Parasitic Disease|current_freshwater,2
current_freshwater-1a4dc3152728,current_freshwater,data/raw/current_freshwater/train_split/Parasitic diseases/Parasitic diseases_1.jpeg,train_split/Parasitic diseases/Parasitic diseases_1.jpeg,Parasitic diseases,Parasitic Disease,5,current_freshwater-1a4dc3152728,,Parasitic Disease|current_freshwater,2
current_freshwater-ae12085c340f,current_freshwater,data/raw/current_freshwater/train_split/Parasitic diseases/Parasitic diseases_138.jpg,train_split/Parasitic diseases/Parasitic diseases_138.jpg,Parasitic diseases,Parasitic Disease,5,current_freshwater-ae12085c340f,,Parasitic Disease|current_freshwater,2
current_freshwater-e7139b1c3735,current_freshwater,data/raw/current_freshwater/train_split/Parasitic diseases/Parasitic diseases_165.jpg,train_split/Parasitic diseases/Parasitic diseases_165.jpg,Parasitic diseases,Parasitic Disease,5,current_freshwater-816d11fce62a,,Parasitic Disease|current_freshwater,2
current_freshwater-fe6dd8006137,current_freshwater,data/raw/current_freshwater/train_split/Parasitic diseases/Parasitic diseases_176.jpg,train_split/Parasitic diseases/Parasitic diseases_176.jpg,Parasitic diseases,Parasitic Disease,5,current_freshwater-fe6dd8006137,,Parasitic Disease|current_freshwater,2
current_freshwater-7c2cac56c4b4,current_freshwater,data/raw/current_freshwater/train_split/Parasitic diseases/Parasitic diseases_196.jpg,train_split/Parasitic diseases/Parasitic diseases_196.jpg,Parasitic diseases,Parasitic Disease,5,current_freshwater-7c2cac56c4b4,,Parasitic Disease|current_freshwater,2
current_freshwater-a0a60a135314,current_freshwater,data/raw/current_freshwater/train_split/Parasitic diseases/Parasitic diseases_44.jpg,train_split/Parasitic diseases/Parasitic diseases_44.jpg,Parasitic diseases,Parasitic Disease,5,current_freshwater-56c10dd81645,,Parasitic Disease|current_freshwater,2
current_freshwater-21fd92e58ce6,current_freshwater,data/raw/current_freshwater/train_split/Parasitic diseases/Parasitic diseases_59.jpg,train_split/Parasitic diseases/Parasitic diseases_59.jpg,Parasitic diseases,Parasitic Disease,5,current_freshwater-21fd92e58ce6,,Parasitic Disease|current_freshwater,2
current_freshwater-8259005145d2,current_freshwater,data/raw/current_freshwater/train_split/Parasitic diseases/Parasitic diseases_85.jpg,train_split/Parasitic diseases/Parasitic diseases_85.jpg,Parasitic diseases,Parasitic Disease,5,current_freshwater-8259005145d2,,Parasitic Disease|current_freshwater,2
current_freshwater-ac1e80136d9f,current_freshwater,data/raw/current_freshwater/train_split/Parasitic diseases/Parasitic diseases_aug_11.jpg,train_split/Parasitic diseases/Parasitic diseases_aug_11.jpg,Parasitic diseases,Parasitic Disease,5,current_freshwater-ac1e80136d9f,,Parasitic Disease|current_freshwater,2
current_freshwater-aabb5bd22ccf,current_freshwater,data/raw/current_freshwater/train_split/Parasitic diseases/Parasitic diseases_aug_111.jpg,train_split/Parasitic diseases/Parasitic diseases_aug_111.jpg,Parasitic diseases,Parasitic Disease,5,current_freshwater-56c10dd81645,,Parasitic Disease|current_freshwater,2
current_freshwater-26c162cc3e45,current_freshwater,data/raw/current_freshwater/train_split/Parasitic diseases/Parasitic diseases_aug_118.jpg,train_split/Parasitic diseases/Parasitic diseases_aug_118.jpg,Parasitic diseases,Parasitic Disease,5,current_freshwater-26c162cc3e45,,Parasitic Disease|current_freshwater,2
current_freshwater-f5a1b952cae3,current_freshwater,data/raw/current_freshwater/train_split/Parasitic diseases/Parasitic diseases_aug_129.jpg,train_split/Parasitic diseases/Parasitic diseases_aug_129.jpg,Parasitic diseases,Parasitic Disease,5,current_freshwater-f5a1b952cae3,,Parasitic Disease|current_freshwater,2
current_freshwater-958802d38f1b,current_freshwater,data/raw/current_freshwater/train_split/Parasitic diseases/Parasitic diseases_aug_135.jpg,train_split/Parasitic diseases/Parasitic diseases_aug_135.jpg,Parasitic diseases,Parasitic Disease,5,current_freshwater-816d11fce62a,,Parasitic Disease|current_freshwater,2
current_freshwater-2dd78c27b4a8,current_freshwater,data/raw/current_freshwater/train_split/Parasitic diseases/Parasitic diseases_aug_151.jpg,train_split/Parasitic diseases/Parasitic diseases_aug_151.jpg,Parasitic diseases,Parasitic Disease,5,current_freshwater-2dd78c27b4a8,,Parasitic Disease|current_freshwater,2
current_freshwater-063b77bca3b8,current_freshwater,data/raw/current_freshwater/train_split/Parasitic diseases/Parasitic diseases_aug_184.jpg,train_split/Parasitic diseases/Parasitic diseases_aug_184.jpg,Parasitic diseases,Parasitic Disease,5,current_freshwater-063b77bca3b8,,Parasitic Disease|current_freshwater,2
current_freshwater-f74a19615707,current_freshwater,data/raw/current_freshwater/train_split/Parasitic diseases/Parasitic diseases_aug_210.jpg,train_split/Parasitic diseases/Parasitic diseases_aug_210.jpg,Parasitic diseases,Parasitic Disease,5,current_freshwater-f74a19615707,,Parasitic Disease|current_freshwater,2
current_freshwater-a641a6c8977e,current_freshwater,data/raw/current_freshwater/train_split/Parasitic diseases/Parasitic diseases_aug_215.jpg,train_split/Parasitic diseases/Parasitic diseases_aug_215.jpg,Parasitic diseases,Parasitic Disease,5,current_freshwater-a641a6c8977e,,Parasitic Disease|current_freshwater,2
current_freshwater-7506ef2330ba,current_freshwater,data/raw/current_freshwater/train_split/Parasitic diseases/Parasitic diseases_aug_224.jpg,train_split/Parasitic diseases/Parasitic diseases_aug_224.jpg,Parasitic diseases,Parasitic Disease,5,current_freshwater-7506ef2330ba,,Parasitic Disease|current_freshwater,2
current_freshwater-87a0761f366d,current_freshwater,data/raw/current_freshwater/train_split/Parasitic diseases/Parasitic diseases_aug_233.jpg,train_split/Parasitic diseases/Parasitic diseases_aug_233.jpg,Parasitic diseases,Parasitic Disease,5,current_freshwater-87a0761f366d,,Parasitic Disease|current_freshwater,2
current_freshwater-d97bb1822a70,current_freshwater,data/raw/current_freshwater/train_split/Parasitic diseases/Parasitic diseases_aug_262.jpg,train_split/Parasitic diseases/Parasitic diseases_aug_262.jpg,Parasitic diseases,Parasitic Disease,5,current_freshwater-d97bb1822a70,,Parasitic Disease|current_freshwater,2
current_freshwater-80ad91d21616,current_freshwater,data/raw/current_freshwater/train_split/Parasitic diseases/Parasitic diseases_aug_290.jpg,train_split/Parasitic diseases/Parasitic diseases_aug_290.jpg,Parasitic diseases,Parasitic Disease,5,current_freshwater-80ad91d21616,,Parasitic Disease|current_freshwater,2
current_freshwater-1a3bceb9f68f,current_freshwater,data/raw/current_freshwater/train_split/Parasitic diseases/Parasitic diseases_aug_293.jpg,train_split/Parasitic diseases/Parasitic diseases_aug_293.jpg,Parasitic diseases,Parasitic Disease,5,current_freshwater-1a3bceb9f68f,,Parasitic Disease|current_freshwater,2
current_freshwater-56c10dd81645,current_freshwater,data/raw/current_freshwater/train_split/Parasitic diseases/Parasitic diseases_aug_305.jpg,train_split/Parasitic diseases/Parasitic diseases_aug_305.jpg,Parasitic diseases,Parasitic Disease,5,current_freshwater-56c10dd81645,,Parasitic Disease|current_freshwater,2
current_freshwater-59f947b8ab90,current_freshwater,data/raw/current_freshwater/train_split/Parasitic diseases/Parasitic diseases_aug_309.jpg,train_split/Parasitic diseases/Parasitic diseases_aug_309.jpg,Parasitic diseases,Parasitic Disease,5,current_freshwater-59f947b8ab90,,Parasitic Disease|current_freshwater,2
current_freshwater-f788e07ca5fb,current_freshwater,data/raw/current_freshwater/train_split/Parasitic diseases/Parasitic diseases_aug_313.jpg,train_split/Parasitic diseases/Parasitic diseases_aug_313.jpg,Parasitic diseases,Parasitic Disease,5,current_freshwater-f788e07ca5fb,,Parasitic Disease|current_freshwater,2
current_freshwater-b759406e8f05,current_freshwater,data/raw/current_freshwater/train_split/Parasitic diseases/Parasitic diseases_aug_327.jpg,train_split/Parasitic diseases/Parasitic diseases_aug_327.jpg,Parasitic diseases,Parasitic Disease,5,current_freshwater-b759406e8f05,,Parasitic Disease|current_freshwater,2
current_freshwater-15eed604625d,current_freshwater,data/raw/current_freshwater/train_split/Parasitic diseases/Parasitic diseases_aug_4.jpg,train_split/Parasitic diseases/Parasitic diseases_aug_4.jpg,Parasitic diseases,Parasitic Disease,5,current_freshwater-15eed604625d,,Parasitic Disease|current_freshwater,2
roboflow-c27f7aa5ea11,roboflow,data/raw/roboflow/test/Parasitic diseases/Parasitic-diseases-8-_jpeg.rf.1c0d57ae8f9d3104ce8c01d265836157.jpg,test/Parasitic diseases/Parasitic-diseases-8-_jpeg.rf.1c0d57ae8f9d3104ce8c01d265836157.jpg,Parasitic diseases,Parasitic Disease,5,current_freshwater-c7226dec37f7,,Parasitic Disease|current_freshwater,2
roboflow-df3390a20259,roboflow,data/raw/roboflow/train/Parasitic diseases/Parasitic-diseases-1-_jpeg.rf.ab18280c4a9edd03105ee240a184ffba.jpg,train/Parasitic diseases/Parasitic-diseases-1-_jpeg.rf.ab18280c4a9edd03105ee240a184ffba.jpg,Parasitic diseases,Parasitic Disease,5,current_freshwater-1a4dc3152728,,Parasitic Disease|current_freshwater,2
roboflow-9bdc8997c214,roboflow,data/raw/roboflow/train/Parasitic diseases/Parasitic-diseases-7-_jpeg.rf.27bb18d141b40bba952e09f0a8f18abd.jpg,train/Parasitic diseases/Parasitic-diseases-7-_jpeg.rf.27bb18d141b40bba952e09f0a8f18abd.jpg,Parasitic diseases,Parasitic Disease,5,roboflow-9bdc8997c214,,Parasitic Disease|roboflow,2
current_freshwater-f05480a8e876,current_freshwater,data/raw/current_freshwater/test_split/Viral diseases White tail disease_Viral diseases White tail disease_154.jpg,test_split/Viral diseases White tail disease_Viral diseases White tail disease_154.jpg,Viral diseases White tail disease,White Tail Disease,6,current_freshwater-f05480a8e876,,White Tail Disease|current_freshwater,2
current_freshwater-dbedebf8b65b,current_freshwater,data/raw/current_freshwater/test_split/Viral diseases White tail disease_Viral diseases White tail disease_90.jpg,test_split/Viral diseases White tail disease_Viral diseases White tail disease_90.jpg,Viral diseases White tail disease,White Tail Disease,6,current_freshwater-dbedebf8b65b,,White Tail Disease|current_freshwater,2
current_freshwater-23370db51515,current_freshwater,data/raw/current_freshwater/train_split/Viral diseases White tail disease/Viral diseases White tail disease_167.jpg,train_split/Viral diseases White tail disease/Viral diseases White tail disease_167.jpg,Viral diseases White tail disease,White Tail Disease,6,current_freshwater-23370db51515,,White Tail Disease|current_freshwater,2
current_freshwater-dd43ca01f619,current_freshwater,data/raw/current_freshwater/train_split/Viral diseases White tail disease/Viral diseases White tail disease_169.jpg,train_split/Viral diseases White tail disease/Viral diseases White tail disease_169.jpg,Viral diseases White tail disease,White Tail Disease,6,current_freshwater-1835aa43d388,,White Tail Disease|current_freshwater,2
current_freshwater-faefaebfd98b,current_freshwater,data/raw/current_freshwater/train_split/Viral diseases White tail disease/Viral diseases White tail disease_202.jpg,train_split/Viral diseases White tail disease/Viral diseases White tail disease_202.jpg,Viral diseases White tail disease,White Tail Disease,6,current_freshwater-faefaebfd98b,,White Tail Disease|current_freshwater,2
current_freshwater-c7553021a00e,current_freshwater,data/raw/current_freshwater/train_split/Viral diseases White tail disease/Viral diseases White tail disease_50.jpg,train_split/Viral diseases White tail disease/Viral diseases White tail disease_50.jpg,Viral diseases White tail disease,White Tail Disease,6,current_freshwater-134041cd4993,,White Tail Disease|current_freshwater,2
current_freshwater-83e5b91e1d2d,current_freshwater,data/raw/current_freshwater/train_split/Viral diseases White tail disease/Viral diseases White tail disease_6.jpg,train_split/Viral diseases White tail disease/Viral diseases White tail disease_6.jpg,Viral diseases White tail disease,White Tail Disease,6,current_freshwater-83e5b91e1d2d,,White Tail Disease|current_freshwater,2
current_freshwater-07baa74f8ab0,current_freshwater,data/raw/current_freshwater/train_split/Viral diseases White tail disease/Viral diseases White tail disease_61.jpg,train_split/Viral diseases White tail disease/Viral diseases White tail disease_61.jpg,Viral diseases White tail disease,White Tail Disease,6,current_freshwater-07baa74f8ab0,,White Tail Disease|current_freshwater,2
current_freshwater-f40f3af91904,current_freshwater,data/raw/current_freshwater/train_split/Viral diseases White tail disease/Viral diseases White tail disease_63.jpg,train_split/Viral diseases White tail disease/Viral diseases White tail disease_63.jpg,Viral diseases White tail disease,White Tail Disease,6,current_freshwater-225d4182dcff,,White Tail Disease|current_freshwater,2
current_freshwater-6e7209a593c7,current_freshwater,data/raw/current_freshwater/train_split/Viral diseases White tail disease/Viral diseases White tail disease_76.jpg,train_split/Viral diseases White tail disease/Viral diseases White tail disease_76.jpg,Viral diseases White tail disease,White Tail Disease,6,current_freshwater-1646d6af01fa,,White Tail Disease|current_freshwater,2
current_freshwater-225d4182dcff,current_freshwater,data/raw/current_freshwater/train_split/Viral diseases White tail disease/Viral diseases White tail disease_aug_135.jpg,train_split/Viral diseases White tail disease/Viral diseases White tail disease_aug_135.jpg,Viral diseases White tail disease,White Tail Disease,6,current_freshwater-225d4182dcff,,White Tail Disease|current_freshwater,2
current_freshwater-2d023cfed470,current_freshwater,data/raw/current_freshwater/train_split/Viral diseases White tail disease/Viral diseases White tail disease_aug_157.jpg,train_split/Viral diseases White tail disease/Viral diseases White tail disease_aug_157.jpg,Viral diseases White tail disease,White Tail Disease,6,current_freshwater-2d023cfed470,,White Tail Disease|current_freshwater,2
current_freshwater-93d26eb4b217,current_freshwater,data/raw/current_freshwater/train_split/Viral diseases White tail disease/Viral diseases White tail disease_aug_162.jpg,train_split/Viral diseases White tail disease/Viral diseases White tail disease_aug_162.jpg,Viral diseases White tail disease,White Tail Disease,6,current_freshwater-93d26eb4b217,,White Tail Disease|current_freshwater,2
current_freshwater-c42c6ced282f,current_freshwater,data/raw/current_freshwater/train_split/Viral diseases White tail disease/Viral diseases White tail disease_aug_165.jpg,train_split/Viral diseases White tail disease/Viral diseases White tail disease_aug_165.jpg,Viral diseases White tail disease,White Tail Disease,6,current_freshwater-1835aa43d388,,White Tail Disease|current_freshwater,2
current_freshwater-2b5e3c5bcad3,current_freshwater,data/raw/current_freshwater/train_split/Viral diseases White tail disease/Viral diseases White tail disease_aug_166.jpg,train_split/Viral diseases White tail disease/Viral diseases White tail disease_aug_166.jpg,Viral diseases White tail disease,White Tail Disease,6,current_freshwater-2b5e3c5bcad3,,White Tail Disease|current_freshwater,2
current_freshwater-b7506ecef78b,current_freshwater,data/raw/current_freshwater/train_split/Viral diseases White tail disease/Viral diseases White tail disease_aug_198.jpg,train_split/Viral diseases White tail disease/Viral diseases White tail disease_aug_198.jpg,Viral diseases White tail disease,White Tail Disease,6,current_freshwater-b7506ecef78b,,White Tail Disease|current_freshwater,2
current_freshwater-1646d6af01fa,current_freshwater,data/raw/current_freshwater/train_split/Viral diseases White tail disease/Viral diseases White tail disease_aug_205.jpg,train_split/Viral diseases White tail disease/Viral diseases White tail disease_aug_205.jpg,Viral diseases White tail disease,White Tail Disease,6,current_freshwater-1646d6af01fa,,White Tail Disease|current_freshwater,2
current_freshwater-86bf74c7b7df,current_freshwater,data/raw/current_freshwater/train_split/Viral diseases White tail disease/Viral diseases White tail disease_aug_215.jpg,train_split/Viral diseases White tail disease/Viral diseases White tail disease_aug_215.jpg,Viral diseases White tail disease,White Tail Disease,6,current_freshwater-225d4182dcff,,White Tail Disease|current_freshwater,2
current_freshwater-cc9f0ebc5520,current_freshwater,data/raw/current_freshwater/train_split/Viral diseases White tail disease/Viral diseases White tail disease_aug_233.jpg,train_split/Viral diseases White tail disease/Viral diseases White tail disease_aug_233.jpg,Viral diseases White tail disease,White Tail Disease,6,current_freshwater-cc9f0ebc5520,,White Tail Disease|current_freshwater,2
current_freshwater-4c4d177c2db7,current_freshwater,data/raw/current_freshwater/train_split/Viral diseases White tail disease/Viral diseases White tail disease_aug_246.jpg,train_split/Viral diseases White tail disease/Viral diseases White tail disease_aug_246.jpg,Viral diseases White tail disease,White Tail Disease,6,current_freshwater-4c4d177c2db7,,White Tail Disease|current_freshwater,2
current_freshwater-6eaff57a6f3c,current_freshwater,data/raw/current_freshwater/train_split/Viral diseases White tail disease/Viral diseases White tail disease_aug_253.jpg,train_split/Viral diseases White tail disease/Viral diseases White tail disease_aug_253.jpg,Viral diseases White tail disease,White Tail Disease,6,current_freshwater-6eaff57a6f3c,,White Tail Disease|current_freshwater,2
current_freshwater-f458c7e53cad,current_freshwater,data/raw/current_freshwater/train_split/Viral diseases White tail disease/Viral diseases White tail disease_aug_26.jpg,train_split/Viral diseases White tail disease/Viral diseases White tail disease_aug_26.jpg,Viral diseases White tail disease,White Tail Disease,6,current_freshwater-f458c7e53cad,,White Tail Disease|current_freshwater,2
current_freshwater-bc06f4354536,current_freshwater,data/raw/current_freshwater/train_split/Viral diseases White tail disease/Viral diseases White tail disease_aug_266.jpg,train_split/Viral diseases White tail disease/Viral diseases White tail disease_aug_266.jpg,Viral diseases White tail disease,White Tail Disease,6,current_freshwater-bc06f4354536,,White Tail Disease|current_freshwater,2
current_freshwater-1fa1fc1cd809,current_freshwater,data/raw/current_freshwater/train_split/Viral diseases White tail disease/Viral diseases White tail disease_aug_296.jpg,train_split/Viral diseases White tail disease/Viral diseases White tail disease_aug_296.jpg,Viral diseases White tail disease,White Tail Disease,6,current_freshwater-1fa1fc1cd809,,White Tail Disease|current_freshwater,2
current_freshwater-0b4c8e8f486b,current_freshwater,data/raw/current_freshwater/train_split/Viral diseases White tail disease/Viral diseases White tail disease_aug_301.jpg,train_split/Viral diseases White tail disease/Viral diseases White tail disease_aug_301.jpg,Viral diseases White tail disease,White Tail Disease,6,current_freshwater-0b4c8e8f486b,,White Tail Disease|roboflow,2
current_freshwater-59f247c7276c,current_freshwater,data/raw/current_freshwater/train_split/Viral diseases White tail disease/Viral diseases White tail disease_aug_303.jpg,train_split/Viral diseases White tail disease/Viral diseases White tail disease_aug_303.jpg,Viral diseases White tail disease,White Tail Disease,6,current_freshwater-59f247c7276c,,White Tail Disease|current_freshwater,2
current_freshwater-338ef8d18eb1,current_freshwater,data/raw/current_freshwater/train_split/Viral diseases White tail disease/Viral diseases White tail disease_aug_357.jpg,train_split/Viral diseases White tail disease/Viral diseases White tail disease_aug_357.jpg,Viral diseases White tail disease,White Tail Disease,6,current_freshwater-338ef8d18eb1,,White Tail Disease|current_freshwater,2
current_freshwater-134041cd4993,current_freshwater,data/raw/current_freshwater/train_split/Viral diseases White tail disease/Viral diseases White tail disease_aug_367.jpg,train_split/Viral diseases White tail disease/Viral diseases White tail disease_aug_367.jpg,Viral diseases White tail disease,White Tail Disease,6,current_freshwater-134041cd4993,,White Tail Disease|current_freshwater,2
current_freshwater-7185134cf95e,current_freshwater,data/raw/current_freshwater/train_split/Viral diseases White tail disease/Viral diseases White tail disease_aug_47.jpg,train_split/Viral diseases White tail disease/Viral diseases White tail disease_aug_47.jpg,Viral diseases White tail disease,White Tail Disease,6,current_freshwater-7185134cf95e,,White Tail Disease|current_freshwater,2
current_freshwater-b80760f36899,current_freshwater,data/raw/current_freshwater/train_split/Viral diseases White tail disease/Viral diseases White tail disease_aug_49.jpg,train_split/Viral diseases White tail disease/Viral diseases White tail disease_aug_49.jpg,Viral diseases White tail disease,White Tail Disease,6,current_freshwater-b80760f36899,,White Tail Disease|current_freshwater,2
current_freshwater-adc865dc09c6,current_freshwater,data/raw/current_freshwater/train_split/Viral diseases White tail disease/Viral diseases White tail disease_aug_60.jpg,train_split/Viral diseases White tail disease/Viral diseases White tail disease_aug_60.jpg,Viral diseases White tail disease,White Tail Disease,6,current_freshwater-adc865dc09c6,,White Tail Disease|current_freshwater,2
current_freshwater-7059e224111b,current_freshwater,data/raw/current_freshwater/train_split/Viral diseases White tail disease/Viral diseases White tail disease_aug_67.jpg,train_split/Viral diseases White tail disease/Viral diseases White tail disease_aug_67.jpg,Viral diseases White tail disease,White Tail Disease,6,current_freshwater-7059e224111b,,White Tail Disease|current_freshwater,2
current_freshwater-d9ea46f19870,current_freshwater,data/raw/current_freshwater/train_split/Viral diseases White tail disease/Viral diseases White tail disease_aug_68.jpg,train_split/Viral diseases White tail disease/Viral diseases White tail disease_aug_68.jpg,Viral diseases White tail disease,White Tail Disease,6,current_freshwater-d9ea46f19870,,White Tail Disease|current_freshwater,2
current_freshwater-e7a7a01a7d36,current_freshwater,data/raw/current_freshwater/train_split/Viral diseases White tail disease/Viral diseases White tail disease_aug_87.jpg,train_split/Viral diseases White tail disease/Viral diseases White tail disease_aug_87.jpg,Viral diseases White tail disease,White Tail Disease,6,current_freshwater-dbedebf8b65b,,White Tail Disease|current_freshwater,2
current_freshwater-f9d444d21f9a,current_freshwater,data/raw/current_freshwater/train_split/Viral diseases White tail disease/Viral diseases White tail disease_aug_98.jpg,train_split/Viral diseases White tail disease/Viral diseases White tail disease_aug_98.jpg,Viral diseases White tail disease,White Tail Disease,6,current_freshwater-f9d444d21f9a,,White Tail Disease|current_freshwater,2
roboflow-61adb03756d6,roboflow,data/raw/roboflow/train/Viral diseases White tail disease/Viral-diseases-White-tail-disease-4-_jpg.rf.949f677b733339b85c8573ac7bf21554.jpg,train/Viral diseases White tail disease/Viral-diseases-White-tail-disease-4-_jpg.rf.949f677b733339b85c8573ac7bf21554.jpg,Viral diseases White tail disease,White Tail Disease,6,current_freshwater-0b4c8e8f486b,,White Tail Disease|roboflow,2
roboflow-9ee55100e6ff,roboflow,data/raw/roboflow/train/Viral diseases White tail disease/Viral-diseases-White-tail-disease-9-_jpg.rf.82292b05084328886d446e5d7b61defa.jpg,train/Viral diseases White tail disease/Viral-diseases-White-tail-disease-9-_jpg.rf.82292b05084328886d446e5d7b61defa.jpg,Viral diseases White tail disease,White Tail Disease,6,current_freshwater-0b4c8e8f486b,,White Tail Disease|roboflow,2
current_freshwater-461ab0cc1e72,current_freshwater,data/raw/current_freshwater/test_split/Healthy Fish_Healthy Fish_249.jpg,test_split/Healthy Fish_Healthy Fish_249.jpg,Healthy Fish,Healthy Fish,7,current_freshwater-461ab0cc1e72,,Healthy Fish|current_freshwater,2
current_freshwater-bbd9fbfff7e5,current_freshwater,data/raw/current_freshwater/test_split/Healthy Fish_Healthy Fish_351.jpg,test_split/Healthy Fish_Healthy Fish_351.jpg,Healthy Fish,Healthy Fish,7,current_freshwater-bbd9fbfff7e5,,Healthy Fish|current_freshwater,2
current_freshwater-8e52eb831be7,current_freshwater,data/raw/current_freshwater/test_split/Healthy Fish_Healthy Fish_419.jpg,test_split/Healthy Fish_Healthy Fish_419.jpg,Healthy Fish,Healthy Fish,7,current_freshwater-8e52eb831be7,,Healthy Fish|current_freshwater,2
current_freshwater-86e99edf3793,current_freshwater,data/raw/current_freshwater/train_split/Healthy Fish/Healthy Fish_143.jpg,train_split/Healthy Fish/Healthy Fish_143.jpg,Healthy Fish,Healthy Fish,7,current_freshwater-86e99edf3793,,Healthy Fish|current_freshwater,2
current_freshwater-73a5f1ea0c19,current_freshwater,data/raw/current_freshwater/train_split/Healthy Fish/Healthy Fish_192.jpg,train_split/Healthy Fish/Healthy Fish_192.jpg,Healthy Fish,Healthy Fish,7,current_freshwater-73a5f1ea0c19,,Healthy Fish|current_freshwater,2
current_freshwater-1652bf304bff,current_freshwater,data/raw/current_freshwater/train_split/Healthy Fish/Healthy Fish_221.jpg,train_split/Healthy Fish/Healthy Fish_221.jpg,Healthy Fish,Healthy Fish,7,current_freshwater-1652bf304bff,,Healthy Fish|current_freshwater,2
current_freshwater-9882e3112d48,current_freshwater,data/raw/current_freshwater/train_split/Healthy Fish/Healthy Fish_262.jpg,train_split/Healthy Fish/Healthy Fish_262.jpg,Healthy Fish,Healthy Fish,7,current_freshwater-9882e3112d48,,Healthy Fish|current_freshwater,2
current_freshwater-e234e0e02a32,current_freshwater,data/raw/current_freshwater/train_split/Healthy Fish/Healthy Fish_263.jpg,train_split/Healthy Fish/Healthy Fish_263.jpg,Healthy Fish,Healthy Fish,7,current_freshwater-e234e0e02a32,,Healthy Fish|current_freshwater,2
current_freshwater-c11abea7c313,current_freshwater,data/raw/current_freshwater/train_split/Healthy Fish/Healthy Fish_265.jpg,train_split/Healthy Fish/Healthy Fish_265.jpg,Healthy Fish,Healthy Fish,7,current_freshwater-c11abea7c313,,Healthy Fish|current_freshwater,2
current_freshwater-9f174aed2f8a,current_freshwater,data/raw/current_freshwater/train_split/Healthy Fish/Healthy Fish_274.jpg,train_split/Healthy Fish/Healthy Fish_274.jpg,Healthy Fish,Healthy Fish,7,current_freshwater-9f174aed2f8a,,Healthy Fish|current_freshwater,2
current_freshwater-9f0424b2a38a,current_freshwater,data/raw/current_freshwater/train_split/Healthy Fish/Healthy Fish_283.jpg,train_split/Healthy Fish/Healthy Fish_283.jpg,Healthy Fish,Healthy Fish,7,current_freshwater-9f0424b2a38a,,Healthy Fish|current_freshwater,2
current_freshwater-bbebeb54d014,current_freshwater,data/raw/current_freshwater/train_split/Healthy Fish/Healthy Fish_328.jpg,train_split/Healthy Fish/Healthy Fish_328.jpg,Healthy Fish,Healthy Fish,7,current_freshwater-bbebeb54d014,,Healthy Fish|current_freshwater,2
current_freshwater-c6e30bba5052,current_freshwater,data/raw/current_freshwater/train_split/Healthy Fish/Healthy Fish_335.jpg,train_split/Healthy Fish/Healthy Fish_335.jpg,Healthy Fish,Healthy Fish,7,current_freshwater-c6e30bba5052,,Healthy Fish|current_freshwater,2
current_freshwater-b268f818bb5d,current_freshwater,data/raw/current_freshwater/train_split/Healthy Fish/Healthy Fish_343.jpg,train_split/Healthy Fish/Healthy Fish_343.jpg,Healthy Fish,Healthy Fish,7,current_freshwater-b268f818bb5d,,Healthy Fish|current_freshwater,2
current_freshwater-6fe1252d9617,current_freshwater,data/raw/current_freshwater/train_split/Healthy Fish/Healthy Fish_373.jpg,train_split/Healthy Fish/Healthy Fish_373.jpg,Healthy Fish,Healthy Fish,7,current_freshwater-6fe1252d9617,,Healthy Fish|current_freshwater,2
current_freshwater-0dc7e8a10bab,current_freshwater,data/raw/current_freshwater/train_split/Healthy Fish/Healthy Fish_374.jpg,train_split/Healthy Fish/Healthy Fish_374.jpg,Healthy Fish,Healthy Fish,7,current_freshwater-0dc7e8a10bab,,Healthy Fish|current_freshwater,2
current_freshwater-2fddabe23078,current_freshwater,data/raw/current_freshwater/train_split/Healthy Fish/Healthy Fish_377.jpg,train_split/Healthy Fish/Healthy Fish_377.jpg,Healthy Fish,Healthy Fish,7,current_freshwater-2fddabe23078,,Healthy Fish|current_freshwater,2
current_freshwater-179382445739,current_freshwater,data/raw/current_freshwater/train_split/Healthy Fish/Healthy Fish_380.jpg,train_split/Healthy Fish/Healthy Fish_380.jpg,Healthy Fish,Healthy Fish,7,current_freshwater-179382445739,,Healthy Fish|current_freshwater,2
current_freshwater-46504949e122,current_freshwater,data/raw/current_freshwater/train_split/Healthy Fish/Healthy Fish_390.jpg,train_split/Healthy Fish/Healthy Fish_390.jpg,Healthy Fish,Healthy Fish,7,current_freshwater-46504949e122,,Healthy Fish|current_freshwater,2
current_freshwater-cceae9f3de25,current_freshwater,data/raw/current_freshwater/train_split/Healthy Fish/Healthy Fish_403.jpg,train_split/Healthy Fish/Healthy Fish_403.jpg,Healthy Fish,Healthy Fish,7,current_freshwater-cceae9f3de25,,Healthy Fish|current_freshwater,2
current_freshwater-a512f6d07035,current_freshwater,data/raw/current_freshwater/train_split/Healthy Fish/Healthy Fish_413.jpg,train_split/Healthy Fish/Healthy Fish_413.jpg,Healthy Fish,Healthy Fish,7,current_freshwater-a512f6d07035,,Healthy Fish|current_freshwater,2
current_freshwater-9154b2d633ea,current_freshwater,data/raw/current_freshwater/train_split/Healthy Fish/Healthy Fish_435.jpg,train_split/Healthy Fish/Healthy Fish_435.jpg,Healthy Fish,Healthy Fish,7,current_freshwater-84e3363a1c94,,Healthy Fish|current_freshwater,2
current_freshwater-201c956b910e,current_freshwater,data/raw/current_freshwater/train_split/Healthy Fish/Healthy Fish_446.jpg,train_split/Healthy Fish/Healthy Fish_446.jpg,Healthy Fish,Healthy Fish,7,current_freshwater-201c956b910e,,Healthy Fish|current_freshwater,2
current_freshwater-fdafc3f13bd0,current_freshwater,data/raw/current_freshwater/train_split/Healthy Fish/Healthy Fish_470.jpg,train_split/Healthy Fish/Healthy Fish_470.jpg,Healthy Fish,Healthy Fish,7,current_freshwater-fdafc3f13bd0,,Healthy Fish|current_freshwater,2
current_freshwater-8c59ee75123d,current_freshwater,data/raw/current_freshwater/train_split/Healthy Fish/Healthy Fish_481.jpg,train_split/Healthy Fish/Healthy Fish_481.jpg,Healthy Fish,Healthy Fish,7,current_freshwater-8c59ee75123d,,Healthy Fish|current_freshwater,2
current_freshwater-9225c2b42118,current_freshwater,data/raw/current_freshwater/train_split/Healthy Fish/Healthy Fish_aug_100.jpg,train_split/Healthy Fish/Healthy Fish_aug_100.jpg,Healthy Fish,Healthy Fish,7,current_freshwater-9225c2b42118,,Healthy Fish|current_freshwater,2
current_freshwater-84e3363a1c94,current_freshwater,data/raw/current_freshwater/train_split/Healthy Fish/Healthy Fish_aug_113.jpg,train_split/Healthy Fish/Healthy Fish_aug_113.jpg,Healthy Fish,Healthy Fish,7,current_freshwater-84e3363a1c94,,Healthy Fish|current_freshwater,2
current_freshwater-6a65ac2c6ed7,current_freshwater,data/raw/current_freshwater/train_split/Healthy Fish/Healthy Fish_aug_115.jpg,train_split/Healthy Fish/Healthy Fish_aug_115.jpg,Healthy Fish,Healthy Fish,7,current_freshwater-6a65ac2c6ed7,,Healthy Fish|current_freshwater,2
current_freshwater-d97fdb5b81e9,current_freshwater,data/raw/current_freshwater/train_split/Healthy Fish/Healthy Fish_aug_14.jpg,train_split/Healthy Fish/Healthy Fish_aug_14.jpg,Healthy Fish,Healthy Fish,7,current_freshwater-d97fdb5b81e9,,Healthy Fish|current_freshwater,2
current_freshwater-5baf29a90c3f,current_freshwater,data/raw/current_freshwater/train_split/Healthy Fish/Healthy Fish_aug_161.jpg,train_split/Healthy Fish/Healthy Fish_aug_161.jpg,Healthy Fish,Healthy Fish,7,current_freshwater-5baf29a90c3f,,Healthy Fish|current_freshwater,2
current_freshwater-972fcb557f10,current_freshwater,data/raw/current_freshwater/train_split/Healthy Fish/Healthy Fish_aug_204.jpg,train_split/Healthy Fish/Healthy Fish_aug_204.jpg,Healthy Fish,Healthy Fish,7,current_freshwater-972fcb557f10,,Healthy Fish|current_freshwater,2
current_freshwater-36e099c649eb,current_freshwater,data/raw/current_freshwater/train_split/Healthy Fish/Healthy Fish_aug_213.jpg,train_split/Healthy Fish/Healthy Fish_aug_213.jpg,Healthy Fish,Healthy Fish,7,current_freshwater-36e099c649eb,,Healthy Fish|current_freshwater,2
current_freshwater-eef753893cc3,current_freshwater,data/raw/current_freshwater/train_split/Healthy Fish/Healthy Fish_aug_220.jpg,train_split/Healthy Fish/Healthy Fish_aug_220.jpg,Healthy Fish,Healthy Fish,7,current_freshwater-eef753893cc3,,Healthy Fish|current_freshwater,2
current_freshwater-9a6aad3aa065,current_freshwater,data/raw/current_freshwater/train_split/Healthy Fish/Healthy Fish_aug_47.jpg,train_split/Healthy Fish/Healthy Fish_aug_47.jpg,Healthy Fish,Healthy Fish,7,current_freshwater-9a6aad3aa065,,Healthy Fish|current_freshwater,2
current_freshwater-f75ed47e3c74,current_freshwater,data/raw/current_freshwater/train_split/Healthy Fish/Healthy Fish_aug_58.jpg,train_split/Healthy Fish/Healthy Fish_aug_58.jpg,Healthy Fish,Healthy Fish,7,current_freshwater-6a65ac2c6ed7,,Healthy Fish|current_freshwater,2
kaptai-537f55b10459,kaptai,data/raw/kaptai/Healthy Fish/healthy (1).png,Healthy Fish/healthy (1).png,Healthy Fish,Healthy Fish,7,kaptai-537f55b10459,,Healthy Fish|kaptai,2
kaptai-b22fce703b23,kaptai,data/raw/kaptai/Healthy Fish/healthy (14).jpg,Healthy Fish/healthy (14).jpg,Healthy Fish,Healthy Fish,7,current_freshwater-8e52eb831be7,,Healthy Fish|current_freshwater,2
kaptai-303959b57566,kaptai,data/raw/kaptai/Healthy Fish/healthy (29).jpg,Healthy Fish/healthy (29).jpg,Healthy Fish,Healthy Fish,7,current_freshwater-84e3363a1c94,,Healthy Fish|current_freshwater,2
roboflow-563bfbb9dafb,roboflow,data/raw/roboflow/test/Healthy Fish/Healthy-Fish-171-_jpg.rf.06ba9c02814270b5f555e2ad9901d400.jpg,test/Healthy Fish/Healthy-Fish-171-_jpg.rf.06ba9c02814270b5f555e2ad9901d400.jpg,Healthy Fish,Healthy Fish,7,current_freshwater-73a5f1ea0c19,,Healthy Fish|current_freshwater,2
roboflow-e5875b01dcf8,roboflow,data/raw/roboflow/train/Healthy Fish/Healthy-Fish-11-_jpg.rf.7477b16e098069151b5ecb438b2ec05d.jpg,train/Healthy Fish/Healthy-Fish-11-_jpg.rf.7477b16e098069151b5ecb438b2ec05d.jpg,Healthy Fish,Healthy Fish,7,roboflow-e5875b01dcf8,,Healthy Fish|roboflow,2
roboflow-12624c7a3e62,roboflow,data/raw/roboflow/train/Healthy Fish/Healthy-Fish-112-_jpg.rf.2e9a17e3e5267987e595c5efd0703476.jpg,train/Healthy Fish/Healthy-Fish-112-_jpg.rf.2e9a17e3e5267987e595c5efd0703476.jpg,Healthy Fish,Healthy Fish,7,roboflow-12624c7a3e62,,Healthy Fish|roboflow,2
roboflow-9db7411ae811,roboflow,data/raw/roboflow/train/Healthy Fish/Healthy-Fish-121-_jpg.rf.733282c5547f66a36043efa7b7a9df50.jpg,train/Healthy Fish/Healthy-Fish-121-_jpg.rf.733282c5547f66a36043efa7b7a9df50.jpg,Healthy Fish,Healthy Fish,7,roboflow-9db7411ae811,,Healthy Fish|roboflow,2
roboflow-5a7b61ad3e7d,roboflow,data/raw/roboflow/train/Healthy Fish/Healthy-Fish-138-_jpg.rf.a1f35b9fea3978a8eed0bdeecc96c23b.jpg,train/Healthy Fish/Healthy-Fish-138-_jpg.rf.a1f35b9fea3978a8eed0bdeecc96c23b.jpg,Healthy Fish,Healthy Fish,7,roboflow-5a7b61ad3e7d,,Healthy Fish|roboflow,2
roboflow-0e0ab801b09b,roboflow,data/raw/roboflow/train/Healthy Fish/Healthy-Fish-151-_jpg.rf.14bdddc64907278665bd8445967d5b41.jpg,train/Healthy Fish/Healthy-Fish-151-_jpg.rf.14bdddc64907278665bd8445967d5b41.jpg,Healthy Fish,Healthy Fish,7,roboflow-0e0ab801b09b,,Healthy Fish|roboflow,2
roboflow-a3dbe25009a0,roboflow,data/raw/roboflow/train/Healthy Fish/Healthy-Fish-166-_jpg.rf.59804a292803f68a4339df83738d8612.jpg,train/Healthy Fish/Healthy-Fish-166-_jpg.rf.59804a292803f68a4339df83738d8612.jpg,Healthy Fish,Healthy Fish,7,roboflow-5a7b61ad3e7d,,Healthy Fish|roboflow,2
roboflow-0ea3dda77c3a,roboflow,data/raw/roboflow/train/Healthy Fish/Healthy-Fish-63-_jpg.rf.91eb7536e106682ee4f30fc8780d3460.jpg,train/Healthy Fish/Healthy-Fish-63-_jpg.rf.91eb7536e106682ee4f30fc8780d3460.jpg,Healthy Fish,Healthy Fish,7,current_freshwater-c11abea7c313,,Healthy Fish|current_freshwater,2
roboflow-6fbec51089bd,roboflow,data/raw/roboflow/train/Healthy Fish/Healthy-Fish-97-_jpg.rf.f9c27bdd06f8b84fb62da77d8f67298a.jpg,train/Healthy Fish/Healthy-Fish-97-_jpg.rf.f9c27bdd06f8b84fb62da77d8f67298a.jpg,Healthy Fish,Healthy Fish,7,roboflow-6fbec51089bd,,Healthy Fish|roboflow,2
current_freshwater-39a0665eeb3f,current_freshwater,data/raw/current_freshwater/train_split/Bacterial Red disease/Bacterial Red disease_160.jpg,train_split/Bacterial Red disease/Bacterial Red disease_160.jpg,Bacterial Red disease,Bacterial Red Disease,0,current_freshwater-39a0665eeb3f,,Bacterial Red Disease|current_freshwater,3
current_freshwater-eb49ea198ea9,current_freshwater,data/raw/current_freshwater/train_split/Bacterial Red disease/Bacterial Red disease_174.jpg,train_split/Bacterial Red disease/Bacterial Red disease_174.jpg,Bacterial Red disease,Bacterial Red Disease,0,current_freshwater-eb49ea198ea9,,Bacterial Red Disease|current_freshwater,3
current_freshwater-12677702c174,current_freshwater,data/raw/current_freshwater/train_split/Bacterial Red disease/Bacterial Red disease_196.jpg,train_split/Bacterial Red disease/Bacterial Red disease_196.jpg,Bacterial Red disease,Bacterial Red Disease,0,current_freshwater-12677702c174,,Bacterial Red Disease|current_freshwater,3
current_freshwater-ff021bd921ac,current_freshwater,data/raw/current_freshwater/train_split/Bacterial Red disease/Bacterial Red disease_200.jpg,train_split/Bacterial Red disease/Bacterial Red disease_200.jpg,Bacterial Red disease,Bacterial Red Disease,0,current_freshwater-ff021bd921ac,,Bacterial Red Disease|current_freshwater,3
current_freshwater-7f3f4a21dd11,current_freshwater,data/raw/current_freshwater/train_split/Bacterial Red disease/Bacterial Red disease_202.jpg,train_split/Bacterial Red disease/Bacterial Red disease_202.jpg,Bacterial Red disease,Bacterial Red Disease,0,current_freshwater-7f3f4a21dd11,,Bacterial Red Disease|current_freshwater,3
current_freshwater-cea9e672259e,current_freshwater,data/raw/current_freshwater/train_split/Bacterial Red disease/Bacterial Red disease_209.jpg,train_split/Bacterial Red disease/Bacterial Red disease_209.jpg,Bacterial Red disease,Bacterial Red Disease,0,current_freshwater-cea9e672259e,,Bacterial Red Disease|current_freshwater,3
current_freshwater-4da539cd5ecd,current_freshwater,data/raw/current_freshwater/train_split/Bacterial Red disease/Bacterial Red disease_236.jpg,train_split/Bacterial Red disease/Bacterial Red disease_236.jpg,Bacterial Red disease,Bacterial Red Disease,0,current_freshwater-4da539cd5ecd,,Bacterial Red Disease|current_freshwater,3
current_freshwater-715b5954ba4e,current_freshwater,data/raw/current_freshwater/train_split/Bacterial Red disease/Bacterial Red disease_27.jpg,train_split/Bacterial Red disease/Bacterial Red disease_27.jpg,Bacterial Red disease,Bacterial Red Disease,0,current_freshwater-577698792adf,,Bacterial Red Disease|current_freshwater,3
current_freshwater-96f8cb49fe05,current_freshwater,data/raw/current_freshwater/train_split/Bacterial Red disease/Bacterial Red disease_62.jpg,train_split/Bacterial Red disease/Bacterial Red disease_62.jpg,Bacterial Red disease,Bacterial Red Disease,0,current_freshwater-0684bb3eab54,,Bacterial Red Disease|current_freshwater,3
current_freshwater-181f7bed59d9,current_freshwater,data/raw/current_freshwater/train_split/Bacterial Red disease/Bacterial Red disease_80.jpg,train_split/Bacterial Red disease/Bacterial Red disease_80.jpg,Bacterial Red disease,Bacterial Red Disease,0,current_freshwater-181f7bed59d9,,Bacterial Red Disease|current_freshwater,3
current_freshwater-d3f1d26e1602,current_freshwater,data/raw/current_freshwater/train_split/Bacterial Red disease/Bacterial Red disease_88.jpg,train_split/Bacterial Red disease/Bacterial Red disease_88.jpg,Bacterial Red disease,Bacterial Red Disease,0,current_freshwater-d3f1d26e1602,,Bacterial Red Disease|current_freshwater,3
current_freshwater-88d40b75a2d9,current_freshwater,data/raw/current_freshwater/train_split/Bacterial Red disease/Bacterial Red disease_95.jpg,train_split/Bacterial Red disease/Bacterial Red disease_95.jpg,Bacterial Red disease,Bacterial Red Disease,0,current_freshwater-88d40b75a2d9,,Bacterial Red Disease|current_freshwater,3
current_freshwater-a1a4238695bc,current_freshwater,data/raw/current_freshwater/train_split/Bacterial Red disease/Bacterial Red disease_aug_130.jpg,train_split/Bacterial Red disease/Bacterial Red disease_aug_130.jpg,Bacterial Red disease,Bacterial Red Disease,0,current_freshwater-a1a4238695bc,,Bacterial Red Disease|current_freshwater,3
current_freshwater-982db136860e,current_freshwater,data/raw/current_freshwater/train_split/Bacterial Red disease/Bacterial Red disease_aug_131.jpg,train_split/Bacterial Red disease/Bacterial Red disease_aug_131.jpg,Bacterial Red disease,Bacterial Red Disease,0,current_freshwater-982db136860e,,Bacterial Red Disease|current_freshwater,3
current_freshwater-af64d6744edc,current_freshwater,data/raw/current_freshwater/train_split/Bacterial Red disease/Bacterial Red disease_aug_140.jpg,train_split/Bacterial Red disease/Bacterial Red disease_aug_140.jpg,Bacterial Red disease,Bacterial Red Disease,0,current_freshwater-af64d6744edc,,Bacterial Red Disease|current_freshwater,3
current_freshwater-3be5b2496009,current_freshwater,data/raw/current_freshwater/train_split/Bacterial Red disease/Bacterial Red disease_aug_141.jpg,train_split/Bacterial Red disease/Bacterial Red disease_aug_141.jpg,Bacterial Red disease,Bacterial Red Disease,0,current_freshwater-3be5b2496009,,Bacterial Red Disease|current_freshwater,3
current_freshwater-15c487a05f58,current_freshwater,data/raw/current_freshwater/train_split/Bacterial Red disease/Bacterial Red disease_aug_147.jpg,train_split/Bacterial Red disease/Bacterial Red disease_aug_147.jpg,Bacterial Red disease,Bacterial Red Disease,0,current_freshwater-15c487a05f58,,Bacterial Red Disease|current_freshwater,3
current_freshwater-ba1586f3c149,current_freshwater,data/raw/current_freshwater/train_split/Bacterial Red disease/Bacterial Red disease_aug_155.jpg,train_split/Bacterial Red disease/Bacterial Red disease_aug_155.jpg,Bacterial Red disease,Bacterial Red Disease,0,current_freshwater-ba1586f3c149,,Bacterial Red Disease|current_freshwater,3
current_freshwater-577698792adf,current_freshwater,data/raw/current_freshwater/train_split/Bacterial Red disease/Bacterial Red disease_aug_207.jpg,train_split/Bacterial Red disease/Bacterial Red disease_aug_207.jpg,Bacterial Red disease,Bacterial Red Disease,0,current_freshwater-577698792adf,,Bacterial Red Disease|current_freshwater,3
current_freshwater-0d69b8c3aa87,current_freshwater,data/raw/current_freshwater/train_split/Bacterial Red disease/Bacterial Red disease_aug_228.jpg,train_split/Bacterial Red disease/Bacterial Red disease_aug_228.jpg,Bacterial Red disease,Bacterial Red Disease,0,current_freshwater-0d69b8c3aa87,,Bacterial Red Disease|current_freshwater,3
current_freshwater-0684bb3eab54,current_freshwater,data/raw/current_freshwater/train_split/Bacterial Red disease/Bacterial Red disease_aug_232.jpg,train_split/Bacterial Red disease/Bacterial Red disease_aug_232.jpg,Bacterial Red disease,Bacterial Red Disease,0,current_freshwater-0684bb3eab54,,Bacterial Red Disease|current_freshwater,3
current_freshwater-c1b4aa20d9cb,current_freshwater,data/raw/current_freshwater/train_split/Bacterial Red disease/Bacterial Red disease_aug_242.jpg,train_split/Bacterial Red disease/Bacterial Red disease_aug_242.jpg,Bacterial Red disease,Bacterial Red Disease,0,current_freshwater-c1b4aa20d9cb,,Bacterial Red Disease|current_freshwater,3
current_freshwater-2f1ac2c388a0,current_freshwater,data/raw/current_freshwater/train_split/Bacterial Red disease/Bacterial Red disease_aug_244.jpg,train_split/Bacterial Red disease/Bacterial Red disease_aug_244.jpg,Bacterial Red disease,Bacterial Red Disease,0,current_freshwater-2f1ac2c388a0,,Bacterial Red Disease|current_freshwater,3
current_freshwater-00013f40a2bf,current_freshwater,data/raw/current_freshwater/train_split/Bacterial Red disease/Bacterial Red disease_aug_246.jpg,train_split/Bacterial Red disease/Bacterial Red disease_aug_246.jpg,Bacterial Red disease,Bacterial Red Disease,0,current_freshwater-00013f40a2bf,,Bacterial Red Disease|current_freshwater,3
current_freshwater-c8de10dd0e5a,current_freshwater,data/raw/current_freshwater/train_split/Bacterial Red disease/Bacterial Red disease_aug_254.jpg,train_split/Bacterial Red disease/Bacterial Red disease_aug_254.jpg,Bacterial Red disease,Bacterial Red Disease,0,current_freshwater-c8de10dd0e5a,,Bacterial Red Disease|current_freshwater,3
current_freshwater-f880710c93ec,current_freshwater,data/raw/current_freshwater/train_split/Bacterial Red disease/Bacterial Red disease_aug_28.jpg,train_split/Bacterial Red disease/Bacterial Red disease_aug_28.jpg,Bacterial Red disease,Bacterial Red Disease,0,current_freshwater-39a0665eeb3f,,Bacterial Red Disease|current_freshwater,3
current_freshwater-4f50fd19e9fb,current_freshwater,data/raw/current_freshwater/train_split/Bacterial Red disease/Bacterial Red disease_aug_296.jpg,train_split/Bacterial Red disease/Bacterial Red disease_aug_296.jpg,Bacterial Red disease,Bacterial Red Disease,0,current_freshwater-4f50fd19e9fb,,Bacterial Red Disease|current_freshwater,3
current_freshwater-8f63b6d2732b,current_freshwater,data/raw/current_freshwater/train_split/Bacterial Red disease/Bacterial Red disease_aug_330.jpg,train_split/Bacterial Red disease/Bacterial Red disease_aug_330.jpg,Bacterial Red disease,Bacterial Red Disease,0,current_freshwater-8f63b6d2732b,,Bacterial Red Disease|current_freshwater,3
current_freshwater-ccf7e2ad44fc,current_freshwater,data/raw/current_freshwater/train_split/Bacterial Red disease/Bacterial Red disease_aug_37.jpg,train_split/Bacterial Red disease/Bacterial Red disease_aug_37.jpg,Bacterial Red disease,Bacterial Red Disease,0,current_freshwater-ccf7e2ad44fc,,Bacterial Red Disease|current_freshwater,3
current_freshwater-8be5337acbbb,current_freshwater,data/raw/current_freshwater/train_split/Bacterial Red disease/Bacterial Red disease_aug_44.jpg,train_split/Bacterial Red disease/Bacterial Red disease_aug_44.jpg,Bacterial Red disease,Bacterial Red Disease,0,current_freshwater-8be5337acbbb,,Bacterial Red Disease|current_freshwater,3
current_freshwater-cc4786e00387,current_freshwater,data/raw/current_freshwater/train_split/Bacterial Red disease/Bacterial Red disease_aug_51.jpg,train_split/Bacterial Red disease/Bacterial Red disease_aug_51.jpg,Bacterial Red disease,Bacterial Red Disease,0,current_freshwater-cc4786e00387,,Bacterial Red Disease|current_freshwater,3
current_freshwater-3eae55bd5b3f,current_freshwater,data/raw/current_freshwater/train_split/Bacterial Red disease/Bacterial Red disease_aug_87.jpg,train_split/Bacterial Red disease/Bacterial Red disease_aug_87.jpg,Bacterial Red disease,Bacterial Red Disease,0,current_freshwater-3eae55bd5b3f,,Bacterial Red Disease|current_freshwater,3
current_freshwater-5796f1ecd248,current_freshwater,data/raw/current_freshwater/train_split/Bacterial Red disease/Bacterial Red disease_aug_88.jpg,train_split/Bacterial Red disease/Bacterial Red disease_aug_88.jpg,Bacterial Red disease,Bacterial Red Disease,0,current_freshwater-5796f1ecd248,,Bacterial Red Disease|current_freshwater,3
roboflow-6a43716f77c6,roboflow,data/raw/roboflow/train/Bacterial Red disease/Bacterial-Red-disease-20-_jpg.rf.edcf8f3067f26e92f56283bda4d814f8.jpg,train/Bacterial Red disease/Bacterial-Red-disease-20-_jpg.rf.edcf8f3067f26e92f56283bda4d814f8.jpg,Bacterial Red disease,Bacterial Red Disease,0,roboflow-6a43716f77c6,,Bacterial Red Disease|roboflow,3
roboflow-a3c1becaf90a,roboflow,data/raw/roboflow/train/Bacterial Red disease/Bacterial-Red-disease-29-_jpg.rf.7f327eda99976b28f4ff54ae1eb0ee24.jpg,train/Bacterial Red disease/Bacterial-Red-disease-29-_jpg.rf.7f327eda99976b28f4ff54ae1eb0ee24.jpg,Bacterial Red disease,Bacterial Red Disease,0,current_freshwater-577698792adf,,Bacterial Red Disease|current_freshwater,3
roboflow-e74f883a55c3,roboflow,data/raw/roboflow/train/Bacterial Red disease/Bacterial-Red-disease-30-_jpg.rf.abfc5f06d453358903cf5e8b3892d254.jpg,train/Bacterial Red disease/Bacterial-Red-disease-30-_jpg.rf.abfc5f06d453358903cf5e8b3892d254.jpg,Bacterial Red disease,Bacterial Red Disease,0,roboflow-6a43716f77c6,,Bacterial Red Disease|roboflow,3
roboflow-5de661fd8a2d,roboflow,data/raw/roboflow/train/Bacterial Red disease/Bacterial-Red-disease-9-_jpg.rf.68a4edab3bd61541d2a0868819b6709f.jpg,train/Bacterial Red disease/Bacterial-Red-disease-9-_jpg.rf.68a4edab3bd61541d2a0868819b6709f.jpg,Bacterial Red disease,Bacterial Red Disease,0,current_freshwater-181f7bed59d9,,Bacterial Red Disease|current_freshwater,3
current_freshwater-005f5f6fefac,current_freshwater,data/raw/current_freshwater/test_split/Bacterial diseases - Aeromoniasis_Bacterial diseases - Aeromoniasis_113.jpg,test_split/Bacterial diseases - Aeromoniasis_Bacterial diseases - Aeromoniasis_113.jpg,Bacterial diseases - Aeromoniasis,Aeromoniasis,1,current_freshwater-005f5f6fefac,,Aeromoniasis|current_freshwater,3
current_freshwater-e6f24e7acba2,current_freshwater,data/raw/current_freshwater/test_split/Bacterial diseases - Aeromoniasis_Bacterial diseases - Aeromoniasis_116.jpg,test_split/Bacterial diseases - Aeromoniasis_Bacterial diseases - Aeromoniasis_116.jpg,Bacterial diseases - Aeromoniasis,Aeromoniasis,1,current_freshwater-e6f24e7acba2,,Aeromoniasis|current_freshwater,3
current_freshwater-107aafb81902,current_freshwater,data/raw/current_freshwater/test_split/Bacterial diseases - Aeromoniasis_Bacterial diseases - Aeromoniasis_122.jpg,test_split/Bacterial diseases - Aeromoniasis_Bacterial diseases - Aeromoniasis_122.jpg,Bacterial diseases - Aeromoniasis,Aeromoniasis,1,current_freshwater-107aafb81902,,Aeromoniasis|current_freshwater,3
current_freshwater-520df61fd139,current_freshwater,data/raw/current_freshwater/test_split/Bacterial diseases - Aeromoniasis_Bacterial diseases - Aeromoniasis_144.jpg,test_split/Bacterial diseases - Aeromoniasis_Bacterial diseases - Aeromoniasis_144.jpg,Bacterial diseases - Aeromoniasis,Aeromoniasis,1,current_freshwater-520df61fd139,,Aeromoniasis|current_freshwater,3
current_freshwater-c906334ee960,current_freshwater,data/raw/current_freshwater/test_split/Bacterial diseases - Aeromoniasis_Bacterial diseases - Aeromoniasis_161.jpg,test_split/Bacterial diseases - Aeromoniasis_Bacterial diseases - Aeromoniasis_161.jpg,Bacterial diseases - Aeromoniasis,Aeromoniasis,1,current_freshwater-c906334ee960,,Aeromoniasis|current_freshwater,3
current_freshwater-4a69498a3dc4,current_freshwater,data/raw/current_freshwater/test_split/Bacterial diseases - Aeromoniasis_Bacterial diseases - Aeromoniasis_212.jpg,test_split/Bacterial diseases - Aeromoniasis_Bacterial diseases - Aeromoniasis_212.jpg,Bacterial diseases - Aeromoniasis,Aeromoniasis,1,current_freshwater-4a69498a3dc4,,Aeromoniasis|current_freshwater,3
current_freshwater-492a2ed2f29f,current_freshwater,data/raw/current_freshwater/test_split/Bacterial diseases - Aeromoniasis_Bacterial diseases - Aeromoniasis_225.jpg,test_split/Bacterial diseases - Aeromoniasis_Bacterial diseases - Aeromoniasis_225.jpg,Bacterial diseases - Aeromoniasis,Aeromoniasis,1,current_freshwater-492a2ed2f29f,,Aeromoniasis|current_freshwater,3
current_freshwater-39ec9279d9e2,current_freshwater,data/raw/current_freshwater/test_split/Bacterial diseases - Aeromoniasis_Bacterial diseases - Aeromoniasis_49.jpg,test_split/Bacterial diseases - Aeromoniasis_Bacterial diseases - Aeromoniasis_49.jpg,Bacterial diseases - Aeromoniasis,Aeromoniasis,1,current_freshwater-39ec9279d9e2,,Aeromoniasis|current_freshwater,3
current_freshwater-64427a2cac11,current_freshwater,data/raw/current_freshwater/test_split/Bacterial diseases - Aeromoniasis_Bacterial diseases - Aeromoniasis_92.jpg,test_split/Bacterial diseases - Aeromoniasis_Bacterial diseases - Aeromoniasis_92.jpg,Bacterial diseases - Aeromoniasis,Aeromoniasis,1,current_freshwater-64427a2cac11,,Aeromoniasis|current_freshwater,3
current_freshwater-8caccef444db,current_freshwater,data/raw/current_freshwater/train_split/Bacterial diseases - Aeromoniasis/Bacterial diseases - Aeromoniasis_107.jpg,train_split/Bacterial diseases - Aeromoniasis/Bacterial diseases - Aeromoniasis_107.jpg,Bacterial diseases - Aeromoniasis,Aeromoniasis,1,current_freshwater-8caccef444db,,Aeromoniasis|current_freshwater,3
current_freshwater-c179bea8305d,current_freshwater,data/raw/current_freshwater/train_split/Bacterial diseases - Aeromoniasis/Bacterial diseases - Aeromoniasis_117.jpg,train_split/Bacterial diseases - Aeromoniasis/Bacterial diseases - Aeromoniasis_117.jpg,Bacterial diseases - Aeromoniasis,Aeromoniasis,1,current_freshwater-c179bea8305d,,Aeromoniasis|current_freshwater,3
current_freshwater-04795373bb67,current_freshwater,data/raw/current_freshwater/train_split/Bacterial diseases - Aeromoniasis/Bacterial diseases - Aeromoniasis_12.jpg,train_split/Bacterial diseases - Aeromoniasis/Bacterial diseases - Aeromoniasis_12.jpg,Bacterial diseases - Aeromoniasis,Aeromoniasis,1,current_freshwater-04795373bb67,,Aeromoniasis|current_freshwater,3
current_freshwater-7f08daab0c4b,current_freshwater,data/raw/current_freshwater/train_split/Bacterial diseases - Aeromoniasis/Bacterial diseases - Aeromoniasis_126.jpg,train_split/Bacterial diseases - Aeromoniasis/Bacterial diseases - Aeromoniasis_126.jpg,Bacterial diseases - Aeromoniasis,Aeromoniasis,1,current_freshwater-7f08daab0c4b,,Aeromoniasis|current_freshwater,3
current_freshwater-d06697fdca02,current_freshwater,data/raw/current_freshwater/train_split/Bacterial diseases - Aeromoniasis/Bacterial diseases - Aeromoniasis_136.jpg,train_split/Bacterial diseases - Aeromoniasis/Bacterial diseases - Aeromoniasis_136.jpg,Bacterial diseases - Aeromoniasis,Aeromoniasis,1,current_freshwater-d06697fdca02,,Aeromoniasis|current_freshwater,3
current_freshwater-7414c56cec1e,current_freshwater,data/raw/current_freshwater/train_split/Bacterial diseases - Aeromoniasis/Bacterial diseases - Aeromoniasis_177.jpg,train_split/Bacterial diseases - Aeromoniasis/Bacterial diseases - Aeromoniasis_177.jpg,Bacterial diseases - Aeromoniasis,Aeromoniasis,1,current_freshwater-7414c56cec1e,,Aeromoniasis|current_freshwater,3
current_freshwater-e23cf1c55f24,current_freshwater,data/raw/current_freshwater/train_split/Bacterial diseases - Aeromoniasis/Bacterial diseases - Aeromoniasis_194.jpg,train_split/Bacterial diseases - Aeromoniasis/Bacterial diseases - Aeromoniasis_194.jpg,Bacterial diseases - Aeromoniasis,Aeromoniasis,1,current_freshwater-e23cf1c55f24,,Aeromoniasis|current_freshwater,3
current_freshwater-6cdeb580187b,current_freshwater,data/raw/current_freshwater/train_split/Bacterial diseases - Aeromoniasis/Bacterial diseases - Aeromoniasis_223.jpg,train_split/Bacterial diseases - Aeromoniasis/Bacterial diseases - Aeromoniasis_223.jpg,Bacterial diseases - Aeromoniasis,Aeromoniasis,1,current_freshwater-6cdeb580187b,,Aeromoniasis|current_freshwater,3
current_freshwater-f2d0aa840a05,current_freshwater,data/raw/current_freshwater/train_split/Bacterial diseases - Aeromoniasis/Bacterial diseases - Aeromoniasis_24.jpg,train_split/Bacterial diseases - Aeromoniasis/Bacterial diseases - Aeromoniasis_24.jpg,Bacterial diseases - Aeromoniasis,Aeromoniasis,1,current_freshwater-f2d0aa840a05,,Aeromoniasis|current_freshwater,3
current_freshwater-28da08fe2313,current_freshwater,data/raw/current_freshwater/train_split/Bacterial diseases - Aeromoniasis/Bacterial diseases - Aeromoniasis_250.jpg,train_split/Bacterial diseases - Aeromoniasis/Bacterial diseases - Aeromoniasis_250.jpg,Bacterial diseases - Aeromoniasis,Aeromoniasis,1,current_freshwater-28da08fe2313,,Aeromoniasis|current_freshwater,3
current_freshwater-afda2198b15b,current_freshwater,data/raw/current_freshwater/train_split/Bacterial diseases - Aeromoniasis/Bacterial diseases - Aeromoniasis_28.jpg,train_split/Bacterial diseases - Aeromoniasis/Bacterial diseases - Aeromoniasis_28.jpg,Bacterial diseases - Aeromoniasis,Aeromoniasis,1,current_freshwater-afda2198b15b,,Aeromoniasis|current_freshwater,3
current_freshwater-f2ed71d72da2,current_freshwater,data/raw/current_freshwater/train_split/Bacterial diseases - Aeromoniasis/Bacterial diseases - Aeromoniasis_47.jpg,train_split/Bacterial diseases - Aeromoniasis/Bacterial diseases - Aeromoniasis_47.jpg,Bacterial diseases - Aeromoniasis,Aeromoniasis,1,current_freshwater-a7024a326c90,,Aeromoniasis|current_freshwater,3
current_freshwater-fbb257aec600,current_freshwater,data/raw/current_freshwater/train_split/Bacterial diseases - Aeromoniasis/Bacterial diseases - Aeromoniasis_52.jpg,train_split/Bacterial diseases - Aeromoniasis/Bacterial diseases - Aeromoniasis_52.jpg,Bacterial diseases - Aeromoniasis,Aeromoniasis,1,current_freshwater-fbb257aec600,,Aeromoniasis|current_freshwater,3
current_freshwater-3cffad9b250a,current_freshwater,data/raw/current_freshwater/train_split/Bacterial diseases - Aeromoniasis/Bacterial diseases - Aeromoniasis_66.jpg,train_split/Bacterial diseases - Aeromoniasis/Bacterial diseases - Aeromoniasis_66.jpg,Bacterial diseases - Aeromoniasis,Aeromoniasis,1,current_freshwater-3cffad9b250a,,Aeromoniasis|current_freshwater,3
current_freshwater-edd6cc65ab54,current_freshwater,data/raw/current_freshwater/train_split/Bacterial diseases - Aeromoniasis/Bacterial diseases - Aeromoniasis_67.jpg,train_split/Bacterial diseases - Aeromoniasis/Bacterial diseases - Aeromoniasis_67.jpg,Bacterial diseases - Aeromoniasis,Aeromoniasis,1,current_freshwater-edd6cc65ab54,,Aeromoniasis|current_freshwater,3
current_freshwater-7f5681391c77,current_freshwater,data/raw/current_freshwater/train_split/Bacterial diseases - Aeromoniasis/Bacterial diseases - Aeromoniasis_96.jpg,train_split/Bacterial diseases - Aeromoniasis/Bacterial diseases - Aeromoniasis_96.jpg,Bacterial diseases - Aeromoniasis,Aeromoniasis,1,current_freshwater-7f5681391c77,,Aeromoniasis|current_freshwater,3
current_freshwater-269291cf494a,current_freshwater,data/raw/current_freshwater/train_split/Bacterial diseases - Aeromoniasis/Bacterial diseases - Aeromoniasis_aug_107.jpg,train_split/Bacterial diseases - Aeromoniasis/Bacterial diseases - Aeromoniasis_aug_107.jpg,Bacterial diseases - Aeromoniasis,Aeromoniasis,1,current_freshwater-269291cf494a,,Aeromoniasis|current_freshwater,3
current_freshwater-59f8bc269260,current_freshwater,data/raw/current_freshwater/train_split/Bacterial diseases - Aeromoniasis/Bacterial diseases - Aeromoniasis_aug_141.jpg,train_split/Bacterial diseases - Aeromoniasis/Bacterial diseases - Aeromoniasis_aug_141.jpg,Bacterial diseases - Aeromoniasis,Aeromoniasis,1,current_freshwater-59f8bc269260,,Aeromoniasis|current_freshwater,3
current_freshwater-168fef229b7b,current_freshwater,data/raw/current_freshwater/train_split/Bacterial diseases - Aeromoniasis/Bacterial diseases - Aeromoniasis_aug_142.jpg,train_split/Bacterial diseases - Aeromoniasis/Bacterial diseases - Aeromoniasis_aug_142.jpg,Bacterial diseases - Aeromoniasis,Aeromoniasis,1,current_freshwater-168fef229b7b,,Aeromoniasis|current_freshwater,3
current_freshwater-c851cda2a956,current_freshwater,data/raw/current_freshwater/train_split/Bacterial diseases - Aeromoniasis/Bacterial diseases - Aeromoniasis_aug_253.jpg,train_split/Bacterial diseases - Aeromoniasis/Bacterial diseases - Aeromoniasis_aug_253.jpg,Bacterial diseases - Aeromoniasis,Aeromoniasis,1,current_freshwater-a7024a326c90,,Aeromoniasis|current_freshwater,3
current_freshwater-a7024a326c90,current_freshwater,data/raw/current_freshwater/train_split/Bacterial diseases - Aeromoniasis/Bacterial diseases - Aeromoniasis_aug_26.jpg,train_split/Bacterial diseases - Aeromoniasis/Bacterial diseases - Aeromoniasis_aug_26.jpg,Bacterial diseases - Aeromoniasis,Aeromoniasis,1,current_freshwater-a7024a326c90,,Aeromoniasis|current_freshwater,3
current_freshwater-5013f5b2879c,current_freshwater,data/raw/current_freshwater/train_split/Bacterial diseases - Aeromoniasis/Bacterial diseases - Aeromoniasis_aug_266.jpg,train_split/Bacterial diseases - Aeromoniasis/Bacterial diseases - Aeromoniasis_aug_266.jpg,Bacterial diseases - Aeromoniasis,Aeromoniasis,1,current_freshwater-5013f5b2879c,,Aeromoniasis|current_freshwater,3
current_freshwater-13765e566b45,current_freshwater,data/raw/current_freshwater/train_split/Bacterial diseases - Aeromoniasis/Bacterial diseases - Aeromoniasis_aug_32.jpg,train_split/Bacterial diseases - Aeromoniasis/Bacterial diseases - Aeromoniasis_aug_32.jpg,Bacterial diseases - Aeromoniasis,Aeromoniasis,1,current_freshwater-13765e566b45,,Aeromoniasis|current_freshwater,3
current_freshwater-f99d3f4a0cc2,current_freshwater,data/raw/current_freshwater/train_split/Bacterial diseases - Aeromoniasis/Bacterial diseases - Aeromoniasis_aug_43.jpg,train_split/Bacterial diseases - Aeromoniasis/Bacterial diseases - Aeromoniasis_aug_43.jpg,Bacterial diseases - Aeromoniasis,Aeromoniasis,1,current_freshwater-f99d3f4a0cc2,,Aeromoniasis|current_freshwater,3
current_freshwater-5fcf93e9a0db,current_freshwater,data/raw/current_freshwater/train_split/Bacterial diseases - Aeromoniasis/Bacterial diseases - Aeromoniasis_aug_66.jpg,train_split/Bacterial diseases - Aeromoniasis/Bacterial diseases - Aeromoniasis_aug_66.jpg,Bacterial diseases - Aeromoniasis,Aeromoniasis,1,current_freshwater-28da08fe2313,,Aeromoniasis|current_freshwater,3
current_freshwater-896bb8eb7aee,current_freshwater,data/raw/current_freshwater/train_split/Bacterial diseases - Aeromoniasis/Bacterial diseases - Aeromoniasis_aug_78.jpg,train_split/Bacterial diseases - Aeromoniasis/Bacterial diseases - Aeromoniasis_aug_78.jpg,Bacterial diseases - Aeromoniasis,Aeromoniasis,1,current_freshwater-896bb8eb7aee,,Aeromoniasis|current_freshwater,3
roboflow-322450d9ef0f,roboflow,data/raw/roboflow/test/Bacterial diseases - Aeromoniasis/Bacterial-diseases-Aeromoniasis-17-_jpg.rf.e656c23c6dc33e5585e0f7bb7693023e.jpg,test/Bacterial diseases - Aeromoniasis/Bacterial-diseases-Aeromoniasis-17-_jpg.rf.e656c23c6dc33e5585e0f7bb7693023e.jpg,Bacterial diseases - Aeromoniasis,Aeromoniasis,1,roboflow-139694494ab3,,Aeromoniasis|roboflow,3
roboflow-139694494ab3,roboflow,data/raw/roboflow/test/Bacterial diseases - Aeromoniasis/Bacterial-diseases-Aeromoniasis-35-_jpg.rf.e16f9491f6e1f65727d772f595c7caf5.jpg,test/Bacterial diseases - Aeromoniasis/Bacterial-diseases-Aeromoniasis-35-_jpg.rf.e16f9491f6e1f65727d772f595c7caf5.jpg,Bacterial diseases - Aeromoniasis,Aeromoniasis,1,roboflow-139694494ab3,,Aeromoniasis|roboflow,3
roboflow-7c463da16621,roboflow,data/raw/roboflow/train/Bacterial diseases - Aeromoniasis/Bacterial-diseases-Aeromoniasis-19-_jpg.rf.a91115bc7e8e63cf2817a079d8cd8fc4.jpg,train/Bacterial diseases - Aeromoniasis/Bacterial-diseases-Aeromoniasis-19-_jpg.rf.a91115bc7e8e63cf2817a079d8cd8fc4.jpg,Bacterial diseases - Aeromoniasis,Aeromoniasis,1,current_freshwater-64427a2cac11,,Aeromoniasis|current_freshwater,3
roboflow-b2d99123a10b,roboflow,data/raw/roboflow/train/Bacterial diseases - Aeromoniasis/Bacterial-diseases-Aeromoniasis-40-_jpg.rf.ba1814f055338aa25eec49edb5e430f6.jpg,train/Bacterial diseases - Aeromoniasis/Bacterial-diseases-Aeromoniasis-40-_jpg.rf.ba1814f055338aa25eec49edb5e430f6.jpg,Bacterial diseases - Aeromoniasis,Aeromoniasis,1,current_freshwater-7414c56cec1e,,Aeromoniasis|current_freshwater,3
current_freshwater-ae18c17ffa04,current_freshwater,data/raw/current_freshwater/test_split/Bacterial gill disease_Bacterial gill disease_158.jpg,test_split/Bacterial gill disease_Bacterial gill disease_158.jpg,Bacterial gill disease,Bacterial Gill Disease,2,current_freshwater-ae18c17ffa04,,Bacterial Gill Disease|current_freshwater,3
current_freshwater-a7e59e16b16f,current_freshwater,data/raw/current_freshwater/test_split/Bacterial gill disease_Bacterial gill disease_172.jpg,test_split/Bacterial gill disease_Bacterial gill disease_172.jpg,Bacterial gill disease,Bacterial Gill Disease,2,current_freshwater-a7e59e16b16f,,Bacterial Gill Disease|current_freshwater,3
current_freshwater-d745af213b62,current_freshwater,data/raw/current_freshwater/test_split/Bacterial gill disease_Bacterial gill disease_288.jpg,test_split/Bacterial gill disease_Bacterial gill disease_288.jpg,Bacterial gill disease,Bacterial Gill Disease,2,current_freshwater-d745af213b62,,Bacterial Gill Disease|current_freshwater,3
current_freshwater-f661184b44b7,current_freshwater,data/raw/current_freshwater/test_split/Bacterial gill disease_Bacterial gill disease_35.png,test_split/Bacterial gill disease_Bacterial gill disease_35.png,Bacterial gill disease,Bacterial Gill Disease,2,current_freshwater-f661184b44b7,,Bacterial Gill Disease|current_freshwater,3
current_freshwater-b9ab80db14b9,current_freshwater,data/raw/current_freshwater/test_split/Bacterial gill disease_Bacterial gill disease_61.jpg,test_split/Bacterial gill disease_Bacterial gill disease_61.jpg,Bacterial gill disease,Bacterial Gill Disease,2,current_freshwater-b9ab80db14b9,,Bacterial Gill Disease|current_freshwater,3
current_freshwater-081b3d858683,current_freshwater,data/raw/current_freshwater/train_split/Bacterial gill disease/Bacterial gill disease_100.jpg,train_split/Bacterial gill disease/Bacterial gill disease_100.jpg,Bacterial gill disease,Bacterial Gill Disease,2,current_freshwater-081b3d858683,,Bacterial Gill Disease|current_freshwater,3
current_freshwater-5d5b89cf4063,current_freshwater,data/raw/current_freshwater/train_split/Bacterial gill disease/Bacterial gill disease_119.jpg,train_split/Bacterial gill disease/Bacterial gill disease_119.jpg,Bacterial gill disease,Bacterial Gill Disease,2,current_freshwater-5d5b89cf4063,,Bacterial Gill Disease|current_freshwater,3
current_freshwater-987db00161d0,current_freshwater,data/raw/current_freshwater/train_split/Bacterial gill disease/Bacterial gill disease_137.jpg,train_split/Bacterial gill disease/Bacterial gill disease_137.jpg,Bacterial gill disease,Bacterial Gill Disease,2,current_freshwater-987db00161d0,,Bacterial Gill Disease|current_freshwater,3
current_freshwater-03a16b3f3f1e,current_freshwater,data/raw/current_freshwater/train_split/Bacterial gill disease/Bacterial gill disease_152.jpg,train_split/Bacterial gill disease/Bacterial gill disease_152.jpg,Bacterial gill disease,Bacterial Gill Disease,2,current_freshwater-03a16b3f3f1e,,Bacterial Gill Disease|current_freshwater,3
current_freshwater-01110cea3aa0,current_freshwater,data/raw/current_freshwater/train_split/Bacterial gill disease/Bacterial gill disease_199.jpg,train_split/Bacterial gill disease/Bacterial gill disease_199.jpg,Bacterial gill disease,Bacterial Gill Disease,2,current_freshwater-01110cea3aa0,,Bacterial Gill Disease|current_freshwater,3
current_freshwater-6bdcb45f53dd,current_freshwater,data/raw/current_freshwater/train_split/Bacterial gill disease/Bacterial gill disease_217.jpg,train_split/Bacterial gill disease/Bacterial gill disease_217.jpg,Bacterial gill disease,Bacterial Gill Disease,2,current_freshwater-6bdcb45f53dd,,Bacterial Gill Disease|current_freshwater,3
current_freshwater-6b1156d08dbb,current_freshwater,data/raw/current_freshwater/train_split/Bacterial gill disease/Bacterial gill disease_220.jpg,train_split/Bacterial gill disease/Bacterial gill disease_220.jpg,Bacterial gill disease,Bacterial Gill Disease,2,current_freshwater-6b1156d08dbb,,Bacterial Gill Disease|current_freshwater,3
current_freshwater-a534a57cf425,current_freshwater,data/raw/current_freshwater/train_split/Bacterial gill disease/Bacterial gill disease_225.jpg,train_split/Bacterial gill disease/Bacterial gill disease_225.jpg,Bacterial gill disease,Bacterial Gill Disease,2,current_freshwater-a534a57cf425,,Bacterial Gill Disease|current_freshwater,3
current_freshwater-1655291dad19,current_freshwater,data/raw/current_freshwater/train_split/Bacterial gill disease/Bacterial gill disease_226.jpg,train_split/Bacterial gill disease/Bacterial gill disease_226.jpg,Bacterial gill disease,Bacterial Gill Disease,2,current_freshwater-1655291dad19,,Bacterial Gill Disease|current_freshwater,3
current_freshwater-636b18e22e6d,current_freshwater,data/raw/current_freshwater/train_split/Bacterial gill disease/Bacterial gill disease_263.jpg,train_split/Bacterial gill disease/Bacterial gill disease_263.jpg,Bacterial gill disease,Bacterial Gill Disease,2,current_freshwater-636b18e22e6d,,Bacterial Gill Disease|current_freshwater,3
current_freshwater-f017a749e97e,current_freshwater,data/raw/current_freshwater/train_split/Bacterial gill disease/Bacterial gill disease_265.jpg,train_split/Bacterial gill disease/Bacterial gill disease_265.jpg,Bacterial gill disease,Bacterial Gill Disease,2,current_freshwater-f017a749e97e,,Bacterial Gill Disease|current_freshwater,3
current_freshwater-6080123b66b4,current_freshwater,data/raw/current_freshwater/train_split/Bacterial gill disease/Bacterial gill disease_271.jpg,train_split/Bacterial gill disease/Bacterial gill disease_271.jpg,Bacterial gill disease,Bacterial Gill Disease,2,current_freshwater-6080123b66b4,,Bacterial Gill Disease|current_freshwater,3
current_freshwater-9b502d4bbb30,current_freshwater,data/raw/current_freshwater/train_split/Bacterial gill disease/Bacterial gill disease_274.jpg,train_split/Bacterial gill disease/Bacterial gill disease_274.jpg,Bacterial gill disease,Bacterial Gill Disease,2,current_freshwater-9b502d4bbb30,,Bacterial Gill Disease|current_freshwater,3
current_freshwater-52b597d83846,current_freshwater,data/raw/current_freshwater/train_split/Bacterial gill disease/Bacterial gill disease_359.jpg,train_split/Bacterial gill disease/Bacterial gill disease_359.jpg,Bacterial gill disease,Bacterial Gill Disease,2,current_freshwater-52b597d83846,,Bacterial Gill Disease|current_freshwater,3
current_freshwater-16147274aa94,current_freshwater,data/raw/current_freshwater/train_split/Bacterial gill disease/Bacterial gill disease_45.jpg,train_split/Bacterial gill disease/Bacterial gill disease_45.jpg,Bacterial gill disease,Bacterial Gill Disease,2,current_freshwater-16147274aa94,,Bacterial Gill Disease|roboflow,3
current_freshwater-d74771cd0f30,current_freshwater,data/raw/current_freshwater/train_split/Bacterial gill disease/Bacterial gill disease_71.jpg,train_split/Bacterial gill disease/Bacterial gill disease_71.jpg,Bacterial gill disease,Bacterial Gill Disease,2,current_freshwater-179b9a61738d,,Bacterial Gill Disease|current_freshwater,3
current_freshwater-d986ad9cc312,current_freshwater,data/raw/current_freshwater/train_split/Bacterial gill disease/Bacterial gill disease_84.jpg,train_split/Bacterial gill disease/Bacterial gill disease_84.jpg,Bacterial gill disease,Bacterial Gill Disease,2,current_freshwater-d986ad9cc312,,Bacterial Gill Disease|current_freshwater,3
current_freshwater-f2b0fe9fddd4,current_freshwater,data/raw/current_freshwater/train_split/Bacterial gill disease/Bacterial gill disease_aug_116.jpg,train_split/Bacterial gill disease/Bacterial gill disease_aug_116.jpg,Bacterial gill disease,Bacterial Gill Disease,2,current_freshwater-f2b0fe9fddd4,,Bacterial Gill Disease|current_freshwater,3
current_freshwater-d47d1636b1e3,current_freshwater,data/raw/current_freshwater/train_split/Bacterial gill disease/Bacterial gill disease_aug_125.jpg,train_split/Bacterial gill disease/Bacterial gill disease_aug_125.jpg,Bacterial gill disease,Bacterial Gill Disease,2,current_freshwater-5d5b89cf4063,,Bacterial Gill Disease|current_freshwater,3
current_freshwater-8f223f59099f,current_freshwater,data/raw/current_freshwater/train_split/Bacterial gill disease/Bacterial gill disease_aug_13.jpg,train_split/Bacterial gill disease/Bacterial gill disease_aug_13.jpg,Bacterial gill disease,Bacterial Gill Disease,2,current_freshwater-8f223f59099f,,Bacterial Gill Disease|current_freshwater,3
current_freshwater-194fbf1b1e35,current_freshwater,data/raw/current_freshwater/train_split/Bacterial gill disease/Bacterial gill disease_aug_138.jpg,train_split/Bacterial gill disease/Bacterial gill disease_aug_138.jpg,Bacterial gill disease,Bacterial Gill Disease,2,current_freshwater-194fbf1b1e35,,Bacterial Gill Disease|current_freshwater,3
current_freshwater-0070002115ec,current_freshwater,data/raw/current_freshwater/train_split/Bacterial gill disease/Bacterial gill disease_aug_160.jpg,train_split/Bacterial gill disease/Bacterial gill disease_aug_160.jpg,Bacterial gill disease,Bacterial Gill Disease,2,current_freshwater-0070002115ec,,Bacterial Gill Disease|current_freshwater,3
current_freshwater-2b7907c521e8,current_freshwater,data/raw/current_freshwater/train_split/Bacterial gill disease/Bacterial gill disease_aug_167.jpg,train_split/Bacterial gill disease/Bacterial gill disease_aug_167.jpg,Bacterial gill disease,Bacterial Gill Disease,2,current_freshwater-2b7907c521e8,,Bacterial Gill Disease|current_freshwater,3
current_freshwater-f8b257624c86,current_freshwater,data/raw/current_freshwater/train_split/Bacterial gill disease/Bacterial gill disease_aug_197.jpg,train_split/Bacterial gill disease/Bacterial gill disease_aug_197.jpg,Bacterial gill disease,Bacterial Gill Disease,2,current_freshwater-f8b257624c86,,Bacterial Gill Disease|current_freshwater,3
current_freshwater-4080d85d13e0,current_freshwater,data/raw/current_freshwater/train_split/Bacterial gill disease/Bacterial gill disease_aug_209.jpg,train_split/Bacterial gill disease/Bacterial gill disease_aug_209.jpg,Bacterial gill disease,Bacterial Gill Disease,2,current_freshwater-4080d85d13e0,,Bacterial Gill Disease|current_freshwater,3
current_freshwater-179b9a61738d,current_freshwater,data/raw/current_freshwater/train_split/Bacterial gill disease/Bacterial gill disease_aug_211.jpg,train_split/Bacterial gill disease/Bacterial gill disease_aug_211.jpg,Bacterial gill disease,Bacterial Gill Disease,2,current_freshwater-179b9a61738d,,Bacterial Gill Disease|current_freshwater,3
current_freshwater-800e3718d046,current_freshwater,data/raw/current_freshwater/train_split/Bacterial gill disease/Bacterial gill disease_aug_241.jpg,train_split/Bacterial gill disease/Bacterial gill disease_aug_241.jpg,Bacterial gill disease,Bacterial Gill Disease,2,current_freshwater-800e3718d046,,Bacterial Gill Disease|current_freshwater,3
current_freshwater-e7f74351a66a,current_freshwater,data/raw/current_freshwater/train_split/Bacterial gill disease/Bacterial gill disease_aug_36.jpg,train_split/Bacterial gill disease/Bacterial gill disease_aug_36.jpg,Bacterial gill disease,Bacterial Gill Disease,2,current_freshwater-e7f74351a66a,,Bacterial Gill Disease|current_freshwater,3
current_freshwater-95cd8cd18487,current_freshwater,data/raw/current_freshwater/train_split/Bacterial gill disease/Bacterial gill disease_aug_44.jpg,train_split/Bacterial gill disease/Bacterial gill disease_aug_44.jpg,Bacterial gill disease,Bacterial Gill Disease,2,current_freshwater-01110cea3aa0,,Bacterial Gill Disease|current_freshwater,3
current_freshwater-d31fea63207c,current_freshwater,data/raw/current_freshwater/train_split/Bacterial gill disease/Bacterial gill disease_aug_60.jpg,train_split/Bacterial gill disease/Bacterial gill disease_aug_60.jpg,Bacterial gill disease,Bacterial Gill Disease,2,current_freshwater-d31fea63207c,,Bacterial Gill Disease|current_freshwater,3
current_freshwater-910cfedfc7ce,current_freshwater,data/raw/current_freshwater/train_split/Bacterial gill disease/Bacterial gill disease_aug_86.jpg,train_split/Bacterial gill disease/Bacterial gill disease_aug_86.jpg,Bacterial gill disease,Bacterial Gill Disease,2,current_freshwater-636b18e22e6d,,Bacterial Gill Disease|current_freshwater,3
current_freshwater-f44a52226040,current_freshwater,data/raw/current_freshwater/train_split/Bacterial gill disease/Bacterial gill disease_aug_95.jpg,train_split/Bacterial gill disease/Bacterial gill disease_aug_95.jpg,Bacterial gill disease,Bacterial Gill Disease,2,current_freshwater-179b9a61738d,,Bacterial Gill Disease|current_freshwater,3
roboflow-c2f553d403a1,roboflow,data/raw/roboflow/test/Bacterial gill disease/Bacterial-gill-disease-16-_jpg.rf.b6cf3b6ad29fc297061ca1462eba2b80.jpg,test/Bacterial gill disease/Bacterial-gill-disease-16-_jpg.rf.b6cf3b6ad29fc297061ca1462eba2b80.jpg,Bacterial gill disease,Bacterial Gill Disease,2,roboflow-c2f553d403a1,,Bacterial Gill Disease|roboflow,3
roboflow-d1a053d80943,roboflow,data/raw/roboflow/train/Bacterial gill disease/Bacterial-gill-disease-33-_jpg.rf.b1333fe611a6c8d508a5659d62b5946a.jpg,train/Bacterial gill disease/Bacterial-gill-disease-33-_jpg.rf.b1333fe611a6c8d508a5659d62b5946a.jpg,Bacterial gill disease,Bacterial Gill Disease,2,current_freshwater-16147274aa94,,Bacterial Gill Disease|roboflow,3
roboflow-3d8f75360b70,roboflow,data/raw/roboflow/train/Bacterial gill disease/Bacterial-gill-disease-8-_jpeg.rf.0715fc8a6b5886afc1c14daf6a597209.jpg,train/Bacterial gill disease/Bacterial-gill-disease-8-_jpeg.rf.0715fc8a6b5886afc1c14daf6a597209.jpg,Bacterial gill disease,Bacterial Gill Disease,2,current_freshwater-16147274aa94,,Bacterial Gill Disease|roboflow,3
current_freshwater-f2f3de447788,current_freshwater,data/raw/current_freshwater/test_split/EUS_EUS_145.jpg,test_split/EUS_EUS_145.jpg,EUS,EUS Disease,3,current_freshwater-f2f3de447788,,EUS Disease|current_freshwater,3
current_freshwater-8eaa3974fe70,current_freshwater,data/raw/current_freshwater/train_split/EUS/EUS_116.jpg,train_split/EUS/EUS_116.jpg,EUS,EUS Disease,3,current_freshwater-8eaa3974fe70,,EUS Disease|current_freshwater,3
current_freshwater-6e1f50c9648a,current_freshwater,data/raw/current_freshwater/train_split/EUS/EUS_123.jpg,train_split/EUS/EUS_123.jpg,EUS,EUS Disease,3,current_freshwater-6e1f50c9648a,,EUS Disease|current_freshwater,3
current_freshwater-f2f962ad0882,current_freshwater,data/raw/current_freshwater/train_split/EUS/EUS_136.jpg,train_split/EUS/EUS_136.jpg,EUS,EUS Disease,3,current_freshwater-f2f962ad0882,,EUS Disease|current_freshwater,3
current_freshwater-28e5a1a4b4bd,current_freshwater,data/raw/current_freshwater/train_split/EUS/EUS_153.jpg,train_split/EUS/EUS_153.jpg,EUS,EUS Disease,3,current_freshwater-28e5a1a4b4bd,,EUS Disease|current_freshwater,3
current_freshwater-711880f7dbe7,current_freshwater,data/raw/current_freshwater/train_split/EUS/EUS_177.jpg,train_split/EUS/EUS_177.jpg,EUS,EUS Disease,3,current_freshwater-711880f7dbe7,,EUS Disease|current_freshwater,3
current_freshwater-e008c1a24112,current_freshwater,data/raw/current_freshwater/train_split/EUS/EUS_247.jpg,train_split/EUS/EUS_247.jpg,EUS,EUS Disease,3,current_freshwater-e008c1a24112,,EUS Disease|current_freshwater,3
current_freshwater-da6c66c87de0,current_freshwater,data/raw/current_freshwater/train_split/EUS/EUS_254.jpg,train_split/EUS/EUS_254.jpg,EUS,EUS Disease,3,current_freshwater-327f138cdd6c,,EUS Disease|current_freshwater,3
current_freshwater-46f9c815ca7f,current_freshwater,data/raw/current_freshwater/train_split/EUS/EUS_319.jpg,train_split/EUS/EUS_319.jpg,EUS,EUS Disease,3,current_freshwater-46f9c815ca7f,,EUS Disease|current_freshwater,3
current_freshwater-b1f894a8a300,current_freshwater,data/raw/current_freshwater/train_split/EUS/EUS_324.jpg,train_split/EUS/EUS_324.jpg,EUS,EUS Disease,3,current_freshwater-b1f894a8a300,,EUS Disease|current_freshwater,3
current_freshwater-e1d6aa79977c,current_freshwater,data/raw/current_freshwater/train_split/EUS/EUS_38.jpg,train_split/EUS/EUS_38.jpg,EUS,EUS Disease,3,current_freshwater-e1d6aa79977c,,EUS Disease|current_freshwater,3
current_freshwater-098053e4542a,current_freshwater,data/raw/current_freshwater/train_split/EUS/EUS_43.jpg,train_split/EUS/EUS_43.jpg,EUS,EUS Disease,3,current_freshwater-098053e4542a,,EUS Disease|current_freshwater,3
current_freshwater-03d7230cedc7,current_freshwater,data/raw/current_freshwater/train_split/EUS/EUS_59.jpg,train_split/EUS/EUS_59.jpg,EUS,EUS Disease,3,current_freshwater-03d7230cedc7,,EUS Disease|current_freshwater,3
current_freshwater-faab32bbfc75,current_freshwater,data/raw/current_freshwater/train_split/EUS/EUS_65.jpg,train_split/EUS/EUS_65.jpg,EUS,EUS Disease,3,current_freshwater-faab32bbfc75,,EUS Disease|current_freshwater,3
current_freshwater-52d46a177053,current_freshwater,data/raw/current_freshwater/train_split/EUS/EUS_66.jpg,train_split/EUS/EUS_66.jpg,EUS,EUS Disease,3,current_freshwater-52d46a177053,,EUS Disease|current_freshwater,3
current_freshwater-9c5c235f86bf,current_freshwater,data/raw/current_freshwater/train_split/EUS/EUS_67.jpg,train_split/EUS/EUS_67.jpg,EUS,EUS Disease,3,current_freshwater-9c5c235f86bf,,EUS Disease|current_freshwater,3
current_freshwater-c3f4e7788f38,current_freshwater,data/raw/current_freshwater/train_split/EUS/EUS_89.jpg,train_split/EUS/EUS_89.jpg,EUS,EUS Disease,3,current_freshwater-c3f4e7788f38,,EUS Disease|current_freshwater,3
current_freshwater-cc6cf81a55af,current_freshwater,data/raw/current_freshwater/train_split/EUS/EUS_90.jpg,train_split/EUS/EUS_90.jpg,EUS,EUS Disease,3,current_freshwater-24fef844434a,,EUS Disease|current_freshwater,3
current_freshwater-836159949099,current_freshwater,data/raw/current_freshwater/train_split/EUS/EUS_97.jpg,train_split/EUS/EUS_97.jpg,EUS,EUS Disease,3,current_freshwater-836159949099,,EUS Disease|current_freshwater,3
current_freshwater-cdc410748695,current_freshwater,data/raw/current_freshwater/train_split/EUS/EUS_aug_113.jpg,train_split/EUS/EUS_aug_113.jpg,EUS,EUS Disease,3,current_freshwater-cdc410748695,,EUS Disease|current_freshwater,3
current_freshwater-d0a6646da6e0,current_freshwater,data/raw/current_freshwater/train_split/EUS/EUS_aug_117.jpg,train_split/EUS/EUS_aug_117.jpg,EUS,EUS Disease,3,current_freshwater-d0a6646da6e0,,EUS Disease|current_freshwater,3
current_freshwater-24fef844434a,current_freshwater,data/raw/current_freshwater/train_split/EUS/EUS_aug_119.jpg,train_split/EUS/EUS_aug_119.jpg,EUS,EUS Disease,3,current_freshwater-24fef844434a,,EUS Disease|current_freshwater,3
current_freshwater-5fca5a4ffd72,current_freshwater,data/raw/current_freshwater/train_split/EUS/EUS_aug_128.jpg,train_split/EUS/EUS_aug_128.jpg,EUS,EUS Disease,3,current_freshwater-5fca5a4ffd72,,EUS Disease|current_freshwater,3
current_freshwater-4c4ede3a1d1f,current_freshwater,data/raw/current_freshwater/train_split/EUS/EUS_aug_147.jpg,train_split/EUS/EUS_aug_147.jpg,EUS,EUS Disease,3,current_freshwater-4c4ede3a1d1f,,EUS Disease|current_freshwater,3
current_freshwater-f373242df906,current_freshwater,data/raw/current_freshwater/train_split/EUS/EUS_aug_149.jpg,train_split/EUS/EUS_aug_149.jpg,EUS,EUS Disease,3,current_freshwater-f373242df906,,EUS Disease|current_freshwater,3
current_freshwater-85a9135ba71f,current_freshwater,data/raw/current_freshwater/train_split/EUS/EUS_aug_151.jpg,train_split/EUS/EUS_aug_151.jpg,EUS,EUS Disease,3,current_freshwater-85a9135ba71f,,EUS Disease|current_freshwater,3
current_freshwater-df2c46b0db64,current_freshwater,data/raw/current_freshwater/train_split/EUS/EUS_aug_209.jpg,train_split/EUS/EUS_aug_209.jpg,EUS,EUS Disease,3,current_freshwater-df2c46b0db64,,EUS Disease|current_freshwater,3
current_freshwater-327f138cdd6c,current_freshwater,data/raw/current_freshwater/train_split/EUS/EUS_aug_219.jpg,train_split/EUS/EUS_aug_219.jpg,EUS,EUS Disease,3,current_freshwater-327f138cdd6c,,EUS Disease|current_freshwater,3
current_freshwater-9687715993f3,current_freshwater,data/raw/current_freshwater/train_split/EUS/EUS_aug_29.jpg,train_split/EUS/EUS_aug_29.jpg,EUS,EUS Disease,3,current_freshwater-9687715993f3,,EUS Disease|current_freshwater,3
current_freshwater-75427c51b548,current_freshwater,data/raw/current_freshwater/train_split/EUS/EUS_aug_47.jpg,train_split/EUS/EUS_aug_47.jpg,EUS,EUS Disease,3,current_freshwater-75427c51b548,,EUS Disease|current_freshwater,3
current_freshwater-8e8e8a18cfcc,current_freshwater,data/raw/current_freshwater/train_split/EUS/EUS_aug_66.jpg,train_split/EUS/EUS_aug_66.jpg,EUS,EUS Disease,3,current_freshwater-28e5a1a4b4bd,,EUS Disease|current_freshwater,3
current_freshwater-abf790106463,current_freshwater,data/raw/current_freshwater/train_split/EUS/EUS_aug_76.jpg,train_split/EUS/EUS_aug_76.jpg,EUS,EUS Disease,3,current_freshwater-abf790106463,,EUS Disease|current_freshwater,3
current_freshwater-e28be9a5aebb,current_freshwater,data/raw/current_freshwater/train_split/EUS/EUS_aug_81.jpg,train_split/EUS/EUS_aug_81.jpg,EUS,EUS Disease,3,current_freshwater-e28be9a5aebb,,EUS Disease|current_freshwater,3
current_freshwater-bf901d084ed1,current_freshwater,data/raw/current_freshwater/train_split/EUS/EUS_aug_89.jpg,train_split/EUS/EUS_aug_89.jpg,EUS,EUS Disease,3,current_freshwater-bf901d084ed1,,EUS Disease|current_freshwater,3
current_freshwater-63a6d633be58,current_freshwater,data/raw/current_freshwater/train_split/EUS/EUS_aug_95.jpg,train_split/EUS/EUS_aug_95.jpg,EUS,EUS Disease,3,current_freshwater-63a6d633be58,,EUS Disease|current_freshwater,3
current_freshwater-dac25d474359,current_freshwater,data/raw/current_freshwater/train_split/EUS/EUS_aug_97.jpg,train_split/EUS/EUS_aug_97.jpg,EUS,EUS Disease,3,current_freshwater-52d46a177053,,EUS Disease|current_freshwater,3
kaptai-81fac4adb2d6,kaptai,data/raw/kaptai/EUS/EUS  (9).jpg,EUS/EUS  (9).jpg,EUS,EUS Disease,3,kaptai-81fac4adb2d6,,EUS Disease|kaptai,3
current_freshwater-6be23301e3a4,current_freshwater,data/raw/current_freshwater/test_split/Fungal diseases Saprolegniasis_Fungal diseases Saprolegniasis_15.jpg,test_split/Fungal diseases Saprolegniasis_Fungal diseases Saprolegniasis_15.jpg,Fungal diseases Saprolegniasis,Saprolegniasis,4,current_freshwater-5729b6173c6d,,Saprolegniasis|current_freshwater,3
current_freshwater-39bb0cc1b072,current_freshwater,data/raw/current_freshwater/test_split/Fungal diseases Saprolegniasis_Fungal diseases Saprolegniasis_184.jpg,test_split/Fungal diseases Saprolegniasis_Fungal diseases Saprolegniasis_184.jpg,Fungal diseases Saprolegniasis,Saprolegniasis,4,current_freshwater-39bb0cc1b072,,Saprolegniasis|current_freshwater,3
current_freshwater-b1a134d366e1,current_freshwater,data/raw/current_freshwater/test_split/Fungal diseases Saprolegniasis_Fungal diseases Saprolegniasis_57.jpg,test_split/Fungal diseases Saprolegniasis_Fungal diseases Saprolegniasis_57.jpg,Fungal diseases Saprolegniasis,Saprolegniasis,4,current_freshwater-b1a134d366e1,,Saprolegniasis|current_freshwater,3
current_freshwater-61a953ebac60,current_freshwater,data/raw/current_freshwater/train_split/Fungal diseases Saprolegniasis/Fungal diseases Saprolegniasis_122.jpg,train_split/Fungal diseases Saprolegniasis/Fungal diseases Saprolegniasis_122.jpg,Fungal diseases Saprolegniasis,Saprolegniasis,4,current_freshwater-61a953ebac60,,Saprolegniasis|current_freshwater,3
current_freshwater-daf9f5563e00,current_freshwater,data/raw/current_freshwater/train_split/Fungal diseases Saprolegniasis/Fungal diseases Saprolegniasis_133.jpg,train_split/Fungal diseases Saprolegniasis/Fungal diseases Saprolegniasis_133.jpg,Fungal diseases Saprolegniasis,Saprolegniasis,4,current_freshwater-daf9f5563e00,,Saprolegniasis|current_freshwater,3
current_freshwater-de9e0d55df9e,current_freshwater,data/raw/current_freshwater/train_split/Fungal diseases Saprolegniasis/Fungal diseases Saprolegniasis_27.jpg,train_split/Fungal diseases Saprolegniasis/Fungal diseases Saprolegniasis_27.jpg,Fungal diseases Saprolegniasis,Saprolegniasis,4,current_freshwater-de9e0d55df9e,,Saprolegniasis|current_freshwater,3
current_freshwater-5729b6173c6d,current_freshwater,data/raw/current_freshwater/train_split/Fungal diseases Saprolegniasis/Fungal diseases Saprolegniasis_46.jpg,train_split/Fungal diseases Saprolegniasis/Fungal diseases Saprolegniasis_46.jpg,Fungal diseases Saprolegniasis,Saprolegniasis,4,current_freshwater-5729b6173c6d,,Saprolegniasis|current_freshwater,3
current_freshwater-777c0518bd25,current_freshwater,data/raw/current_freshwater/train_split/Fungal diseases Saprolegniasis/Fungal diseases Saprolegniasis_56.jpg,train_split/Fungal diseases Saprolegniasis/Fungal diseases Saprolegniasis_56.jpg,Fungal diseases Saprolegniasis,Saprolegniasis,4,current_freshwater-777c0518bd25,,Saprolegniasis|current_freshwater,3
current_freshwater-aea3b2c3cdc4,current_freshwater,data/raw/current_freshwater/train_split/Fungal diseases Saprolegniasis/Fungal diseases Saprolegniasis_68.jpg,train_split/Fungal diseases Saprolegniasis/Fungal diseases Saprolegniasis_68.jpg,Fungal diseases Saprolegniasis,Saprolegniasis,4,current_freshwater-94fc62f22f31,,Saprolegniasis|current_freshwater,3
current_freshwater-9792427141ac,current_freshwater,data/raw/current_freshwater/train_split/Fungal diseases Saprolegniasis/Fungal diseases Saprolegniasis_71.jpg,train_split/Fungal diseases Saprolegniasis/Fungal diseases Saprolegniasis_71.jpg,Fungal diseases Saprolegniasis,Saprolegniasis,4,current_freshwater-9792427141ac,,Saprolegniasis|current_freshwater,3
current_freshwater-fb3fad3123bf,current_freshwater,data/raw/current_freshwater/train_split/Fungal diseases Saprolegniasis/Fungal diseases Saprolegniasis_78.jpg,train_split/Fungal diseases Saprolegniasis/Fungal diseases Saprolegniasis_78.jpg,Fungal diseases Saprolegniasis,Saprolegniasis,4,current_freshwater-3dd246546163,,Saprolegniasis|current_freshwater,3
current_freshwater-219204500bd8,current_freshwater,data/raw/current_freshwater/train_split/Fungal diseases Saprolegniasis/Fungal diseases Saprolegniasis_aug_14.jpg,train_split/Fungal diseases Saprolegniasis/Fungal diseases Saprolegniasis_aug_14.jpg,Fungal diseases Saprolegniasis,Saprolegniasis,4,current_freshwater-219204500bd8,,Saprolegniasis|current_freshwater,3
current_freshwater-82787d9a57f0,current_freshwater,data/raw/current_freshwater/train_split/Fungal diseases Saprolegniasis/Fungal diseases Saprolegniasis_aug_144.jpg,train_split/Fungal diseases Saprolegniasis/Fungal diseases Saprolegniasis_aug_144.jpg,Fungal diseases Saprolegniasis,Saprolegniasis,4,current_freshwater-82787d9a57f0,,Saprolegniasis|current_freshwater,3
current_freshwater-19721238d31e,current_freshwater,data/raw/current_freshwater/train_split/Fungal diseases Saprolegniasis/Fungal diseases Saprolegniasis_aug_148.jpg,train_split/Fungal diseases Saprolegniasis/Fungal diseases Saprolegniasis_aug_148.jpg,Fungal diseases Saprolegniasis,Saprolegniasis,4,current_freshwater-19721238d31e,,Saprolegniasis|current_freshwater,3
current_freshwater-5f746c9c49b9,current_freshwater,data/raw/current_freshwater/train_split/Fungal diseases Saprolegniasis/Fungal diseases Saprolegniasis_aug_172.jpg,train_split/Fungal diseases Saprolegniasis/Fungal diseases Saprolegniasis_aug_172.jpg,Fungal diseases Saprolegniasis,Saprolegniasis,4,current_freshwater-5f746c9c49b9,,Saprolegniasis|current_freshwater,3
current_freshwater-9d07e48407d2,current_freshwater,data/raw/current_freshwater/train_split/Fungal diseases Saprolegniasis/Fungal diseases Saprolegniasis_aug_19.jpg,train_split/Fungal diseases Saprolegniasis/Fungal diseases Saprolegniasis_aug_19.jpg,Fungal diseases Saprolegniasis,Saprolegniasis,4,current_freshwater-9d07e48407d2,,Saprolegniasis|current_freshwater,3
current_freshwater-86ebf5ee2abd,current_freshwater,data/raw/current_freshwater/train_split/Fungal diseases Saprolegniasis/Fungal diseases Saprolegniasis_aug_209.jpg,train_split/Fungal diseases Saprolegniasis/Fungal diseases Saprolegniasis_aug_209.jpg,Fungal diseases Saprolegniasis,Saprolegniasis,4,current_freshwater-86ebf5ee2abd,,Saprolegniasis|current_freshwater,3
current_freshwater-74657e2fc28e,current_freshwater,data/raw/current_freshwater/train_split/Fungal diseases Saprolegniasis/Fungal diseases Saprolegniasis_aug_21.jpg,train_split/Fungal diseases Saprolegniasis/Fungal diseases Saprolegniasis_aug_21.jpg,Fungal diseases Saprolegniasis,Saprolegniasis,4,current_freshwater-74657e2fc28e,,Saprolegniasis|current_freshwater,3
current_freshwater-3dd246546163,current_freshwater,data/raw/current_freshwater/train_split/Fungal diseases Saprolegniasis/Fungal diseases Saprolegniasis_aug_222.jpg,train_split/Fungal diseases Saprolegniasis/Fungal diseases Saprolegniasis_aug_222.jpg,Fungal diseases Saprolegniasis,Saprolegniasis,4,current_freshwater-3dd246546163,,Saprolegniasis|current_freshwater,3
current_freshwater-75440eae5926,current_freshwater,data/raw/current_freshwater/train_split/Fungal diseases Saprolegniasis/Fungal diseases Saprolegniasis_aug_231.jpg,train_split/Fungal diseases Saprolegniasis/Fungal diseases Saprolegniasis_aug_231.jpg,Fungal diseases Saprolegniasis,Saprolegniasis,4,current_freshwater-75440eae5926,,Saprolegniasis|current_freshwater,3
current_freshwater-3239fb7533f0,current_freshwater,data/raw/current_freshwater/train_split/Fungal diseases Saprolegniasis/Fungal diseases Saprolegniasis_aug_313.jpg,train_split/Fungal diseases Saprolegniasis/Fungal diseases Saprolegniasis_aug_313.jpg,Fungal diseases Saprolegniasis,Saprolegniasis,4,current_freshwater-3239fb7533f0,,Saprolegniasis|current_freshwater,3
current_freshwater-94fc62f22f31,current_freshwater,data/raw/current_freshwater/train_split/Fungal diseases Saprolegniasis/Fungal diseases Saprolegniasis_aug_325.jpg,train_split/Fungal diseases Saprolegniasis/Fungal diseases Saprolegniasis_aug_325.jpg,Fungal diseases Saprolegniasis,Saprolegniasis,4,current_freshwater-94fc62f22f31,,Saprolegniasis|current_freshwater,3
current_freshwater-5d3294c666a5,current_freshwater,data/raw/current_freshwater/train_split/Fungal diseases Saprolegniasis/Fungal diseases Saprolegniasis_aug_348.jpg,train_split/Fungal diseases Saprolegniasis/Fungal diseases Saprolegniasis_aug_348.jpg,Fungal diseases Saprolegniasis,Saprolegniasis,4,current_freshwater-5d3294c666a5,,Saprolegniasis|current_freshwater,3
current_freshwater-95f16fbc1a08,current_freshwater,data/raw/current_freshwater/train_split/Fungal diseases Saprolegniasis/Fungal diseases Saprolegniasis_aug_362.jpg,train_split/Fungal diseases Saprolegniasis/Fungal diseases Saprolegniasis_aug_362.jpg,Fungal diseases Saprolegniasis,Saprolegniasis,4,current_freshwater-95f16fbc1a08,,Saprolegniasis|current_freshwater,3
current_freshwater-db48e4d3088d,current_freshwater,data/raw/current_freshwater/train_split/Fungal diseases Saprolegniasis/Fungal diseases Saprolegniasis_aug_369.jpg,train_split/Fungal diseases Saprolegniasis/Fungal diseases Saprolegniasis_aug_369.jpg,Fungal diseases Saprolegniasis,Saprolegniasis,4,current_freshwater-db48e4d3088d,,Saprolegniasis|current_freshwater,3
current_freshwater-9d3d83073d44,current_freshwater,data/raw/current_freshwater/train_split/Fungal diseases Saprolegniasis/Fungal diseases Saprolegniasis_aug_374.jpg,train_split/Fungal diseases Saprolegniasis/Fungal diseases Saprolegniasis_aug_374.jpg,Fungal diseases Saprolegniasis,Saprolegniasis,4,current_freshwater-61a953ebac60,,Saprolegniasis|current_freshwater,3
current_freshwater-41b0fd650855,current_freshwater,data/raw/current_freshwater/train_split/Fungal diseases Saprolegniasis/Fungal diseases Saprolegniasis_aug_389.jpg,train_split/Fungal diseases Saprolegniasis/Fungal diseases Saprolegniasis_aug_389.jpg,Fungal diseases Saprolegniasis,Saprolegniasis,4,current_freshwater-41b0fd650855,,Saprolegniasis|current_freshwater,3
current_freshwater-4c952f75ed66,current_freshwater,data/raw/current_freshwater/train_split/Fungal diseases Saprolegniasis/Fungal diseases Saprolegniasis_aug_40.jpg,train_split/Fungal diseases Saprolegniasis/Fungal diseases Saprolegniasis_aug_40.jpg,Fungal diseases Saprolegniasis,Saprolegniasis,4,current_freshwater-4c952f75ed66,,Saprolegniasis|current_freshwater,3
current_freshwater-f5a85e9d0320,current_freshwater,data/raw/current_freshwater/train_split/Fungal diseases Saprolegniasis/Fungal diseases Saprolegniasis_aug_43.jpg,train_split/Fungal diseases Saprolegniasis/Fungal diseases Saprolegniasis_aug_43.jpg,Fungal diseases Saprolegniasis,Saprolegniasis,4,current_freshwater-f5a85e9d0320,,Saprolegniasis|current_freshwater,3
current_freshwater-310190495c25,current_freshwater,data/raw/current_freshwater/train_split/Fungal diseases Saprolegniasis/Fungal diseases Saprolegniasis_aug_47.jpg,train_split/Fungal diseases Saprolegniasis/Fungal diseases Saprolegniasis_aug_47.jpg,Fungal diseases Saprolegniasis,Saprolegniasis,4,current_freshwater-310190495c25,,Saprolegniasis|current_freshwater,3
current_freshwater-f2c1f58118d6,current_freshwater,data/raw/current_freshwater/train_split/Fungal diseases Saprolegniasis/Fungal diseases Saprolegniasis_aug_49.jpg,train_split/Fungal diseases Saprolegniasis/Fungal diseases Saprolegniasis_aug_49.jpg,Fungal diseases Saprolegniasis,Saprolegniasis,4,current_freshwater-f2c1f58118d6,,Saprolegniasis|current_freshwater,3
current_freshwater-ef720092cbd7,current_freshwater,data/raw/current_freshwater/train_split/Fungal diseases Saprolegniasis/Fungal diseases Saprolegniasis_aug_57.jpg,train_split/Fungal diseases Saprolegniasis/Fungal diseases Saprolegniasis_aug_57.jpg,Fungal diseases Saprolegniasis,Saprolegniasis,4,current_freshwater-39bb0cc1b072,,Saprolegniasis|current_freshwater,3
roboflow-a470e8a77238,roboflow,data/raw/roboflow/train/Fungal diseases Saprolegniasis/Fungal-diseases-Saprolegniasis-14-_jpg.rf.d0c0f2fdfa2eb6c6218ab4c41b4ef60e.jpg,train/Fungal diseases Saprolegniasis/Fungal-diseases-Saprolegniasis-14-_jpg.rf.d0c0f2fdfa2eb6c6218ab4c41b4ef60e.jpg,Fungal diseases Saprolegniasis,Saprolegniasis,4,current_freshwater-5729b6173c6d,,Saprolegniasis|current_freshwater,3
roboflow-a676bb4bfdac,roboflow,data/raw/roboflow/train/Fungal diseases Saprolegniasis/Fungal-diseases-Saprolegniasis-33-_jpg.rf.2242c6d1664bdcc1527fe7cbed4c819e.jpg,train/Fungal diseases Saprolegniasis/Fungal-diseases-Saprolegniasis-33-_jpg.rf.2242c6d1664bdcc1527fe7cbed4c819e.jpg,Fungal diseases Saprolegniasis,Saprolegniasis,4,current_freshwater-5729b6173c6d,,Saprolegniasis|current_freshwater,3
roboflow-1027c15d52a1,roboflow,data/raw/roboflow/train/Fungal diseases Saprolegniasis/Fungal-diseases-Saprolegniasis-4-_jpeg.rf.231314ecc37a93be07d78c82e0061e7d.jpg,train/Fungal diseases Saprolegniasis/Fungal-diseases-Saprolegniasis-4-_jpeg.rf.231314ecc37a93be07d78c82e0061e7d.jpg,Fungal diseases Saprolegniasis,Saprolegniasis,4,roboflow-1027c15d52a1,,Saprolegniasis|roboflow,3
roboflow-c2f79ed94807,roboflow,data/raw/roboflow/train/Fungal diseases Saprolegniasis/Fungal-diseases-Saprolegniasis-5-_jpg.rf.f42b698cbbf9d342ef0597b1170204d1.jpg,train/Fungal diseases Saprolegniasis/Fungal-diseases-Saprolegniasis-5-_jpg.rf.f42b698cbbf9d342ef0597b1170204d1.jpg,Fungal diseases Saprolegniasis,Saprolegniasis,4,roboflow-1027c15d52a1,,Saprolegniasis|roboflow,3
current_freshwater-fb77763548bb,current_freshwater,data/raw/current_freshwater/test_split/Parasitic diseases_Parasitic diseases_103.jpg,test_split/Parasitic diseases_Parasitic diseases_103.jpg,Parasitic diseases,Parasitic Disease,5,current_freshwater-fb77763548bb,,Parasitic Disease|current_freshwater,3
current_freshwater-8492192c1d24,current_freshwater,data/raw/current_freshwater/test_split/Parasitic diseases_Parasitic diseases_11.jpg,test_split/Parasitic diseases_Parasitic diseases_11.jpg,Parasitic diseases,Parasitic Disease,5,current_freshwater-8492192c1d24,,Parasitic Disease|current_freshwater,3
current_freshwater-ad1ac8e2f6ab,current_freshwater,data/raw/current_freshwater/test_split/Parasitic diseases_Parasitic diseases_139.jpg,test_split/Parasitic diseases_Parasitic diseases_139.jpg,Parasitic diseases,Parasitic Disease,5,current_freshwater-ad1ac8e2f6ab,,Parasitic Disease|current_freshwater,3
current_freshwater-9b935764ce94,current_freshwater,data/raw/current_freshwater/test_split/Parasitic diseases_Parasitic diseases_152.jpg,test_split/Parasitic diseases_Parasitic diseases_152.jpg,Parasitic diseases,Parasitic Disease,5,current_freshwater-9b935764ce94,,Parasitic Disease|current_freshwater,3
current_freshwater-aa28cb124c7c,current_freshwater,data/raw/current_freshwater/test_split/Parasitic diseases_Parasitic diseases_241.jpg,test_split/Parasitic diseases_Parasitic diseases_241.jpg,Parasitic diseases,Parasitic Disease,5,current_freshwater-aa28cb124c7c,,Parasitic Disease|current_freshwater,3
current_freshwater-0c58e0c7540d,current_freshwater,data/raw/current_freshwater/test_split/Parasitic diseases_Parasitic diseases_38.jpg,test_split/Parasitic diseases_Parasitic diseases_38.jpg,Parasitic diseases,Parasitic Disease,5,current_freshwater-0c58e0c7540d,,Parasitic Disease|current_freshwater,3
current_freshwater-f940c2208c96,current_freshwater,data/raw/current_freshwater/test_split/Parasitic diseases_Parasitic diseases_63.jpg,test_split/Parasitic diseases_Parasitic diseases_63.jpg,Parasitic diseases,Parasitic Disease,5,current_freshwater-f940c2208c96,,Parasitic Disease|current_freshwater,3
current_freshwater-83e8996b0e5b,current_freshwater,data/raw/current_freshwater/train_split/Parasitic diseases/Parasitic diseases_101.jpg,train_split/Parasitic diseases/Parasitic diseases_101.jpg,Parasitic diseases,Parasitic Disease,5,current_freshwater-1ff0389d2f00,,Parasitic Disease|current_freshwater,3
current_freshwater-cb624b84da75,current_freshwater,data/raw/current_freshwater/train_split/Parasitic diseases/Parasitic diseases_155.jpg,train_split/Parasitic diseases/Parasitic diseases_155.jpg,Parasitic diseases,Parasitic Disease,5,current_freshwater-cb624b84da75,,Parasitic Disease|current_freshwater,3
current_freshwater-96978d2bb6c1,current_freshwater,data/raw/current_freshwater/train_split/Parasitic diseases/Parasitic diseases_193.jpg,train_split/Parasitic diseases/Parasitic diseases_193.jpg,Parasitic diseases,Parasitic Disease,5,current_freshwater-96978d2bb6c1,,Parasitic Disease|current_freshwater,3
current_freshwater-aae9bb077050,current_freshwater,data/raw/current_freshwater/train_split/Parasitic diseases/Parasitic diseases_203.jpg,train_split/Parasitic diseases/Parasitic diseases_203.jpg,Parasitic diseases,Parasitic Disease,5,current_freshwater-aae9bb077050,,Parasitic Disease|current_freshwater,3
current_freshwater-5c0abeca49ce,current_freshwater,data/raw/current_freshwater/train_split/Parasitic diseases/Parasitic diseases_205.jpg,train_split/Parasitic diseases/Parasitic diseases_205.jpg,Parasitic diseases,Parasitic Disease,5,current_freshwater-5c0abeca49ce,,Parasitic Disease|current_freshwater,3
current_freshwater-4648afc2188e,current_freshwater,data/raw/current_freshwater/train_split/Parasitic diseases/Parasitic diseases_215.jpg,train_split/Parasitic diseases/Parasitic diseases_215.jpg,Parasitic diseases,Parasitic Disease,5,current_freshwater-4648afc2188e,,Parasitic Disease|current_freshwater,3
current_freshwater-82b987705f08,current_freshwater,data/raw/current_freshwater/train_split/Parasitic diseases/Parasitic diseases_238.jpg,train_split/Parasitic diseases/Parasitic diseases_238.jpg,Parasitic diseases,Parasitic Disease,5,current_freshwater-82b987705f08,,Parasitic Disease|current_freshwater,3
current_freshwater-5376bc29d75b,current_freshwater,data/raw/current_freshwater/train_split/Parasitic diseases/Parasitic diseases_67.jpg,train_split/Parasitic diseases/Parasitic diseases_67.jpg,Parasitic diseases,Parasitic Disease,5,current_freshwater-5376bc29d75b,,Parasitic Disease|current_freshwater,3
current_freshwater-1cd42b6c621d,current_freshwater,data/raw/current_freshwater/train_split/Parasitic diseases/Parasitic diseases_74.jpg,train_split/Parasitic diseases/Parasitic diseases_74.jpg,Parasitic diseases,Parasitic Disease,5,current_freshwater-1cd42b6c621d,,Parasitic Disease|current_freshwater,3
current_freshwater-1cfeaba418ac,current_freshwater,data/raw/current_freshwater/train_split/Parasitic diseases/Parasitic diseases_86.jpg,train_split/Parasitic diseases/Parasitic diseases_86.jpg,Parasitic diseases,Parasitic Disease,5,current_freshwater-1cfeaba418ac,,Parasitic Disease|current_freshwater,3
current_freshwater-91d516c6009a,current_freshwater,data/raw/current_freshwater/train_split/Parasitic diseases/Parasitic diseases_aug_106.jpg,train_split/Parasitic diseases/Parasitic diseases_aug_106.jpg,Parasitic diseases,Parasitic Disease,5,current_freshwater-91d516c6009a,,Parasitic Disease|current_freshwater,3
current_freshwater-d90f388e3089,current_freshwater,data/raw/current_freshwater/train_split/Parasitic diseases/Parasitic diseases_aug_120.jpg,train_split/Parasitic diseases/Parasitic diseases_aug_120.jpg,Parasitic diseases,Parasitic Disease,5,current_freshwater-1cd42b6c621d,,Parasitic Disease|current_freshwater,3
current_freshwater-157057422d3b,current_freshwater,data/raw/current_freshwater/train_split/Parasitic diseases/Parasitic diseases_aug_13.jpg,train_split/Parasitic diseases/Parasitic diseases_aug_13.jpg,Parasitic diseases,Parasitic Disease,5,current_freshwater-157057422d3b,,Parasitic Disease|current_freshwater,3
current_freshwater-0501a437422a,current_freshwater,data/raw/current_freshwater/train_split/Parasitic diseases/Parasitic diseases_aug_130.jpg,train_split/Parasitic diseases/Parasitic diseases_aug_130.jpg,Parasitic diseases,Parasitic Disease,5,current_freshwater-0501a437422a,,Parasitic Disease|current_freshwater,3
current_freshwater-428797fc556d,current_freshwater,data/raw/current_freshwater/train_split/Parasitic diseases/Parasitic diseases_aug_136.jpg,train_split/Parasitic diseases/Parasitic diseases_aug_136.jpg,Parasitic diseases,Parasitic Disease,5,current_freshwater-428797fc556d,,Parasitic Disease|current_freshwater,3
current_freshwater-3613ace2cfac,current_freshwater,data/raw/current_freshwater/train_split/Parasitic diseases/Parasitic diseases_aug_140.jpg,train_split/Parasitic diseases/Parasitic diseases_aug_140.jpg,Parasitic diseases,Parasitic Disease,5,current_freshwater-3613ace2cfac,,Parasitic Disease|current_freshwater,3
current_freshwater-cf03d6907566,current_freshwater,data/raw/current_freshwater/train_split/Parasitic diseases/Parasitic diseases_aug_142.jpg,train_split/Parasitic diseases/Parasitic diseases_aug_142.jpg,Parasitic diseases,Parasitic Disease,5,current_freshwater-cf03d6907566,,Parasitic Disease|current_freshwater,3
current_freshwater-dd42080c2fb7,current_freshwater,data/raw/current_freshwater/train_split/Parasitic diseases/Parasitic diseases_aug_156.jpg,train_split/Parasitic diseases/Parasitic diseases_aug_156.jpg,Parasitic diseases,Parasitic Disease,5,current_freshwater-dd42080c2fb7,,Parasitic Disease|current_freshwater,3
current_freshwater-b72c5cea3ac3,current_freshwater,data/raw/current_freshwater/train_split/Parasitic diseases/Parasitic diseases_aug_207.jpg,train_split/Parasitic diseases/Parasitic diseases_aug_207.jpg,Parasitic diseases,Parasitic Disease,5,current_freshwater-8492192c1d24,,Parasitic Disease|current_freshwater,3
current_freshwater-7c0502754d55,current_freshwater,data/raw/current_freshwater/train_split/Parasitic diseases/Parasitic diseases_aug_219.jpg,train_split/Parasitic diseases/Parasitic diseases_aug_219.jpg,Parasitic diseases,Parasitic Disease,5,current_freshwater-1ff0389d2f00,,Parasitic Disease|current_freshwater,3
current_freshwater-3a0dbea5daea,current_freshwater,data/raw/current_freshwater/train_split/Parasitic diseases/Parasitic diseases_aug_231.jpg,train_split/Parasitic diseases/Parasitic diseases_aug_231.jpg,Parasitic diseases,Parasitic Disease,5,current_freshwater-3a0dbea5daea,,Parasitic Disease|current_freshwater,3
current_freshwater-160abdea64be,current_freshwater,data/raw/current_freshwater/train_split/Parasitic diseases/Parasitic diseases_aug_251.jpg,train_split/Parasitic diseases/Parasitic diseases_aug_251.jpg,Parasitic diseases,Parasitic Disease,5,current_freshwater-160abdea64be,,Parasitic Disease|current_freshwater,3
current_freshwater-8e56be80c86d,current_freshwater,data/raw/current_freshwater/train_split/Parasitic diseases/Parasitic diseases_aug_40.jpg,train_split/Parasitic diseases/Parasitic diseases_aug_40.jpg,Parasitic diseases,Parasitic Disease,5,current_freshwater-8e56be80c86d,,Parasitic Disease|current_freshwater,3
current_freshwater-f2478c4aaf87,current_freshwater,data/raw/current_freshwater/train_split/Parasitic diseases/Parasitic diseases_aug_56.jpg,train_split/Parasitic diseases/Parasitic diseases_aug_56.jpg,Parasitic diseases,Parasitic Disease,5,current_freshwater-f2478c4aaf87,,Parasitic Disease|current_freshwater,3
current_freshwater-5f03e7945d50,current_freshwater,data/raw/current_freshwater/train_split/Parasitic diseases/Parasitic diseases_aug_71.jpg,train_split/Parasitic diseases/Parasitic diseases_aug_71.jpg,Parasitic diseases,Parasitic Disease,5,current_freshwater-5376bc29d75b,,Parasitic Disease|current_freshwater,3
current_freshwater-77715c0681ef,current_freshwater,data/raw/current_freshwater/train_split/Parasitic diseases/Parasitic diseases_aug_87.jpg,train_split/Parasitic diseases/Parasitic diseases_aug_87.jpg,Parasitic diseases,Parasitic Disease,5,current_freshwater-77715c0681ef,,Parasitic Disease|current_freshwater,3
current_freshwater-b9d44c3fa108,current_freshwater,data/raw/current_freshwater/train_split/Parasitic diseases/Parasitic diseases_aug_93.jpg,train_split/Parasitic diseases/Parasitic diseases_aug_93.jpg,Parasitic diseases,Parasitic Disease,5,current_freshwater-b9d44c3fa108,,Parasitic Disease|current_freshwater,3
current_freshwater-de8bdda0ad85,current_freshwater,data/raw/current_freshwater/train_split/Parasitic diseases/Parasitic diseases_aug_97.jpg,train_split/Parasitic diseases/Parasitic diseases_aug_97.jpg,Parasitic diseases,Parasitic Disease,5,current_freshwater-96978d2bb6c1,,Parasitic Disease|current_freshwater,3
roboflow-e0c4a2305b0d,roboflow,data/raw/roboflow/train/Parasitic diseases/Parasitic-diseases-29-_jpg.rf.33a0c65d8f5dcb6523e075e85d0a9a85.jpg,train/Parasitic diseases/Parasitic-diseases-29-_jpg.rf.33a0c65d8f5dcb6523e075e85d0a9a85.jpg,Parasitic diseases,Parasitic Disease,5,roboflow-e0c4a2305b0d,,Parasitic Disease|roboflow,3
roboflow-293e4d838b2c,roboflow,data/raw/roboflow/train/Parasitic diseases/Parasitic-diseases-8-_jpg.rf.a53ee439a7791fd587e4b762f237233a.jpg,train/Parasitic diseases/Parasitic-diseases-8-_jpg.rf.a53ee439a7791fd587e4b762f237233a.jpg,Parasitic diseases,Parasitic Disease,5,current_freshwater-5376bc29d75b,,Parasitic Disease|current_freshwater,3
current_freshwater-35a56f367956,current_freshwater,data/raw/current_freshwater/test_split/Viral diseases White tail disease_Viral diseases White tail disease_129.jpg,test_split/Viral diseases White tail disease_Viral diseases White tail disease_129.jpg,Viral diseases White tail disease,White Tail Disease,6,current_freshwater-35a56f367956,,White Tail Disease|current_freshwater,3
current_freshwater-d557e68278f0,current_freshwater,data/raw/current_freshwater/test_split/Viral diseases White tail disease_Viral diseases White tail disease_221.jpg,test_split/Viral diseases White tail disease_Viral diseases White tail disease_221.jpg,Viral diseases White tail disease,White Tail Disease,6,current_freshwater-ac03e6dff7cd,,White Tail Disease|current_freshwater,3
current_freshwater-fee2282110fc,current_freshwater,data/raw/current_freshwater/test_split/Viral diseases White tail disease_Viral diseases White tail disease_223.jpg,test_split/Viral diseases White tail disease_Viral diseases White tail disease_223.jpg,Viral diseases White tail disease,White Tail Disease,6,current_freshwater-d8a39ee09ef9,,White Tail Disease|current_freshwater,3
current_freshwater-d79177398f36,current_freshwater,data/raw/current_freshwater/test_split/Viral diseases White tail disease_Viral diseases White tail disease_66.jpg,test_split/Viral diseases White tail disease_Viral diseases White tail disease_66.jpg,Viral diseases White tail disease,White Tail Disease,6,current_freshwater-2cf19561be60,,White Tail Disease|current_freshwater,3
current_freshwater-14464bd7781d,current_freshwater,data/raw/current_freshwater/train_split/Viral diseases White tail disease/Viral diseases White tail disease_124.jpg,train_split/Viral diseases White tail disease/Viral diseases White tail disease_124.jpg,Viral diseases White tail disease,White Tail Disease,6,current_freshwater-14464bd7781d,,White Tail Disease|current_freshwater,3
current_freshwater-9a2ebf63a0d3,current_freshwater,data/raw/current_freshwater/train_split/Viral diseases White tail disease/Viral diseases White tail disease_126.jpg,train_split/Viral diseases White tail disease/Viral diseases White tail disease_126.jpg,Viral diseases White tail disease,White Tail Disease,6,current_freshwater-9a2ebf63a0d3,,White Tail Disease|current_freshwater,3
current_freshwater-ff92015615bb,current_freshwater,data/raw/current_freshwater/train_split/Viral diseases White tail disease/Viral diseases White tail disease_195.jpg,train_split/Viral diseases White tail disease/Viral diseases White tail disease_195.jpg,Viral diseases White tail disease,White Tail Disease,6,current_freshwater-ff92015615bb,,White Tail Disease|current_freshwater,3
current_freshwater-e8b319b6228e,current_freshwater,data/raw/current_freshwater/train_split/Viral diseases White tail disease/Viral diseases White tail disease_3.png,train_split/Viral diseases White tail disease/Viral diseases White tail disease_3.png,Viral diseases White tail disease,White Tail Disease,6,current_freshwater-e8b319b6228e,,White Tail Disease|roboflow,3
current_freshwater-b04c01243b8c,current_freshwater,data/raw/current_freshwater/train_split/Viral diseases White tail disease/Viral diseases White tail disease_35.jpg,train_split/Viral diseases White tail disease/Viral diseases White tail disease_35.jpg,Viral diseases White tail disease,White Tail Disease,6,current_freshwater-b04c01243b8c,,White Tail Disease|current_freshwater,3
current_freshwater-79359df3e412,current_freshwater,data/raw/current_freshwater/train_split/Viral diseases White tail disease/Viral diseases White tail disease_57.jpg,train_split/Viral diseases White tail disease/Viral diseases White tail disease_57.jpg,Viral diseases White tail disease,White Tail Disease,6,current_freshwater-79359df3e412,,White Tail Disease|current_freshwater,3
current_freshwater-d8a39ee09ef9,current_freshwater,data/raw/current_freshwater/train_split/Viral diseases White tail disease/Viral diseases White tail disease_70.jpg,train_split/Viral diseases White tail disease/Viral diseases White tail disease_70.jpg,Viral diseases White tail disease,White Tail Disease,6,current_freshwater-d8a39ee09ef9,,White Tail Disease|current_freshwater,3
current_freshwater-7ef8480d80de,current_freshwater,data/raw/current_freshwater/train_split/Viral diseases White tail disease/Viral diseases White tail disease_aug_139.jpg,train_split/Viral diseases White tail disease/Viral diseases White tail disease_aug_139.jpg,Viral diseases White tail disease,White Tail Disease,6,current_freshwater-61f1d308715f,,White Tail Disease|current_freshwater,3
current_freshwater-d1ba5b7c65fb,current_freshwater,data/raw/current_freshwater/train_split/Viral diseases White tail disease/Viral diseases White tail disease_aug_148.jpg,train_split/Viral diseases White tail disease/Viral diseases White tail disease_aug_148.jpg,Viral diseases White tail disease,White Tail Disease,6,current_freshwater-b50c1a3d91bd,,White Tail Disease|current_freshwater,3
current_freshwater-4b4194469654,current_freshwater,data/raw/current_freshwater/train_split/Viral diseases White tail disease/Viral diseases White tail disease_aug_155.jpg,train_split/Viral diseases White tail disease/Viral diseases White tail disease_aug_155.jpg,Viral diseases White tail disease,White Tail Disease,6,current_freshwater-4b4194469654,,White Tail Disease|current_freshwater,3
current_freshwater-f05dc0b1f48d,current_freshwater,data/raw/current_freshwater/train_split/Viral diseases White tail disease/Viral diseases White tail disease_aug_164.jpg,train_split/Viral diseases White tail disease/Viral diseases White tail disease_aug_164.jpg,Viral diseases White tail disease,White Tail Disease,6,current_freshwater-f05dc0b1f48d,,White Tail Disease|current_freshwater,3
current_freshwater-2cf19561be60,current_freshwater,data/raw/current_freshwater/train_split/Viral diseases White tail disease/Viral diseases White tail disease_aug_195.jpg,train_split/Viral diseases White tail disease/Viral diseases White tail disease_aug_195.jpg,Viral diseases White tail disease,White Tail Disease,6,current_freshwater-2cf19561be60,,White Tail Disease|current_freshwater,3
current_freshwater-161a9c187d38,current_freshwater,data/raw/current_freshwater/train_split/Viral diseases White tail disease/Viral diseases White tail disease_aug_196.jpg,train_split/Viral diseases White tail disease/Viral diseases White tail disease_aug_196.jpg,Viral diseases White tail disease,White Tail Disease,6,current_freshwater-161a9c187d38,,White Tail Disease|current_freshwater,3
current_freshwater-2d026a8a4d31,current_freshwater,data/raw/current_freshwater/train_split/Viral diseases White tail disease/Viral diseases White tail disease_aug_204.jpg,train_split/Viral diseases White tail disease/Viral diseases White tail disease_aug_204.jpg,Viral diseases White tail disease,White Tail Disease,6,current_freshwater-2d026a8a4d31,,White Tail Disease|current_freshwater,3
current_freshwater-b272e983c58d,current_freshwater,data/raw/current_freshwater/train_split/Viral diseases White tail disease/Viral diseases White tail disease_aug_225.jpg,train_split/Viral diseases White tail disease/Viral diseases White tail disease_aug_225.jpg,Viral diseases White tail disease,White Tail Disease,6,current_freshwater-b272e983c58d,,White Tail Disease|current_freshwater,3
current_freshwater-ac03e6dff7cd,current_freshwater,data/raw/current_freshwater/train_split/Viral diseases White tail disease/Viral diseases White tail disease_aug_23.jpg,train_split/Viral diseases White tail disease/Viral diseases White tail disease_aug_23.jpg,Viral diseases White tail disease,White Tail Disease,6,current_freshwater-ac03e6dff7cd,,White Tail Disease|current_freshwater,3
current_freshwater-a2cd8908f59c,current_freshwater,data/raw/current_freshwater/train_split/Viral diseases White tail disease/Viral diseases White tail disease_aug_235.jpg,train_split/Viral diseases White tail disease/Viral diseases White tail disease_aug_235.jpg,Viral diseases White tail disease,White Tail Disease,6,current_freshwater-a2cd8908f59c,,White Tail Disease|current_freshwater,3
current_freshwater-b50c1a3d91bd,current_freshwater,data/raw/current_freshwater/train_split/Viral diseases White tail disease/Viral diseases White tail disease_aug_238.jpg,train_split/Viral diseases White tail disease/Viral diseases White tail disease_aug_238.jpg,Viral diseases White tail disease,White Tail Disease,6,current_freshwater-b50c1a3d91bd,,White Tail Disease|current_freshwater,3
current_freshwater-4fab5264b3a0,current_freshwater,data/raw/current_freshwater/train_split/Viral diseases White tail disease/Viral diseases White tail disease_aug_257.jpg,train_split/Viral diseases White tail disease/Viral diseases White tail disease_aug_257.jpg,Viral diseases White tail disease,White Tail Disease,6,current_freshwater-4fab5264b3a0,,White Tail Disease|current_freshwater,3
current_freshwater-d7c8fcb48aed,current_freshwater,data/raw/current_freshwater/train_split/Viral diseases White tail disease/Viral diseases White tail disease_aug_318.jpg,train_split/Viral diseases White tail disease/Viral diseases White tail disease_aug_318.jpg,Viral diseases White tail disease,White Tail Disease,6,current_freshwater-d7c8fcb48aed,,White Tail Disease|current_freshwater,3
current_freshwater-9d9b0f8dec6a,current_freshwater,data/raw/current_freshwater/train_split/Viral diseases White tail disease/Viral diseases White tail disease_aug_319.jpg,train_split/Viral diseases White tail disease/Viral diseases White tail disease_aug_319.jpg,Viral diseases White tail disease,White Tail Disease,6,current_freshwater-9d9b0f8dec6a,,White Tail Disease|current_freshwater,3
current_freshwater-75692ff42f27,current_freshwater,data/raw/current_freshwater/train_split/Viral diseases White tail disease/Viral diseases White tail disease_aug_341.jpg,train_split/Viral diseases White tail disease/Viral diseases White tail disease_aug_341.jpg,Viral diseases White tail disease,White Tail Disease,6,current_freshwater-75692ff42f27,,White Tail Disease|current_freshwater,3
current_freshwater-f22b00bf07cf,current_freshwater,data/raw/current_freshwater/train_split/Viral diseases White tail disease/Viral diseases White tail disease_aug_347.jpg,train_split/Viral diseases White tail disease/Viral diseases White tail disease_aug_347.jpg,Viral diseases White tail disease,White Tail Disease,6,current_freshwater-f22b00bf07cf,,White Tail Disease|current_freshwater,3
current_freshwater-477777bf8bd9,current_freshwater,data/raw/current_freshwater/train_split/Viral diseases White tail disease/Viral diseases White tail disease_aug_4.jpg,train_split/Viral diseases White tail disease/Viral diseases White tail disease_aug_4.jpg,Viral diseases White tail disease,White Tail Disease,6,current_freshwater-477777bf8bd9,,White Tail Disease|current_freshwater,3
current_freshwater-19789d0a5a41,current_freshwater,data/raw/current_freshwater/train_split/Viral diseases White tail disease/Viral diseases White tail disease_aug_41.jpg,train_split/Viral diseases White tail disease/Viral diseases White tail disease_aug_41.jpg,Viral diseases White tail disease,White Tail Disease,6,current_freshwater-19789d0a5a41,,White Tail Disease|current_freshwater,3
current_freshwater-ecd5379e1bc4,current_freshwater,data/raw/current_freshwater/train_split/Viral diseases White tail disease/Viral diseases White tail disease_aug_5.jpg,train_split/Viral diseases White tail disease/Viral diseases White tail disease_aug_5.jpg,Viral diseases White tail disease,White Tail Disease,6,current_freshwater-ecd5379e1bc4,,White Tail Disease|current_freshwater,3
current_freshwater-b5f6934ec94e,current_freshwater,data/raw/current_freshwater/train_split/Viral diseases White tail disease/Viral diseases White tail disease_aug_54.jpg,train_split/Viral diseases White tail disease/Viral diseases White tail disease_aug_54.jpg,Viral diseases White tail disease,White Tail Disease,6,current_freshwater-9a2ebf63a0d3,,White Tail Disease|current_freshwater,3
current_freshwater-2f595f2f80da,current_freshwater,data/raw/current_freshwater/train_split/Viral diseases White tail disease/Viral diseases White tail disease_aug_6.jpg,train_split/Viral diseases White tail disease/Viral diseases White tail disease_aug_6.jpg,Viral diseases White tail disease,White Tail Disease,6,current_freshwater-2f595f2f80da,,White Tail Disease|current_freshwater,3
current_freshwater-af8406312b4c,current_freshwater,data/raw/current_freshwater/train_split/Viral diseases White tail disease/Viral diseases White tail disease_aug_88.jpg,train_split/Viral diseases White tail disease/Viral diseases White tail disease_aug_88.jpg,Viral diseases White tail disease,White Tail Disease,6,current_freshwater-af8406312b4c,,White Tail Disease|current_freshwater,3
current_freshwater-cfd189506a5c,current_freshwater,data/raw/current_freshwater/train_split/Viral diseases White tail disease/Viral diseases White tail disease_aug_95.jpg,train_split/Viral diseases White tail disease/Viral diseases White tail disease_aug_95.jpg,Viral diseases White tail disease,White Tail Disease,6,current_freshwater-cfd189506a5c,,White Tail Disease|current_freshwater,3
roboflow-4afa32c32002,roboflow,data/raw/roboflow/train/Viral diseases White tail disease/Viral-diseases-White-tail-disease-1-_png.rf.ffefd59096b10e2dc5f9ce8bafedd6bb.jpg,train/Viral diseases White tail disease/Viral-diseases-White-tail-disease-1-_png.rf.ffefd59096b10e2dc5f9ce8bafedd6bb.jpg,Viral diseases White tail disease,White Tail Disease,6,current_freshwater-e8b319b6228e,,White Tail Disease|roboflow,3
roboflow-679ed18239f8,roboflow,data/raw/roboflow/train/Viral diseases White tail disease/Viral-diseases-White-tail-disease-7-_jpg.rf.615f44d201d8d31fc7a7aac295c7c8f6.jpg,train/Viral diseases White tail disease/Viral-diseases-White-tail-disease-7-_jpg.rf.615f44d201d8d31fc7a7aac295c7c8f6.jpg,Viral diseases White tail disease,White Tail Disease,6,current_freshwater-2cf19561be60,,White Tail Disease|current_freshwater,3
roboflow-1dfc50b0e5fa,roboflow,data/raw/roboflow/train/Viral diseases White tail disease/Viral-diseases-White-tail-disease-8-_jpeg.rf.690745c0bc0a6d2049cf552e7d26a409.jpg,train/Viral diseases White tail disease/Viral-diseases-White-tail-disease-8-_jpeg.rf.690745c0bc0a6d2049cf552e7d26a409.jpg,Viral diseases White tail disease,White Tail Disease,6,current_freshwater-e8b319b6228e,,White Tail Disease|roboflow,3
current_freshwater-07343519e130,current_freshwater,data/raw/current_freshwater/test_split/Healthy Fish_Healthy Fish_370.jpg,test_split/Healthy Fish_Healthy Fish_370.jpg,Healthy Fish,Healthy Fish,7,current_freshwater-07343519e130,,Healthy Fish|current_freshwater,3
current_freshwater-afe47a23a820,current_freshwater,data/raw/current_freshwater/test_split/Healthy Fish_Healthy Fish_431.jpg,test_split/Healthy Fish_Healthy Fish_431.jpg,Healthy Fish,Healthy Fish,7,current_freshwater-8c70e881de7e,,Healthy Fish|current_freshwater,3
current_freshwater-7d8d21d744a1,current_freshwater,data/raw/current_freshwater/train_split/Healthy Fish/Healthy Fish_182.jpg,train_split/Healthy Fish/Healthy Fish_182.jpg,Healthy Fish,Healthy Fish,7,current_freshwater-7d8d21d744a1,,Healthy Fish|current_freshwater,3
current_freshwater-f1d1bdcf38f8,current_freshwater,data/raw/current_freshwater/train_split/Healthy Fish/Healthy Fish_193.jpg,train_split/Healthy Fish/Healthy Fish_193.jpg,Healthy Fish,Healthy Fish,7,current_freshwater-f1d1bdcf38f8,,Healthy Fish|current_freshwater,3
current_freshwater-d521fb949a6f,current_freshwater,data/raw/current_freshwater/train_split/Healthy Fish/Healthy Fish_196.jpg,train_split/Healthy Fish/Healthy Fish_196.jpg,Healthy Fish,Healthy Fish,7,current_freshwater-d521fb949a6f,,Healthy Fish|current_freshwater,3
current_freshwater-3d6e9198cc5a,current_freshwater,data/raw/current_freshwater/train_split/Healthy Fish/Healthy Fish_211.jpg,train_split/Healthy Fish/Healthy Fish_211.jpg,Healthy Fish,Healthy Fish,7,current_freshwater-3d6e9198cc5a,,Healthy Fish|current_freshwater,3
current_freshwater-46530b258ad2,current_freshwater,data/raw/current_freshwater/train_split/Healthy Fish/Healthy Fish_216.jpg,train_split/Healthy Fish/Healthy Fish_216.jpg,Healthy Fish,Healthy Fish,7,current_freshwater-46530b258ad2,,Healthy Fish|current_freshwater,3
current_freshwater-14fc26bf46e3,current_freshwater,data/raw/current_freshwater/train_split/Healthy Fish/Healthy Fish_231.jpg,train_split/Healthy Fish/Healthy Fish_231.jpg,Healthy Fish,Healthy Fish,7,current_freshwater-14fc26bf46e3,,Healthy Fish|current_freshwater,3
current_freshwater-b3672eaf7089,current_freshwater,data/raw/current_freshwater/train_split/Healthy Fish/Healthy Fish_258.jpg,train_split/Healthy Fish/Healthy Fish_258.jpg,Healthy Fish,Healthy Fish,7,current_freshwater-b3672eaf7089,,Healthy Fish|current_freshwater,3
current_freshwater-2e1fea5d2edb,current_freshwater,data/raw/current_freshwater/train_split/Healthy Fish/Healthy Fish_277.jpg,train_split/Healthy Fish/Healthy Fish_277.jpg,Healthy Fish,Healthy Fish,7,current_freshwater-2e1fea5d2edb,,Healthy Fish|current_freshwater,3
current_freshwater-5addc01e5ff3,current_freshwater,data/raw/current_freshwater/train_split/Healthy Fish/Healthy Fish_300.jpg,train_split/Healthy Fish/Healthy Fish_300.jpg,Healthy Fish,Healthy Fish,7,current_freshwater-5addc01e5ff3,,Healthy Fish|current_freshwater,3
current_freshwater-640a483a76d1,current_freshwater,data/raw/current_freshwater/train_split/Healthy Fish/Healthy Fish_368.jpg,train_split/Healthy Fish/Healthy Fish_368.jpg,Healthy Fish,Healthy Fish,7,current_freshwater-640a483a76d1,,Healthy Fish|current_freshwater,3
current_freshwater-c226d123124b,current_freshwater,data/raw/current_freshwater/train_split/Healthy Fish/Healthy Fish_376.jpg,train_split/Healthy Fish/Healthy Fish_376.jpg,Healthy Fish,Healthy Fish,7,current_freshwater-5d29fd2cf374,,Healthy Fish|current_freshwater,3
current_freshwater-512b121a1318,current_freshwater,data/raw/current_freshwater/train_split/Healthy Fish/Healthy Fish_382.jpg,train_split/Healthy Fish/Healthy Fish_382.jpg,Healthy Fish,Healthy Fish,7,current_freshwater-512b121a1318,,Healthy Fish|current_freshwater,3
current_freshwater-0e223428c21e,current_freshwater,data/raw/current_freshwater/train_split/Healthy Fish/Healthy Fish_406.jpg,train_split/Healthy Fish/Healthy Fish_406.jpg,Healthy Fish,Healthy Fish,7,current_freshwater-0e223428c21e,,Healthy Fish|current_freshwater,3
current_freshwater-4a11618412c1,current_freshwater,data/raw/current_freshwater/train_split/Healthy Fish/Healthy Fish_434.jpg,train_split/Healthy Fish/Healthy Fish_434.jpg,Healthy Fish,Healthy Fish,7,current_freshwater-4a11618412c1,,Healthy Fish|current_freshwater,3
current_freshwater-b9bba5f953bf,current_freshwater,data/raw/current_freshwater/train_split/Healthy Fish/Healthy Fish_aug_0.jpg,train_split/Healthy Fish/Healthy Fish_aug_0.jpg,Healthy Fish,Healthy Fish,7,current_freshwater-b9bba5f953bf,,Healthy Fish|current_freshwater,3
current_freshwater-ad96804dcc4c,current_freshwater,data/raw/current_freshwater/train_split/Healthy Fish/Healthy Fish_aug_135.jpg,train_split/Healthy Fish/Healthy Fish_aug_135.jpg,Healthy Fish,Healthy Fish,7,current_freshwater-ad96804dcc4c,,Healthy Fish|current_freshwater,3
current_freshwater-2b20a68d74a9,current_freshwater,data/raw/current_freshwater/train_split/Healthy Fish/Healthy Fish_aug_148.jpg,train_split/Healthy Fish/Healthy Fish_aug_148.jpg,Healthy Fish,Healthy Fish,7,current_freshwater-2b20a68d74a9,,Healthy Fish|current_freshwater,3
current_freshwater-3e31c0435e8c,current_freshwater,data/raw/current_freshwater/train_split/Healthy Fish/Healthy Fish_aug_154.jpg,train_split/Healthy Fish/Healthy Fish_aug_154.jpg,Healthy Fish,Healthy Fish,7,current_freshwater-3e31c0435e8c,,Healthy Fish|current_freshwater,3
current_freshwater-951e86bfb55a,current_freshwater,data/raw/current_freshwater/train_split/Healthy Fish/Healthy Fish_aug_168.jpg,train_split/Healthy Fish/Healthy Fish_aug_168.jpg,Healthy Fish,Healthy Fish,7,current_freshwater-951e86bfb55a,,Healthy Fish|current_freshwater,3
current_freshwater-909bd7e9944b,current_freshwater,data/raw/current_freshwater/train_split/Healthy Fish/Healthy Fish_aug_181.jpg,train_split/Healthy Fish/Healthy Fish_aug_181.jpg,Healthy Fish,Healthy Fish,7,current_freshwater-909bd7e9944b,,Healthy Fish|current_freshwater,3
current_freshwater-58411b3138aa,current_freshwater,data/raw/current_freshwater/train_split/Healthy Fish/Healthy Fish_aug_185.jpg,train_split/Healthy Fish/Healthy Fish_aug_185.jpg,Healthy Fish,Healthy Fish,7,current_freshwater-58411b3138aa,,Healthy Fish|current_freshwater,3
current_freshwater-49dfc97b66f2,current_freshwater,data/raw/current_freshwater/train_split/Healthy Fish/Healthy Fish_aug_193.jpg,train_split/Healthy Fish/Healthy Fish_aug_193.jpg,Healthy Fish,Healthy Fish,7,current_freshwater-49dfc97b66f2,,Healthy Fish|current_freshwater,3
current_freshwater-2ad757255ae8,current_freshwater,data/raw/current_freshwater/train_split/Healthy Fish/Healthy Fish_aug_199.jpg,train_split/Healthy Fish/Healthy Fish_aug_199.jpg,Healthy Fish,Healthy Fish,7,current_freshwater-2ad757255ae8,,Healthy Fish|current_freshwater,3
current_freshwater-5d29fd2cf374,current_freshwater,data/raw/current_freshwater/train_split/Healthy Fish/Healthy Fish_aug_208.jpg,train_split/Healthy Fish/Healthy Fish_aug_208.jpg,Healthy Fish,Healthy Fish,7,current_freshwater-5d29fd2cf374,,Healthy Fish|current_freshwater,3
current_freshwater-8c70e881de7e,current_freshwater,data/raw/current_freshwater/train_split/Healthy Fish/Healthy Fish_aug_215.jpg,train_split/Healthy Fish/Healthy Fish_aug_215.jpg,Healthy Fish,Healthy Fish,7,current_freshwater-8c70e881de7e,,Healthy Fish|current_freshwater,3
current_freshwater-572719818a7f,current_freshwater,data/raw/current_freshwater/train_split/Healthy Fish/Healthy Fish_aug_219.jpg,train_split/Healthy Fish/Healthy Fish_aug_219.jpg,Healthy Fish,Healthy Fish,7,current_freshwater-572719818a7f,,Healthy Fish|current_freshwater,3
current_freshwater-cab96be255a2,current_freshwater,data/raw/current_freshwater/train_split/Healthy Fish/Healthy Fish_aug_221.jpg,train_split/Healthy Fish/Healthy Fish_aug_221.jpg,Healthy Fish,Healthy Fish,7,current_freshwater-5d29fd2cf374,,Healthy Fish|current_freshwater,3
current_freshwater-59b1f2869781,current_freshwater,data/raw/current_freshwater/train_split/Healthy Fish/Healthy Fish_aug_225.jpg,train_split/Healthy Fish/Healthy Fish_aug_225.jpg,Healthy Fish,Healthy Fish,7,current_freshwater-59b1f2869781,,Healthy Fish|current_freshwater,3
current_freshwater-798cdc529415,current_freshwater,data/raw/current_freshwater/train_split/Healthy Fish/Healthy Fish_aug_232.jpg,train_split/Healthy Fish/Healthy Fish_aug_232.jpg,Healthy Fish,Healthy Fish,7,current_freshwater-798cdc529415,,Healthy Fish|current_freshwater,3
current_freshwater-efd6d4ea12c7,current_freshwater,data/raw/current_freshwater/train_split/Healthy Fish/Healthy Fish_aug_28.jpg,train_split/Healthy Fish/Healthy Fish_aug_28.jpg,Healthy Fish,Healthy Fish,7,current_freshwater-efd6d4ea12c7,,Healthy Fish|current_freshwater,3
current_freshwater-e11c9d2b7d1d,current_freshwater,data/raw/current_freshwater/train_split/Healthy Fish/Healthy Fish_aug_34.jpg,train_split/Healthy Fish/Healthy Fish_aug_34.jpg,Healthy Fish,Healthy Fish,7,current_freshwater-e11c9d2b7d1d,,Healthy Fish|current_freshwater,3
current_freshwater-5ce9ee74dcc5,current_freshwater,data/raw/current_freshwater/train_split/Healthy Fish/Healthy Fish_aug_56.jpg,train_split/Healthy Fish/Healthy Fish_aug_56.jpg,Healthy Fish,Healthy Fish,7,current_freshwater-5ce9ee74dcc5,,Healthy Fish|current_freshwater,3
current_freshwater-fbe34c6ff4ed,current_freshwater,data/raw/current_freshwater/train_split/Healthy Fish/Healthy Fish_aug_98.jpg,train_split/Healthy Fish/Healthy Fish_aug_98.jpg,Healthy Fish,Healthy Fish,7,current_freshwater-fbe34c6ff4ed,,Healthy Fish|current_freshwater,3
kaptai-a2db3e6e79e1,kaptai,data/raw/kaptai/Healthy Fish/healthy (25).jpg,Healthy Fish/healthy (25).jpg,Healthy Fish,Healthy Fish,7,kaptai-a2db3e6e79e1,,Healthy Fish|kaptai,3
kaptai-51eb4641a9a7,kaptai,data/raw/kaptai/Healthy Fish/healthy (28).jpg,Healthy Fish/healthy (28).jpg,Healthy Fish,Healthy Fish,7,current_freshwater-4a11618412c1,,Healthy Fish|current_freshwater,3
roboflow-741f72f494f0,roboflow,data/raw/roboflow/test/Healthy Fish/Healthy-Fish-74-_jpg.rf.5830ddd0b456b5c3290ac28829e5fb8f.jpg,test/Healthy Fish/Healthy-Fish-74-_jpg.rf.5830ddd0b456b5c3290ac28829e5fb8f.jpg,Healthy Fish,Healthy Fish,7,current_freshwater-14fc26bf46e3,,Healthy Fish|current_freshwater,3
roboflow-a4f78f7a4937,roboflow,data/raw/roboflow/train/Healthy Fish/Healthy-Fish-106-_jpg.rf.e8f315f58de87a0449a43a7267ee43e7.jpg,train/Healthy Fish/Healthy-Fish-106-_jpg.rf.e8f315f58de87a0449a43a7267ee43e7.jpg,Healthy Fish,Healthy Fish,7,roboflow-a4f78f7a4937,,Healthy Fish|roboflow,3
roboflow-ae488149eb69,roboflow,data/raw/roboflow/train/Healthy Fish/Healthy-Fish-119-_jpg.rf.d13f7f472549f3b7e1955cd8123ee481.jpg,train/Healthy Fish/Healthy-Fish-119-_jpg.rf.d13f7f472549f3b7e1955cd8123ee481.jpg,Healthy Fish,Healthy Fish,7,roboflow-336880c13dc8,,Healthy Fish|roboflow,3
roboflow-9ae6ed3463fe,roboflow,data/raw/roboflow/train/Healthy Fish/Healthy-Fish-131-_jpg.rf.6ebb3bf830a42e626d413fccf670b82e.jpg,train/Healthy Fish/Healthy-Fish-131-_jpg.rf.6ebb3bf830a42e626d413fccf670b82e.jpg,Healthy Fish,Healthy Fish,7,roboflow-9ae6ed3463fe,,Healthy Fish|roboflow,3
roboflow-6a034dd807ed,roboflow,data/raw/roboflow/train/Healthy Fish/Healthy-Fish-146-_jpg.rf.1a9b89e1ecdc828d797d787e8275eacf.jpg,train/Healthy Fish/Healthy-Fish-146-_jpg.rf.1a9b89e1ecdc828d797d787e8275eacf.jpg,Healthy Fish,Healthy Fish,7,roboflow-6a034dd807ed,,Healthy Fish|roboflow,3
roboflow-336880c13dc8,roboflow,data/raw/roboflow/train/Healthy Fish/Healthy-Fish-173-_jpg.rf.49d6360a888a3c34bc8f9530772f86bc.jpg,train/Healthy Fish/Healthy-Fish-173-_jpg.rf.49d6360a888a3c34bc8f9530772f86bc.jpg,Healthy Fish,Healthy Fish,7,roboflow-336880c13dc8,,Healthy Fish|roboflow,3
roboflow-4c606e4d3bb3,roboflow,data/raw/roboflow/train/Healthy Fish/Healthy-Fish-2-_jpg.rf.2444ac8b99b4d231d5171d7432028d19.jpg,train/Healthy Fish/Healthy-Fish-2-_jpg.rf.2444ac8b99b4d231d5171d7432028d19.jpg,Healthy Fish,Healthy Fish,7,current_freshwater-2e1fea5d2edb,,Healthy Fish|current_freshwater,3
roboflow-c418b396ab77,roboflow,data/raw/roboflow/train/Healthy Fish/Healthy-Fish-27-_jpg.rf.7f0032db1262413ad8558221a541dba1.jpg,train/Healthy Fish/Healthy-Fish-27-_jpg.rf.7f0032db1262413ad8558221a541dba1.jpg,Healthy Fish,Healthy Fish,7,roboflow-c418b396ab77,,Healthy Fish|roboflow,3
current_freshwater-a162e169536d,current_freshwater,data/raw/current_freshwater/test_split/Bacterial Red disease_Bacterial Red disease_1.jpeg,test_split/Bacterial Red disease_Bacterial Red disease_1.jpeg,Bacterial Red disease,Bacterial Red Disease,0,current_freshwater-a162e169536d,,Bacterial Red Disease|current_freshwater,4
current_freshwater-cab417872b2b,current_freshwater,data/raw/current_freshwater/test_split/Bacterial Red disease_Bacterial Red disease_39.jpg,test_split/Bacterial Red disease_Bacterial Red disease_39.jpg,Bacterial Red disease,Bacterial Red Disease,0,current_freshwater-acabbe130b34,,Bacterial Red Disease|current_freshwater,4
current_freshwater-7215f90f32e5,current_freshwater,data/raw/current_freshwater/train_split/Bacterial Red disease/Bacterial Red disease_101.jpg,train_split/Bacterial Red disease/Bacterial Red disease_101.jpg,Bacterial Red disease,Bacterial Red Disease,0,current_freshwater-7215f90f32e5,,Bacterial Red Disease|current_freshwater,4
current_freshwater-d668f171ffd1,current_freshwater,data/raw/current_freshwater/train_split/Bacterial Red disease/Bacterial Red disease_123.jpg,train_split/Bacterial Red disease/Bacterial Red disease_123.jpg,Bacterial Red disease,Bacterial Red Disease,0,current_freshwater-d668f171ffd1,,Bacterial Red Disease|current_freshwater,4
current_freshwater-ed9c8eb19adf,current_freshwater,data/raw/current_freshwater/train_split/Bacterial Red disease/Bacterial Red disease_143.jpg,train_split/Bacterial Red disease/Bacterial Red disease_143.jpg,Bacterial Red disease,Bacterial Red Disease,0,current_freshwater-ed9c8eb19adf,,Bacterial Red Disease|current_freshwater,4
current_freshwater-a5a4d64c4f33,current_freshwater,data/raw/current_freshwater/train_split/Bacterial Red disease/Bacterial Red disease_150.jpg,train_split/Bacterial Red disease/Bacterial Red disease_150.jpg,Bacterial Red disease,Bacterial Red Disease,0,current_freshwater-a5a4d64c4f33,,Bacterial Red Disease|current_freshwater,4
current_freshwater-6b60a7316902,current_freshwater,data/raw/current_freshwater/train_split/Bacterial Red disease/Bacterial Red disease_193.jpg,train_split/Bacterial Red disease/Bacterial Red disease_193.jpg,Bacterial Red disease,Bacterial Red Disease,0,current_freshwater-34d339af3d9c,,Bacterial Red Disease|current_freshwater,4
current_freshwater-ab6201654d4d,current_freshwater,data/raw/current_freshwater/train_split/Bacterial Red disease/Bacterial Red disease_33.jpg,train_split/Bacterial Red disease/Bacterial Red disease_33.jpg,Bacterial Red disease,Bacterial Red Disease,0,current_freshwater-ab6201654d4d,,Bacterial Red Disease|current_freshwater,4
current_freshwater-af92c2304f67,current_freshwater,data/raw/current_freshwater/train_split/Bacterial Red disease/Bacterial Red disease_7.jpg,train_split/Bacterial Red disease/Bacterial Red disease_7.jpg,Bacterial Red disease,Bacterial Red Disease,0,current_freshwater-561008e79adc,,Bacterial Red Disease|current_freshwater,4
current_freshwater-e0e259bf6a70,current_freshwater,data/raw/current_freshwater/train_split/Bacterial Red disease/Bacterial Red disease_71.jpg,train_split/Bacterial Red disease/Bacterial Red disease_71.jpg,Bacterial Red disease,Bacterial Red Disease,0,current_freshwater-e0e259bf6a70,,Bacterial Red Disease|current_freshwater,4
current_freshwater-e935233004d5,current_freshwater,data/raw/current_freshwater/train_split/Bacterial Red disease/Bacterial Red disease_72.jpg,train_split/Bacterial Red disease/Bacterial Red disease_72.jpg,Bacterial Red disease,Bacterial Red Disease,0,current_freshwater-e935233004d5,,Bacterial Red Disease|current_freshwater,4
current_freshwater-4acc7a2a1805,current_freshwater,data/raw/current_freshwater/train_split/Bacterial Red disease/Bacterial Red disease_aug_1.jpg,train_split/Bacterial Red disease/Bacterial Red disease_aug_1.jpg,Bacterial Red disease,Bacterial Red Disease,0,current_freshwater-4acc7a2a1805,,Bacterial Red Disease|current_freshwater,4
current_freshwater-1211189d8982,current_freshwater,data/raw/current_freshwater/train_split/Bacterial Red disease/Bacterial Red disease_aug_100.jpg,train_split/Bacterial Red disease/Bacterial Red disease_aug_100.jpg,Bacterial Red disease,Bacterial Red Disease,0,current_freshwater-1211189d8982,,Bacterial Red Disease|current_freshwater,4
current_freshwater-34d339af3d9c,current_freshwater,data/raw/current_freshwater/train_split/Bacterial Red disease/Bacterial Red disease_aug_118.jpg,train_split/Bacterial Red disease/Bacterial Red disease_aug_118.jpg,Bacterial Red disease,Bacterial Red Disease,0,current_freshwater-34d339af3d9c,,Bacterial Red Disease|current_freshwater,4
current_freshwater-ac297a472e6a,current_freshwater,data/raw/current_freshwater/train_split/Bacterial Red disease/Bacterial Red disease_aug_128.jpg,train_split/Bacterial Red disease/Bacterial Red disease_aug_128.jpg,Bacterial Red disease,Bacterial Red Disease,0,current_freshwater-ac297a472e6a,,Bacterial Red Disease|current_freshwater,4
current_freshwater-7b90e4dcdff1,current_freshwater,data/raw/current_freshwater/train_split/Bacterial Red disease/Bacterial Red disease_aug_133.jpg,train_split/Bacterial Red disease/Bacterial Red disease_aug_133.jpg,Bacterial Red disease,Bacterial Red Disease,0,current_freshwater-7b90e4dcdff1,,Bacterial Red Disease|current_freshwater,4
current_freshwater-09852587d2ee,current_freshwater,data/raw/current_freshwater/train_split/Bacterial Red disease/Bacterial Red disease_aug_134.jpg,train_split/Bacterial Red disease/Bacterial Red disease_aug_134.jpg,Bacterial Red disease,Bacterial Red Disease,0,current_freshwater-09852587d2ee,,Bacterial Red Disease|current_freshwater,4
current_freshwater-93b3cdd39e80,current_freshwater,data/raw/current_freshwater/train_split/Bacterial Red disease/Bacterial Red disease_aug_138.jpg,train_split/Bacterial Red disease/Bacterial Red disease_aug_138.jpg,Bacterial Red disease,Bacterial Red Disease,0,current_freshwater-93b3cdd39e80,,Bacterial Red Disease|current_freshwater,4
current_freshwater-8e85bd86479c,current_freshwater,data/raw/current_freshwater/train_split/Bacterial Red disease/Bacterial Red disease_aug_143.jpg,train_split/Bacterial Red disease/Bacterial Red disease_aug_143.jpg,Bacterial Red disease,Bacterial Red Disease,0,current_freshwater-561008e79adc,,Bacterial Red Disease|current_freshwater,4
current_freshwater-80428fc720c5,current_freshwater,data/raw/current_freshwater/train_split/Bacterial Red disease/Bacterial Red disease_aug_158.jpg,train_split/Bacterial Red disease/Bacterial Red disease_aug_158.jpg,Bacterial Red disease,Bacterial Red Disease,0,current_freshwater-80428fc720c5,,Bacterial Red Disease|current_freshwater,4
current_freshwater-199d8840115b,current_freshwater,data/raw/current_freshwater/train_split/Bacterial Red disease/Bacterial Red disease_aug_169.jpg,train_split/Bacterial Red disease/Bacterial Red disease_aug_169.jpg,Bacterial Red disease,Bacterial Red Disease,0,current_freshwater-199d8840115b,,Bacterial Red Disease|current_freshwater,4
current_freshwater-5597241d61e1,current_freshwater,data/raw/current_freshwater/train_split/Bacterial Red disease/Bacterial Red disease_aug_170.jpg,train_split/Bacterial Red disease/Bacterial Red disease_aug_170.jpg,Bacterial Red disease,Bacterial Red Disease,0,current_freshwater-5597241d61e1,,Bacterial Red Disease|current_freshwater,4
current_freshwater-958faa07d70b,current_freshwater,data/raw/current_freshwater/train_split/Bacterial Red disease/Bacterial Red disease_aug_171.jpg,train_split/Bacterial Red disease/Bacterial Red disease_aug_171.jpg,Bacterial Red disease,Bacterial Red Disease,0,current_freshwater-958faa07d70b,,Bacterial Red Disease|current_freshwater,4
current_freshwater-fd24cc34ca2e,current_freshwater,data/raw/current_freshwater/train_split/Bacterial Red disease/Bacterial Red disease_aug_179.jpg,train_split/Bacterial Red disease/Bacterial Red disease_aug_179.jpg,Bacterial Red disease,Bacterial Red Disease,0,current_freshwater-fd24cc34ca2e,,Bacterial Red Disease|current_freshwater,4
current_freshwater-e970c598d7bb,current_freshwater,data/raw/current_freshwater/train_split/Bacterial Red disease/Bacterial Red disease_aug_247.jpg,train_split/Bacterial Red disease/Bacterial Red disease_aug_247.jpg,Bacterial Red disease,Bacterial Red Disease,0,current_freshwater-e970c598d7bb,,Bacterial Red Disease|current_freshwater,4
current_freshwater-acabbe130b34,current_freshwater,data/raw/current_freshwater/train_split/Bacterial Red disease/Bacterial Red disease_aug_29.jpg,train_split/Bacterial Red disease/Bacterial Red disease_aug_29.jpg,Bacterial Red disease,Bacterial Red Disease,0,current_freshwater-acabbe130b34,,Bacterial Red Disease|current_freshwater,4
current_freshwater-3062a89d5bca,current_freshwater,data/raw/current_freshwater/train_split/Bacterial Red disease/Bacterial Red disease_aug_297.jpg,train_split/Bacterial Red disease/Bacterial Red disease_aug_297.jpg,Bacterial Red disease,Bacterial Red Disease,0,current_freshwater-3062a89d5bca,,Bacterial Red Disease|current_freshwater,4
current_freshwater-91452d95bf5f,current_freshwater,data/raw/current_freshwater/train_split/Bacterial Red disease/Bacterial Red disease_aug_308.jpg,train_split/Bacterial Red disease/Bacterial Red disease_aug_308.jpg,Bacterial Red disease,Bacterial Red Disease,0,current_freshwater-91452d95bf5f,,Bacterial Red Disease|current_freshwater,4
current_freshwater-e10dac7aeaf3,current_freshwater,data/raw/current_freshwater/train_split/Bacterial Red disease/Bacterial Red disease_aug_34.jpg,train_split/Bacterial Red disease/Bacterial Red disease_aug_34.jpg,Bacterial Red disease,Bacterial Red Disease,0,current_freshwater-e10dac7aeaf3,,Bacterial Red Disease|current_freshwater,4
current_freshwater-69d54f8abc58,current_freshwater,data/raw/current_freshwater/train_split/Bacterial Red disease/Bacterial Red disease_aug_342.jpg,train_split/Bacterial Red disease/Bacterial Red disease_aug_342.jpg,Bacterial Red disease,Bacterial Red Disease,0,current_freshwater-69d54f8abc58,,Bacterial Red Disease|current_freshwater,4
current_freshwater-dfc1cc4dac7a,current_freshwater,data/raw/current_freshwater/train_split/Bacterial Red disease/Bacterial Red disease_aug_344.jpg,train_split/Bacterial Red disease/Bacterial Red disease_aug_344.jpg,Bacterial Red disease,Bacterial Red Disease,0,current_freshwater-dfc1cc4dac7a,,Bacterial Red Disease|current_freshwater,4
current_freshwater-dccc9359f61c,current_freshwater,data/raw/current_freshwater/train_split/Bacterial Red disease/Bacterial Red disease_aug_60.jpg,train_split/Bacterial Red disease/Bacterial Red disease_aug_60.jpg,Bacterial Red disease,Bacterial Red Disease,0,current_freshwater-ab6201654d4d,,Bacterial Red Disease|current_freshwater,4
current_freshwater-0a1538536aaa,current_freshwater,data/raw/current_freshwater/train_split/Bacterial Red disease/Bacterial Red disease_aug_74.jpg,train_split/Bacterial Red disease/Bacterial Red disease_aug_74.jpg,Bacterial Red disease,Bacterial Red Disease,0,current_freshwater-0a1538536aaa,,Bacterial Red Disease|current_freshwater,4
current_freshwater-ace8c59234a2,current_freshwater,data/raw/current_freshwater/train_split/Bacterial Red disease/Bacterial Red disease_aug_86.jpg,train_split/Bacterial Red disease/Bacterial Red disease_aug_86.jpg,Bacterial Red disease,Bacterial Red Disease,0,current_freshwater-ace8c59234a2,,Bacterial Red Disease|current_freshwater,4
roboflow-40a521c816c4,roboflow,data/raw/roboflow/train/Bacterial Red disease/Bacterial-Red-disease-1-_jpg.rf.ca9c9e0e6cbbd17a36e856b1e5e7bd1f.jpg,train/Bacterial Red disease/Bacterial-Red-disease-1-_jpg.rf.ca9c9e0e6cbbd17a36e856b1e5e7bd1f.jpg,Bacterial Red disease,Bacterial Red Disease,0,roboflow-40a521c816c4,,Bacterial Red Disease|roboflow,4
roboflow-1f09d68d2814,roboflow,data/raw/roboflow/train/Bacterial Red disease/Bacterial-Red-disease-36-_jpg.rf.46bd0ba73e3602c8691a9e8329471436.jpg,train/Bacterial Red disease/Bacterial-Red-disease-36-_jpg.rf.46bd0ba73e3602c8691a9e8329471436.jpg,Bacterial Red disease,Bacterial Red Disease,0,current_freshwater-ab6201654d4d,,Bacterial Red Disease|current_freshwater,4
roboflow-a93c9955a5b4,roboflow,data/raw/roboflow/train/Bacterial Red disease/Bacterial-Red-disease-7-_png.rf.d978b2d08336b1137567965188adae47.jpg,train/Bacterial Red disease/Bacterial-Red-disease-7-_png.rf.d978b2d08336b1137567965188adae47.jpg,Bacterial Red disease,Bacterial Red Disease,0,roboflow-a93c9955a5b4,,Bacterial Red Disease|roboflow,4
current_freshwater-491e411c56ce,current_freshwater,data/raw/current_freshwater/test_split/Bacterial diseases - Aeromoniasis_Bacterial diseases - Aeromoniasis_138.jpg,test_split/Bacterial diseases - Aeromoniasis_Bacterial diseases - Aeromoniasis_138.jpg,Bacterial diseases - Aeromoniasis,Aeromoniasis,1,current_freshwater-491e411c56ce,,Aeromoniasis|current_freshwater,4
current_freshwater-e5e6635c5012,current_freshwater,data/raw/current_freshwater/test_split/Bacterial diseases - Aeromoniasis_Bacterial diseases - Aeromoniasis_208.jpg,test_split/Bacterial diseases - Aeromoniasis_Bacterial diseases - Aeromoniasis_208.jpg,Bacterial diseases - Aeromoniasis,Aeromoniasis,1,current_freshwater-e5e6635c5012,,Aeromoniasis|current_freshwater,4
current_freshwater-02cae40028bb,current_freshwater,data/raw/current_freshwater/test_split/Bacterial diseases - Aeromoniasis_Bacterial diseases - Aeromoniasis_58.jpg,test_split/Bacterial diseases - Aeromoniasis_Bacterial diseases - Aeromoniasis_58.jpg,Bacterial diseases - Aeromoniasis,Aeromoniasis,1,current_freshwater-02cae40028bb,,Aeromoniasis|current_freshwater,4
current_freshwater-08392f9585ee,current_freshwater,data/raw/current_freshwater/train_split/Bacterial diseases - Aeromoniasis/Bacterial diseases - Aeromoniasis_127.jpg,train_split/Bacterial diseases - Aeromoniasis/Bacterial diseases - Aeromoniasis_127.jpg,Bacterial diseases - Aeromoniasis,Aeromoniasis,1,current_freshwater-08392f9585ee,,Aeromoniasis|current_freshwater,4
current_freshwater-c895a222d6c0,current_freshwater,data/raw/current_freshwater/train_split/Bacterial diseases - Aeromoniasis/Bacterial diseases - Aeromoniasis_129.jpg,train_split/Bacterial diseases - Aeromoniasis/Bacterial diseases - Aeromoniasis_129.jpg,Bacterial diseases - Aeromoniasis,Aeromoniasis,1,current_freshwater-c895a222d6c0,,Aeromoniasis|current_freshwater,4
current_freshwater-5681512ec011,current_freshwater,data/raw/current_freshwater/train_split/Bacterial diseases - Aeromoniasis/Bacterial diseases - Aeromoniasis_145.jpg,train_split/Bacterial diseases - Aeromoniasis/Bacterial diseases - Aeromoniasis_145.jpg,Bacterial diseases - Aeromoniasis,Aeromoniasis,1,current_freshwater-5681512ec011,,Aeromoniasis|current_freshwater,4
current_freshwater-06e6f1700e38,current_freshwater,data/raw/current_freshwater/train_split/Bacterial diseases - Aeromoniasis/Bacterial diseases - Aeromoniasis_151.jpg,train_split/Bacterial diseases - Aeromoniasis/Bacterial diseases - Aeromoniasis_151.jpg,Bacterial diseases - Aeromoniasis,Aeromoniasis,1,current_freshwater-06e6f1700e38,,Aeromoniasis|current_freshwater,4
current_freshwater-b8f8fcf295ed,current_freshwater,data/raw/current_freshwater/train_split/Bacterial diseases - Aeromoniasis/Bacterial diseases - Aeromoniasis_17.jpg,train_split/Bacterial diseases - Aeromoniasis/Bacterial diseases - Aeromoniasis_17.jpg,Bacterial diseases - Aeromoniasis,Aeromoniasis,1,current_freshwater-b8f8fcf295ed,,Aeromoniasis|current_freshwater,4
current_freshwater-88a6ca923091,current_freshwater,data/raw/current_freshwater/train_split/Bacterial diseases - Aeromoniasis/Bacterial diseases - Aeromoniasis_188.jpg,train_split/Bacterial diseases - Aeromoniasis/Bacterial diseases - Aeromoniasis_188.jpg,Bacterial diseases - Aeromoniasis,Aeromoniasis,1,current_freshwater-210f51e8623a,,Aeromoniasis|current_freshwater,4
current_freshwater-d6aab0d0e66a,current_freshwater,data/raw/current_freshwater/train_split/Bacterial diseases - Aeromoniasis/Bacterial diseases - Aeromoniasis_241.jpg,train_split/Bacterial diseases - Aeromoniasis/Bacterial diseases - Aeromoniasis_241.jpg,Bacterial diseases - Aeromoniasis,Aeromoniasis,1,current_freshwater-8405d43df8d9,,Aeromoniasis|current_freshwater,4
current_freshwater-6212c74fd8e5,current_freshwater,data/raw/current_freshwater/train_split/Bacterial diseases - Aeromoniasis/Bacterial diseases - Aeromoniasis_60.jpg,train_split/Bacterial diseases - Aeromoniasis/Bacterial diseases - Aeromoniasis_60.jpg,Bacterial diseases - Aeromoniasis,Aeromoniasis,1,current_freshwater-6212c74fd8e5,,Aeromoniasis|current_freshwater,4
current_freshwater-9f9041cf8acc,current_freshwater,data/raw/current_freshwater/train_split/Bacterial diseases - Aeromoniasis/Bacterial diseases - Aeromoniasis_80.jpg,train_split/Bacterial diseases - Aeromoniasis/Bacterial diseases - Aeromoniasis_80.jpg,Bacterial diseases - Aeromoniasis,Aeromoniasis,1,current_freshwater-9f9041cf8acc,,Aeromoniasis|current_freshwater,4
current_freshwater-3a9913f073fc,current_freshwater,data/raw/current_freshwater/train_split/Bacterial diseases - Aeromoniasis/Bacterial diseases - Aeromoniasis_93.jpg,train_split/Bacterial diseases - Aeromoniasis/Bacterial diseases - Aeromoniasis_93.jpg,Bacterial diseases - Aeromoniasis,Aeromoniasis,1,current_freshwater-3a9913f073fc,,Aeromoniasis|current_freshwater,4
current_freshwater-72e20c4bd92b,current_freshwater,data/raw/current_freshwater/train_split/Bacterial diseases - Aeromoniasis/Bacterial diseases - Aeromoniasis_aug_103.jpg,train_split/Bacterial diseases - Aeromoniasis/Bacterial diseases - Aeromoniasis_aug_103.jpg,Bacterial diseases - Aeromoniasis,Aeromoniasis,1,current_freshwater-72e20c4bd92b,,Aeromoniasis|current_freshwater,4
current_freshwater-05ae798de8cc,current_freshwater,data/raw/current_freshwater/train_split/Bacterial diseases - Aeromoniasis/Bacterial diseases - Aeromoniasis_aug_123.jpg,train_split/Bacterial diseases - Aeromoniasis/Bacterial diseases - Aeromoniasis_aug_123.jpg,Bacterial diseases - Aeromoniasis,Aeromoniasis,1,current_freshwater-05ae798de8cc,,Aeromoniasis|current_freshwater,4
current_freshwater-ae3c947d0ce0,current_freshwater,data/raw/current_freshwater/train_split/Bacterial diseases - Aeromoniasis/Bacterial diseases - Aeromoniasis_aug_124.jpg,train_split/Bacterial diseases - Aeromoniasis/Bacterial diseases - Aeromoniasis_aug_124.jpg,Bacterial diseases - Aeromoniasis,Aeromoniasis,1,current_freshwater-ae3c947d0ce0,,Aeromoniasis|current_freshwater,4
current_freshwater-67904b47df5f,current_freshwater,data/raw/current_freshwater/train_split/Bacterial diseases - Aeromoniasis/Bacterial diseases - Aeromoniasis_aug_164.jpg,train_split/Bacterial diseases - Aeromoniasis/Bacterial diseases - Aeromoniasis_aug_164.jpg,Bacterial diseases - Aeromoniasis,Aeromoniasis,1,current_freshwater-67904b47df5f,,Aeromoniasis|current_freshwater,4
current_freshwater-b8ad109bf31f,current_freshwater,data/raw/current_freshwater/train_split/Bacterial diseases - Aeromoniasis/Bacterial diseases - Aeromoniasis_aug_172.jpg,train_split/Bacterial diseases - Aeromoniasis/Bacterial diseases - Aeromoniasis_aug_172.jpg,Bacterial diseases - Aeromoniasis,Aeromoniasis,1,current_freshwater-b8ad109bf31f,,Aeromoniasis|current_freshwater,4
current_freshwater-7a502c1433a5,current_freshwater,data/raw/current_freshwater/train_split/Bacterial diseases - Aeromoniasis/Bacterial diseases - Aeromoniasis_aug_194.jpg,train_split/Bacterial diseases - Aeromoniasis/Bacterial diseases - Aeromoniasis_aug_194.jpg,Bacterial diseases - Aeromoniasis,Aeromoniasis,1,current_freshwater-7a502c1433a5,,Aeromoniasis|current_freshwater,4
current_freshwater-39cfaeb3f694,current_freshwater,data/raw/current_freshwater/train_split/Bacterial diseases - Aeromoniasis/Bacterial diseases - Aeromoniasis_aug_198.jpg,train_split/Bacterial diseases - Aeromoniasis/Bacterial diseases - Aeromoniasis_aug_198.jpg,Bacterial diseases - Aeromoniasis,Aeromoniasis,1,current_freshwater-39cfaeb3f694,,Aeromoniasis|current_freshwater,4
current_freshwater-489bcdd27ad9,current_freshwater,data/raw/current_freshwater/train_split/Bacterial diseases - Aeromoniasis/Bacterial diseases - Aeromoniasis_aug_224.jpg,train_split/Bacterial diseases - Aeromoniasis/Bacterial diseases - Aeromoniasis_aug_224.jpg,Bacterial diseases - Aeromoniasis,Aeromoniasis,1,current_freshwater-489bcdd27ad9,,Aeromoniasis|current_freshwater,4
current_freshwater-00bc1b8a3b90,current_freshwater,data/raw/current_freshwater/train_split/Bacterial diseases - Aeromoniasis/Bacterial diseases - Aeromoniasis_aug_23.jpg,train_split/Bacterial diseases - Aeromoniasis/Bacterial diseases - Aeromoniasis_aug_23.jpg,Bacterial diseases - Aeromoniasis,Aeromoniasis,1,current_freshwater-00bc1b8a3b90,,Aeromoniasis|current_freshwater,4
current_freshwater-359e7477d8bc,current_freshwater,data/raw/current_freshwater/train_split/Bacterial diseases - Aeromoniasis/Bacterial diseases - Aeromoniasis_aug_250.jpg,train_split/Bacterial diseases - Aeromoniasis/Bacterial diseases - Aeromoniasis_aug_250.jpg,Bacterial diseases - Aeromoniasis,Aeromoniasis,1,current_freshwater-359e7477d8bc,,Aeromoniasis|current_freshwater,4
current_freshwater-d9cf0c56a625,current_freshwater,data/raw/current_freshwater/train_split/Bacterial diseases - Aeromoniasis/Bacterial diseases - Aeromoniasis_aug_258.jpg,train_split/Bacterial diseases - Aeromoniasis/Bacterial diseases - Aeromoniasis_aug_258.jpg,Bacterial diseases - Aeromoniasis,Aeromoniasis,1,current_freshwater-d9cf0c56a625,,Aeromoniasis|current_freshwater,4
current_freshwater-06dd1ad74d70,current_freshwater,data/raw/current_freshwater/train_split/Bacterial diseases - Aeromoniasis/Bacterial diseases - Aeromoniasis_aug_259.jpg,train_split/Bacterial diseases - Aeromoniasis/Bacterial diseases - Aeromoniasis_aug_259.jpg,Bacterial diseases - Aeromoniasis,Aeromoniasis,1,current_freshwater-06dd1ad74d70,,Aeromoniasis|current_freshwater,4
current_freshwater-8405d43df8d9,current_freshwater,data/raw/current_freshwater/train_split/Bacterial diseases - Aeromoniasis/Bacterial diseases - Aeromoniasis_aug_263.jpg,train_split/Bacterial diseases - Aeromoniasis/Bacterial diseases - Aeromoniasis_aug_263.jpg,Bacterial diseases - Aeromoniasis,Aeromoniasis,1,current_freshwater-8405d43df8d9,,Aeromoniasis|current_freshwater,4
current_freshwater-df8ffb23455a,current_freshwater,data/raw/current_freshwater/train_split/Bacterial diseases - Aeromoniasis/Bacterial diseases - Aeromoniasis_aug_265.jpg,train_split/Bacterial diseases - Aeromoniasis/Bacterial diseases - Aeromoniasis_aug_265.jpg,Bacterial diseases - Aeromoniasis,Aeromoniasis,1,current_freshwater-df8ffb23455a,,Aeromoniasis|current_freshwater,4
current_freshwater-8e95e53e168d,current_freshwater,data/raw/current_freshwater/train_split/Bacterial diseases - Aeromoniasis/Bacterial diseases - Aeromoniasis_aug_275.jpg,train_split/Bacterial diseases - Aeromoniasis/Bacterial diseases - Aeromoniasis_aug_275.jpg,Bacterial diseases - Aeromoniasis,Aeromoniasis,1,current_freshwater-8e95e53e168d,,Aeromoniasis|current_freshwater,4
current_freshwater-92473c07d0e8,current_freshwater,data/raw/current_freshwater/train_split/Bacterial diseases - Aeromoniasis/Bacterial diseases - Aeromoniasis_aug_31.jpg,train_split/Bacterial diseases - Aeromoniasis/Bacterial diseases - Aeromoniasis_aug_31.jpg,Bacterial diseases - Aeromoniasis,Aeromoniasis,1,current_freshwater-92473c07d0e8,,Aeromoniasis|current_freshwater,4
current_freshwater-c3ef3e3f89af,current_freshwater,data/raw/current_freshwater/train_split/Bacterial diseases - Aeromoniasis/Bacterial diseases - Aeromoniasis_aug_36.jpg,train_split/Bacterial diseases - Aeromoniasis/Bacterial diseases - Aeromoniasis_aug_36.jpg,Bacterial diseases - Aeromoniasis,Aeromoniasis,1,current_freshwater-c3ef3e3f89af,,Aeromoniasis|current_freshwater,4
current_freshwater-7c3e5d8c7546,current_freshwater,data/raw/current_freshwater/train_split/Bacterial diseases - Aeromoniasis/Bacterial diseases - Aeromoniasis_aug_4.jpg,train_split/Bacterial diseases - Aeromoniasis/Bacterial diseases - Aeromoniasis_aug_4.jpg,Bacterial diseases - Aeromoniasis,Aeromoniasis,1,current_freshwater-7c3e5d8c7546,,Aeromoniasis|current_freshwater,4
current_freshwater-b87719237d3a,current_freshwater,data/raw/current_freshwater/train_split/Bacterial diseases - Aeromoniasis/Bacterial diseases - Aeromoniasis_aug_48.jpg,train_split/Bacterial diseases - Aeromoniasis/Bacterial diseases - Aeromoniasis_aug_48.jpg,Bacterial diseases - Aeromoniasis,Aeromoniasis,1,current_freshwater-b87719237d3a,,Aeromoniasis|current_freshwater,4
current_freshwater-210f51e8623a,current_freshwater,data/raw/current_freshwater/train_split/Bacterial diseases - Aeromoniasis/Bacterial diseases - Aeromoniasis_aug_75.jpg,train_split/Bacterial diseases - Aeromoniasis/Bacterial diseases - Aeromoniasis_aug_75.jpg,Bacterial diseases - Aeromoniasis,Aeromoniasis,1,current_freshwater-210f51e8623a,,Aeromoniasis|current_freshwater,4
current_freshwater-eb7eeeed6771,current_freshwater,data/raw/current_freshwater/train_split/Bacterial diseases - Aeromoniasis/Bacterial diseases - Aeromoniasis_aug_76.jpg,train_split/Bacterial diseases - Aeromoniasis/Bacterial diseases - Aeromoniasis_aug_76.jpg,Bacterial diseases - Aeromoniasis,Aeromoniasis,1,current_freshwater-491e411c56ce,,Aeromoniasis|current_freshwater,4
current_freshwater-3fea07400f46,current_freshwater,data/raw/current_freshwater/train_split/Bacterial diseases - Aeromoniasis/Bacterial diseases - Aeromoniasis_aug_79.jpg,train_split/Bacterial diseases - Aeromoniasis/Bacterial diseases - Aeromoniasis_aug_79.jpg,Bacterial diseases - Aeromoniasis,Aeromoniasis,1,current_freshwater-3fea07400f46,,Aeromoniasis|current_freshwater,4
roboflow-d20095918fdf,roboflow,data/raw/roboflow/train/Bacterial diseases - Aeromoniasis/Bacterial-diseases-Aeromoniasis-21-_jpg.rf.1851a81eb85fcc4d10f8dc91e3bf5ca8.jpg,train/Bacterial diseases - Aeromoniasis/Bacterial-diseases-Aeromoniasis-21-_jpg.rf.1851a81eb85fcc4d10f8dc91e3bf5ca8.jpg,Bacterial diseases - Aeromoniasis,Aeromoniasis,1,roboflow-d20095918fdf,,Aeromoniasis|roboflow,4
roboflow-e3a31f0e20fc,roboflow,data/raw/roboflow/train/Bacterial diseases - Aeromoniasis/Bacterial-diseases-Aeromoniasis-22-_jpg.rf.d3965c3aaf1d06b10171bf9baa049a2e.jpg,train/Bacterial diseases - Aeromoniasis/Bacterial-diseases-Aeromoniasis-22-_jpg.rf.d3965c3aaf1d06b10171bf9baa049a2e.jpg,Bacterial diseases - Aeromoniasis,Aeromoniasis,1,current_freshwater-08392f9585ee,,Aeromoniasis|current_freshwater,4
roboflow-db8c4c8597a4,roboflow,data/raw/roboflow/train/Bacterial diseases - Aeromoniasis/Bacterial-diseases-Aeromoniasis-9-_jpg.rf.89580475c394afcde98747c353c94b2a.jpg,train/Bacterial diseases - Aeromoniasis/Bacterial-diseases-Aeromoniasis-9-_jpg.rf.89580475c394afcde98747c353c94b2a.jpg,Bacterial diseases - Aeromoniasis,Aeromoniasis,1,roboflow-db8c4c8597a4,,Aeromoniasis|roboflow,4
roboflow-035c7bd038e8,roboflow,data/raw/roboflow/valid/Bacterial diseases - Aeromoniasis/Bacterial-diseases-Aeromoniasis-23-_jpg.rf.11b35ea9442cb572b7e78e98688f5a96.jpg,valid/Bacterial diseases - Aeromoniasis/Bacterial-diseases-Aeromoniasis-23-_jpg.rf.11b35ea9442cb572b7e78e98688f5a96.jpg,Bacterial diseases - Aeromoniasis,Aeromoniasis,1,current_freshwater-491e411c56ce,,Aeromoniasis|current_freshwater,4
current_freshwater-9e572a9fb564,current_freshwater,data/raw/current_freshwater/test_split/Bacterial gill disease_Bacterial gill disease_13.jpg,test_split/Bacterial gill disease_Bacterial gill disease_13.jpg,Bacterial gill disease,Bacterial Gill Disease,2,current_freshwater-9e572a9fb564,,Bacterial Gill Disease|current_freshwater,4
current_freshwater-0e5d5e7410ef,current_freshwater,data/raw/current_freshwater/test_split/Bacterial gill disease_Bacterial gill disease_362.jpg,test_split/Bacterial gill disease_Bacterial gill disease_362.jpg,Bacterial gill disease,Bacterial Gill Disease,2,current_freshwater-0e5d5e7410ef,,Bacterial Gill Disease|current_freshwater,4
current_freshwater-222fd11baeca,current_freshwater,data/raw/current_freshwater/test_split/Bacterial gill disease_Bacterial gill disease_72.jpg,test_split/Bacterial gill disease_Bacterial gill disease_72.jpg,Bacterial gill disease,Bacterial Gill Disease,2,current_freshwater-222fd11baeca,,Bacterial Gill Disease|current_freshwater,4
current_freshwater-3a070bbd1115,current_freshwater,data/raw/current_freshwater/train_split/Bacterial gill disease/Bacterial gill disease_116.jpg,train_split/Bacterial gill disease/Bacterial gill disease_116.jpg,Bacterial gill disease,Bacterial Gill Disease,2,current_freshwater-3a070bbd1115,,Bacterial Gill Disease|current_freshwater,4
current_freshwater-b9253d5837f5,current_freshwater,data/raw/current_freshwater/train_split/Bacterial gill disease/Bacterial gill disease_130.jpg,train_split/Bacterial gill disease/Bacterial gill disease_130.jpg,Bacterial gill disease,Bacterial Gill Disease,2,current_freshwater-66106c744239,,Bacterial Gill Disease|current_freshwater,4
current_freshwater-fb39050b46d6,current_freshwater,data/raw/current_freshwater/train_split/Bacterial gill disease/Bacterial gill disease_171.jpg,train_split/Bacterial gill disease/Bacterial gill disease_171.jpg,Bacterial gill disease,Bacterial Gill Disease,2,current_freshwater-fb39050b46d6,,Bacterial Gill Disease|current_freshwater,4
current_freshwater-2a151bb148f7,current_freshwater,data/raw/current_freshwater/train_split/Bacterial gill disease/Bacterial gill disease_19.jpg,train_split/Bacterial gill disease/Bacterial gill disease_19.jpg,Bacterial gill disease,Bacterial Gill Disease,2,current_freshwater-2a151bb148f7,,Bacterial Gill Disease|current_freshwater,4
current_freshwater-fc64dd133e89,current_freshwater,data/raw/current_freshwater/train_split/Bacterial gill disease/Bacterial gill disease_200.jpg,train_split/Bacterial gill disease/Bacterial gill disease_200.jpg,Bacterial gill disease,Bacterial Gill Disease,2,current_freshwater-0fc87ecb8c17,,Bacterial Gill Disease|current_freshwater,4
current_freshwater-04f3866842db,current_freshwater,data/raw/current_freshwater/train_split/Bacterial gill disease/Bacterial gill disease_215.jpg,train_split/Bacterial gill disease/Bacterial gill disease_215.jpg,Bacterial gill disease,Bacterial Gill Disease,2,current_freshwater-04f3866842db,,Bacterial Gill Disease|current_freshwater,4
current_freshwater-2886ae3bb12b,current_freshwater,data/raw/current_freshwater/train_split/Bacterial gill disease/Bacterial gill disease_25.jpg,train_split/Bacterial gill disease/Bacterial gill disease_25.jpg,Bacterial gill disease,Bacterial Gill Disease,2,current_freshwater-2886ae3bb12b,,Bacterial Gill Disease|current_freshwater,4
current_freshwater-34de69109413,current_freshwater,data/raw/current_freshwater/train_split/Bacterial gill disease/Bacterial gill disease_260.jpg,train_split/Bacterial gill disease/Bacterial gill disease_260.jpg,Bacterial gill disease,Bacterial Gill Disease,2,current_freshwater-34de69109413,,Bacterial Gill Disease|current_freshwater,4
current_freshwater-dcaf1896cc27,current_freshwater,data/raw/current_freshwater/train_split/Bacterial gill disease/Bacterial gill disease_266.jpg,train_split/Bacterial gill disease/Bacterial gill disease_266.jpg,Bacterial gill disease,Bacterial Gill Disease,2,current_freshwater-dcaf1896cc27,,Bacterial Gill Disease|current_freshwater,4
current_freshwater-b20d012752dc,current_freshwater,data/raw/current_freshwater/train_split/Bacterial gill disease/Bacterial gill disease_278.jpg,train_split/Bacterial gill disease/Bacterial gill disease_278.jpg,Bacterial gill disease,Bacterial Gill Disease,2,current_freshwater-b20d012752dc,,Bacterial Gill Disease|current_freshwater,4
current_freshwater-e18a24f93298,current_freshwater,data/raw/current_freshwater/train_split/Bacterial gill disease/Bacterial gill disease_279.jpg,train_split/Bacterial gill disease/Bacterial gill disease_279.jpg,Bacterial gill disease,Bacterial Gill Disease,2,current_freshwater-e18a24f93298,,Bacterial Gill Disease|current_freshwater,4
current_freshwater-74fd66480be4,current_freshwater,data/raw/current_freshwater/train_split/Bacterial gill disease/Bacterial gill disease_34.jpg,train_split/Bacterial gill disease/Bacterial gill disease_34.jpg,Bacterial gill disease,Bacterial Gill Disease,2,current_freshwater-74fd66480be4,,Bacterial Gill Disease|roboflow,4
current_freshwater-7e7c8f4b11c0,current_freshwater,data/raw/current_freshwater/train_split/Bacterial gill disease/Bacterial gill disease_392.jpg,train_split/Bacterial gill disease/Bacterial gill disease_392.jpg,Bacterial gill disease,Bacterial Gill Disease,2,current_freshwater-7e7c8f4b11c0,,Bacterial Gill Disease|current_freshwater,4
current_freshwater-8f38ccadd7ab,current_freshwater,data/raw/current_freshwater/train_split/Bacterial gill disease/Bacterial gill disease_44.jpg,train_split/Bacterial gill disease/Bacterial gill disease_44.jpg,Bacterial gill disease,Bacterial Gill Disease,2,current_freshwater-20e93ab647c9,,Bacterial Gill Disease|current_freshwater,4
current_freshwater-b1f7d3ca7be4,current_freshwater,data/raw/current_freshwater/train_split/Bacterial gill disease/Bacterial gill disease_63.jpg,train_split/Bacterial gill disease/Bacterial gill disease_63.jpg,Bacterial gill disease,Bacterial Gill Disease,2,current_freshwater-b1f7d3ca7be4,,Bacterial Gill Disease|current_freshwater,4
current_freshwater-638a24f6d72d,current_freshwater,data/raw/current_freshwater/train_split/Bacterial gill disease/Bacterial gill disease_83.jpg,train_split/Bacterial gill disease/Bacterial gill disease_83.jpg,Bacterial gill disease,Bacterial Gill Disease,2,current_freshwater-638a24f6d72d,,Bacterial Gill Disease|current_freshwater,4
current_freshwater-1048d0d2bfdd,current_freshwater,data/raw/current_freshwater/train_split/Bacterial gill disease/Bacterial gill disease_aug_0.jpg,train_split/Bacterial gill disease/Bacterial gill disease_aug_0.jpg,Bacterial gill disease,Bacterial Gill Disease,2,current_freshwater-1048d0d2bfdd,,Bacterial Gill Disease|current_freshwater,4
current_freshwater-0fc87ecb8c17,current_freshwater,data/raw/current_freshwater/train_split/Bacterial gill disease/Bacterial gill disease_aug_107.jpg,train_split/Bacterial gill disease/Bacterial gill disease_aug_107.jpg,Bacterial gill disease,Bacterial Gill Disease,2,current_freshwater-0fc87ecb8c17,,Bacterial Gill Disease|current_freshwater,4
current_freshwater-15bc5c55393e,current_freshwater,data/raw/current_freshwater/train_split/Bacterial gill disease/Bacterial gill disease_aug_109.jpg,train_split/Bacterial gill disease/Bacterial gill disease_aug_109.jpg,Bacterial gill disease,Bacterial Gill Disease,2,current_freshwater-15bc5c55393e,,Bacterial Gill Disease|current_freshwater,4
current_freshwater-20e93ab647c9,current_freshwater,data/raw/current_freshwater/train_split/Bacterial gill disease/Bacterial gill disease_aug_122.jpg,train_split/Bacterial gill disease/Bacterial gill disease_aug_122.jpg,Bacterial gill disease,Bacterial Gill Disease,2,current_freshwater-20e93ab647c9,,Bacterial Gill Disease|current_freshwater,4
current_freshwater-91bb3d6c6f33,current_freshwater,data/raw/current_freshwater/train_split/Bacterial gill disease/Bacterial gill disease_aug_146.jpg,train_split/Bacterial gill disease/Bacterial gill disease_aug_146.jpg,Bacterial gill disease,Bacterial Gill Disease,2,current_freshwater-91bb3d6c6f33,,Bacterial Gill Disease|current_freshwater,4
current_freshwater-426a2d3223da,current_freshwater,data/raw/current_freshwater/train_split/Bacterial gill disease/Bacterial gill disease_aug_151.jpg,train_split/Bacterial gill disease/Bacterial gill disease_aug_151.jpg,Bacterial gill disease,Bacterial Gill Disease,2,current_freshwater-426a2d3223da,,Bacterial Gill Disease|current_freshwater,4
current_freshwater-a1ad75074aa4,current_freshwater,data/raw/current_freshwater/train_split/Bacterial gill disease/Bacterial gill disease_aug_154.jpg,train_split/Bacterial gill disease/Bacterial gill disease_aug_154.jpg,Bacterial gill disease,Bacterial Gill Disease,2,current_freshwater-a1ad75074aa4,,Bacterial Gill Disease|current_freshwater,4
current_freshwater-5077073c86f6,current_freshwater,data/raw/current_freshwater/train_split/Bacterial gill disease/Bacterial gill disease_aug_177.jpg,train_split/Bacterial gill disease/Bacterial gill disease_aug_177.jpg,Bacterial gill disease,Bacterial Gill Disease,2,current_freshwater-5077073c86f6,,Bacterial Gill Disease|current_freshwater,4
current_freshwater-48516fe38c77,current_freshwater,data/raw/current_freshwater/train_split/Bacterial gill disease/Bacterial gill disease_aug_179.jpg,train_split/Bacterial gill disease/Bacterial gill disease_aug_179.jpg,Bacterial gill disease,Bacterial Gill Disease,2,current_freshwater-48516fe38c77,,Bacterial Gill Disease|current_freshwater,4
current_freshwater-8a586a61edbb,current_freshwater,data/raw/current_freshwater/train_split/Bacterial gill disease/Bacterial gill disease_aug_187.jpg,train_split/Bacterial gill disease/Bacterial gill disease_aug_187.jpg,Bacterial gill disease,Bacterial Gill Disease,2,current_freshwater-8a586a61edbb,,Bacterial Gill Disease|current_freshwater,4
current_freshwater-491d013429fc,current_freshwater,data/raw/current_freshwater/train_split/Bacterial gill disease/Bacterial gill disease_aug_232.jpg,train_split/Bacterial gill disease/Bacterial gill disease_aug_232.jpg,Bacterial gill disease,Bacterial Gill Disease,2,current_freshwater-491d013429fc,,Bacterial Gill Disease|current_freshwater,4
current_freshwater-cc1dc7e998cf,current_freshwater,data/raw/current_freshwater/train_split/Bacterial gill disease/Bacterial gill disease_aug_24.jpg,train_split/Bacterial gill disease/Bacterial gill disease_aug_24.jpg,Bacterial gill disease,Bacterial Gill Disease,2,current_freshwater-cc1dc7e998cf,,Bacterial Gill Disease|current_freshwater,4
current_freshwater-9c94c0f2da04,current_freshwater,data/raw/current_freshwater/train_split/Bacterial gill disease/Bacterial gill disease_aug_246.jpg,train_split/Bacterial gill disease/Bacterial gill disease_aug_246.jpg,Bacterial gill disease,Bacterial Gill Disease,2,current_freshwater-9c94c0f2da04,,Bacterial Gill Disease|current_freshwater,4
current_freshwater-51b725f61495,current_freshwater,data/raw/current_freshwater/train_split/Bacterial gill disease/Bacterial gill disease_aug_3.jpg,train_split/Bacterial gill disease/Bacterial gill disease_aug_3.jpg,Bacterial gill disease,Bacterial Gill Disease,2,current_freshwater-51b725f61495,,Bacterial Gill Disease|current_freshwater,4
current_freshwater-13cf46a2a88a,current_freshwater,data/raw/current_freshwater/train_split/Bacterial gill disease/Bacterial gill disease_aug_38.jpg,train_split/Bacterial gill disease/Bacterial gill disease_aug_38.jpg,Bacterial gill disease,Bacterial Gill Disease,2,current_freshwater-13cf46a2a88a,,Bacterial Gill Disease|current_freshwater,4
current_freshwater-66106c744239,current_freshwater,data/raw/current_freshwater/train_split/Bacterial gill disease/Bacterial gill disease_aug_84.jpg,train_split/Bacterial gill disease/Bacterial gill disease_aug_84.jpg,Bacterial gill disease,Bacterial Gill Disease,2,current_freshwater-66106c744239,,Bacterial Gill Disease|current_freshwater,4
roboflow-863882065ba3,roboflow,data/raw/roboflow/test/Bacterial gill disease/Bacterial-gill-disease-17-_jpg.rf.8722b333e802ae88b6503a5a2845a813.jpg,test/Bacterial gill disease/Bacterial-gill-disease-17-_jpg.rf.8722b333e802ae88b6503a5a2845a813.jpg,Bacterial gill disease,Bacterial Gill Disease,2,roboflow-863882065ba3,,Bacterial Gill Disease|roboflow,4
roboflow-416d0feb0120,roboflow,data/raw/roboflow/train/Bacterial gill disease/Bacterial-gill-disease-14-_jpg.rf.bd4966f11b16c583afc68264c6db987d.jpg,train/Bacterial gill disease/Bacterial-gill-disease-14-_jpg.rf.bd4966f11b16c583afc68264c6db987d.jpg,Bacterial gill disease,Bacterial Gill Disease,2,current_freshwater-2886ae3bb12b,,Bacterial Gill Disease|current_freshwater,4
roboflow-305a3ffe034e,roboflow,data/raw/roboflow/train/Bacterial gill disease/Bacterial-gill-disease-27-_jpg.rf.6fb79a02a1419b4188b195bc668e278d.jpg,train/Bacterial gill disease/Bacterial-gill-disease-27-_jpg.rf.6fb79a02a1419b4188b195bc668e278d.jpg,Bacterial gill disease,Bacterial Gill Disease,2,current_freshwater-74fd66480be4,,Bacterial Gill Disease|roboflow,4
roboflow-d417987c1953,roboflow,data/raw/roboflow/train/Bacterial gill disease/Bacterial-gill-disease-3-_jpg.rf.5fd2bccdfd0caa9ca12c3f24812d6e95.jpg,train/Bacterial gill disease/Bacterial-gill-disease-3-_jpg.rf.5fd2bccdfd0caa9ca12c3f24812d6e95.jpg,Bacterial gill disease,Bacterial Gill Disease,2,current_freshwater-74fd66480be4,,Bacterial Gill Disease|roboflow,4
roboflow-6105fd3b3338,roboflow,data/raw/roboflow/train/Bacterial gill disease/Bacterial-gill-disease-4-_jpg.rf.21cc61b80a31dd071b85f7e5f64b1e20.jpg,train/Bacterial gill disease/Bacterial-gill-disease-4-_jpg.rf.21cc61b80a31dd071b85f7e5f64b1e20.jpg,Bacterial gill disease,Bacterial Gill Disease,2,current_freshwater-20e93ab647c9,,Bacterial Gill Disease|current_freshwater,4
current_freshwater-f8585a9d7125,current_freshwater,data/raw/current_freshwater/test_split/EUS_EUS_139.jpg,test_split/EUS_EUS_139.jpg,EUS,EUS Disease,3,current_freshwater-20b00978f607,,EUS Disease|current_freshwater,4
current_freshwater-8cdbd60ecf00,current_freshwater,data/raw/current_freshwater/test_split/EUS_EUS_251.jpg,test_split/EUS_EUS_251.jpg,EUS,EUS Disease,3,current_freshwater-8cdbd60ecf00,,EUS Disease|current_freshwater,4
current_freshwater-db3e550d7776,current_freshwater,data/raw/current_freshwater/test_split/EUS_EUS_283.jpg,test_split/EUS_EUS_283.jpg,EUS,EUS Disease,3,current_freshwater-5396c6f64b02,,EUS Disease|current_freshwater,4
current_freshwater-3262600277ab,current_freshwater,data/raw/current_freshwater/test_split/EUS_EUS_307.jpg,test_split/EUS_EUS_307.jpg,EUS,EUS Disease,3,current_freshwater-3262600277ab,,EUS Disease|current_freshwater,4
current_freshwater-db5a566bb47b,current_freshwater,data/raw/current_freshwater/test_split/EUS_EUS_320.jpg,test_split/EUS_EUS_320.jpg,EUS,EUS Disease,3,current_freshwater-db5a566bb47b,,EUS Disease|current_freshwater,4
current_freshwater-6b8579be4ea3,current_freshwater,data/raw/current_freshwater/train_split/EUS/EUS_124.jpg,train_split/EUS/EUS_124.jpg,EUS,EUS Disease,3,current_freshwater-6b8579be4ea3,,EUS Disease|current_freshwater,4
current_freshwater-5eb661daafd9,current_freshwater,data/raw/current_freshwater/train_split/EUS/EUS_125.jpg,train_split/EUS/EUS_125.jpg,EUS,EUS Disease,3,current_freshwater-5eb661daafd9,,EUS Disease|current_freshwater,4
current_freshwater-d723595334ed,current_freshwater,data/raw/current_freshwater/train_split/EUS/EUS_129.jpg,train_split/EUS/EUS_129.jpg,EUS,EUS Disease,3,current_freshwater-d723595334ed,,EUS Disease|current_freshwater,4
current_freshwater-7bebfeaf96ef,current_freshwater,data/raw/current_freshwater/train_split/EUS/EUS_160.jpg,train_split/EUS/EUS_160.jpg,EUS,EUS Disease,3,current_freshwater-7bebfeaf96ef,,EUS Disease|current_freshwater,4
current_freshwater-4c206f6020b3,current_freshwater,data/raw/current_freshwater/train_split/EUS/EUS_191.jpg,train_split/EUS/EUS_191.jpg,EUS,EUS Disease,3,current_freshwater-4c206f6020b3,,EUS Disease|current_freshwater,4
current_freshwater-4a7d15b58585,current_freshwater,data/raw/current_freshwater/train_split/EUS/EUS_204.jpg,train_split/EUS/EUS_204.jpg,EUS,EUS Disease,3,current_freshwater-4a7d15b58585,,EUS Disease|current_freshwater,4
current_freshwater-2cf8e90c782f,current_freshwater,data/raw/current_freshwater/train_split/EUS/EUS_225.jpg,train_split/EUS/EUS_225.jpg,EUS,EUS Disease,3,current_freshwater-2cf8e90c782f,,EUS Disease|current_freshwater,4
current_freshwater-7723839aa4ab,current_freshwater,data/raw/current_freshwater/train_split/EUS/EUS_227.jpg,train_split/EUS/EUS_227.jpg,EUS,EUS Disease,3,current_freshwater-7723839aa4ab,,EUS Disease|current_freshwater,4
current_freshwater-7888c049c855,current_freshwater,data/raw/current_freshwater/train_split/EUS/EUS_230.jpg,train_split/EUS/EUS_230.jpg,EUS,EUS Disease,3,current_freshwater-7888c049c855,,EUS Disease|current_freshwater,4
current_freshwater-6b8a06912c81,current_freshwater,data/raw/current_freshwater/train_split/EUS/EUS_270.jpg,train_split/EUS/EUS_270.jpg,EUS,EUS Disease,3,current_freshwater-6b8a06912c81,,EUS Disease|current_freshwater,4
current_freshwater-cf08d8b36fff,current_freshwater,data/raw/current_freshwater/train_split/EUS/EUS_292.jpg,train_split/EUS/EUS_292.jpg,EUS,EUS Disease,3,current_freshwater-cf08d8b36fff,,EUS Disease|current_freshwater,4
current_freshwater-6d8a5d12cfa9,current_freshwater,data/raw/current_freshwater/train_split/EUS/EUS_47.jpg,train_split/EUS/EUS_47.jpg,EUS,EUS Disease,3,current_freshwater-6d8a5d12cfa9,,EUS Disease|current_freshwater,4
current_freshwater-5a036bbbf532,current_freshwater,data/raw/current_freshwater/train_split/EUS/EUS_77.jpg,train_split/EUS/EUS_77.jpg,EUS,EUS Disease,3,current_freshwater-5a036bbbf532,,EUS Disease|current_freshwater,4
current_freshwater-5396c6f64b02,current_freshwater,data/raw/current_freshwater/train_split/EUS/EUS_aug_100.jpg,train_split/EUS/EUS_aug_100.jpg,EUS,EUS Disease,3,current_freshwater-5396c6f64b02,,EUS Disease|current_freshwater,4
current_freshwater-5b5f3450f700,current_freshwater,data/raw/current_freshwater/train_split/EUS/EUS_aug_134.jpg,train_split/EUS/EUS_aug_134.jpg,EUS,EUS Disease,3,current_freshwater-5b5f3450f700,,EUS Disease|current_freshwater,4
current_freshwater-8d826c4e010d,current_freshwater,data/raw/current_freshwater/train_split/EUS/EUS_aug_17.jpg,train_split/EUS/EUS_aug_17.jpg,EUS,EUS Disease,3,current_freshwater-8d826c4e010d,,EUS Disease|current_freshwater,4
current_freshwater-b961c2bac55a,current_freshwater,data/raw/current_freshwater/train_split/EUS/EUS_aug_170.jpg,train_split/EUS/EUS_aug_170.jpg,EUS,EUS Disease,3,current_freshwater-b961c2bac55a,,EUS Disease|current_freshwater,4
current_freshwater-20b00978f607,current_freshwater,data/raw/current_freshwater/train_split/EUS/EUS_aug_180.jpg,train_split/EUS/EUS_aug_180.jpg,EUS,EUS Disease,3,current_freshwater-20b00978f607,,EUS Disease|current_freshwater,4
current_freshwater-1f366053120c,current_freshwater,data/raw/current_freshwater/train_split/EUS/EUS_aug_210.jpg,train_split/EUS/EUS_aug_210.jpg,EUS,EUS Disease,3,current_freshwater-1f366053120c,,EUS Disease|current_freshwater,4
current_freshwater-2e1bdd76b4a8,current_freshwater,data/raw/current_freshwater/train_split/EUS/EUS_aug_223.jpg,train_split/EUS/EUS_aug_223.jpg,EUS,EUS Disease,3,current_freshwater-2e1bdd76b4a8,,EUS Disease|current_freshwater,4
current_freshwater-e93c42f46e14,current_freshwater,data/raw/current_freshwater/train_split/EUS/EUS_aug_30.jpg,train_split/EUS/EUS_aug_30.jpg,EUS,EUS Disease,3,current_freshwater-e93c42f46e14,,EUS Disease|current_freshwater,4
current_freshwater-b133c885fbfd,current_freshwater,data/raw/current_freshwater/train_split/EUS/EUS_aug_34.jpg,train_split/EUS/EUS_aug_34.jpg,EUS,EUS Disease,3,current_freshwater-b133c885fbfd,,EUS Disease|current_freshwater,4
current_freshwater-9bed358f9a96,current_freshwater,data/raw/current_freshwater/train_split/EUS/EUS_aug_38.jpg,train_split/EUS/EUS_aug_38.jpg,EUS,EUS Disease,3,current_freshwater-9bed358f9a96,,EUS Disease|current_freshwater,4
current_freshwater-dc3af7a98b03,current_freshwater,data/raw/current_freshwater/train_split/EUS/EUS_aug_5.jpg,train_split/EUS/EUS_aug_5.jpg,EUS,EUS Disease,3,current_freshwater-dc3af7a98b03,,EUS Disease|current_freshwater,4
current_freshwater-daf6dede1aa9,current_freshwater,data/raw/current_freshwater/train_split/EUS/EUS_aug_54.jpg,train_split/EUS/EUS_aug_54.jpg,EUS,EUS Disease,3,current_freshwater-daf6dede1aa9,,EUS Disease|current_freshwater,4
current_freshwater-e96df295c4b1,current_freshwater,data/raw/current_freshwater/train_split/EUS/EUS_aug_59.jpg,train_split/EUS/EUS_aug_59.jpg,EUS,EUS Disease,3,current_freshwater-e96df295c4b1,,EUS Disease|current_freshwater,4
current_freshwater-67cc478870c6,current_freshwater,data/raw/current_freshwater/train_split/EUS/EUS_aug_61.jpg,train_split/EUS/EUS_aug_61.jpg,EUS,EUS Disease,3,current_freshwater-67cc478870c6,,EUS Disease|current_freshwater,4
current_freshwater-8e8ab1e3d60b,current_freshwater,data/raw/current_freshwater/train_split/EUS/EUS_aug_72.jpg,train_split/EUS/EUS_aug_72.jpg,EUS,EUS Disease,3,current_freshwater-8e8ab1e3d60b,,EUS Disease|current_freshwater,4
current_freshwater-b4ac2c93c2a3,current_freshwater,data/raw/current_freshwater/train_split/EUS/EUS_aug_86.jpg,train_split/EUS/EUS_aug_86.jpg,EUS,EUS Disease,3,current_freshwater-b4ac2c93c2a3,,EUS Disease|current_freshwater,4
current_freshwater-bc8b7c0a7504,current_freshwater,data/raw/current_freshwater/train_split/EUS/EUS_aug_91.jpg,train_split/EUS/EUS_aug_91.jpg,EUS,EUS Disease,3,current_freshwater-8cdbd60ecf00,,EUS Disease|current_freshwater,4
kaptai-07c319454773,kaptai,data/raw/kaptai/EUS/EUS  (14).jpg,EUS/EUS  (14).jpg,EUS,EUS Disease,3,kaptai-07c319454773,,EUS Disease|kaptai,4
kaptai-0c0c09a89f08,kaptai,data/raw/kaptai/EUS/mastacembelus-armatus.jpg,EUS/mastacembelus-armatus.jpg,EUS,EUS Disease,3,current_freshwater-1f366053120c,,EUS Disease|current_freshwater,4
current_freshwater-78e6b4d6983c,current_freshwater,data/raw/current_freshwater/test_split/Fungal diseases Saprolegniasis_Fungal diseases Saprolegniasis_128.jpg,test_split/Fungal diseases Saprolegniasis_Fungal diseases Saprolegniasis_128.jpg,Fungal diseases Saprolegniasis,Saprolegniasis,4,current_freshwater-78e6b4d6983c,,Saprolegniasis|current_freshwater,4
current_freshwater-29d42910f061,current_freshwater,data/raw/current_freshwater/test_split/Fungal diseases Saprolegniasis_Fungal diseases Saprolegniasis_53.jpg,test_split/Fungal diseases Saprolegniasis_Fungal diseases Saprolegniasis_53.jpg,Fungal diseases Saprolegniasis,Saprolegniasis,4,current_freshwater-29d42910f061,,Saprolegniasis|current_freshwater,4
current_freshwater-a8017eed87b1,current_freshwater,data/raw/current_freshwater/train_split/Fungal diseases Saprolegniasis/Fungal diseases Saprolegniasis_16.jpg,train_split/Fungal diseases Saprolegniasis/Fungal diseases Saprolegniasis_16.jpg,Fungal diseases Saprolegniasis,Saprolegniasis,4,current_freshwater-a8017eed87b1,,Saprolegniasis|current_freshwater,4
current_freshwater-f471ff643f92,current_freshwater,data/raw/current_freshwater/train_split/Fungal diseases Saprolegniasis/Fungal diseases Saprolegniasis_18.jpg,train_split/Fungal diseases Saprolegniasis/Fungal diseases Saprolegniasis_18.jpg,Fungal diseases Saprolegniasis,Saprolegniasis,4,current_freshwater-f471ff643f92,,Saprolegniasis|current_freshwater,4
current_freshwater-25db18277f07,current_freshwater,data/raw/current_freshwater/train_split/Fungal diseases Saprolegniasis/Fungal diseases Saprolegniasis_5.jpg,train_split/Fungal diseases Saprolegniasis/Fungal diseases Saprolegniasis_5.jpg,Fungal diseases Saprolegniasis,Saprolegniasis,4,current_freshwater-25db18277f07,,Saprolegniasis|current_freshwater,4
current_freshwater-b2d3fae0be1c,current_freshwater,data/raw/current_freshwater/train_split/Fungal diseases Saprolegniasis/Fungal diseases Saprolegniasis_55.jpg,train_split/Fungal diseases Saprolegniasis/Fungal diseases Saprolegniasis_55.jpg,Fungal diseases Saprolegniasis,Saprolegniasis,4,current_freshwater-7ae2dde4542a,,Saprolegniasis|current_freshwater,4
current_freshwater-fd0765638a2c,current_freshwater,data/raw/current_freshwater/train_split/Fungal diseases Saprolegniasis/Fungal diseases Saprolegniasis_58.jpg,train_split/Fungal diseases Saprolegniasis/Fungal diseases Saprolegniasis_58.jpg,Fungal diseases Saprolegniasis,Saprolegniasis,4,current_freshwater-fd0765638a2c,,Saprolegniasis|current_freshwater,4
current_freshwater-7a47d34bda23,current_freshwater,data/raw/current_freshwater/train_split/Fungal diseases Saprolegniasis/Fungal diseases Saprolegniasis_98.jpg,train_split/Fungal diseases Saprolegniasis/Fungal diseases Saprolegniasis_98.jpg,Fungal diseases Saprolegniasis,Saprolegniasis,4,current_freshwater-7a47d34bda23,,Saprolegniasis|current_freshwater,4
current_freshwater-bb739881d9a6,current_freshwater,data/raw/current_freshwater/train_split/Fungal diseases Saprolegniasis/Fungal diseases Saprolegniasis_aug_100.jpg,train_split/Fungal diseases Saprolegniasis/Fungal diseases Saprolegniasis_aug_100.jpg,Fungal diseases Saprolegniasis,Saprolegniasis,4,current_freshwater-bb739881d9a6,,Saprolegniasis|current_freshwater,4
current_freshwater-54be7df27a89,current_freshwater,data/raw/current_freshwater/train_split/Fungal diseases Saprolegniasis/Fungal diseases Saprolegniasis_aug_118.jpg,train_split/Fungal diseases Saprolegniasis/Fungal diseases Saprolegniasis_aug_118.jpg,Fungal diseases Saprolegniasis,Saprolegniasis,4,current_freshwater-54be7df27a89,,Saprolegniasis|current_freshwater,4
current_freshwater-08fa12d0e097,current_freshwater,data/raw/current_freshwater/train_split/Fungal diseases Saprolegniasis/Fungal diseases Saprolegniasis_aug_126.jpg,train_split/Fungal diseases Saprolegniasis/Fungal diseases Saprolegniasis_aug_126.jpg,Fungal diseases Saprolegniasis,Saprolegniasis,4,current_freshwater-08fa12d0e097,,Saprolegniasis|current_freshwater,4
current_freshwater-6f86cc3fe9a4,current_freshwater,data/raw/current_freshwater/train_split/Fungal diseases Saprolegniasis/Fungal diseases Saprolegniasis_aug_131.jpg,train_split/Fungal diseases Saprolegniasis/Fungal diseases Saprolegniasis_aug_131.jpg,Fungal diseases Saprolegniasis,Saprolegniasis,4,current_freshwater-25db18277f07,,Saprolegniasis|current_freshwater,4
current_freshwater-036d236af544,current_freshwater,data/raw/current_freshwater/train_split/Fungal diseases Saprolegniasis/Fungal diseases Saprolegniasis_aug_161.jpg,train_split/Fungal diseases Saprolegniasis/Fungal diseases Saprolegniasis_aug_161.jpg,Fungal diseases Saprolegniasis,Saprolegniasis,4,current_freshwater-036d236af544,,Saprolegniasis|current_freshwater,4
current_freshwater-d400e1f7c94c,current_freshwater,data/raw/current_freshwater/train_split/Fungal diseases Saprolegniasis/Fungal diseases Saprolegniasis_aug_174.jpg,train_split/Fungal diseases Saprolegniasis/Fungal diseases Saprolegniasis_aug_174.jpg,Fungal diseases Saprolegniasis,Saprolegniasis,4,current_freshwater-d400e1f7c94c,,Saprolegniasis|current_freshwater,4
current_freshwater-54fcee07a872,current_freshwater,data/raw/current_freshwater/train_split/Fungal diseases Saprolegniasis/Fungal diseases Saprolegniasis_aug_177.jpg,train_split/Fungal diseases Saprolegniasis/Fungal diseases Saprolegniasis_aug_177.jpg,Fungal diseases Saprolegniasis,Saprolegniasis,4,current_freshwater-54fcee07a872,,Saprolegniasis|current_freshwater,4
current_freshwater-ff878d1cfcf2,current_freshwater,data/raw/current_freshwater/train_split/Fungal diseases Saprolegniasis/Fungal diseases Saprolegniasis_aug_186.jpg,train_split/Fungal diseases Saprolegniasis/Fungal diseases Saprolegniasis_aug_186.jpg,Fungal diseases Saprolegniasis,Saprolegniasis,4,current_freshwater-ff878d1cfcf2,,Saprolegniasis|current_freshwater,4
current_freshwater-4dd6bc23a8a1,current_freshwater,data/raw/current_freshwater/train_split/Fungal diseases Saprolegniasis/Fungal diseases Saprolegniasis_aug_190.jpg,train_split/Fungal diseases Saprolegniasis/Fungal diseases Saprolegniasis_aug_190.jpg,Fungal diseases Saprolegniasis,Saprolegniasis,4,current_freshwater-4dd6bc23a8a1,,Saprolegniasis|current_freshwater,4
current_freshwater-86c5f3a27750,current_freshwater,data/raw/current_freshwater/train_split/Fungal diseases Saprolegniasis/Fungal diseases Saprolegniasis_aug_218.jpg,train_split/Fungal diseases Saprolegniasis/Fungal diseases Saprolegniasis_aug_218.jpg,Fungal diseases Saprolegniasis,Saprolegniasis,4,current_freshwater-86c5f3a27750,,Saprolegniasis|current_freshwater,4
current_freshwater-05e8f4658939,current_freshwater,data/raw/current_freshwater/train_split/Fungal diseases Saprolegniasis/Fungal diseases Saprolegniasis_aug_257.jpg,train_split/Fungal diseases Saprolegniasis/Fungal diseases Saprolegniasis_aug_257.jpg,Fungal diseases Saprolegniasis,Saprolegniasis,4,current_freshwater-05e8f4658939,,Saprolegniasis|current_freshwater,4
current_freshwater-4e14340a7fe8,current_freshwater,data/raw/current_freshwater/train_split/Fungal diseases Saprolegniasis/Fungal diseases Saprolegniasis_aug_262.jpg,train_split/Fungal diseases Saprolegniasis/Fungal diseases Saprolegniasis_aug_262.jpg,Fungal diseases Saprolegniasis,Saprolegniasis,4,current_freshwater-4e14340a7fe8,,Saprolegniasis|current_freshwater,4
current_freshwater-7ae2dde4542a,current_freshwater,data/raw/current_freshwater/train_split/Fungal diseases Saprolegniasis/Fungal diseases Saprolegniasis_aug_299.jpg,train_split/Fungal diseases Saprolegniasis/Fungal diseases Saprolegniasis_aug_299.jpg,Fungal diseases Saprolegniasis,Saprolegniasis,4,current_freshwater-7ae2dde4542a,,Saprolegniasis|current_freshwater,4
current_freshwater-f6785689000a,current_freshwater,data/raw/current_freshwater/train_split/Fungal diseases Saprolegniasis/Fungal diseases Saprolegniasis_aug_30.jpg,train_split/Fungal diseases Saprolegniasis/Fungal diseases Saprolegniasis_aug_30.jpg,Fungal diseases Saprolegniasis,Saprolegniasis,4,current_freshwater-f6785689000a,,Saprolegniasis|current_freshwater,4
current_freshwater-f11be1e832aa,current_freshwater,data/raw/current_freshwater/train_split/Fungal diseases Saprolegniasis/Fungal diseases Saprolegniasis_aug_305.jpg,train_split/Fungal diseases Saprolegniasis/Fungal diseases Saprolegniasis_aug_305.jpg,Fungal diseases Saprolegniasis,Saprolegniasis,4,current_freshwater-a8017eed87b1,,Saprolegniasis|current_freshwater,4
current_freshwater-b1498d93d267,current_freshwater,data/raw/current_freshwater/train_split/Fungal diseases Saprolegniasis/Fungal diseases Saprolegniasis_aug_310.jpg,train_split/Fungal diseases Saprolegniasis/Fungal diseases Saprolegniasis_aug_310.jpg,Fungal diseases Saprolegniasis,Saprolegniasis,4,current_freshwater-29d42910f061,,Saprolegniasis|current_freshwater,4
current_freshwater-5fb5df2f27c0,current_freshwater,data/raw/current_freshwater/train_split/Fungal diseases Saprolegniasis/Fungal diseases Saprolegniasis_aug_337.jpg,train_split/Fungal diseases Saprolegniasis/Fungal diseases Saprolegniasis_aug_337.jpg,Fungal diseases Saprolegniasis,Saprolegniasis,4,current_freshwater-5fb5df2f27c0,,Saprolegniasis|current_freshwater,4
current_freshwater-f35c56e46d19,current_freshwater,data/raw/current_freshwater/train_split/Fungal diseases Saprolegniasis/Fungal diseases Saprolegniasis_aug_343.jpg,train_split/Fungal diseases Saprolegniasis/Fungal diseases Saprolegniasis_aug_343.jpg,Fungal diseases Saprolegniasis,Saprolegniasis,4,current_freshwater-f35c56e46d19,,Saprolegniasis|current_freshwater,4
current_freshwater-d03ee0f70d7c,current_freshwater,data/raw/current_freshwater/train_split/Fungal diseases Saprolegniasis/Fungal diseases Saprolegniasis_aug_379.jpg,train_split/Fungal diseases Saprolegniasis/Fungal diseases Saprolegniasis_aug_379.jpg,Fungal diseases Saprolegniasis,Saprolegniasis,4,current_freshwater-d03ee0f70d7c,,Saprolegniasis|current_freshwater,4
current_freshwater-4cf9ab9e3829,current_freshwater,data/raw/current_freshwater/train_split/Fungal diseases Saprolegniasis/Fungal diseases Saprolegniasis_aug_48.jpg,train_split/Fungal diseases Saprolegniasis/Fungal diseases Saprolegniasis_aug_48.jpg,Fungal diseases Saprolegniasis,Saprolegniasis,4,current_freshwater-4cf9ab9e3829,,Saprolegniasis|current_freshwater,4
current_freshwater-f7938b8a3e8a,current_freshwater,data/raw/current_freshwater/train_split/Fungal diseases Saprolegniasis/Fungal diseases Saprolegniasis_aug_50.jpg,train_split/Fungal diseases Saprolegniasis/Fungal diseases Saprolegniasis_aug_50.jpg,Fungal diseases Saprolegniasis,Saprolegniasis,4,current_freshwater-f7938b8a3e8a,,Saprolegniasis|current_freshwater,4
current_freshwater-0ba306add672,current_freshwater,data/raw/current_freshwater/train_split/Fungal diseases Saprolegniasis/Fungal diseases Saprolegniasis_aug_54.jpg,train_split/Fungal diseases Saprolegniasis/Fungal diseases Saprolegniasis_aug_54.jpg,Fungal diseases Saprolegniasis,Saprolegniasis,4,current_freshwater-0ba306add672,,Saprolegniasis|current_freshwater,4
current_freshwater-4b5ebf4d21e6,current_freshwater,data/raw/current_freshwater/train_split/Fungal diseases Saprolegniasis/Fungal diseases Saprolegniasis_aug_98.jpg,train_split/Fungal diseases Saprolegniasis/Fungal diseases Saprolegniasis_aug_98.jpg,Fungal diseases Saprolegniasis,Saprolegniasis,4,current_freshwater-4b5ebf4d21e6,,Saprolegniasis|current_freshwater,4
roboflow-5eba9071cd1c,roboflow,data/raw/roboflow/test/Fungal diseases Saprolegniasis/Fungal-diseases-Saprolegniasis-17-_jpg.rf.78d36e87d23215d5ffba11bd2a832a15.jpg,test/Fungal diseases Saprolegniasis/Fungal-diseases-Saprolegniasis-17-_jpg.rf.78d36e87d23215d5ffba11bd2a832a15.jpg,Fungal diseases Saprolegniasis,Saprolegniasis,4,roboflow-5eba9071cd1c,,Saprolegniasis|roboflow,4
roboflow-4ee4817b3c5b,roboflow,data/raw/roboflow/train/Fungal diseases Saprolegniasis/Fungal-diseases-Saprolegniasis-10-_jpeg.rf.52eb88a117b508ac48cd5b9280a07653.jpg,train/Fungal diseases Saprolegniasis/Fungal-diseases-Saprolegniasis-10-_jpeg.rf.52eb88a117b508ac48cd5b9280a07653.jpg,Fungal diseases Saprolegniasis,Saprolegniasis,4,current_freshwater-25db18277f07,,Saprolegniasis|current_freshwater,4
roboflow-0b1874ca4930,roboflow,data/raw/roboflow/train/Fungal diseases Saprolegniasis/Fungal-diseases-Saprolegniasis-11-_jpg.rf.bf8d8c0e2a5c1d935eb75cee07915f3c.jpg,train/Fungal diseases Saprolegniasis/Fungal-diseases-Saprolegniasis-11-_jpg.rf.bf8d8c0e2a5c1d935eb75cee07915f3c.jpg,Fungal diseases Saprolegniasis,Saprolegniasis,4,current_freshwater-25db18277f07,,Saprolegniasis|current_freshwater,4
roboflow-e1b411b2040c,roboflow,data/raw/roboflow/train/Fungal diseases Saprolegniasis/Fungal-diseases-Saprolegniasis-2-_jpeg.rf.002ba2d6823a9952a799d3e9bead99a2.jpg,train/Fungal diseases Saprolegniasis/Fungal-diseases-Saprolegniasis-2-_jpeg.rf.002ba2d6823a9952a799d3e9bead99a2.jpg,Fungal diseases Saprolegniasis,Saprolegniasis,4,roboflow-e1b411b2040c,,Saprolegniasis|roboflow,4
roboflow-37b896955611,roboflow,data/raw/roboflow/valid/Fungal diseases Saprolegniasis/Fungal-diseases-Saprolegniasis-15-_jpg.rf.d6a34ae96c5d3d48c84e072fd74b4e96.jpg,valid/Fungal diseases Saprolegniasis/Fungal-diseases-Saprolegniasis-15-_jpg.rf.d6a34ae96c5d3d48c84e072fd74b4e96.jpg,Fungal diseases Saprolegniasis,Saprolegniasis,4,current_freshwater-f471ff643f92,,Saprolegniasis|current_freshwater,4
current_freshwater-49c78e9bbeeb,current_freshwater,data/raw/current_freshwater/test_split/Parasitic diseases_Parasitic diseases_159.jpg,test_split/Parasitic diseases_Parasitic diseases_159.jpg,Parasitic diseases,Parasitic Disease,5,current_freshwater-49c78e9bbeeb,,Parasitic Disease|current_freshwater,4
current_freshwater-759db942c0c1,current_freshwater,data/raw/current_freshwater/test_split/Parasitic diseases_Parasitic diseases_169.jpg,test_split/Parasitic diseases_Parasitic diseases_169.jpg,Parasitic diseases,Parasitic Disease,5,current_freshwater-759db942c0c1,,Parasitic Disease|current_freshwater,4
current_freshwater-fae844113231,current_freshwater,data/raw/current_freshwater/test_split/Parasitic diseases_Parasitic diseases_177.jpg,test_split/Parasitic diseases_Parasitic diseases_177.jpg,Parasitic diseases,Parasitic Disease,5,current_freshwater-fae844113231,,Parasitic Disease|current_freshwater,4
current_freshwater-93804a7cca6d,current_freshwater,data/raw/current_freshwater/test_split/Parasitic diseases_Parasitic diseases_41.jpg,test_split/Parasitic diseases_Parasitic diseases_41.jpg,Parasitic diseases,Parasitic Disease,5,current_freshwater-93804a7cca6d,,Parasitic Disease|current_freshwater,4
current_freshwater-ed83994256c8,current_freshwater,data/raw/current_freshwater/train_split/Parasitic diseases/Parasitic diseases_111.jpg,train_split/Parasitic diseases/Parasitic diseases_111.jpg,Parasitic diseases,Parasitic Disease,5,current_freshwater-ed83994256c8,,Parasitic Disease|current_freshwater,4
current_freshwater-72de51d96aaf,current_freshwater,data/raw/current_freshwater/train_split/Parasitic diseases/Parasitic diseases_116.jpg,train_split/Parasitic diseases/Parasitic diseases_116.jpg,Parasitic diseases,Parasitic Disease,5,current_freshwater-72de51d96aaf,,Parasitic Disease|current_freshwater,4
current_freshwater-80ac826493db,current_freshwater,data/raw/current_freshwater/train_split/Parasitic diseases/Parasitic diseases_150.jpg,train_split/Parasitic diseases/Parasitic diseases_150.jpg,Parasitic diseases,Parasitic Disease,5,current_freshwater-7fc2d3f21591,,Parasitic Disease|current_freshwater,4
current_freshwater-fd7034e1733f,current_freshwater,data/raw/current_freshwater/train_split/Parasitic diseases/Parasitic diseases_179.jpg,train_split/Parasitic diseases/Parasitic diseases_179.jpg,Parasitic diseases,Parasitic Disease,5,current_freshwater-fd7034e1733f,,Parasitic Disease|current_freshwater,4
current_freshwater-7ef07c40fa31,current_freshwater,data/raw/current_freshwater/train_split/Parasitic diseases/Parasitic diseases_180.jpg,train_split/Parasitic diseases/Parasitic diseases_180.jpg,Parasitic diseases,Parasitic Disease,5,current_freshwater-7ef07c40fa31,,Parasitic Disease|current_freshwater,4
current_freshwater-032430a472ba,current_freshwater,data/raw/current_freshwater/train_split/Parasitic diseases/Parasitic diseases_181.jpg,train_split/Parasitic diseases/Parasitic diseases_181.jpg,Parasitic diseases,Parasitic Disease,5,current_freshwater-032430a472ba,,Parasitic Disease|current_freshwater,4
current_freshwater-3ea4022c46f3,current_freshwater,data/raw/current_freshwater/train_split/Parasitic diseases/Parasitic diseases_191.jpg,train_split/Parasitic diseases/Parasitic diseases_191.jpg,Parasitic diseases,Parasitic Disease,5,current_freshwater-3ea4022c46f3,,Parasitic Disease|current_freshwater,4
current_freshwater-455ab808bf18,current_freshwater,data/raw/current_freshwater/train_split/Parasitic diseases/Parasitic diseases_199.jpg,train_split/Parasitic diseases/Parasitic diseases_199.jpg,Parasitic diseases,Parasitic Disease,5,current_freshwater-455ab808bf18,,Parasitic Disease|current_freshwater,4
current_freshwater-66f79cbdf88b,current_freshwater,data/raw/current_freshwater/train_split/Parasitic diseases/Parasitic diseases_39.jpg,train_split/Parasitic diseases/Parasitic diseases_39.jpg,Parasitic diseases,Parasitic Disease,5,current_freshwater-66f79cbdf88b,,Parasitic Disease|current_freshwater,4
current_freshwater-481965bd9bce,current_freshwater,data/raw/current_freshwater/train_split/Parasitic diseases/Parasitic diseases_68.jpg,train_split/Parasitic diseases/Parasitic diseases_68.jpg,Parasitic diseases,Parasitic Disease,5,current_freshwater-481965bd9bce,,Parasitic Disease|current_freshwater,4
current_freshwater-a3c291879632,current_freshwater,data/raw/current_freshwater/train_split/Parasitic diseases/Parasitic diseases_78.jpeg,train_split/Parasitic diseases/Parasitic diseases_78.jpeg,Parasitic diseases,Parasitic Disease,5,current_freshwater-a3c291879632,,Parasitic Disease|current_freshwater,4
current_freshwater-d1d1e5675a44,current_freshwater,data/raw/current_freshwater/train_split/Parasitic diseases/Parasitic diseases_aug_103.jpg,train_split/Parasitic diseases/Parasitic diseases_aug_103.jpg,Parasitic diseases,Parasitic Disease,5,current_freshwater-d1d1e5675a44,,Parasitic Disease|current_freshwater,4
current_freshwater-b88a100a27cb,current_freshwater,data/raw/current_freshwater/train_split/Parasitic diseases/Parasitic diseases_aug_105.jpg,train_split/Parasitic diseases/Parasitic diseases_aug_105.jpg,Parasitic diseases,Parasitic Disease,5,current_freshwater-b88a100a27cb,,Parasitic Disease|current_freshwater,4
current_freshwater-cadcbed07470,current_freshwater,data/raw/current_freshwater/train_split/Parasitic diseases/Parasitic diseases_aug_123.jpg,train_split/Parasitic diseases/Parasitic diseases_aug_123.jpg,Parasitic diseases,Parasitic Disease,5,current_freshwater-cadcbed07470,,Parasitic Disease|current_freshwater,4
current_freshwater-6e609feb8c28,current_freshwater,data/raw/current_freshwater/train_split/Parasitic diseases/Parasitic diseases_aug_138.jpg,train_split/Parasitic diseases/Parasitic diseases_aug_138.jpg,Parasitic diseases,Parasitic Disease,5,current_freshwater-6e609feb8c28,,Parasitic Disease|current_freshwater,4
current_freshwater-e4a8bf35febf,current_freshwater,data/raw/current_freshwater/train_split/Parasitic diseases/Parasitic diseases_aug_14.jpg,train_split/Parasitic diseases/Parasitic diseases_aug_14.jpg,Parasitic diseases,Parasitic Disease,5,current_freshwater-e4a8bf35febf,,Parasitic Disease|current_freshwater,4
current_freshwater-36d8d07f1b79,current_freshwater,data/raw/current_freshwater/train_split/Parasitic diseases/Parasitic diseases_aug_202.jpg,train_split/Parasitic diseases/Parasitic diseases_aug_202.jpg,Parasitic diseases,Parasitic Disease,5,current_freshwater-0599ccb117f5,,Parasitic Disease|current_freshwater,4
current_freshwater-9b9edc01d545,current_freshwater,data/raw/current_freshwater/train_split/Parasitic diseases/Parasitic diseases_aug_203.jpg,train_split/Parasitic diseases/Parasitic diseases_aug_203.jpg,Parasitic diseases,Parasitic Disease,5,current_freshwater-9b9edc01d545,,Parasitic Disease|current_freshwater,4
current_freshwater-d383e9c45baf,current_freshwater,data/raw/current_freshwater/train_split/Parasitic diseases/Parasitic diseases_aug_220.jpg,train_split/Parasitic diseases/Parasitic diseases_aug_220.jpg,Parasitic diseases,Parasitic Disease,5,current_freshwater-d383e9c45baf,,Parasitic Disease|current_freshwater,4
current_freshwater-64e1468efa18,current_freshwater,data/raw/current_freshwater/train_split/Parasitic diseases/Parasitic diseases_aug_234.jpg,train_split/Parasitic diseases/Parasitic diseases_aug_234.jpg,Parasitic diseases,Parasitic Disease,5,current_freshwater-64e1468efa18,,Parasitic Disease|current_freshwater,4
current_freshwater-ff00adca9789,current_freshwater,data/raw/current_freshwater/train_split/Parasitic diseases/Parasitic diseases_aug_236.jpg,train_split/Parasitic diseases/Parasitic diseases_aug_236.jpg,Parasitic diseases,Parasitic Disease,5,current_freshwater-ff00adca9789,,Parasitic Disease|current_freshwater,4
current_freshwater-0599ccb117f5,current_freshwater,data/raw/current_freshwater/train_split/Parasitic diseases/Parasitic diseases_aug_240.jpg,train_split/Parasitic diseases/Parasitic diseases_aug_240.jpg,Parasitic diseases,Parasitic Disease,5,current_freshwater-0599ccb117f5,,Parasitic Disease|current_freshwater,4
current_freshwater-66d6c1a362fa,current_freshwater,data/raw/current_freshwater/train_split/Parasitic diseases/Parasitic diseases_aug_247.jpg,train_split/Parasitic diseases/Parasitic diseases_aug_247.jpg,Parasitic diseases,Parasitic Disease,5,current_freshwater-66d6c1a362fa,,Parasitic Disease|current_freshwater,4
current_freshwater-9ccebc6ae555,current_freshwater,data/raw/current_freshwater/train_split/Parasitic diseases/Parasitic diseases_aug_254.jpg,train_split/Parasitic diseases/Parasitic diseases_aug_254.jpg,Parasitic diseases,Parasitic Disease,5,current_freshwater-9ccebc6ae555,,Parasitic Disease|current_freshwater,4
current_freshwater-a26a3eedf03b,current_freshwater,data/raw/current_freshwater/train_split/Parasitic diseases/Parasitic diseases_aug_284.jpg,train_split/Parasitic diseases/Parasitic diseases_aug_284.jpg,Parasitic diseases,Parasitic Disease,5,current_freshwater-3ea4022c46f3,,Parasitic Disease|current_freshwater,4
current_freshwater-1164c81502ff,current_freshwater,data/raw/current_freshwater/train_split/Parasitic diseases/Parasitic diseases_aug_291.jpg,train_split/Parasitic diseases/Parasitic diseases_aug_291.jpg,Parasitic diseases,Parasitic Disease,5,current_freshwater-1164c81502ff,,Parasitic Disease|current_freshwater,4
current_freshwater-77a0ef6e84c5,current_freshwater,data/raw/current_freshwater/train_split/Parasitic diseases/Parasitic diseases_aug_304.jpg,train_split/Parasitic diseases/Parasitic diseases_aug_304.jpg,Parasitic diseases,Parasitic Disease,5,current_freshwater-77a0ef6e84c5,,Parasitic Disease|current_freshwater,4
current_freshwater-43e460efc67a,current_freshwater,data/raw/current_freshwater/train_split/Parasitic diseases/Parasitic diseases_aug_312.jpg,train_split/Parasitic diseases/Parasitic diseases_aug_312.jpg,Parasitic diseases,Parasitic Disease,5,current_freshwater-43e460efc67a,,Parasitic Disease|current_freshwater,4
current_freshwater-b5644e8be7fb,current_freshwater,data/raw/current_freshwater/train_split/Parasitic diseases/Parasitic diseases_aug_57.jpg,train_split/Parasitic diseases/Parasitic diseases_aug_57.jpg,Parasitic diseases,Parasitic Disease,5,current_freshwater-3ea4022c46f3,,Parasitic Disease|current_freshwater,4
current_freshwater-a9db6b034c4e,current_freshwater,data/raw/current_freshwater/train_split/Parasitic diseases/Parasitic diseases_aug_78.jpg,train_split/Parasitic diseases/Parasitic diseases_aug_78.jpg,Parasitic diseases,Parasitic Disease,5,current_freshwater-a9db6b034c4e,,Parasitic Disease|current_freshwater,4
current_freshwater-7fc2d3f21591,current_freshwater,data/raw/current_freshwater/train_split/Parasitic diseases/Parasitic diseases_aug_88.jpg,train_split/Parasitic diseases/Parasitic diseases_aug_88.jpg,Parasitic diseases,Parasitic Disease,5,current_freshwater-7fc2d3f21591,,Parasitic Disease|current_freshwater,4
roboflow-a842209b7fd8,roboflow,data/raw/roboflow/train/Parasitic diseases/Parasitic-diseases-5-_jpg.rf.313ba2b01035e87aef925764ee76d379.jpg,train/Parasitic diseases/Parasitic-diseases-5-_jpg.rf.313ba2b01035e87aef925764ee76d379.jpg,Parasitic diseases,Parasitic Disease,5,roboflow-a842209b7fd8,,Parasitic Disease|roboflow,4
roboflow-3afba6598320,roboflow,data/raw/roboflow/train/Parasitic diseases/Parasitic-diseases-9-_jpeg.rf.95e1f3e6524e495731c064e5250aac60.jpg,train/Parasitic diseases/Parasitic-diseases-9-_jpeg.rf.95e1f3e6524e495731c064e5250aac60.jpg,Parasitic diseases,Parasitic Disease,5,current_freshwater-a3c291879632,,Parasitic Disease|current_freshwater,4
current_freshwater-36d58aa16f88,current_freshwater,data/raw/current_freshwater/train_split/Viral diseases White tail disease/Viral diseases White tail disease_111.jpg,train_split/Viral diseases White tail disease/Viral diseases White tail disease_111.jpg,Viral diseases White tail disease,White Tail Disease,6,current_freshwater-36d58aa16f88,,White Tail Disease|current_freshwater,4
current_freshwater-26e22829fc14,current_freshwater,data/raw/current_freshwater/train_split/Viral diseases White tail disease/Viral diseases White tail disease_14.jpg,train_split/Viral diseases White tail disease/Viral diseases White tail disease_14.jpg,Viral diseases White tail disease,White Tail Disease,6,current_freshwater-26e22829fc14,,White Tail Disease|current_freshwater,4
current_freshwater-d9398f76d55d,current_freshwater,data/raw/current_freshwater/train_split/Viral diseases White tail disease/Viral diseases White tail disease_163.jpg,train_split/Viral diseases White tail disease/Viral diseases White tail disease_163.jpg,Viral diseases White tail disease,White Tail Disease,6,current_freshwater-d9398f76d55d,,White Tail Disease|current_freshwater,4
current_freshwater-dd5659d9f662,current_freshwater,data/raw/current_freshwater/train_split/Viral diseases White tail disease/Viral diseases White tail disease_183.jpg,train_split/Viral diseases White tail disease/Viral diseases White tail disease_183.jpg,Viral diseases White tail disease,White Tail Disease,6,current_freshwater-dd5659d9f662,,White Tail Disease|current_freshwater,4
current_freshwater-7559a80f837a,current_freshwater,data/raw/current_freshwater/train_split/Viral diseases White tail disease/Viral diseases White tail disease_22.png,train_split/Viral diseases White tail disease/Viral diseases White tail disease_22.png,Viral diseases White tail disease,White Tail Disease,6,current_freshwater-7559a80f837a,,White Tail Disease|roboflow,4
current_freshwater-0679b7538d92,current_freshwater,data/raw/current_freshwater/train_split/Viral diseases White tail disease/Viral diseases White tail disease_31.jpg,train_split/Viral diseases White tail disease/Viral diseases White tail disease_31.jpg,Viral diseases White tail disease,White Tail Disease,6,current_freshwater-0679b7538d92,,White Tail Disease|current_freshwater,4
current_freshwater-b06bc74595b1,current_freshwater,data/raw/current_freshwater/train_split/Viral diseases White tail disease/Viral diseases White tail disease_8.jpg,train_split/Viral diseases White tail disease/Viral diseases White tail disease_8.jpg,Viral diseases White tail disease,White Tail Disease,6,current_freshwater-b06bc74595b1,,White Tail Disease|current_freshwater,4
current_freshwater-967826124d19,current_freshwater,data/raw/current_freshwater/train_split/Viral diseases White tail disease/Viral diseases White tail disease_98.jpg,train_split/Viral diseases White tail disease/Viral diseases White tail disease_98.jpg,Viral diseases White tail disease,White Tail Disease,6,current_freshwater-967826124d19,,White Tail Disease|current_freshwater,4
current_freshwater-28e37c4c7c1e,current_freshwater,data/raw/current_freshwater/train_split/Viral diseases White tail disease/Viral diseases White tail disease_aug_10.jpg,train_split/Viral diseases White tail disease/Viral diseases White tail disease_aug_10.jpg,Viral diseases White tail disease,White Tail Disease,6,current_freshwater-28e37c4c7c1e,,White Tail Disease|current_freshwater,4
current_freshwater-4280357cb4fa,current_freshwater,data/raw/current_freshwater/train_split/Viral diseases White tail disease/Viral diseases White tail disease_aug_125.jpg,train_split/Viral diseases White tail disease/Viral diseases White tail disease_aug_125.jpg,Viral diseases White tail disease,White Tail Disease,6,current_freshwater-4280357cb4fa,,White Tail Disease|current_freshwater,4
current_freshwater-b13e6ae46617,current_freshwater,data/raw/current_freshwater/train_split/Viral diseases White tail disease/Viral diseases White tail disease_aug_127.jpg,train_split/Viral diseases White tail disease/Viral diseases White tail disease_aug_127.jpg,Viral diseases White tail disease,White Tail Disease,6,current_freshwater-4dacd7504b68,,White Tail Disease|current_freshwater,4
current_freshwater-b16c5a3563a4,current_freshwater,data/raw/current_freshwater/train_split/Viral diseases White tail disease/Viral diseases White tail disease_aug_133.jpg,train_split/Viral diseases White tail disease/Viral diseases White tail disease_aug_133.jpg,Viral diseases White tail disease,White Tail Disease,6,current_freshwater-b16c5a3563a4,,White Tail Disease|current_freshwater,4
current_freshwater-4ec75a3995f1,current_freshwater,data/raw/current_freshwater/train_split/Viral diseases White tail disease/Viral diseases White tail disease_aug_161.jpg,train_split/Viral diseases White tail disease/Viral diseases White tail disease_aug_161.jpg,Viral diseases White tail disease,White Tail Disease,6,current_freshwater-4ec75a3995f1,,White Tail Disease|current_freshwater,4
current_freshwater-d3f21ff6de87,current_freshwater,data/raw/current_freshwater/train_split/Viral diseases White tail disease/Viral diseases White tail disease_aug_190.jpg,train_split/Viral diseases White tail disease/Viral diseases White tail disease_aug_190.jpg,Viral diseases White tail disease,White Tail Disease,6,current_freshwater-d3f21ff6de87,,White Tail Disease|current_freshwater,4
current_freshwater-cdc5693bea8c,current_freshwater,data/raw/current_freshwater/train_split/Viral diseases White tail disease/Viral diseases White tail disease_aug_194.jpg,train_split/Viral diseases White tail disease/Viral diseases White tail disease_aug_194.jpg,Viral diseases White tail disease,White Tail Disease,6,current_freshwater-cdc5693bea8c,,White Tail Disease|current_freshwater,4
current_freshwater-2cc76244bd5c,current_freshwater,data/raw/current_freshwater/train_split/Viral diseases White tail disease/Viral diseases White tail disease_aug_201.jpg,train_split/Viral diseases White tail disease/Viral diseases White tail disease_aug_201.jpg,Viral diseases White tail disease,White Tail Disease,6,current_freshwater-2cc76244bd5c,,White Tail Disease|current_freshwater,4
current_freshwater-5e6657662904,current_freshwater,data/raw/current_freshwater/train_split/Viral diseases White tail disease/Viral diseases White tail disease_aug_210.jpg,train_split/Viral diseases White tail disease/Viral diseases White tail disease_aug_210.jpg,Viral diseases White tail disease,White Tail Disease,6,current_freshwater-5e6657662904,,White Tail Disease|current_freshwater,4
current_freshwater-238577cb55d0,current_freshwater,data/raw/current_freshwater/train_split/Viral diseases White tail disease/Viral diseases White tail disease_aug_214.jpg,train_split/Viral diseases White tail disease/Viral diseases White tail disease_aug_214.jpg,Viral diseases White tail disease,White Tail Disease,6,current_freshwater-238577cb55d0,,White Tail Disease|current_freshwater,4
current_freshwater-7f42b0e0eb49,current_freshwater,data/raw/current_freshwater/train_split/Viral diseases White tail disease/Viral diseases White tail disease_aug_261.jpg,train_split/Viral diseases White tail disease/Viral diseases White tail disease_aug_261.jpg,Viral diseases White tail disease,White Tail Disease,6,current_freshwater-7f42b0e0eb49,,White Tail Disease|current_freshwater,4
current_freshwater-26297a978a92,current_freshwater,data/raw/current_freshwater/train_split/Viral diseases White tail disease/Viral diseases White tail disease_aug_264.jpg,train_split/Viral diseases White tail disease/Viral diseases White tail disease_aug_264.jpg,Viral diseases White tail disease,White Tail Disease,6,current_freshwater-26297a978a92,,White Tail Disease|current_freshwater,4
current_freshwater-cd1a5031bb1f,current_freshwater,data/raw/current_freshwater/train_split/Viral diseases White tail disease/Viral diseases White tail disease_aug_287.jpg,train_split/Viral diseases White tail disease/Viral diseases White tail disease_aug_287.jpg,Viral diseases White tail disease,White Tail Disease,6,current_freshwater-cd1a5031bb1f,,White Tail Disease|current_freshwater,4
current_freshwater-7b6cdfa440f3,current_freshwater,data/raw/current_freshwater/train_split/Viral diseases White tail disease/Viral diseases White tail disease_aug_289.jpg,train_split/Viral diseases White tail disease/Viral diseases White tail disease_aug_289.jpg,Viral diseases White tail disease,White Tail Disease,6,current_freshwater-7b6cdfa440f3,,White Tail Disease|current_freshwater,4
current_freshwater-23895ab13739,current_freshwater,data/raw/current_freshwater/train_split/Viral diseases White tail disease/Viral diseases White tail disease_aug_293.jpg,train_split/Viral diseases White tail disease/Viral diseases White tail disease_aug_293.jpg,Viral diseases White tail disease,White Tail Disease,6,current_freshwater-23895ab13739,,White Tail Disease|current_freshwater,4
current_freshwater-4d45c51c481b,current_freshwater,data/raw/current_freshwater/train_split/Viral diseases White tail disease/Viral diseases White tail disease_aug_30.jpg,train_split/Viral diseases White tail disease/Viral diseases White tail disease_aug_30.jpg,Viral diseases White tail disease,White Tail Disease,6,current_freshwater-4d45c51c481b,,White Tail Disease|current_freshwater,4
current_freshwater-ae3588648101,current_freshwater,data/raw/current_freshwater/train_split/Viral diseases White tail disease/Viral diseases White tail disease_aug_309.jpg,train_split/Viral diseases White tail disease/Viral diseases White tail disease_aug_309.jpg,Viral diseases White tail disease,White Tail Disease,6,current_freshwater-ae3588648101,,White Tail Disease|current_freshwater,4
current_freshwater-92d1d8bad528,current_freshwater,data/raw/current_freshwater/train_split/Viral diseases White tail disease/Viral diseases White tail disease_aug_321.jpg,train_split/Viral diseases White tail disease/Viral diseases White tail disease_aug_321.jpg,Viral diseases White tail disease,White Tail Disease,6,current_freshwater-92d1d8bad528,,White Tail Disease|current_freshwater,4
current_freshwater-50031c3b5b42,current_freshwater,data/raw/current_freshwater/train_split/Viral diseases White tail disease/Viral diseases White tail disease_aug_330.jpg,train_split/Viral diseases White tail disease/Viral diseases White tail disease_aug_330.jpg,Viral diseases White tail disease,White Tail Disease,6,current_freshwater-50031c3b5b42,,White Tail Disease|current_freshwater,4
current_freshwater-edc3fd7d5cc8,current_freshwater,data/raw/current_freshwater/train_split/Viral diseases White tail disease/Viral diseases White tail disease_aug_56.jpg,train_split/Viral diseases White tail disease/Viral diseases White tail disease_aug_56.jpg,Viral diseases White tail disease,White Tail Disease,6,current_freshwater-b06bc74595b1,,White Tail Disease|current_freshwater,4
current_freshwater-4dacd7504b68,current_freshwater,data/raw/current_freshwater/train_split/Viral diseases White tail disease/Viral diseases White tail disease_aug_63.jpg,train_split/Viral diseases White tail disease/Viral diseases White tail disease_aug_63.jpg,Viral diseases White tail disease,White Tail Disease,6,current_freshwater-4dacd7504b68,,White Tail Disease|current_freshwater,4
current_freshwater-00fb267c1e29,current_freshwater,data/raw/current_freshwater/train_split/Viral diseases White tail disease/Viral diseases White tail disease_aug_70.jpg,train_split/Viral diseases White tail disease/Viral diseases White tail disease_aug_70.jpg,Viral diseases White tail disease,White Tail Disease,6,current_freshwater-00fb267c1e29,,White Tail Disease|current_freshwater,4
current_freshwater-5d1c8c368c8a,current_freshwater,data/raw/current_freshwater/train_split/Viral diseases White tail disease/Viral diseases White tail disease_aug_79.jpg,train_split/Viral diseases White tail disease/Viral diseases White tail disease_aug_79.jpg,Viral diseases White tail disease,White Tail Disease,6,current_freshwater-5d1c8c368c8a,,White Tail Disease|current_freshwater,4
current_freshwater-ad65a1b75ece,current_freshwater,data/raw/current_freshwater/train_split/Viral diseases White tail disease/Viral diseases White tail disease_aug_81.jpg,train_split/Viral diseases White tail disease/Viral diseases White tail disease_aug_81.jpg,Viral diseases White tail disease,White Tail Disease,6,current_freshwater-ad65a1b75ece,,White Tail Disease|current_freshwater,4
roboflow-70d9c39f740a,roboflow,data/raw/roboflow/test/Viral diseases White tail disease/Viral-diseases-White-tail-disease-9-_jpeg.rf.994da4576264e23153a16fdcca166fd5.jpg,test/Viral diseases White tail disease/Viral-diseases-White-tail-disease-9-_jpeg.rf.994da4576264e23153a16fdcca166fd5.jpg,Viral diseases White tail disease,White Tail Disease,6,current_freshwater-7559a80f837a,,White Tail Disease|roboflow,4
roboflow-de88a87ccd42,roboflow,data/raw/roboflow/train/Viral diseases White tail disease/Viral-diseases-White-tail-disease-12-_jpg.rf.dbdbbcde2a82925bc966e90f132e680a.jpg,train/Viral diseases White tail disease/Viral-diseases-White-tail-disease-12-_jpg.rf.dbdbbcde2a82925bc966e90f132e680a.jpg,Viral diseases White tail disease,White Tail Disease,6,current_freshwater-b06bc74595b1,,White Tail Disease|current_freshwater,4
roboflow-cc4d0b8de694,roboflow,data/raw/roboflow/train/Viral diseases White tail disease/Viral-diseases-White-tail-disease-15-_jpg.rf.bc33143bfe46bc06409d425bf31791a2.jpg,train/Viral diseases White tail disease/Viral-diseases-White-tail-disease-15-_jpg.rf.bc33143bfe46bc06409d425bf31791a2.jpg,Viral diseases White tail disease,White Tail Disease,6,current_freshwater-26e22829fc14,,White Tail Disease|current_freshwater,4
roboflow-5f8ef33e18b4,roboflow,data/raw/roboflow/train/Viral diseases White tail disease/Viral-diseases-White-tail-disease-3-_png.rf.26340aa6c51f7a06e0b95d6fbd5f65f1.jpg,train/Viral diseases White tail disease/Viral-diseases-White-tail-disease-3-_png.rf.26340aa6c51f7a06e0b95d6fbd5f65f1.jpg,Viral diseases White tail disease,White Tail Disease,6,current_freshwater-7559a80f837a,,White Tail Disease|roboflow,4
roboflow-a6ef06879871,roboflow,data/raw/roboflow/train/Viral diseases White tail disease/Viral-diseases-White-tail-disease-7-_jpeg.rf.f260530c7c2192ebbd6e12677a7abc03.jpg,train/Viral diseases White tail disease/Viral-diseases-White-tail-disease-7-_jpeg.rf.f260530c7c2192ebbd6e12677a7abc03.jpg,Viral diseases White tail disease,White Tail Disease,6,current_freshwater-0679b7538d92,,White Tail Disease|current_freshwater,4
current_freshwater-7453c74d3b02,current_freshwater,data/raw/current_freshwater/test_split/Healthy Fish_Healthy Fish_201.jpg,test_split/Healthy Fish_Healthy Fish_201.jpg,Healthy Fish,Healthy Fish,7,current_freshwater-7453c74d3b02,,Healthy Fish|current_freshwater,4
current_freshwater-47331719f818,current_freshwater,data/raw/current_freshwater/test_split/Healthy Fish_Healthy Fish_256.jpg,test_split/Healthy Fish_Healthy Fish_256.jpg,Healthy Fish,Healthy Fish,7,current_freshwater-47331719f818,,Healthy Fish|current_freshwater,4
current_freshwater-ee0559f958eb,current_freshwater,data/raw/current_freshwater/train_split/Healthy Fish/Healthy Fish_119.jpg,train_split/Healthy Fish/Healthy Fish_119.jpg,Healthy Fish,Healthy Fish,7,current_freshwater-ee0559f958eb,,Healthy Fish|current_freshwater,4
current_freshwater-6a12199c112f,current_freshwater,data/raw/current_freshwater/train_split/Healthy Fish/Healthy Fish_185.jpg,train_split/Healthy Fish/Healthy Fish_185.jpg,Healthy Fish,Healthy Fish,7,current_freshwater-6a12199c112f,,Healthy Fish|current_freshwater,4
current_freshwater-e83da40abe21,current_freshwater,data/raw/current_freshwater/train_split/Healthy Fish/Healthy Fish_205.jpg,train_split/Healthy Fish/Healthy Fish_205.jpg,Healthy Fish,Healthy Fish,7,current_freshwater-e83da40abe21,,Healthy Fish|current_freshwater,4
current_freshwater-ece63b7950cd,current_freshwater,data/raw/current_freshwater/train_split/Healthy Fish/Healthy Fish_219.jpg,train_split/Healthy Fish/Healthy Fish_219.jpg,Healthy Fish,Healthy Fish,7,current_freshwater-ece63b7950cd,,Healthy Fish|current_freshwater,4
current_freshwater-051b84c1beb5,current_freshwater,data/raw/current_freshwater/train_split/Healthy Fish/Healthy Fish_281.jpg,train_split/Healthy Fish/Healthy Fish_281.jpg,Healthy Fish,Healthy Fish,7,current_freshwater-051b84c1beb5,,Healthy Fish|current_freshwater,4
current_freshwater-caa473448586,current_freshwater,data/raw/current_freshwater/train_split/Healthy Fish/Healthy Fish_315.jpg,train_split/Healthy Fish/Healthy Fish_315.jpg,Healthy Fish,Healthy Fish,7,current_freshwater-6a12199c112f,,Healthy Fish|current_freshwater,4
current_freshwater-d2913fac1804,current_freshwater,data/raw/current_freshwater/train_split/Healthy Fish/Healthy Fish_330.jpg,train_split/Healthy Fish/Healthy Fish_330.jpg,Healthy Fish,Healthy Fish,7,current_freshwater-d2913fac1804,,Healthy Fish|current_freshwater,4
current_freshwater-217f3d54ad2b,current_freshwater,data/raw/current_freshwater/train_split/Healthy Fish/Healthy Fish_333.jpg,train_split/Healthy Fish/Healthy Fish_333.jpg,Healthy Fish,Healthy Fish,7,current_freshwater-217f3d54ad2b,,Healthy Fish|current_freshwater,4
current_freshwater-e6d1f4b9bce6,current_freshwater,data/raw/current_freshwater/train_split/Healthy Fish/Healthy Fish_336.jpg,train_split/Healthy Fish/Healthy Fish_336.jpg,Healthy Fish,Healthy Fish,7,current_freshwater-e6d1f4b9bce6,,Healthy Fish|current_freshwater,4
current_freshwater-37fe315dd124,current_freshwater,data/raw/current_freshwater/train_split/Healthy Fish/Healthy Fish_364.jpg,train_split/Healthy Fish/Healthy Fish_364.jpg,Healthy Fish,Healthy Fish,7,current_freshwater-37fe315dd124,,Healthy Fish|current_freshwater,4
current_freshwater-be288f5d2203,current_freshwater,data/raw/current_freshwater/train_split/Healthy Fish/Healthy Fish_383.jpg,train_split/Healthy Fish/Healthy Fish_383.jpg,Healthy Fish,Healthy Fish,7,current_freshwater-be288f5d2203,,Healthy Fish|current_freshwater,4
current_freshwater-ea06b31d9070,current_freshwater,data/raw/current_freshwater/train_split/Healthy Fish/Healthy Fish_384.jpg,train_split/Healthy Fish/Healthy Fish_384.jpg,Healthy Fish,Healthy Fish,7,current_freshwater-ea06b31d9070,,Healthy Fish|current_freshwater,4
current_freshwater-32e13c5666f7,current_freshwater,data/raw/current_freshwater/train_split/Healthy Fish/Healthy Fish_387.jpg,train_split/Healthy Fish/Healthy Fish_387.jpg,Healthy Fish,Healthy Fish,7,current_freshwater-32e13c5666f7,,Healthy Fish|current_freshwater,4
current_freshwater-c3eb42318606,current_freshwater,data/raw/current_freshwater/train_split/Healthy Fish/Healthy Fish_412.jpg,train_split/Healthy Fish/Healthy Fish_412.jpg,Healthy Fish,Healthy Fish,7,current_freshwater-c3eb42318606,,Healthy Fish|current_freshwater,4
current_freshwater-8899bb34dedc,current_freshwater,data/raw/current_freshwater/train_split/Healthy Fish/Healthy Fish_420.jpg,train_split/Healthy Fish/Healthy Fish_420.jpg,Healthy Fish,Healthy Fish,7,current_freshwater-8899bb34dedc,,Healthy Fish|current_freshwater,4
current_freshwater-562cb9321fb1,current_freshwater,data/raw/current_freshwater/train_split/Healthy Fish/Healthy Fish_450.jpg,train_split/Healthy Fish/Healthy Fish_450.jpg,Healthy Fish,Healthy Fish,7,current_freshwater-562cb9321fb1,,Healthy Fish|current_freshwater,4
current_freshwater-34f622fcfbec,current_freshwater,data/raw/current_freshwater/train_split/Healthy Fish/Healthy Fish_462.jpg,train_split/Healthy Fish/Healthy Fish_462.jpg,Healthy Fish,Healthy Fish,7,current_freshwater-34f622fcfbec,,Healthy Fish|current_freshwater,4
current_freshwater-fc9c325d87a3,current_freshwater,data/raw/current_freshwater/train_split/Healthy Fish/Healthy Fish_467.jpg,train_split/Healthy Fish/Healthy Fish_467.jpg,Healthy Fish,Healthy Fish,7,current_freshwater-cf8d0da960f4,,Healthy Fish|current_freshwater,4
current_freshwater-800c684ad4fd,current_freshwater,data/raw/current_freshwater/train_split/Healthy Fish/Healthy Fish_469.jpg,train_split/Healthy Fish/Healthy Fish_469.jpg,Healthy Fish,Healthy Fish,7,current_freshwater-800c684ad4fd,,Healthy Fish|current_freshwater,4
current_freshwater-ab011968c652,current_freshwater,data/raw/current_freshwater/train_split/Healthy Fish/Healthy Fish_473.jpg,train_split/Healthy Fish/Healthy Fish_473.jpg,Healthy Fish,Healthy Fish,7,current_freshwater-60fb7a810b2e,,Healthy Fish|current_freshwater,4
current_freshwater-6fe8d4ee8bd3,current_freshwater,data/raw/current_freshwater/train_split/Healthy Fish/Healthy Fish_480.jpg,train_split/Healthy Fish/Healthy Fish_480.jpg,Healthy Fish,Healthy Fish,7,current_freshwater-6fe8d4ee8bd3,,Healthy Fish|current_freshwater,4
current_freshwater-b31bee82ecd4,current_freshwater,data/raw/current_freshwater/train_split/Healthy Fish/Healthy Fish_57.jpg,train_split/Healthy Fish/Healthy Fish_57.jpg,Healthy Fish,Healthy Fish,7,current_freshwater-b31bee82ecd4,,Healthy Fish|current_freshwater,4
current_freshwater-4cedfa2528a3,current_freshwater,data/raw/current_freshwater/train_split/Healthy Fish/Healthy Fish_7.jpg,train_split/Healthy Fish/Healthy Fish_7.jpg,Healthy Fish,Healthy Fish,7,current_freshwater-4cedfa2528a3,,Healthy Fish|current_freshwater,4
current_freshwater-07dbab1c8f8e,current_freshwater,data/raw/current_freshwater/train_split/Healthy Fish/Healthy Fish_aug_121.jpg,train_split/Healthy Fish/Healthy Fish_aug_121.jpg,Healthy Fish,Healthy Fish,7,current_freshwater-07dbab1c8f8e,,Healthy Fish|current_freshwater,4
current_freshwater-95cc8261ca0b,current_freshwater,data/raw/current_freshwater/train_split/Healthy Fish/Healthy Fish_aug_127.jpg,train_split/Healthy Fish/Healthy Fish_aug_127.jpg,Healthy Fish,Healthy Fish,7,current_freshwater-95cc8261ca0b,,Healthy Fish|current_freshwater,4
current_freshwater-d80d86d061be,current_freshwater,data/raw/current_freshwater/train_split/Healthy Fish/Healthy Fish_aug_130.jpg,train_split/Healthy Fish/Healthy Fish_aug_130.jpg,Healthy Fish,Healthy Fish,7,current_freshwater-8899bb34dedc,,Healthy Fish|current_freshwater,4
current_freshwater-9d538c389e78,current_freshwater,data/raw/current_freshwater/train_split/Healthy Fish/Healthy Fish_aug_133.jpg,train_split/Healthy Fish/Healthy Fish_aug_133.jpg,Healthy Fish,Healthy Fish,7,current_freshwater-9d538c389e78,,Healthy Fish|current_freshwater,4
current_freshwater-ebd9c196b58b,current_freshwater,data/raw/current_freshwater/train_split/Healthy Fish/Healthy Fish_aug_140.jpg,train_split/Healthy Fish/Healthy Fish_aug_140.jpg,Healthy Fish,Healthy Fish,7,current_freshwater-ebd9c196b58b,,Healthy Fish|current_freshwater,4
current_freshwater-a0af56f10ce0,current_freshwater,data/raw/current_freshwater/train_split/Healthy Fish/Healthy Fish_aug_200.jpg,train_split/Healthy Fish/Healthy Fish_aug_200.jpg,Healthy Fish,Healthy Fish,7,current_freshwater-a0af56f10ce0,,Healthy Fish|current_freshwater,4
current_freshwater-60fb7a810b2e,current_freshwater,data/raw/current_freshwater/train_split/Healthy Fish/Healthy Fish_aug_203.jpg,train_split/Healthy Fish/Healthy Fish_aug_203.jpg,Healthy Fish,Healthy Fish,7,current_freshwater-60fb7a810b2e,,Healthy Fish|current_freshwater,4
current_freshwater-76fcfcd799cd,current_freshwater,data/raw/current_freshwater/train_split/Healthy Fish/Healthy Fish_aug_21.jpg,train_split/Healthy Fish/Healthy Fish_aug_21.jpg,Healthy Fish,Healthy Fish,7,current_freshwater-76fcfcd799cd,,Healthy Fish|current_freshwater,4
current_freshwater-c11026a45d0b,current_freshwater,data/raw/current_freshwater/train_split/Healthy Fish/Healthy Fish_aug_79.jpg,train_split/Healthy Fish/Healthy Fish_aug_79.jpg,Healthy Fish,Healthy Fish,7,current_freshwater-c11026a45d0b,,Healthy Fish|current_freshwater,4
current_freshwater-fe8972e04eae,current_freshwater,data/raw/current_freshwater/train_split/Healthy Fish/Healthy Fish_aug_88.jpg,train_split/Healthy Fish/Healthy Fish_aug_88.jpg,Healthy Fish,Healthy Fish,7,current_freshwater-be288f5d2203,,Healthy Fish|current_freshwater,4
current_freshwater-f1e2f09aa0f3,current_freshwater,data/raw/current_freshwater/train_split/Healthy Fish/Healthy Fish_aug_93.jpg,train_split/Healthy Fish/Healthy Fish_aug_93.jpg,Healthy Fish,Healthy Fish,7,current_freshwater-f1e2f09aa0f3,,Healthy Fish|current_freshwater,4
kaptai-16b939656a97,kaptai,data/raw/kaptai/Healthy Fish/healthy (15).jpg,Healthy Fish/healthy (15).jpg,Healthy Fish,Healthy Fish,7,current_freshwater-8899bb34dedc,,Healthy Fish|current_freshwater,4
kaptai-88b1159a25b8,kaptai,data/raw/kaptai/Healthy Fish/healthy (23).jpg,Healthy Fish/healthy (23).jpg,Healthy Fish,Healthy Fish,7,kaptai-88b1159a25b8,,Healthy Fish|kaptai,4
roboflow-a86efba7c4f0,roboflow,data/raw/roboflow/test/Healthy Fish/Healthy-Fish-167-_jpg.rf.b7bc179699130f3be1127e9521996491.jpg,test/Healthy Fish/Healthy-Fish-167-_jpg.rf.b7bc179699130f3be1127e9521996491.jpg,Healthy Fish,Healthy Fish,7,roboflow-a86efba7c4f0,,Healthy Fish|roboflow,4
roboflow-9a9ea9e8d29a,roboflow,data/raw/roboflow/test/Healthy Fish/Healthy-Fish-57-_jpg.rf.19d035706b8a4326142e9e8d23754296.jpg,test/Healthy Fish/Healthy-Fish-57-_jpg.rf.19d035706b8a4326142e9e8d23754296.jpg,Healthy Fish,Healthy Fish,7,roboflow-9a9ea9e8d29a,,Healthy Fish|roboflow,4
roboflow-0e2576540ec9,roboflow,data/raw/roboflow/train/Healthy Fish/Healthy-Fish-28-_jpeg.rf.879d446f41bcc141259ccd7362736dfb.jpg,train/Healthy Fish/Healthy-Fish-28-_jpeg.rf.879d446f41bcc141259ccd7362736dfb.jpg,Healthy Fish,Healthy Fish,7,roboflow-0e2576540ec9,,Healthy Fish|roboflow,4
roboflow-9ff1747b73be,roboflow,data/raw/roboflow/train/Healthy Fish/Healthy-Fish-47-_jpg.rf.d50a8e36de91ade6540f4b18bb96563a.jpg,train/Healthy Fish/Healthy-Fish-47-_jpg.rf.d50a8e36de91ade6540f4b18bb96563a.jpg,Healthy Fish,Healthy Fish,7,roboflow-9ff1747b73be,,Healthy Fish|roboflow,4
roboflow-eb8be513c631,roboflow,data/raw/roboflow/train/Healthy Fish/Healthy-Fish-6-_jpg.rf.c7c83b3ccf7ae6ea2e7638907eb2b8a6.jpg,train/Healthy Fish/Healthy-Fish-6-_jpg.rf.c7c83b3ccf7ae6ea2e7638907eb2b8a6.jpg,Healthy Fish,Healthy Fish,7,roboflow-de77017cef81,,Healthy Fish|roboflow,4
roboflow-0e041236d778,roboflow,data/raw/roboflow/train/Healthy Fish/Healthy-Fish-67-_jpg.rf.5831f3899a191abbb5bd31929886a9f0.jpg,train/Healthy Fish/Healthy-Fish-67-_jpg.rf.5831f3899a191abbb5bd31929886a9f0.jpg,Healthy Fish,Healthy Fish,7,current_freshwater-7453c74d3b02,,Healthy Fish|current_freshwater,4
roboflow-de77017cef81,roboflow,data/raw/roboflow/valid/Healthy Fish/Healthy-Fish-122-_jpg.rf.2cbcb379bf0a0dd3f085c080ca30753c.jpg,valid/Healthy Fish/Healthy-Fish-122-_jpg.rf.2cbcb379bf0a0dd3f085c080ca30753c.jpg,Healthy Fish,Healthy Fish,7,roboflow-de77017cef81,,Healthy Fish|roboflow,4
current_freshwater-08259b1e6c09,current_freshwater,data/raw/current_freshwater/test_split/Bacterial Red disease_Bacterial Red disease_124.jpg,test_split/Bacterial Red disease_Bacterial Red disease_124.jpg,Bacterial Red disease,Bacterial Red Disease,0,current_freshwater-08259b1e6c09,,Bacterial Red Disease|current_freshwater,5
current_freshwater-94f8e6eb03a4,current_freshwater,data/raw/current_freshwater/test_split/Bacterial Red disease_Bacterial Red disease_155.jpg,test_split/Bacterial Red disease_Bacterial Red disease_155.jpg,Bacterial Red disease,Bacterial Red Disease,0,current_freshwater-94f8e6eb03a4,,Bacterial Red Disease|current_freshwater,5
current_freshwater-912bfe204b04,current_freshwater,data/raw/current_freshwater/test_split/Bacterial Red disease_Bacterial Red disease_81.jpg,test_split/Bacterial Red disease_Bacterial Red disease_81.jpg,Bacterial Red disease,Bacterial Red Disease,0,current_freshwater-912bfe204b04,,Bacterial Red Disease|current_freshwater,5
current_freshwater-8fccf29d7744,current_freshwater,data/raw/current_freshwater/train_split/Bacterial Red disease/Bacterial Red disease_102.jpg,train_split/Bacterial Red disease/Bacterial Red disease_102.jpg,Bacterial Red disease,Bacterial Red Disease,0,current_freshwater-8fccf29d7744,,Bacterial Red Disease|current_freshwater,5
current_freshwater-b6f75f2be617,current_freshwater,data/raw/current_freshwater/train_split/Bacterial Red disease/Bacterial Red disease_126.jpg,train_split/Bacterial Red disease/Bacterial Red disease_126.jpg,Bacterial Red disease,Bacterial Red Disease,0,current_freshwater-b6f75f2be617,,Bacterial Red Disease|current_freshwater,5
current_freshwater-82b632ccdd4f,current_freshwater,data/raw/current_freshwater/train_split/Bacterial Red disease/Bacterial Red disease_137.jpg,train_split/Bacterial Red disease/Bacterial Red disease_137.jpg,Bacterial Red disease,Bacterial Red Disease,0,current_freshwater-82b632ccdd4f,,Bacterial Red Disease|current_freshwater,5
current_freshwater-3359a5733d80,current_freshwater,data/raw/current_freshwater/train_split/Bacterial Red disease/Bacterial Red disease_148.jpg,train_split/Bacterial Red disease/Bacterial Red disease_148.jpg,Bacterial Red disease,Bacterial Red Disease,0,current_freshwater-3359a5733d80,,Bacterial Red Disease|current_freshwater,5
current_freshwater-b615318a221b,current_freshwater,data/raw/current_freshwater/train_split/Bacterial Red disease/Bacterial Red disease_159.jpg,train_split/Bacterial Red disease/Bacterial Red disease_159.jpg,Bacterial Red disease,Bacterial Red Disease,0,current_freshwater-b615318a221b,,Bacterial Red Disease|current_freshwater,5
current_freshwater-36fe863f56b7,current_freshwater,data/raw/current_freshwater/train_split/Bacterial Red disease/Bacterial Red disease_250.jpg,train_split/Bacterial Red disease/Bacterial Red disease_250.jpg,Bacterial Red disease,Bacterial Red Disease,0,current_freshwater-36fe863f56b7,,Bacterial Red Disease|current_freshwater,5
current_freshwater-30e16c543723,current_freshwater,data/raw/current_freshwater/train_split/Bacterial Red disease/Bacterial Red disease_3.png,train_split/Bacterial Red disease/Bacterial Red disease_3.png,Bacterial Red disease,Bacterial Red Disease,0,current_freshwater-30e16c543723,,Bacterial Red Disease|current_freshwater,5
current_freshwater-ded651ba65d6,current_freshwater,data/raw/current_freshwater/train_split/Bacterial Red disease/Bacterial Red disease_40.jpg,train_split/Bacterial Red disease/Bacterial Red disease_40.jpg,Bacterial Red disease,Bacterial Red Disease,0,current_freshwater-ded651ba65d6,,Bacterial Red Disease|current_freshwater,5
current_freshwater-6a26edd700ea,current_freshwater,data/raw/current_freshwater/train_split/Bacterial Red disease/Bacterial Red disease_44.png,train_split/Bacterial Red disease/Bacterial Red disease_44.png,Bacterial Red disease,Bacterial Red Disease,0,current_freshwater-6a26edd700ea,,Bacterial Red Disease|current_freshwater,5
current_freshwater-8677b787934c,current_freshwater,data/raw/current_freshwater/train_split/Bacterial Red disease/Bacterial Red disease_45.jpg,train_split/Bacterial Red disease/Bacterial Red disease_45.jpg,Bacterial Red disease,Bacterial Red Disease,0,current_freshwater-0cedd6f51cab,,Bacterial Red Disease|current_freshwater,5
current_freshwater-1f2cc811c27f,current_freshwater,data/raw/current_freshwater/train_split/Bacterial Red disease/Bacterial Red disease_52.jpg,train_split/Bacterial Red disease/Bacterial Red disease_52.jpg,Bacterial Red disease,Bacterial Red Disease,0,current_freshwater-1f2cc811c27f,,Bacterial Red Disease|current_freshwater,5
current_freshwater-b02fccb8abfe,current_freshwater,data/raw/current_freshwater/train_split/Bacterial Red disease/Bacterial Red disease_aug_104.jpg,train_split/Bacterial Red disease/Bacterial Red disease_aug_104.jpg,Bacterial Red disease,Bacterial Red Disease,0,current_freshwater-7d77eb26bb80,,Bacterial Red Disease|current_freshwater,5
current_freshwater-7d77eb26bb80,current_freshwater,data/raw/current_freshwater/train_split/Bacterial Red disease/Bacterial Red disease_aug_125.jpg,train_split/Bacterial Red disease/Bacterial Red disease_aug_125.jpg,Bacterial Red disease,Bacterial Red Disease,0,current_freshwater-7d77eb26bb80,,Bacterial Red Disease|current_freshwater,5
current_freshwater-294b05a92c2a,current_freshwater,data/raw/current_freshwater/train_split/Bacterial Red disease/Bacterial Red disease_aug_14.jpg,train_split/Bacterial Red disease/Bacterial Red disease_aug_14.jpg,Bacterial Red disease,Bacterial Red Disease,0,current_freshwater-294b05a92c2a,,Bacterial Red Disease|current_freshwater,5
current_freshwater-e25445ee2431,current_freshwater,data/raw/current_freshwater/train_split/Bacterial Red disease/Bacterial Red disease_aug_156.jpg,train_split/Bacterial Red disease/Bacterial Red disease_aug_156.jpg,Bacterial Red disease,Bacterial Red Disease,0,current_freshwater-e25445ee2431,,Bacterial Red Disease|current_freshwater,5
current_freshwater-5bb067797948,current_freshwater,data/raw/current_freshwater/train_split/Bacterial Red disease/Bacterial Red disease_aug_168.jpg,train_split/Bacterial Red disease/Bacterial Red disease_aug_168.jpg,Bacterial Red disease,Bacterial Red Disease,0,current_freshwater-5bb067797948,,Bacterial Red Disease|current_freshwater,5
current_freshwater-68b063dc0532,current_freshwater,data/raw/current_freshwater/train_split/Bacterial Red disease/Bacterial Red disease_aug_18.jpg,train_split/Bacterial Red disease/Bacterial Red disease_aug_18.jpg,Bacterial Red disease,Bacterial Red Disease,0,current_freshwater-68b063dc0532,,Bacterial Red Disease|current_freshwater,5
current_freshwater-9ea017e1ecea,current_freshwater,data/raw/current_freshwater/train_split/Bacterial Red disease/Bacterial Red disease_aug_184.jpg,train_split/Bacterial Red disease/Bacterial Red disease_aug_184.jpg,Bacterial Red disease,Bacterial Red Disease,0,current_freshwater-9ea017e1ecea,,Bacterial Red Disease|current_freshwater,5
current_freshwater-cfa34e2c546c,current_freshwater,data/raw/current_freshwater/train_split/Bacterial Red disease/Bacterial Red disease_aug_211.jpg,train_split/Bacterial Red disease/Bacterial Red disease_aug_211.jpg,Bacterial Red disease,Bacterial Red Disease,0,current_freshwater-cfa34e2c546c,,Bacterial Red Disease|current_freshwater,5
current_freshwater-512f5a3468c0,current_freshwater,data/raw/current_freshwater/train_split/Bacterial Red disease/Bacterial Red disease_aug_227.jpg,train_split/Bacterial Red disease/Bacterial Red disease_aug_227.jpg,Bacterial Red disease,Bacterial Red Disease,0,current_freshwater-512f5a3468c0,,Bacterial Red Disease|current_freshwater,5
current_freshwater-4a60ee0f5bb8,current_freshwater,data/raw/current_freshwater/train_split/Bacterial Red disease/Bacterial Red disease_aug_229.jpg,train_split/Bacterial Red disease/Bacterial Red disease_aug_229.jpg,Bacterial Red disease,Bacterial Red Disease,0,current_freshwater-4a60ee0f5bb8,,Bacterial Red Disease|current_freshwater,5
current_freshwater-9eef33955b57,current_freshwater,data/raw/current_freshwater/train_split/Bacterial Red disease/Bacterial Red disease_aug_273.jpg,train_split/Bacterial Red disease/Bacterial Red disease_aug_273.jpg,Bacterial Red disease,Bacterial Red Disease,0,current_freshwater-8fccf29d7744,,Bacterial Red Disease|current_freshwater,5
current_freshwater-0589ccecf1bf,current_freshwater,data/raw/current_freshwater/train_split/Bacterial Red disease/Bacterial Red disease_aug_274.jpg,train_split/Bacterial Red disease/Bacterial Red disease_aug_274.jpg,Bacterial Red disease,Bacterial Red Disease,0,current_freshwater-0589ccecf1bf,,Bacterial Red Disease|current_freshwater,5
current_freshwater-684d0660304e,current_freshwater,data/raw/current_freshwater/train_split/Bacterial Red disease/Bacterial Red disease_aug_289.jpg,train_split/Bacterial Red disease/Bacterial Red disease_aug_289.jpg,Bacterial Red disease,Bacterial Red Disease,0,current_freshwater-684d0660304e,,Bacterial Red Disease|current_freshwater,5
current_freshwater-7848a8a93aab,current_freshwater,data/raw/current_freshwater/train_split/Bacterial Red disease/Bacterial Red disease_aug_304.jpg,train_split/Bacterial Red disease/Bacterial Red disease_aug_304.jpg,Bacterial Red disease,Bacterial Red Disease,0,current_freshwater-7848a8a93aab,,Bacterial Red Disease|current_freshwater,5
current_freshwater-c95b83f26927,current_freshwater,data/raw/current_freshwater/train_split/Bacterial Red disease/Bacterial Red disease_aug_322.jpg,train_split/Bacterial Red disease/Bacterial Red disease_aug_322.jpg,Bacterial Red disease,Bacterial Red Disease,0,current_freshwater-c95b83f26927,,Bacterial Red Disease|current_freshwater,5
current_freshwater-da9bfdd21297,current_freshwater,data/raw/current_freshwater/train_split/Bacterial Red disease/Bacterial Red disease_aug_53.jpg,train_split/Bacterial Red disease/Bacterial Red disease_aug_53.jpg,Bacterial Red disease,Bacterial Red Disease,0,current_freshwater-da9bfdd21297,,Bacterial Red Disease|current_freshwater,5
current_freshwater-0cedd6f51cab,current_freshwater,data/raw/current_freshwater/train_split/Bacterial Red disease/Bacterial Red disease_aug_9.jpg,train_split/Bacterial Red disease/Bacterial Red disease_aug_9.jpg,Bacterial Red disease,Bacterial Red Disease,0,current_freshwater-0cedd6f51cab,,Bacterial Red Disease|current_freshwater,5
current_freshwater-c76c50e639f6,current_freshwater,data/raw/current_freshwater/train_split/Bacterial Red disease/Bacterial Red disease_aug_97.jpg,train_split/Bacterial Red disease/Bacterial Red disease_aug_97.jpg,Bacterial Red disease,Bacterial Red Disease,0,current_freshwater-c76c50e639f6,,Bacterial Red Disease|current_freshwater,5
roboflow-5c71c583c72c,roboflow,data/raw/roboflow/train/Bacterial Red disease/Bacterial-Red-disease-12-_jpg.rf.a152f8e8db2f674291f296e932420f30.jpg,train/Bacterial Red disease/Bacterial-Red-disease-12-_jpg.rf.a152f8e8db2f674291f296e932420f30.jpg,Bacterial Red disease,Bacterial Red Disease,0,roboflow-5c71c583c72c,,Bacterial Red Disease|roboflow,5
roboflow-018e599bec37,roboflow,data/raw/roboflow/train/Bacterial Red disease/Bacterial-Red-disease-39-_jpg.rf.8fa2d78191379944fb603ed67c53a1fe.jpg,train/Bacterial Red disease/Bacterial-Red-disease-39-_jpg.rf.8fa2d78191379944fb603ed67c53a1fe.jpg,Bacterial Red disease,Bacterial Red Disease,0,roboflow-018e599bec37,,Bacterial Red Disease|roboflow,5
roboflow-e5d51ceb2d1d,roboflow,data/raw/roboflow/train/Bacterial Red disease/Bacterial-Red-disease-5-_png.rf.254a5d01d662f21b59a739502c4990ff.jpg,train/Bacterial Red disease/Bacterial-Red-disease-5-_png.rf.254a5d01d662f21b59a739502c4990ff.jpg,Bacterial Red disease,Bacterial Red Disease,0,current_freshwater-6a26edd700ea,,Bacterial Red Disease|current_freshwater,5
roboflow-2bd6db4c90cd,roboflow,data/raw/roboflow/valid/Bacterial Red disease/Bacterial-Red-disease-1-_png.rf.bd18e0541de5ee1b9afe54402b385018.jpg,valid/Bacterial Red disease/Bacterial-Red-disease-1-_png.rf.bd18e0541de5ee1b9afe54402b385018.jpg,Bacterial Red disease,Bacterial Red Disease,0,current_freshwater-30e16c543723,,Bacterial Red Disease|current_freshwater,5
current_freshwater-3a1d2933ffe7,current_freshwater,data/raw/current_freshwater/test_split/Bacterial diseases - Aeromoniasis_Bacterial diseases - Aeromoniasis_234.jpg,test_split/Bacterial diseases - Aeromoniasis_Bacterial diseases - Aeromoniasis_234.jpg,Bacterial diseases - Aeromoniasis,Aeromoniasis,1,current_freshwater-3a1d2933ffe7,,Aeromoniasis|current_freshwater,5
current_freshwater-1cb5b9d40da1,current_freshwater,data/raw/current_freshwater/test_split/Bacterial diseases - Aeromoniasis_Bacterial diseases - Aeromoniasis_61.jpg,test_split/Bacterial diseases - Aeromoniasis_Bacterial diseases - Aeromoniasis_61.jpg,Bacterial diseases - Aeromoniasis,Aeromoniasis,1,current_freshwater-1cb5b9d40da1,,Aeromoniasis|current_freshwater,5
current_freshwater-937350ab597d,current_freshwater,data/raw/current_freshwater/test_split/Bacterial diseases - Aeromoniasis_Bacterial diseases - Aeromoniasis_69.jpg,test_split/Bacterial diseases - Aeromoniasis_Bacterial diseases - Aeromoniasis_69.jpg,Bacterial diseases - Aeromoniasis,Aeromoniasis,1,current_freshwater-937350ab597d,,Aeromoniasis|current_freshwater,5
current_freshwater-67f48d292727,current_freshwater,data/raw/current_freshwater/train_split/Bacterial diseases - Aeromoniasis/Bacterial diseases - Aeromoniasis_124.jpg,train_split/Bacterial diseases - Aeromoniasis/Bacterial diseases - Aeromoniasis_124.jpg,Bacterial diseases - Aeromoniasis,Aeromoniasis,1,current_freshwater-67f48d292727,,Aeromoniasis|current_freshwater,5
current_freshwater-309b290c27a2,current_freshwater,data/raw/current_freshwater/train_split/Bacterial diseases - Aeromoniasis/Bacterial diseases - Aeromoniasis_137.jpg,train_split/Bacterial diseases - Aeromoniasis/Bacterial diseases - Aeromoniasis_137.jpg,Bacterial diseases - Aeromoniasis,Aeromoniasis,1,current_freshwater-309b290c27a2,,Aeromoniasis|current_freshwater,5
current_freshwater-814f7432f24a,current_freshwater,data/raw/current_freshwater/train_split/Bacterial diseases - Aeromoniasis/Bacterial diseases - Aeromoniasis_150.jpg,train_split/Bacterial diseases - Aeromoniasis/Bacterial diseases - Aeromoniasis_150.jpg,Bacterial diseases - Aeromoniasis,Aeromoniasis,1,current_freshwater-814f7432f24a,,Aeromoniasis|current_freshwater,5
current_freshwater-05b2bb6884b3,current_freshwater,data/raw/current_freshwater/train_split/Bacterial diseases - Aeromoniasis/Bacterial diseases - Aeromoniasis_189.jpeg,train_split/Bacterial diseases - Aeromoniasis/Bacterial diseases - Aeromoniasis_189.jpeg,Bacterial diseases - Aeromoniasis,Aeromoniasis,1,current_freshwater-05b2bb6884b3,,Aeromoniasis|current_freshwater,5
current_freshwater-c62db92549c7,current_freshwater,data/raw/current_freshwater/train_split/Bacterial diseases - Aeromoniasis/Bacterial diseases - Aeromoniasis_19.jpg,train_split/Bacterial diseases - Aeromoniasis/Bacterial diseases - Aeromoniasis_19.jpg,Bacterial diseases - Aeromoniasis,Aeromoniasis,1,current_freshwater-c62db92549c7,,Aeromoniasis|current_freshwater,5
current_freshwater-edb6525af20b,current_freshwater,data/raw/current_freshwater/train_split/Bacterial diseases - Aeromoniasis/Bacterial diseases - Aeromoniasis_197.jpg,train_split/Bacterial diseases - Aeromoniasis/Bacterial diseases - Aeromoniasis_197.jpg,Bacterial diseases - Aeromoniasis,Aeromoniasis,1,current_freshwater-edb6525af20b,,Aeromoniasis|current_freshwater,5
current_freshwater-a9ac06b1362e,current_freshwater,data/raw/current_freshwater/train_split/Bacterial diseases - Aeromoniasis/Bacterial diseases - Aeromoniasis_200.jpeg,train_split/Bacterial diseases - Aeromoniasis/Bacterial diseases - Aeromoniasis_200.jpeg,Bacterial diseases - Aeromoniasis,Aeromoniasis,1,current_freshwater-a9ac06b1362e,,Aeromoniasis|current_freshwater,5
current_freshwater-9a8c13f17b02,current_freshwater,data/raw/current_freshwater/train_split/Bacterial diseases - Aeromoniasis/Bacterial diseases - Aeromoniasis_204.jpg,train_split/Bacterial diseases - Aeromoniasis/Bacterial diseases - Aeromoniasis_204.jpg,Bacterial diseases - Aeromoniasis,Aeromoniasis,1,current_freshwater-9a8c13f17b02,,Aeromoniasis|current_freshwater,5
current_freshwater-204ee23a1ab9,current_freshwater,data/raw/current_freshwater/train_split/Bacterial diseases - Aeromoniasis/Bacterial diseases - Aeromoniasis_209.jpg,train_split/Bacterial diseases - Aeromoniasis/Bacterial diseases - Aeromoniasis_209.jpg,Bacterial diseases - Aeromoniasis,Aeromoniasis,1,current_freshwater-204ee23a1ab9,,Aeromoniasis|current_freshwater,5
current_freshwater-69f6420c55ab,current_freshwater,data/raw/current_freshwater/train_split/Bacterial diseases - Aeromoniasis/Bacterial diseases - Aeromoniasis_216.jpg,train_split/Bacterial diseases - Aeromoniasis/Bacterial diseases - Aeromoniasis_216.jpg,Bacterial diseases - Aeromoniasis,Aeromoniasis,1,current_freshwater-69f6420c55ab,,Aeromoniasis|current_freshwater,5
current_freshwater-c4843654fbf3,current_freshwater,data/raw/current_freshwater/train_split/Bacterial diseases - Aeromoniasis/Bacterial diseases - Aeromoniasis_221.jpg,train_split/Bacterial diseases - Aeromoniasis/Bacterial diseases - Aeromoniasis_221.jpg,Bacterial diseases - Aeromoniasis,Aeromoniasis,1,current_freshwater-c4843654fbf3,,Aeromoniasis|current_freshwater,5
current_freshwater-3b72e422c99b,current_freshwater,data/raw/current_freshwater/train_split/Bacterial diseases - Aeromoniasis/Bacterial diseases - Aeromoniasis_236.jpg,train_split/Bacterial diseases - Aeromoniasis/Bacterial diseases - Aeromoniasis_236.jpg,Bacterial diseases - Aeromoniasis,Aeromoniasis,1,current_freshwater-3b72e422c99b,,Aeromoniasis|current_freshwater,5
current_freshwater-812cce8705f5,current_freshwater,data/raw/current_freshwater/train_split/Bacterial diseases - Aeromoniasis/Bacterial diseases - Aeromoniasis_245.jpg,train_split/Bacterial diseases - Aeromoniasis/Bacterial diseases - Aeromoniasis_245.jpg,Bacterial diseases - Aeromoniasis,Aeromoniasis,1,current_freshwater-812cce8705f5,,Aeromoniasis|current_freshwater,5
current_freshwater-07c1850edee7,current_freshwater,data/raw/current_freshwater/train_split/Bacterial diseases - Aeromoniasis/Bacterial diseases - Aeromoniasis_57.jpg,train_split/Bacterial diseases - Aeromoniasis/Bacterial diseases - Aeromoniasis_57.jpg,Bacterial diseases - Aeromoniasis,Aeromoniasis,1,current_freshwater-07c1850edee7,,Aeromoniasis|current_freshwater,5
current_freshwater-350d541aac0c,current_freshwater,data/raw/current_freshwater/train_split/Bacterial diseases - Aeromoniasis/Bacterial diseases - Aeromoniasis_74.jpg,train_split/Bacterial diseases - Aeromoniasis/Bacterial diseases - Aeromoniasis_74.jpg,Bacterial diseases - Aeromoniasis,Aeromoniasis,1,current_freshwater-350d541aac0c,,Aeromoniasis|current_freshwater,5
current_freshwater-2f4824ef8ef8,current_freshwater,data/raw/current_freshwater/train_split/Bacterial diseases - Aeromoniasis/Bacterial diseases - Aeromoniasis_99.jpg,train_split/Bacterial diseases - Aeromoniasis/Bacterial diseases - Aeromoniasis_99.jpg,Bacterial diseases - Aeromoniasis,Aeromoniasis,1,current_freshwater-2f4824ef8ef8,,Aeromoniasis|current_freshwater,5
current_freshwater-998aff09ef07,current_freshwater,data/raw/current_freshwater/train_split/Bacterial diseases - Aeromoniasis/Bacterial diseases - Aeromoniasis_aug_125.jpg,train_split/Bacterial diseases - Aeromoniasis/Bacterial diseases - Aeromoniasis_aug_125.jpg,Bacterial diseases - Aeromoniasis,Aeromoniasis,1,current_freshwater-998aff09ef07,,Aeromoniasis|current_freshwater,5
current_freshwater-65c6862f5a97,current_freshwater,data/raw/current_freshwater/train_split/Bacterial diseases - Aeromoniasis/Bacterial diseases - Aeromoniasis_aug_15.jpg,train_split/Bacterial diseases - Aeromoniasis/Bacterial diseases - Aeromoniasis_aug_15.jpg,Bacterial diseases - Aeromoniasis,Aeromoniasis,1,current_freshwater-65c6862f5a97,,Aeromoniasis|current_freshwater,5
current_freshwater-3d155add777f,current_freshwater,data/raw/current_freshwater/train_split/Bacterial diseases - Aeromoniasis/Bacterial diseases - Aeromoniasis_aug_151.jpg,train_split/Bacterial diseases - Aeromoniasis/Bacterial diseases - Aeromoniasis_aug_151.jpg,Bacterial diseases - Aeromoniasis,Aeromoniasis,1,current_freshwater-3d155add777f,,Aeromoniasis|current_freshwater,5
current_freshwater-b0fc3e1432c6,current_freshwater,data/raw/current_freshwater/train_split/Bacterial diseases - Aeromoniasis/Bacterial diseases - Aeromoniasis_aug_157.jpg,train_split/Bacterial diseases - Aeromoniasis/Bacterial diseases - Aeromoniasis_aug_157.jpg,Bacterial diseases - Aeromoniasis,Aeromoniasis,1,current_freshwater-350d541aac0c,,Aeromoniasis|current_freshwater,5
current_freshwater-956981bb7a9a,current_freshwater,data/raw/current_freshwater/train_split/Bacterial diseases - Aeromoniasis/Bacterial diseases - Aeromoniasis_aug_178.jpg,train_split/Bacterial diseases - Aeromoniasis/Bacterial diseases - Aeromoniasis_aug_178.jpg,Bacterial diseases - Aeromoniasis,Aeromoniasis,1,current_freshwater-956981bb7a9a,,Aeromoniasis|current_freshwater,5
current_freshwater-606f6e02aa1b,current_freshwater,data/raw/current_freshwater/train_split/Bacterial diseases - Aeromoniasis/Bacterial diseases - Aeromoniasis_aug_180.jpg,train_split/Bacterial diseases - Aeromoniasis/Bacterial diseases - Aeromoniasis_aug_180.jpg,Bacterial diseases - Aeromoniasis,Aeromoniasis,1,current_freshwater-2cbcd83e893c,,Aeromoniasis|current_freshwater,5
current_freshwater-067f2a6b80f1,current_freshwater,data/raw/current_freshwater/train_split/Bacterial diseases - Aeromoniasis/Bacterial diseases - Aeromoniasis_aug_183.jpg,train_split/Bacterial diseases - Aeromoniasis/Bacterial diseases - Aeromoniasis_aug_183.jpg,Bacterial diseases - Aeromoniasis,Aeromoniasis,1,current_freshwater-067f2a6b80f1,,Aeromoniasis|current_freshwater,5
current_freshwater-32ec6561f26f,current_freshwater,data/raw/current_freshwater/train_split/Bacterial diseases - Aeromoniasis/Bacterial diseases - Aeromoniasis_aug_20.jpg,train_split/Bacterial diseases - Aeromoniasis/Bacterial diseases - Aeromoniasis_aug_20.jpg,Bacterial diseases - Aeromoniasis,Aeromoniasis,1,current_freshwater-05b2bb6884b3,,Aeromoniasis|current_freshwater,5
current_freshwater-000eb0cdf548,current_freshwater,data/raw/current_freshwater/train_split/Bacterial diseases - Aeromoniasis/Bacterial diseases - Aeromoniasis_aug_214.jpg,train_split/Bacterial diseases - Aeromoniasis/Bacterial diseases - Aeromoniasis_aug_214.jpg,Bacterial diseases - Aeromoniasis,Aeromoniasis,1,current_freshwater-000eb0cdf548,,Aeromoniasis|current_freshwater,5
current_freshwater-b6276a5dc199,current_freshwater,data/raw/current_freshwater/train_split/Bacterial diseases - Aeromoniasis/Bacterial diseases - Aeromoniasis_aug_242.jpg,train_split/Bacterial diseases - Aeromoniasis/Bacterial diseases - Aeromoniasis_aug_242.jpg,Bacterial diseases - Aeromoniasis,Aeromoniasis,1,current_freshwater-b6276a5dc199,,Aeromoniasis|current_freshwater,5
current_freshwater-bd1235debdb1,current_freshwater,data/raw/current_freshwater/train_split/Bacterial diseases - Aeromoniasis/Bacterial diseases - Aeromoniasis_aug_260.jpg,train_split/Bacterial diseases - Aeromoniasis/Bacterial diseases - Aeromoniasis_aug_260.jpg,Bacterial diseases - Aeromoniasis,Aeromoniasis,1,current_freshwater-bd1235debdb1,,Aeromoniasis|current_freshwater,5
current_freshwater-7bcebd618107,current_freshwater,data/raw/current_freshwater/train_split/Bacterial diseases - Aeromoniasis/Bacterial diseases - Aeromoniasis_aug_35.jpg,train_split/Bacterial diseases - Aeromoniasis/Bacterial diseases - Aeromoniasis_aug_35.jpg,Bacterial diseases - Aeromoniasis,Aeromoniasis,1,current_freshwater-7bcebd618107,,Aeromoniasis|current_freshwater,5
current_freshwater-9a53296640a7,current_freshwater,data/raw/current_freshwater/train_split/Bacterial diseases - Aeromoniasis/Bacterial diseases - Aeromoniasis_aug_52.jpg,train_split/Bacterial diseases - Aeromoniasis/Bacterial diseases - Aeromoniasis_aug_52.jpg,Bacterial diseases - Aeromoniasis,Aeromoniasis,1,current_freshwater-07c1850edee7,,Aeromoniasis|current_freshwater,5
current_freshwater-a96dc35f525e,current_freshwater,data/raw/current_freshwater/train_split/Bacterial diseases - Aeromoniasis/Bacterial diseases - Aeromoniasis_aug_56.jpg,train_split/Bacterial diseases - Aeromoniasis/Bacterial diseases - Aeromoniasis_aug_56.jpg,Bacterial diseases - Aeromoniasis,Aeromoniasis,1,current_freshwater-a96dc35f525e,,Aeromoniasis|current_freshwater,5
current_freshwater-096f52b94a2e,current_freshwater,data/raw/current_freshwater/train_split/Bacterial diseases - Aeromoniasis/Bacterial diseases - Aeromoniasis_aug_68.jpg,train_split/Bacterial diseases - Aeromoniasis/Bacterial diseases - Aeromoniasis_aug_68.jpg,Bacterial diseases - Aeromoniasis,Aeromoniasis,1,current_freshwater-096f52b94a2e,,Aeromoniasis|current_freshwater,5
current_freshwater-9135ed0728ff,current_freshwater,data/raw/current_freshwater/train_split/Bacterial diseases - Aeromoniasis/Bacterial diseases - Aeromoniasis_aug_9.jpg,train_split/Bacterial diseases - Aeromoniasis/Bacterial diseases - Aeromoniasis_aug_9.jpg,Bacterial diseases - Aeromoniasis,Aeromoniasis,1,current_freshwater-9135ed0728ff,,Aeromoniasis|current_freshwater,5
roboflow-8fce96b67e9b,roboflow,data/raw/roboflow/test/Bacterial diseases - Aeromoniasis/Bacterial-diseases-Aeromoniasis-3-_jpg.rf.67730f64686e572a82d618aa5d214dd4.jpg,test/Bacterial diseases - Aeromoniasis/Bacterial-diseases-Aeromoniasis-3-_jpg.rf.67730f64686e572a82d618aa5d214dd4.jpg,Bacterial diseases - Aeromoniasis,Aeromoniasis,1,roboflow-8fce96b67e9b,,Aeromoniasis|roboflow,5
roboflow-9a977dca0a62,roboflow,data/raw/roboflow/train/Bacterial diseases - Aeromoniasis/Bacterial-diseases-Aeromoniasis-4-_jpeg.rf.b9ae59d767bd981a78af87fb17aed3c8.jpg,train/Bacterial diseases - Aeromoniasis/Bacterial-diseases-Aeromoniasis-4-_jpeg.rf.b9ae59d767bd981a78af87fb17aed3c8.jpg,Bacterial diseases - Aeromoniasis,Aeromoniasis,1,roboflow-9a977dca0a62,,Aeromoniasis|roboflow,5
roboflow-e750027dc2da,roboflow,data/raw/roboflow/train/Bacterial diseases - Aeromoniasis/Bacterial-diseases-Aeromoniasis-6-_jpeg.rf.2083a3336e806ea2eeb5714c6cd64144.jpg,train/Bacterial diseases - Aeromoniasis/Bacterial-diseases-Aeromoniasis-6-_jpeg.rf.2083a3336e806ea2eeb5714c6cd64144.jpg,Bacterial diseases - Aeromoniasis,Aeromoniasis,1,current_freshwater-05b2bb6884b3,,Aeromoniasis|current_freshwater,5
roboflow-06414332de69,roboflow,data/raw/roboflow/train/Bacterial diseases - Aeromoniasis/Bacterial-diseases-Aeromoniasis-8-_jpeg.rf.0688f1e70e0985ef9ba906fefc4e437a.jpg,train/Bacterial diseases - Aeromoniasis/Bacterial-diseases-Aeromoniasis-8-_jpeg.rf.0688f1e70e0985ef9ba906fefc4e437a.jpg,Bacterial diseases - Aeromoniasis,Aeromoniasis,1,current_freshwater-a9ac06b1362e,,Aeromoniasis|current_freshwater,5
current_freshwater-0610ed40c0c4,current_freshwater,data/raw/current_freshwater/test_split/Bacterial gill disease_Bacterial gill disease_248.jpg,test_split/Bacterial gill disease_Bacterial gill disease_248.jpg,Bacterial gill disease,Bacterial Gill Disease,2,current_freshwater-0610ed40c0c4,,Bacterial Gill Disease|current_freshwater,5
current_freshwater-9701004a5d10,current_freshwater,data/raw/current_freshwater/test_split/Bacterial gill disease_Bacterial gill disease_31.jpg,test_split/Bacterial gill disease_Bacterial gill disease_31.jpg,Bacterial gill disease,Bacterial Gill Disease,2,current_freshwater-9701004a5d10,,Bacterial Gill Disease|roboflow,5
current_freshwater-aab5a9446e51,current_freshwater,data/raw/current_freshwater/test_split/Bacterial gill disease_Bacterial gill disease_364.jpg,test_split/Bacterial gill disease_Bacterial gill disease_364.jpg,Bacterial gill disease,Bacterial Gill Disease,2,current_freshwater-aab5a9446e51,,Bacterial Gill Disease|current_freshwater,5
current_freshwater-0f7b5cb2c478,current_freshwater,data/raw/current_freshwater/train_split/Bacterial gill disease/Bacterial gill disease_146.jpg,train_split/Bacterial gill disease/Bacterial gill disease_146.jpg,Bacterial gill disease,Bacterial Gill Disease,2,current_freshwater-0f7b5cb2c478,,Bacterial Gill Disease|current_freshwater,5
current_freshwater-bfd6c70166d5,current_freshwater,data/raw/current_freshwater/train_split/Bacterial gill disease/Bacterial gill disease_156.jpg,train_split/Bacterial gill disease/Bacterial gill disease_156.jpg,Bacterial gill disease,Bacterial Gill Disease,2,current_freshwater-bfd6c70166d5,,Bacterial Gill Disease|current_freshwater,5
current_freshwater-2d46de3b98ef,current_freshwater,data/raw/current_freshwater/train_split/Bacterial gill disease/Bacterial gill disease_170.jpg,train_split/Bacterial gill disease/Bacterial gill disease_170.jpg,Bacterial gill disease,Bacterial Gill Disease,2,current_freshwater-2d46de3b98ef,,Bacterial Gill Disease|current_freshwater,5
current_freshwater-3c546ebfc720,current_freshwater,data/raw/current_freshwater/train_split/Bacterial gill disease/Bacterial gill disease_179.jpg,train_split/Bacterial gill disease/Bacterial gill disease_179.jpg,Bacterial gill disease,Bacterial Gill Disease,2,current_freshwater-3c546ebfc720,,Bacterial Gill Disease|current_freshwater,5
current_freshwater-f66db97819c9,current_freshwater,data/raw/current_freshwater/train_split/Bacterial gill disease/Bacterial gill disease_186.jpg,train_split/Bacterial gill disease/Bacterial gill disease_186.jpg,Bacterial gill disease,Bacterial Gill Disease,2,current_freshwater-f66db97819c9,,Bacterial Gill Disease|current_freshwater,5
current_freshwater-1e923af7fb72,current_freshwater,data/raw/current_freshwater/train_split/Bacterial gill disease/Bacterial gill disease_196.jpg,train_split/Bacterial gill disease/Bacterial gill disease_196.jpg,Bacterial gill disease,Bacterial Gill Disease,2,current_freshwater-1e923af7fb72,,Bacterial Gill Disease|current_freshwater,5
current_freshwater-b0a78c5f8dca,current_freshwater,data/raw/current_freshwater/train_split/Bacterial gill disease/Bacterial gill disease_213.jpg,train_split/Bacterial gill disease/Bacterial gill disease_213.jpg,Bacterial gill disease,Bacterial Gill Disease,2,current_freshwater-b0a78c5f8dca,,Bacterial Gill Disease|current_freshwater,5
current_freshwater-f40e14c16c05,current_freshwater,data/raw/current_freshwater/train_split/Bacterial gill disease/Bacterial gill disease_256.jpg,train_split/Bacterial gill disease/Bacterial gill disease_256.jpg,Bacterial gill disease,Bacterial Gill Disease,2,current_freshwater-25eff209757d,,Bacterial Gill Disease|current_freshwater,5
current_freshwater-5b86644a91fe,current_freshwater,data/raw/current_freshwater/train_split/Bacterial gill disease/Bacterial gill disease_273.jpg,train_split/Bacterial gill disease/Bacterial gill disease_273.jpg,Bacterial gill disease,Bacterial Gill Disease,2,current_freshwater-5b86644a91fe,,Bacterial Gill Disease|current_freshwater,5
current_freshwater-83c16b2ecb34,current_freshwater,data/raw/current_freshwater/train_split/Bacterial gill disease/Bacterial gill disease_357.jpg,train_split/Bacterial gill disease/Bacterial gill disease_357.jpg,Bacterial gill disease,Bacterial Gill Disease,2,current_freshwater-83c16b2ecb34,,Bacterial Gill Disease|current_freshwater,5
current_freshwater-09a3327ca588,current_freshwater,data/raw/current_freshwater/train_split/Bacterial gill disease/Bacterial gill disease_368.jpg,train_split/Bacterial gill disease/Bacterial gill disease_368.jpg,Bacterial gill disease,Bacterial Gill Disease,2,current_freshwater-09a3327ca588,,Bacterial Gill Disease|current_freshwater,5
current_freshwater-11e6d2a500d9,current_freshwater,data/raw/current_freshwater/train_split/Bacterial gill disease/Bacterial gill disease_66.jpg,train_split/Bacterial gill disease/Bacterial gill disease_66.jpg,Bacterial gill disease,Bacterial Gill Disease,2,current_freshwater-11e6d2a500d9,,Bacterial Gill Disease|current_freshwater,5
current_freshwater-c245c59bfdeb,current_freshwater,data/raw/current_freshwater/train_split/Bacterial gill disease/Bacterial gill disease_69.jpeg,train_split/Bacterial gill disease/Bacterial gill disease_69.jpeg,Bacterial gill disease,Bacterial Gill Disease,2,current_freshwater-b0a78c5f8dca,,Bacterial Gill Disease|current_freshwater,5
current_freshwater-5522546d1c13,current_freshwater,data/raw/current_freshwater/train_split/Bacterial gill disease/Bacterial gill disease_81.jpg,train_split/Bacterial gill disease/Bacterial gill disease_81.jpg,Bacterial gill disease,Bacterial Gill Disease,2,current_freshwater-5522546d1c13,,Bacterial Gill Disease|current_freshwater,5
current_freshwater-25eff209757d,current_freshwater,data/raw/current_freshwater/train_split/Bacterial gill disease/Bacterial gill disease_aug_112.jpg,train_split/Bacterial gill disease/Bacterial gill disease_aug_112.jpg,Bacterial gill disease,Bacterial Gill Disease,2,current_freshwater-25eff209757d,,Bacterial Gill Disease|current_freshwater,5
current_freshwater-dab696ed185b,current_freshwater,data/raw/current_freshwater/train_split/Bacterial gill disease/Bacterial gill disease_aug_120.jpg,train_split/Bacterial gill disease/Bacterial gill disease_aug_120.jpg,Bacterial gill disease,Bacterial Gill Disease,2,current_freshwater-0f7b5cb2c478,,Bacterial Gill Disease|current_freshwater,5
current_freshwater-fdbbf6350eb1,current_freshwater,data/raw/current_freshwater/train_split/Bacterial gill disease/Bacterial gill disease_aug_134.jpg,train_split/Bacterial gill disease/Bacterial gill disease_aug_134.jpg,Bacterial gill disease,Bacterial Gill Disease,2,current_freshwater-fdbbf6350eb1,,Bacterial Gill Disease|current_freshwater,5
current_freshwater-338776ef0250,current_freshwater,data/raw/current_freshwater/train_split/Bacterial gill disease/Bacterial gill disease_aug_143.jpg,train_split/Bacterial gill disease/Bacterial gill disease_aug_143.jpg,Bacterial gill disease,Bacterial Gill Disease,2,current_freshwater-338776ef0250,,Bacterial Gill Disease|current_freshwater,5
current_freshwater-689bcde5a1a8,current_freshwater,data/raw/current_freshwater/train_split/Bacterial gill disease/Bacterial gill disease_aug_149.jpg,train_split/Bacterial gill disease/Bacterial gill disease_aug_149.jpg,Bacterial gill disease,Bacterial Gill Disease,2,current_freshwater-689bcde5a1a8,,Bacterial Gill Disease|current_freshwater,5
current_freshwater-d5dbbd542df7,current_freshwater,data/raw/current_freshwater/train_split/Bacterial gill disease/Bacterial gill disease_aug_152.jpg,train_split/Bacterial gill disease/Bacterial gill disease_aug_152.jpg,Bacterial gill disease,Bacterial Gill Disease,2,current_freshwater-d5dbbd542df7,,Bacterial Gill Disease|current_freshwater,5
current_freshwater-b0bdda73d44c,current_freshwater,data/raw/current_freshwater/train_split/Bacterial gill disease/Bacterial gill disease_aug_16.jpg,train_split/Bacterial gill disease/Bacterial gill disease_aug_16.jpg,Bacterial gill disease,Bacterial Gill Disease,2,current_freshwater-b0bdda73d44c,,Bacterial Gill Disease|current_freshwater,5
current_freshwater-d0cd391eafbc,current_freshwater,data/raw/current_freshwater/train_split/Bacterial gill disease/Bacterial gill disease_aug_169.jpg,train_split/Bacterial gill disease/Bacterial gill disease_aug_169.jpg,Bacterial gill disease,Bacterial Gill Disease,2,current_freshwater-d0cd391eafbc,,Bacterial Gill Disease|current_freshwater,5
current_freshwater-5bd09643b73c,current_freshwater,data/raw/current_freshwater/train_split/Bacterial gill disease/Bacterial gill disease_aug_172.jpg,train_split/Bacterial gill disease/Bacterial gill disease_aug_172.jpg,Bacterial gill disease,Bacterial Gill Disease,2,current_freshwater-5bd09643b73c,,Bacterial Gill Disease|current_freshwater,5
current_freshwater-8ccfc9571120,current_freshwater,data/raw/current_freshwater/train_split/Bacterial gill disease/Bacterial gill disease_aug_175.jpg,train_split/Bacterial gill disease/Bacterial gill disease_aug_175.jpg,Bacterial gill disease,Bacterial Gill Disease,2,current_freshwater-8ccfc9571120,,Bacterial Gill Disease|current_freshwater,5
current_freshwater-8cebf6ee7627,current_freshwater,data/raw/current_freshwater/train_split/Bacterial gill disease/Bacterial gill disease_aug_192.jpg,train_split/Bacterial gill disease/Bacterial gill disease_aug_192.jpg,Bacterial gill disease,Bacterial Gill Disease,2,current_freshwater-8cebf6ee7627,,Bacterial Gill Disease|current_freshwater,5
current_freshwater-933be52e25d3,current_freshwater,data/raw/current_freshwater/train_split/Bacterial gill disease/Bacterial gill disease_aug_193.jpg,train_split/Bacterial gill disease/Bacterial gill disease_aug_193.jpg,Bacterial gill disease,Bacterial Gill Disease,2,current_freshwater-933be52e25d3,,Bacterial Gill Disease|current_freshwater,5
current_freshwater-d86c72469e1d,current_freshwater,data/raw/current_freshwater/train_split/Bacterial gill disease/Bacterial gill disease_aug_219.jpg,train_split/Bacterial gill disease/Bacterial gill disease_aug_219.jpg,Bacterial gill disease,Bacterial Gill Disease,2,current_freshwater-d86c72469e1d,,Bacterial Gill Disease|current_freshwater,5
current_freshwater-55410c4d8567,current_freshwater,data/raw/current_freshwater/train_split/Bacterial gill disease/Bacterial gill disease_aug_231.jpg,train_split/Bacterial gill disease/Bacterial gill disease_aug_231.jpg,Bacterial gill disease,Bacterial Gill Disease,2,current_freshwater-55410c4d8567,,Bacterial Gill Disease|current_freshwater,5
current_freshwater-a7731453a09c,current_freshwater,data/raw/current_freshwater/train_split/Bacterial gill disease/Bacterial gill disease_aug_235.jpg,train_split/Bacterial gill disease/Bacterial gill disease_aug_235.jpg,Bacterial gill disease,Bacterial Gill Disease,2,current_freshwater-a7731453a09c,,Bacterial Gill Disease|current_freshwater,5
current_freshwater-ca38210ff6a0,current_freshwater,data/raw/current_freshwater/train_split/Bacterial gill disease/Bacterial gill disease_aug_28.jpg,train_split/Bacterial gill disease/Bacterial gill disease_aug_28.jpg,Bacterial gill disease,Bacterial Gill Disease,2,current_freshwater-b0a78c5f8dca,,Bacterial Gill Disease|current_freshwater,5
current_freshwater-748326ec3397,current_freshwater,data/raw/current_freshwater/train_split/Bacterial gill disease/Bacterial gill disease_aug_39.jpg,train_split/Bacterial gill disease/Bacterial gill disease_aug_39.jpg,Bacterial gill disease,Bacterial Gill Disease,2,current_freshwater-748326ec3397,,Bacterial Gill Disease|current_freshwater,5
current_freshwater-0a89efc8d256,current_freshwater,data/raw/current_freshwater/train_split/Bacterial gill disease/Bacterial gill disease_aug_42.jpg,train_split/Bacterial gill disease/Bacterial gill disease_aug_42.jpg,Bacterial gill disease,Bacterial Gill Disease,2,current_freshwater-0a89efc8d256,,Bacterial Gill Disease|current_freshwater,5
current_freshwater-98a4cd57dfc6,current_freshwater,data/raw/current_freshwater/train_split/Bacterial gill disease/Bacterial gill disease_aug_70.jpg,train_split/Bacterial gill disease/Bacterial gill disease_aug_70.jpg,Bacterial gill disease,Bacterial Gill Disease,2,current_freshwater-2d46de3b98ef,,Bacterial Gill Disease|current_freshwater,5
current_freshwater-bb21d402ac82,current_freshwater,data/raw/current_freshwater/train_split/Bacterial gill disease/Bacterial gill disease_aug_97.jpg,train_split/Bacterial gill disease/Bacterial gill disease_aug_97.jpg,Bacterial gill disease,Bacterial Gill Disease,2,current_freshwater-bb21d402ac82,,Bacterial Gill Disease|current_freshwater,5
roboflow-53469e853749,roboflow,data/raw/roboflow/train/Bacterial gill disease/Bacterial-gill-disease-18-_jpg.rf.c25b9431e5e4f6532e1c9d4762975ef0.jpg,train/Bacterial gill disease/Bacterial-gill-disease-18-_jpg.rf.c25b9431e5e4f6532e1c9d4762975ef0.jpg,Bacterial gill disease,Bacterial Gill Disease,2,current_freshwater-9701004a5d10,,Bacterial Gill Disease|roboflow,5
roboflow-5b0c472057d5,roboflow,data/raw/roboflow/train/Bacterial gill disease/Bacterial-gill-disease-31-_jpg.rf.f09e3bc71a48844ea7ac829589deeaa1.jpg,train/Bacterial gill disease/Bacterial-gill-disease-31-_jpg.rf.f09e3bc71a48844ea7ac829589deeaa1.jpg,Bacterial gill disease,Bacterial Gill Disease,2,current_freshwater-9701004a5d10,,Bacterial Gill Disease|roboflow,5
current_freshwater-e7777450a8cb,current_freshwater,data/raw/current_freshwater/test_split/EUS_EUS_159.jpg,test_split/EUS_EUS_159.jpg,EUS,EUS Disease,3,current_freshwater-e7777450a8cb,,EUS Disease|current_freshwater,5
current_freshwater-5b5f26b9c082,current_freshwater,data/raw/current_freshwater/test_split/EUS_EUS_224.jpg,test_split/EUS_EUS_224.jpg,EUS,EUS Disease,3,current_freshwater-178fbc4899fd,,EUS Disease|current_freshwater,5
current_freshwater-123951cf2714,current_freshwater,data/raw/current_freshwater/test_split/EUS_EUS_233.jpg,test_split/EUS_EUS_233.jpg,EUS,EUS Disease,3,current_freshwater-123951cf2714,,EUS Disease|current_freshwater,5
current_freshwater-8dc502a5d750,current_freshwater,data/raw/current_freshwater/test_split/EUS_EUS_94.jpg,test_split/EUS_EUS_94.jpg,EUS,EUS Disease,3,current_freshwater-8dc502a5d750,,EUS Disease|current_freshwater,5
current_freshwater-28760fe401dc,current_freshwater,data/raw/current_freshwater/train_split/EUS/EUS_132.jpg,train_split/EUS/EUS_132.jpg,EUS,EUS Disease,3,current_freshwater-28760fe401dc,,EUS Disease|current_freshwater,5
current_freshwater-78646fbd96cd,current_freshwater,data/raw/current_freshwater/train_split/EUS/EUS_184.jpg,train_split/EUS/EUS_184.jpg,EUS,EUS Disease,3,current_freshwater-78646fbd96cd,,EUS Disease|current_freshwater,5
current_freshwater-6d737f875eb6,current_freshwater,data/raw/current_freshwater/train_split/EUS/EUS_220.jpg,train_split/EUS/EUS_220.jpg,EUS,EUS Disease,3,current_freshwater-6d737f875eb6,,EUS Disease|current_freshwater,5
current_freshwater-d7b2b1d595f0,current_freshwater,data/raw/current_freshwater/train_split/EUS/EUS_240.jpg,train_split/EUS/EUS_240.jpg,EUS,EUS Disease,3,current_freshwater-d7b2b1d595f0,,EUS Disease|current_freshwater,5
current_freshwater-39a493de6fc4,current_freshwater,data/raw/current_freshwater/train_split/EUS/EUS_242.jpg,train_split/EUS/EUS_242.jpg,EUS,EUS Disease,3,current_freshwater-39a493de6fc4,,EUS Disease|current_freshwater,5
current_freshwater-8361fd175578,current_freshwater,data/raw/current_freshwater/train_split/EUS/EUS_249.jpg,train_split/EUS/EUS_249.jpg,EUS,EUS Disease,3,current_freshwater-8361fd175578,,EUS Disease|current_freshwater,5
current_freshwater-d03e392da413,current_freshwater,data/raw/current_freshwater/train_split/EUS/EUS_250.jpg,train_split/EUS/EUS_250.jpg,EUS,EUS Disease,3,current_freshwater-d03e392da413,,EUS Disease|current_freshwater,5
current_freshwater-f2ad2e3b75dc,current_freshwater,data/raw/current_freshwater/train_split/EUS/EUS_267.jpg,train_split/EUS/EUS_267.jpg,EUS,EUS Disease,3,current_freshwater-f2ad2e3b75dc,,EUS Disease|current_freshwater,5
current_freshwater-7a1987f0a819,current_freshwater,data/raw/current_freshwater/train_split/EUS/EUS_271.jpg,train_split/EUS/EUS_271.jpg,EUS,EUS Disease,3,current_freshwater-7a1987f0a819,,EUS Disease|current_freshwater,5
current_freshwater-9b27a2df0807,current_freshwater,data/raw/current_freshwater/train_split/EUS/EUS_275.jpg,train_split/EUS/EUS_275.jpg,EUS,EUS Disease,3,current_freshwater-9b27a2df0807,,EUS Disease|current_freshwater,5
current_freshwater-5a9e49a2843a,current_freshwater,data/raw/current_freshwater/train_split/EUS/EUS_304.jpg,train_split/EUS/EUS_304.jpg,EUS,EUS Disease,3,current_freshwater-5a9e49a2843a,,EUS Disease|current_freshwater,5
current_freshwater-0f102e915917,current_freshwater,data/raw/current_freshwater/train_split/EUS/EUS_314.jpg,train_split/EUS/EUS_314.jpg,EUS,EUS Disease,3,current_freshwater-0f102e915917,,EUS Disease|current_freshwater,5
current_freshwater-c5dc073e0b39,current_freshwater,data/raw/current_freshwater/train_split/EUS/EUS_51.jpg,train_split/EUS/EUS_51.jpg,EUS,EUS Disease,3,current_freshwater-c5dc073e0b39,,EUS Disease|current_freshwater,5
current_freshwater-d1fb76c48c81,current_freshwater,data/raw/current_freshwater/train_split/EUS/EUS_56.jpg,train_split/EUS/EUS_56.jpg,EUS,EUS Disease,3,current_freshwater-d1fb76c48c81,,EUS Disease|current_freshwater,5
current_freshwater-b2df06066ed8,current_freshwater,data/raw/current_freshwater/train_split/EUS/EUS_83.jpg,train_split/EUS/EUS_83.jpg,EUS,EUS Disease,3,current_freshwater-b2df06066ed8,,EUS Disease|current_freshwater,5
current_freshwater-1f0228c8027e,current_freshwater,data/raw/current_freshwater/train_split/EUS/EUS_96.jpg,train_split/EUS/EUS_96.jpg,EUS,EUS Disease,3,current_freshwater-1f0228c8027e,,EUS Disease|current_freshwater,5
current_freshwater-fde2345a2a64,current_freshwater,data/raw/current_freshwater/train_split/EUS/EUS_aug_158.jpg,train_split/EUS/EUS_aug_158.jpg,EUS,EUS Disease,3,current_freshwater-fde2345a2a64,,EUS Disease|current_freshwater,5
current_freshwater-c509452a5641,current_freshwater,data/raw/current_freshwater/train_split/EUS/EUS_aug_166.jpg,train_split/EUS/EUS_aug_166.jpg,EUS,EUS Disease,3,current_freshwater-c509452a5641,,EUS Disease|current_freshwater,5
current_freshwater-22ccad2af401,current_freshwater,data/raw/current_freshwater/train_split/EUS/EUS_aug_182.jpg,train_split/EUS/EUS_aug_182.jpg,EUS,EUS Disease,3,current_freshwater-22ccad2af401,,EUS Disease|current_freshwater,5
current_freshwater-178fbc4899fd,current_freshwater,data/raw/current_freshwater/train_split/EUS/EUS_aug_189.jpg,train_split/EUS/EUS_aug_189.jpg,EUS,EUS Disease,3,current_freshwater-178fbc4899fd,,EUS Disease|current_freshwater,5
current_freshwater-526bbc1bc3c9,current_freshwater,data/raw/current_freshwater/train_split/EUS/EUS_aug_193.jpg,train_split/EUS/EUS_aug_193.jpg,EUS,EUS Disease,3,current_freshwater-526bbc1bc3c9,,EUS Disease|current_freshwater,5
current_freshwater-912bcb03ffe7,current_freshwater,data/raw/current_freshwater/train_split/EUS/EUS_aug_201.jpg,train_split/EUS/EUS_aug_201.jpg,EUS,EUS Disease,3,current_freshwater-8dc502a5d750,,EUS Disease|current_freshwater,5
current_freshwater-b0b6ad5f7d20,current_freshwater,data/raw/current_freshwater/train_split/EUS/EUS_aug_208.jpg,train_split/EUS/EUS_aug_208.jpg,EUS,EUS Disease,3,current_freshwater-b0b6ad5f7d20,,EUS Disease|current_freshwater,5
current_freshwater-a0897265214f,current_freshwater,data/raw/current_freshwater/train_split/EUS/EUS_aug_26.jpg,train_split/EUS/EUS_aug_26.jpg,EUS,EUS Disease,3,current_freshwater-a0897265214f,,EUS Disease|current_freshwater,5
current_freshwater-99c27106d206,current_freshwater,data/raw/current_freshwater/train_split/EUS/EUS_aug_28.jpg,train_split/EUS/EUS_aug_28.jpg,EUS,EUS Disease,3,current_freshwater-99c27106d206,,EUS Disease|current_freshwater,5
current_freshwater-e3f7a4861f8e,current_freshwater,data/raw/current_freshwater/train_split/EUS/EUS_aug_39.jpg,train_split/EUS/EUS_aug_39.jpg,EUS,EUS Disease,3,current_freshwater-e3f7a4861f8e,,EUS Disease|current_freshwater,5
current_freshwater-75d86fd34f91,current_freshwater,data/raw/current_freshwater/train_split/EUS/EUS_aug_44.jpg,train_split/EUS/EUS_aug_44.jpg,EUS,EUS Disease,3,current_freshwater-75d86fd34f91,,EUS Disease|current_freshwater,5
current_freshwater-bbe19b5d0de2,current_freshwater,data/raw/current_freshwater/train_split/EUS/EUS_aug_56.jpg,train_split/EUS/EUS_aug_56.jpg,EUS,EUS Disease,3,current_freshwater-bbe19b5d0de2,,EUS Disease|current_freshwater,5
current_freshwater-e79dca800a75,current_freshwater,data/raw/current_freshwater/train_split/EUS/EUS_aug_77.jpg,train_split/EUS/EUS_aug_77.jpg,EUS,EUS Disease,3,current_freshwater-e79dca800a75,,EUS Disease|current_freshwater,5
current_freshwater-a58a8e432974,current_freshwater,data/raw/current_freshwater/train_split/EUS/EUS_aug_8.jpg,train_split/EUS/EUS_aug_8.jpg,EUS,EUS Disease,3,current_freshwater-5a9e49a2843a,,EUS Disease|current_freshwater,5
current_freshwater-44c2e6c46661,current_freshwater,data/raw/current_freshwater/train_split/EUS/EUS_aug_88.jpg,train_split/EUS/EUS_aug_88.jpg,EUS,EUS Disease,3,current_freshwater-44c2e6c46661,,EUS Disease|current_freshwater,5
current_freshwater-f2edc660d774,current_freshwater,data/raw/current_freshwater/train_split/EUS/EUS_aug_99.jpg,train_split/EUS/EUS_aug_99.jpg,EUS,EUS Disease,3,current_freshwater-d1fb76c48c81,,EUS Disease|current_freshwater,5
kaptai-33821afc5af5,kaptai,data/raw/kaptai/EUS/26.jpg,EUS/26.jpg,EUS,EUS Disease,3,kaptai-33821afc5af5,,EUS Disease|kaptai,5
current_freshwater-1595fbf95660,current_freshwater,data/raw/current_freshwater/test_split/Fungal diseases Saprolegniasis_Fungal diseases Saprolegniasis_52.jpg,test_split/Fungal diseases Saprolegniasis_Fungal diseases Saprolegniasis_52.jpg,Fungal diseases Saprolegniasis,Saprolegniasis,4,current_freshwater-1595fbf95660,,Saprolegniasis|current_freshwater,5
current_freshwater-051f351695c8,current_freshwater,data/raw/current_freshwater/train_split/Fungal diseases Saprolegniasis/Fungal diseases Saprolegniasis_180.jpg,train_split/Fungal diseases Saprolegniasis/Fungal diseases Saprolegniasis_180.jpg,Fungal diseases Saprolegniasis,Saprolegniasis,4,current_freshwater-051f351695c8,,Saprolegniasis|current_freshwater,5
current_freshwater-a2ac2dd0cea8,current_freshwater,data/raw/current_freshwater/train_split/Fungal diseases Saprolegniasis/Fungal diseases Saprolegniasis_183.jpg,train_split/Fungal diseases Saprolegniasis/Fungal diseases Saprolegniasis_183.jpg,Fungal diseases Saprolegniasis,Saprolegniasis,4,current_freshwater-a2ac2dd0cea8,,Saprolegniasis|current_freshwater,5
current_freshwater-2cab8e97df4d,current_freshwater,data/raw/current_freshwater/train_split/Fungal diseases Saprolegniasis/Fungal diseases Saprolegniasis_206.jpg,train_split/Fungal diseases Saprolegniasis/Fungal diseases Saprolegniasis_206.jpg,Fungal diseases Saprolegniasis,Saprolegniasis,4,current_freshwater-2cab8e97df4d,,Saprolegniasis|current_freshwater,5
current_freshwater-2fd002f92cf9,current_freshwater,data/raw/current_freshwater/train_split/Fungal diseases Saprolegniasis/Fungal diseases Saprolegniasis_24.jpg,train_split/Fungal diseases Saprolegniasis/Fungal diseases Saprolegniasis_24.jpg,Fungal diseases Saprolegniasis,Saprolegniasis,4,current_freshwater-2fd002f92cf9,,Saprolegniasis|current_freshwater,5
current_freshwater-35dbbc2386d4,current_freshwater,data/raw/current_freshwater/train_split/Fungal diseases Saprolegniasis/Fungal diseases Saprolegniasis_59.jpg,train_split/Fungal diseases Saprolegniasis/Fungal diseases Saprolegniasis_59.jpg,Fungal diseases Saprolegniasis,Saprolegniasis,4,current_freshwater-35dbbc2386d4,,Saprolegniasis|current_freshwater,5
current_freshwater-e482b0df0cc0,current_freshwater,data/raw/current_freshwater/train_split/Fungal diseases Saprolegniasis/Fungal diseases Saprolegniasis_6.jpg,train_split/Fungal diseases Saprolegniasis/Fungal diseases Saprolegniasis_6.jpg,Fungal diseases Saprolegniasis,Saprolegniasis,4,current_freshwater-36c4ef852697,,Saprolegniasis|current_freshwater,5
current_freshwater-2e707352c678,current_freshwater,data/raw/current_freshwater/train_split/Fungal diseases Saprolegniasis/Fungal diseases Saprolegniasis_74.jpg,train_split/Fungal diseases Saprolegniasis/Fungal diseases Saprolegniasis_74.jpg,Fungal diseases Saprolegniasis,Saprolegniasis,4,current_freshwater-2e707352c678,,Saprolegniasis|current_freshwater,5
current_freshwater-6e4c2280bae4,current_freshwater,data/raw/current_freshwater/train_split/Fungal diseases Saprolegniasis/Fungal diseases Saprolegniasis_90.jpg,train_split/Fungal diseases Saprolegniasis/Fungal diseases Saprolegniasis_90.jpg,Fungal diseases Saprolegniasis,Saprolegniasis,4,current_freshwater-3650d052848e,,Saprolegniasis|current_freshwater,5
current_freshwater-d16efd23bbca,current_freshwater,data/raw/current_freshwater/train_split/Fungal diseases Saprolegniasis/Fungal diseases Saprolegniasis_aug_101.jpg,train_split/Fungal diseases Saprolegniasis/Fungal diseases Saprolegniasis_aug_101.jpg,Fungal diseases Saprolegniasis,Saprolegniasis,4,current_freshwater-d16efd23bbca,,Saprolegniasis|current_freshwater,5
current_freshwater-3650d052848e,current_freshwater,data/raw/current_freshwater/train_split/Fungal diseases Saprolegniasis/Fungal diseases Saprolegniasis_aug_104.jpg,train_split/Fungal diseases Saprolegniasis/Fungal diseases Saprolegniasis_aug_104.jpg,Fungal diseases Saprolegniasis,Saprolegniasis,4,current_freshwater-3650d052848e,,Saprolegniasis|current_freshwater,5
current_freshwater-f2964832dbe7,current_freshwater,data/raw/current_freshwater/train_split/Fungal diseases Saprolegniasis/Fungal diseases Saprolegniasis_aug_138.jpg,train_split/Fungal diseases Saprolegniasis/Fungal diseases Saprolegniasis_aug_138.jpg,Fungal diseases Saprolegniasis,Saprolegniasis,4,current_freshwater-1595fbf95660,,Saprolegniasis|current_freshwater,5
current_freshwater-36c4ef852697,current_freshwater,data/raw/current_freshwater/train_split/Fungal diseases Saprolegniasis/Fungal diseases Saprolegniasis_aug_142.jpg,train_split/Fungal diseases Saprolegniasis/Fungal diseases Saprolegniasis_aug_142.jpg,Fungal diseases Saprolegniasis,Saprolegniasis,4,current_freshwater-36c4ef852697,,Saprolegniasis|current_freshwater,5
current_freshwater-13489016b680,current_freshwater,data/raw/current_freshwater/train_split/Fungal diseases Saprolegniasis/Fungal diseases Saprolegniasis_aug_155.jpg,train_split/Fungal diseases Saprolegniasis/Fungal diseases Saprolegniasis_aug_155.jpg,Fungal diseases Saprolegniasis,Saprolegniasis,4,current_freshwater-13489016b680,,Saprolegniasis|current_freshwater,5
current_freshwater-db121d431ad3,current_freshwater,data/raw/current_freshwater/train_split/Fungal diseases Saprolegniasis/Fungal diseases Saprolegniasis_aug_176.jpg,train_split/Fungal diseases Saprolegniasis/Fungal diseases Saprolegniasis_aug_176.jpg,Fungal diseases Saprolegniasis,Saprolegniasis,4,current_freshwater-c95cb13e1250,,Saprolegniasis|current_freshwater,5
current_freshwater-322911100cd8,current_freshwater,data/raw/current_freshwater/train_split/Fungal diseases Saprolegniasis/Fungal diseases Saprolegniasis_aug_200.jpg,train_split/Fungal diseases Saprolegniasis/Fungal diseases Saprolegniasis_aug_200.jpg,Fungal diseases Saprolegniasis,Saprolegniasis,4,current_freshwater-322911100cd8,,Saprolegniasis|current_freshwater,5
current_freshwater-54c625213fc8,current_freshwater,data/raw/current_freshwater/train_split/Fungal diseases Saprolegniasis/Fungal diseases Saprolegniasis_aug_202.jpg,train_split/Fungal diseases Saprolegniasis/Fungal diseases Saprolegniasis_aug_202.jpg,Fungal diseases Saprolegniasis,Saprolegniasis,4,current_freshwater-54c625213fc8,,Saprolegniasis|current_freshwater,5
current_freshwater-977a013bce24,current_freshwater,data/raw/current_freshwater/train_split/Fungal diseases Saprolegniasis/Fungal diseases Saprolegniasis_aug_207.jpg,train_split/Fungal diseases Saprolegniasis/Fungal diseases Saprolegniasis_aug_207.jpg,Fungal diseases Saprolegniasis,Saprolegniasis,4,current_freshwater-977a013bce24,,Saprolegniasis|current_freshwater,5
current_freshwater-6fe6979336c1,current_freshwater,data/raw/current_freshwater/train_split/Fungal diseases Saprolegniasis/Fungal diseases Saprolegniasis_aug_22.jpg,train_split/Fungal diseases Saprolegniasis/Fungal diseases Saprolegniasis_aug_22.jpg,Fungal diseases Saprolegniasis,Saprolegniasis,4,current_freshwater-6fe6979336c1,,Saprolegniasis|current_freshwater,5
current_freshwater-7fbc4fa8692f,current_freshwater,data/raw/current_freshwater/train_split/Fungal diseases Saprolegniasis/Fungal diseases Saprolegniasis_aug_229.jpg,train_split/Fungal diseases Saprolegniasis/Fungal diseases Saprolegniasis_aug_229.jpg,Fungal diseases Saprolegniasis,Saprolegniasis,4,current_freshwater-7fbc4fa8692f,,Saprolegniasis|current_freshwater,5
current_freshwater-61df707b5825,current_freshwater,data/raw/current_freshwater/train_split/Fungal diseases Saprolegniasis/Fungal diseases Saprolegniasis_aug_235.jpg,train_split/Fungal diseases Saprolegniasis/Fungal diseases Saprolegniasis_aug_235.jpg,Fungal diseases Saprolegniasis,Saprolegniasis,4,current_freshwater-61df707b5825,,Saprolegniasis|current_freshwater,5
current_freshwater-47ca3411df6c,current_freshwater,data/raw/current_freshwater/train_split/Fungal diseases Saprolegniasis/Fungal diseases Saprolegniasis_aug_239.jpg,train_split/Fungal diseases Saprolegniasis/Fungal diseases Saprolegniasis_aug_239.jpg,Fungal diseases Saprolegniasis,Saprolegniasis,4,current_freshwater-47ca3411df6c,,Saprolegniasis|current_freshwater,5
current_freshwater-a5c2a5d6f192,current_freshwater,data/raw/current_freshwater/train_split/Fungal diseases Saprolegniasis/Fungal diseases Saprolegniasis_aug_312.jpg,train_split/Fungal diseases Saprolegniasis/Fungal diseases Saprolegniasis_aug_312.jpg,Fungal diseases Saprolegniasis,Saprolegniasis,4,current_freshwater-a5c2a5d6f192,,Saprolegniasis|current_freshwater,5
current_freshwater-68675f3c5e4d,current_freshwater,data/raw/current_freshwater/train_split/Fungal diseases Saprolegniasis/Fungal diseases Saprolegniasis_aug_354.jpg,train_split/Fungal diseases Saprolegniasis/Fungal diseases Saprolegniasis_aug_354.jpg,Fungal diseases Saprolegniasis,Saprolegniasis,4,current_freshwater-5d79085eaf50,,Saprolegniasis|current_freshwater,5
current_freshwater-e365ff9363ee,current_freshwater,data/raw/current_freshwater/train_split/Fungal diseases Saprolegniasis/Fungal diseases Saprolegniasis_aug_358.jpg,train_split/Fungal diseases Saprolegniasis/Fungal diseases Saprolegniasis_aug_358.jpg,Fungal diseases Saprolegniasis,Saprolegniasis,4,current_freshwater-e365ff9363ee,,Saprolegniasis|current_freshwater,5
current_freshwater-55dcf8327742,current_freshwater,data/raw/current_freshwater/train_split/Fungal diseases Saprolegniasis/Fungal diseases Saprolegniasis_aug_371.jpg,train_split/Fungal diseases Saprolegniasis/Fungal diseases Saprolegniasis_aug_371.jpg,Fungal diseases Saprolegniasis,Saprolegniasis,4,current_freshwater-55dcf8327742,,Saprolegniasis|current_freshwater,5
current_freshwater-a32b723d0fd6,current_freshwater,data/raw/current_freshwater/train_split/Fungal diseases Saprolegniasis/Fungal diseases Saprolegniasis_aug_372.jpg,train_split/Fungal diseases Saprolegniasis/Fungal diseases Saprolegniasis_aug_372.jpg,Fungal diseases Saprolegniasis,Saprolegniasis,4,current_freshwater-a32b723d0fd6,,Saprolegniasis|current_freshwater,5
current_freshwater-bcd43aeb08f3,current_freshwater,data/raw/current_freshwater/train_split/Fungal diseases Saprolegniasis/Fungal diseases Saprolegniasis_aug_72.jpg,train_split/Fungal diseases Saprolegniasis/Fungal diseases Saprolegniasis_aug_72.jpg,Fungal diseases Saprolegniasis,Saprolegniasis,4,current_freshwater-bcd43aeb08f3,,Saprolegniasis|current_freshwater,5
current_freshwater-f1fe83fa274c,current_freshwater,data/raw/current_freshwater/train_split/Fungal diseases Saprolegniasis/Fungal diseases Saprolegniasis_aug_82.jpg,train_split/Fungal diseases Saprolegniasis/Fungal diseases Saprolegniasis_aug_82.jpg,Fungal diseases Saprolegniasis,Saprolegniasis,4,current_freshwater-1595fbf95660,,Saprolegniasis|current_freshwater,5
current_freshwater-325fbd4563e2,current_freshwater,data/raw/current_freshwater/train_split/Fungal diseases Saprolegniasis/Fungal diseases Saprolegniasis_aug_9.jpg,train_split/Fungal diseases Saprolegniasis/Fungal diseases Saprolegniasis_aug_9.jpg,Fungal diseases Saprolegniasis,Saprolegniasis,4,current_freshwater-325fbd4563e2,,Saprolegniasis|current_freshwater,5
current_freshwater-c40c748d01e3,current_freshwater,data/raw/current_freshwater/train_split/Fungal diseases Saprolegniasis/Fungal diseases Saprolegniasis_aug_95.jpg,train_split/Fungal diseases Saprolegniasis/Fungal diseases Saprolegniasis_aug_95.jpg,Fungal diseases Saprolegniasis,Saprolegniasis,4,current_freshwater-c40c748d01e3,,Saprolegniasis|current_freshwater,5
roboflow-5f2266ecac8c,roboflow,data/raw/roboflow/train/Fungal diseases Saprolegniasis/Fungal-diseases-Saprolegniasis-10-_jpg.rf.b501fdb80dcaa95c73988b367150359b.jpg,train/Fungal diseases Saprolegniasis/Fungal-diseases-Saprolegniasis-10-_jpg.rf.b501fdb80dcaa95c73988b367150359b.jpg,Fungal diseases Saprolegniasis,Saprolegniasis,4,current_freshwater-3650d052848e,,Saprolegniasis|current_freshwater,5
roboflow-d93d655ce103,roboflow,data/raw/roboflow/train/Fungal diseases Saprolegniasis/Fungal-diseases-Saprolegniasis-6-_jpg.rf.87409f506382fd6794a2f82219032b3c.jpg,train/Fungal diseases Saprolegniasis/Fungal-diseases-Saprolegniasis-6-_jpg.rf.87409f506382fd6794a2f82219032b3c.jpg,Fungal diseases Saprolegniasis,Saprolegniasis,4,roboflow-d93d655ce103,,Saprolegniasis|roboflow,5
roboflow-e4da397befeb,roboflow,data/raw/roboflow/train/Fungal diseases Saprolegniasis/Fungal-diseases-Saprolegniasis-7-_jpg.rf.6525b7eff25cdaefb559b5c80f9f9420.jpg,train/Fungal diseases Saprolegniasis/Fungal-diseases-Saprolegniasis-7-_jpg.rf.6525b7eff25cdaefb559b5c80f9f9420.jpg,Fungal diseases Saprolegniasis,Saprolegniasis,4,current_freshwater-2e707352c678,,Saprolegniasis|current_freshwater,5
roboflow-1bcee00b4f6c,roboflow,data/raw/roboflow/valid/Fungal diseases Saprolegniasis/Fungal-diseases-Saprolegniasis-19-_jpg.rf.23925b8c99ab7396887beca5960709cf.jpg,valid/Fungal diseases Saprolegniasis/Fungal-diseases-Saprolegniasis-19-_jpg.rf.23925b8c99ab7396887beca5960709cf.jpg,Fungal diseases Saprolegniasis,Saprolegniasis,4,roboflow-1bcee00b4f6c,,Saprolegniasis|roboflow,5
current_freshwater-fda52ebed953,current_freshwater,data/raw/current_freshwater/test_split/Parasitic diseases_Parasitic diseases_104.jpg,test_split/Parasitic diseases_Parasitic diseases_104.jpg,Parasitic diseases,Parasitic Disease,5,current_freshwater-fda52ebed953,,Parasitic Disease|current_freshwater,5
current_freshwater-8df91b0b54e4,current_freshwater,data/raw/current_freshwater/test_split/Parasitic diseases_Parasitic diseases_137.jpg,test_split/Parasitic diseases_Parasitic diseases_137.jpg,Parasitic diseases,Parasitic Disease,5,current_freshwater-8df91b0b54e4,,Parasitic Disease|current_freshwater,5
current_freshwater-c9fb04fbefea,current_freshwater,data/raw/current_freshwater/train_split/Parasitic diseases/Parasitic diseases_162.jpg,train_split/Parasitic diseases/Parasitic diseases_162.jpg,Parasitic diseases,Parasitic Disease,5,current_freshwater-c9fb04fbefea,,Parasitic Disease|current_freshwater,5
current_freshwater-62d7e0871bc1,current_freshwater,data/raw/current_freshwater/train_split/Parasitic diseases/Parasitic diseases_171.jpg,train_split/Parasitic diseases/Parasitic diseases_171.jpg,Parasitic diseases,Parasitic Disease,5,current_freshwater-62d7e0871bc1,,Parasitic Disease|current_freshwater,5
current_freshwater-11c2ce1420ad,current_freshwater,data/raw/current_freshwater/train_split/Parasitic diseases/Parasitic diseases_183.jpg,train_split/Parasitic diseases/Parasitic diseases_183.jpg,Parasitic diseases,Parasitic Disease,5,current_freshwater-11c2ce1420ad,,Parasitic Disease|current_freshwater,5
current_freshwater-a6f56ce63bd5,current_freshwater,data/raw/current_freshwater/train_split/Parasitic diseases/Parasitic diseases_185.jpg,train_split/Parasitic diseases/Parasitic diseases_185.jpg,Parasitic diseases,Parasitic Disease,5,current_freshwater-a6f56ce63bd5,,Parasitic Disease|current_freshwater,5
current_freshwater-67204a3a8e39,current_freshwater,data/raw/current_freshwater/train_split/Parasitic diseases/Parasitic diseases_25.jpg,train_split/Parasitic diseases/Parasitic diseases_25.jpg,Parasitic diseases,Parasitic Disease,5,current_freshwater-67204a3a8e39,,Parasitic Disease|current_freshwater,5
current_freshwater-e4c36b10968e,current_freshwater,data/raw/current_freshwater/train_split/Parasitic diseases/Parasitic diseases_57.jpg,train_split/Parasitic diseases/Parasitic diseases_57.jpg,Parasitic diseases,Parasitic Disease,5,current_freshwater-e4c36b10968e,,Parasitic Disease|current_freshwater,5
current_freshwater-b0a5e8b9f60d,current_freshwater,data/raw/current_freshwater/train_split/Parasitic diseases/Parasitic diseases_62.jpg,train_split/Parasitic diseases/Parasitic diseases_62.jpg,Parasitic diseases,Parasitic Disease,5,current_freshwater-b0a5e8b9f60d,,Parasitic Disease|current_freshwater,5
current_freshwater-365a38170b39,current_freshwater,data/raw/current_freshwater/train_split/Parasitic diseases/Parasitic diseases_72.jpg,train_split/Parasitic diseases/Parasitic diseases_72.jpg,Parasitic diseases,Parasitic Disease,5,current_freshwater-365a38170b39,,Parasitic Disease|current_freshwater,5
current_freshwater-b8978956b397,current_freshwater,data/raw/current_freshwater/train_split/Parasitic diseases/Parasitic diseases_76.jpg,train_split/Parasitic diseases/Parasitic diseases_76.jpg,Parasitic diseases,Parasitic Disease,5,current_freshwater-b8978956b397,,Parasitic Disease|current_freshwater,5
current_freshwater-7af1123f218c,current_freshwater,data/raw/current_freshwater/train_split/Parasitic diseases/Parasitic diseases_81.jpg,train_split/Parasitic diseases/Parasitic diseases_81.jpg,Parasitic diseases,Parasitic Disease,5,current_freshwater-7af1123f218c,,Parasitic Disease|current_freshwater,5
current_freshwater-cdfe12461619,current_freshwater,data/raw/current_freshwater/train_split/Parasitic diseases/Parasitic diseases_aug_104.jpg,train_split/Parasitic diseases/Parasitic diseases_aug_104.jpg,Parasitic diseases,Parasitic Disease,5,current_freshwater-cdfe12461619,,Parasitic Disease|current_freshwater,5
current_freshwater-bf3669ac6674,current_freshwater,data/raw/current_freshwater/train_split/Parasitic diseases/Parasitic diseases_aug_121.jpg,train_split/Parasitic diseases/Parasitic diseases_aug_121.jpg,Parasitic diseases,Parasitic Disease,5,current_freshwater-bf3669ac6674,,Parasitic Disease|current_freshwater,5
current_freshwater-4f9082e0fc01,current_freshwater,data/raw/current_freshwater/train_split/Parasitic diseases/Parasitic diseases_aug_15.jpg,train_split/Parasitic diseases/Parasitic diseases_aug_15.jpg,Parasitic diseases,Parasitic Disease,5,current_freshwater-4f9082e0fc01,,Parasitic Disease|current_freshwater,5
current_freshwater-073179b53374,current_freshwater,data/raw/current_freshwater/train_split/Parasitic diseases/Parasitic diseases_aug_159.jpg,train_split/Parasitic diseases/Parasitic diseases_aug_159.jpg,Parasitic diseases,Parasitic Disease,5,current_freshwater-073179b53374,,Parasitic Disease|current_freshwater,5
current_freshwater-4bcc0a61a7c2,current_freshwater,data/raw/current_freshwater/train_split/Parasitic diseases/Parasitic diseases_aug_171.jpg,train_split/Parasitic diseases/Parasitic diseases_aug_171.jpg,Parasitic diseases,Parasitic Disease,5,current_freshwater-4bcc0a61a7c2,,Parasitic Disease|current_freshwater,5
current_freshwater-23caa1ffd5e5,current_freshwater,data/raw/current_freshwater/train_split/Parasitic diseases/Parasitic diseases_aug_21.jpg,train_split/Parasitic diseases/Parasitic diseases_aug_21.jpg,Parasitic diseases,Parasitic Disease,5,current_freshwater-23caa1ffd5e5,,Parasitic Disease|current_freshwater,5
current_freshwater-079dafe9f23e,current_freshwater,data/raw/current_freshwater/train_split/Parasitic diseases/Parasitic diseases_aug_226.jpg,train_split/Parasitic diseases/Parasitic diseases_aug_226.jpg,Parasitic diseases,Parasitic Disease,5,current_freshwater-079dafe9f23e,,Parasitic Disease|current_freshwater,5
current_freshwater-ef064f175220,current_freshwater,data/raw/current_freshwater/train_split/Parasitic diseases/Parasitic diseases_aug_241.jpg,train_split/Parasitic diseases/Parasitic diseases_aug_241.jpg,Parasitic diseases,Parasitic Disease,5,current_freshwater-ef064f175220,,Parasitic Disease|current_freshwater,5
current_freshwater-cc3775f0713d,current_freshwater,data/raw/current_freshwater/train_split/Parasitic diseases/Parasitic diseases_aug_25.jpg,train_split/Parasitic diseases/Parasitic diseases_aug_25.jpg,Parasitic diseases,Parasitic Disease,5,current_freshwater-cc3775f0713d,,Parasitic Disease|current_freshwater,5
current_freshwater-8e3321f4fe34,current_freshwater,data/raw/current_freshwater/train_split/Parasitic diseases/Parasitic diseases_aug_265.jpg,train_split/Parasitic diseases/Parasitic diseases_aug_265.jpg,Parasitic diseases,Parasitic Disease,5,current_freshwater-62d7e0871bc1,,Parasitic Disease|current_freshwater,5
current_freshwater-6d091ec2451a,current_freshwater,data/raw/current_freshwater/train_split/Parasitic diseases/Parasitic diseases_aug_276.jpg,train_split/Parasitic diseases/Parasitic diseases_aug_276.jpg,Parasitic diseases,Parasitic Disease,5,current_freshwater-6d091ec2451a,,Parasitic Disease|current_freshwater,5
current_freshwater-b92ca517d9fd,current_freshwater,data/raw/current_freshwater/train_split/Parasitic diseases/Parasitic diseases_aug_277.jpg,train_split/Parasitic diseases/Parasitic diseases_aug_277.jpg,Parasitic diseases,Parasitic Disease,5,current_freshwater-365a38170b39,,Parasitic Disease|current_freshwater,5
current_freshwater-1dc952682f29,current_freshwater,data/raw/current_freshwater/train_split/Parasitic diseases/Parasitic diseases_aug_288.jpg,train_split/Parasitic diseases/Parasitic diseases_aug_288.jpg,Parasitic diseases,Parasitic Disease,5,current_freshwater-1dc952682f29,,Parasitic Disease|current_freshwater,5
current_freshwater-d6c01dc54663,current_freshwater,data/raw/current_freshwater/train_split/Parasitic diseases/Parasitic diseases_aug_296.jpg,train_split/Parasitic diseases/Parasitic diseases_aug_296.jpg,Parasitic diseases,Parasitic Disease,5,current_freshwater-b8978956b397,,Parasitic Disease|current_freshwater,5
current_freshwater-24fb353a42c0,current_freshwater,data/raw/current_freshwater/train_split/Parasitic diseases/Parasitic diseases_aug_297.jpg,train_split/Parasitic diseases/Parasitic diseases_aug_297.jpg,Parasitic diseases,Parasitic Disease,5,current_freshwater-24fb353a42c0,,Parasitic Disease|current_freshwater,5
current_freshwater-8a7b7d9d401d,current_freshwater,data/raw/current_freshwater/train_split/Parasitic diseases/Parasitic diseases_aug_299.jpg,train_split/Parasitic diseases/Parasitic diseases_aug_299.jpg,Parasitic diseases,Parasitic Disease,5,current_freshwater-8a7b7d9d401d,,Parasitic Disease|current_freshwater,5
current_freshwater-b962c982dda1,current_freshwater,data/raw/current_freshwater/train_split/Parasitic diseases/Parasitic diseases_aug_302.jpg,train_split/Parasitic diseases/Parasitic diseases_aug_302.jpg,Parasitic diseases,Parasitic Disease,5,current_freshwater-353338baa294,,Parasitic Disease|current_freshwater,5
current_freshwater-db17392c01b6,current_freshwater,data/raw/current_freshwater/train_split/Parasitic diseases/Parasitic diseases_aug_314.jpg,train_split/Parasitic diseases/Parasitic diseases_aug_314.jpg,Parasitic diseases,Parasitic Disease,5,current_freshwater-db17392c01b6,,Parasitic Disease|current_freshwater,5
current_freshwater-75bcf24c1104,current_freshwater,data/raw/current_freshwater/train_split/Parasitic diseases/Parasitic diseases_aug_39.jpg,train_split/Parasitic diseases/Parasitic diseases_aug_39.jpg,Parasitic diseases,Parasitic Disease,5,current_freshwater-75bcf24c1104,,Parasitic Disease|current_freshwater,5
current_freshwater-8ba776ba947e,current_freshwater,data/raw/current_freshwater/train_split/Parasitic diseases/Parasitic diseases_aug_42.jpg,train_split/Parasitic diseases/Parasitic diseases_aug_42.jpg,Parasitic diseases,Parasitic Disease,5,current_freshwater-8ba776ba947e,,Parasitic Disease|current_freshwater,5
current_freshwater-f71584fa19c3,current_freshwater,data/raw/current_freshwater/train_split/Parasitic diseases/Parasitic diseases_aug_43.jpg,train_split/Parasitic diseases/Parasitic diseases_aug_43.jpg,Parasitic diseases,Parasitic Disease,5,current_freshwater-079dafe9f23e,,Parasitic Disease|current_freshwater,5
current_freshwater-12d5d2f7c41a,current_freshwater,data/raw/current_freshwater/train_split/Parasitic diseases/Parasitic diseases_aug_54.jpg,train_split/Parasitic diseases/Parasitic diseases_aug_54.jpg,Parasitic diseases,Parasitic Disease,5,current_freshwater-079dafe9f23e,,Parasitic Disease|current_freshwater,5
current_freshwater-edb8532c3b6c,current_freshwater,data/raw/current_freshwater/train_split/Parasitic diseases/Parasitic diseases_aug_61.jpg,train_split/Parasitic diseases/Parasitic diseases_aug_61.jpg,Parasitic diseases,Parasitic Disease,5,current_freshwater-edb8532c3b6c,,Parasitic Disease|current_freshwater,5
current_freshwater-a421c69a34a9,current_freshwater,data/raw/current_freshwater/train_split/Parasitic diseases/Parasitic diseases_aug_99.jpg,train_split/Parasitic diseases/Parasitic diseases_aug_99.jpg,Parasitic diseases,Parasitic Disease,5,current_freshwater-a421c69a34a9,,Parasitic Disease|current_freshwater,5
roboflow-5f9e5b76100f,roboflow,data/raw/roboflow/train/Parasitic diseases/Parasitic-diseases-19-_jpg.rf.4d8e60a6479ccb3a96e8025132235517.jpg,train/Parasitic diseases/Parasitic-diseases-19-_jpg.rf.4d8e60a6479ccb3a96e8025132235517.jpg,Parasitic diseases,Parasitic Disease,5,roboflow-5f9e5b76100f,,Parasitic Disease|roboflow,5
current_freshwater-ac791a4af740,current_freshwater,data/raw/current_freshwater/test_split/Viral diseases White tail disease_Viral diseases White tail disease_73.jpg,test_split/Viral diseases White tail disease_Viral diseases White tail disease_73.jpg,Viral diseases White tail disease,White Tail Disease,6,current_freshwater-ac791a4af740,,White Tail Disease|current_freshwater,5
current_freshwater-50034dc8a989,current_freshwater,data/raw/current_freshwater/train_split/Viral diseases White tail disease/Viral diseases White tail disease_1.jpeg,train_split/Viral diseases White tail disease/Viral diseases White tail disease_1.jpeg,Viral diseases White tail disease,White Tail Disease,6,current_freshwater-50034dc8a989,,White Tail Disease|current_freshwater,5
current_freshwater-981e487e4254,current_freshwater,data/raw/current_freshwater/train_split/Viral diseases White tail disease/Viral diseases White tail disease_101.jpg,train_split/Viral diseases White tail disease/Viral diseases White tail disease_101.jpg,Viral diseases White tail disease,White Tail Disease,6,current_freshwater-981e487e4254,,White Tail Disease|current_freshwater,5
current_freshwater-b6dbedb02a94,current_freshwater,data/raw/current_freshwater/train_split/Viral diseases White tail disease/Viral diseases White tail disease_122.jpg,train_split/Viral diseases White tail disease/Viral diseases White tail disease_122.jpg,Viral diseases White tail disease,White Tail Disease,6,current_freshwater-65cd21993873,,White Tail Disease|current_freshwater,5
current_freshwater-3eebb10ca947,current_freshwater,data/raw/current_freshwater/train_split/Viral diseases White tail disease/Viral diseases White tail disease_125.jpg,train_split/Viral diseases White tail disease/Viral diseases White tail disease_125.jpg,Viral diseases White tail disease,White Tail Disease,6,current_freshwater-3eebb10ca947,,White Tail Disease|current_freshwater,5
current_freshwater-77e0c3e8928a,current_freshwater,data/raw/current_freshwater/train_split/Viral diseases White tail disease/Viral diseases White tail disease_23.jpg,train_split/Viral diseases White tail disease/Viral diseases White tail disease_23.jpg,Viral diseases White tail disease,White Tail Disease,6,current_freshwater-77e0c3e8928a,,White Tail Disease|current_freshwater,5
current_freshwater-688078159bf8,current_freshwater,data/raw/current_freshwater/train_split/Viral diseases White tail disease/Viral diseases White tail disease_241.jpg,train_split/Viral diseases White tail disease/Viral diseases White tail disease_241.jpg,Viral diseases White tail disease,White Tail Disease,6,current_freshwater-688078159bf8,,White Tail Disease|current_freshwater,5
current_freshwater-1298f5bb5c4a,current_freshwater,data/raw/current_freshwater/train_split/Viral diseases White tail disease/Viral diseases White tail disease_71.jpg,train_split/Viral diseases White tail disease/Viral diseases White tail disease_71.jpg,Viral diseases White tail disease,White Tail Disease,6,current_freshwater-1298f5bb5c4a,,White Tail Disease|current_freshwater,5
current_freshwater-14b2811009f4,current_freshwater,data/raw/current_freshwater/train_split/Viral diseases White tail disease/Viral diseases White tail disease_91.jpg,train_split/Viral diseases White tail disease/Viral diseases White tail disease_91.jpg,Viral diseases White tail disease,White Tail Disease,6,current_freshwater-14b2811009f4,,White Tail Disease|current_freshwater,5
current_freshwater-ffe23fd11eee,current_freshwater,data/raw/current_freshwater/train_split/Viral diseases White tail disease/Viral diseases White tail disease_94.jpg,train_split/Viral diseases White tail disease/Viral diseases White tail disease_94.jpg,Viral diseases White tail disease,White Tail Disease,6,current_freshwater-ffe23fd11eee,,White Tail Disease|current_freshwater,5
current_freshwater-3ef251377353,current_freshwater,data/raw/current_freshwater/train_split/Viral diseases White tail disease/Viral diseases White tail disease_aug_112.jpg,train_split/Viral diseases White tail disease/Viral diseases White tail disease_aug_112.jpg,Viral diseases White tail disease,White Tail Disease,6,current_freshwater-3ef251377353,,White Tail Disease|current_freshwater,5
current_freshwater-f4bf17f5cbdf,current_freshwater,data/raw/current_freshwater/train_split/Viral diseases White tail disease/Viral diseases White tail disease_aug_117.jpg,train_split/Viral diseases White tail disease/Viral diseases White tail disease_aug_117.jpg,Viral diseases White tail disease,White Tail Disease,6,current_freshwater-f4bf17f5cbdf,,White Tail Disease|current_freshwater,5
current_freshwater-00dab06a9a2d,current_freshwater,data/raw/current_freshwater/train_split/Viral diseases White tail disease/Viral diseases White tail disease_aug_119.jpg,train_split/Viral diseases White tail disease/Viral diseases White tail disease_aug_119.jpg,Viral diseases White tail disease,White Tail Disease,6,current_freshwater-00dab06a9a2d,,White Tail Disease|current_freshwater,5
current_freshwater-65cd21993873,current_freshwater,data/raw/current_freshwater/train_split/Viral diseases White tail disease/Viral diseases White tail disease_aug_128.jpg,train_split/Viral diseases White tail disease/Viral diseases White tail disease_aug_128.jpg,Viral diseases White tail disease,White Tail Disease,6,current_freshwater-65cd21993873,,White Tail Disease|current_freshwater,5
current_freshwater-c36e6d97e991,current_freshwater,data/raw/current_freshwater/train_split/Viral diseases White tail disease/Viral diseases White tail disease_aug_131.jpg,train_split/Viral diseases White tail disease/Viral diseases White tail disease_aug_131.jpg,Viral diseases White tail disease,White Tail Disease,6,current_freshwater-c36e6d97e991,,White Tail Disease|current_freshwater,5
current_freshwater-461839868809,current_freshwater,data/raw/current_freshwater/train_split/Viral diseases White tail disease/Viral diseases White tail disease_aug_137.jpg,train_split/Viral diseases White tail disease/Viral diseases White tail disease_aug_137.jpg,Viral diseases White tail disease,White Tail Disease,6,current_freshwater-461839868809,,White Tail Disease|current_freshwater,5
current_freshwater-ecd193197dfb,current_freshwater,data/raw/current_freshwater/train_split/Viral diseases White tail disease/Viral diseases White tail disease_aug_14.jpg,train_split/Viral diseases White tail disease/Viral diseases White tail disease_aug_14.jpg,Viral diseases White tail disease,White Tail Disease,6,current_freshwater-77e0c3e8928a,,White Tail Disease|current_freshwater,5
current_freshwater-f51df9519ca3,current_freshwater,data/raw/current_freshwater/train_split/Viral diseases White tail disease/Viral diseases White tail disease_aug_20.jpg,train_split/Viral diseases White tail disease/Viral diseases White tail disease_aug_20.jpg,Viral diseases White tail disease,White Tail Disease,6,current_freshwater-00dab06a9a2d,,White Tail Disease|current_freshwater,5
current_freshwater-57edb57d3118,current_freshwater,data/raw/current_freshwater/train_split/Viral diseases White tail disease/Viral diseases White tail disease_aug_211.jpg,train_split/Viral diseases White tail disease/Viral diseases White tail disease_aug_211.jpg,Viral diseases White tail disease,White Tail Disease,6,current_freshwater-57edb57d3118,,White Tail Disease|current_freshwater,5
current_freshwater-4937e15cc76a,current_freshwater,data/raw/current_freshwater/train_split/Viral diseases White tail disease/Viral diseases White tail disease_aug_227.jpg,train_split/Viral diseases White tail disease/Viral diseases White tail disease_aug_227.jpg,Viral diseases White tail disease,White Tail Disease,6,current_freshwater-4937e15cc76a,,White Tail Disease|current_freshwater,5
current_freshwater-07555b584a23,current_freshwater,data/raw/current_freshwater/train_split/Viral diseases White tail disease/Viral diseases White tail disease_aug_255.jpg,train_split/Viral diseases White tail disease/Viral diseases White tail disease_aug_255.jpg,Viral diseases White tail disease,White Tail Disease,6,current_freshwater-07555b584a23,,White Tail Disease|current_freshwater,5
current_freshwater-b794c96b8b67,current_freshwater,data/raw/current_freshwater/train_split/Viral diseases White tail disease/Viral diseases White tail disease_aug_273.jpg,train_split/Viral diseases White tail disease/Viral diseases White tail disease_aug_273.jpg,Viral diseases White tail disease,White Tail Disease,6,current_freshwater-b794c96b8b67,,White Tail Disease|current_freshwater,5
current_freshwater-53cb8dfea422,current_freshwater,data/raw/current_freshwater/train_split/Viral diseases White tail disease/Viral diseases White tail disease_aug_277.jpg,train_split/Viral diseases White tail disease/Viral diseases White tail disease_aug_277.jpg,Viral diseases White tail disease,White Tail Disease,6,current_freshwater-53cb8dfea422,,White Tail Disease|current_freshwater,5
current_freshwater-ec491fb5c568,current_freshwater,data/raw/current_freshwater/train_split/Viral diseases White tail disease/Viral diseases White tail disease_aug_310.jpg,train_split/Viral diseases White tail disease/Viral diseases White tail disease_aug_310.jpg,Viral diseases White tail disease,White Tail Disease,6,current_freshwater-ec491fb5c568,,White Tail Disease|current_freshwater,5
current_freshwater-8932b28913b8,current_freshwater,data/raw/current_freshwater/train_split/Viral diseases White tail disease/Viral diseases White tail disease_aug_325.jpg,train_split/Viral diseases White tail disease/Viral diseases White tail disease_aug_325.jpg,Viral diseases White tail disease,White Tail Disease,6,current_freshwater-8932b28913b8,,White Tail Disease|current_freshwater,5
current_freshwater-7bec16b7f89d,current_freshwater,data/raw/current_freshwater/train_split/Viral diseases White tail disease/Viral diseases White tail disease_aug_368.jpg,train_split/Viral diseases White tail disease/Viral diseases White tail disease_aug_368.jpg,Viral diseases White tail disease,White Tail Disease,6,current_freshwater-7bec16b7f89d,,White Tail Disease|current_freshwater,5
current_freshwater-5ee6b4f34109,current_freshwater,data/raw/current_freshwater/train_split/Viral diseases White tail disease/Viral diseases White tail disease_aug_44.jpg,train_split/Viral diseases White tail disease/Viral diseases White tail disease_aug_44.jpg,Viral diseases White tail disease,White Tail Disease,6,current_freshwater-5ee6b4f34109,,White Tail Disease|current_freshwater,5
current_freshwater-947b3fc7f85c,current_freshwater,data/raw/current_freshwater/train_split/Viral diseases White tail disease/Viral diseases White tail disease_aug_53.jpg,train_split/Viral diseases White tail disease/Viral diseases White tail disease_aug_53.jpg,Viral diseases White tail disease,White Tail Disease,6,current_freshwater-947b3fc7f85c,,White Tail Disease|current_freshwater,5
current_freshwater-68776145ab41,current_freshwater,data/raw/current_freshwater/train_split/Viral diseases White tail disease/Viral diseases White tail disease_aug_57.jpg,train_split/Viral diseases White tail disease/Viral diseases White tail disease_aug_57.jpg,Viral diseases White tail disease,White Tail Disease,6,current_freshwater-68776145ab41,,White Tail Disease|current_freshwater,5
current_freshwater-5e1e22eef640,current_freshwater,data/raw/current_freshwater/train_split/Viral diseases White tail disease/Viral diseases White tail disease_aug_58.jpg,train_split/Viral diseases White tail disease/Viral diseases White tail disease_aug_58.jpg,Viral diseases White tail disease,White Tail Disease,6,current_freshwater-5e1e22eef640,,White Tail Disease|current_freshwater,5
current_freshwater-048d888e50bb,current_freshwater,data/raw/current_freshwater/train_split/Viral diseases White tail disease/Viral diseases White tail disease_aug_7.jpg,train_split/Viral diseases White tail disease/Viral diseases White tail disease_aug_7.jpg,Viral diseases White tail disease,White Tail Disease,6,current_freshwater-048d888e50bb,,White Tail Disease|current_freshwater,5
current_freshwater-967efabd2084,current_freshwater,data/raw/current_freshwater/train_split/Viral diseases White tail disease/Viral diseases White tail disease_aug_74.jpg,train_split/Viral diseases White tail disease/Viral diseases White tail disease_aug_74.jpg,Viral diseases White tail disease,White Tail Disease,6,current_freshwater-77e0c3e8928a,,White Tail Disease|current_freshwater,5
current_freshwater-e06f97cee265,current_freshwater,data/raw/current_freshwater/train_split/Viral diseases White tail disease/Viral diseases White tail disease_aug_91.jpg,train_split/Viral diseases White tail disease/Viral diseases White tail disease_aug_91.jpg,Viral diseases White tail disease,White Tail Disease,6,current_freshwater-e06f97cee265,,White Tail Disease|current_freshwater,5
roboflow-38f6bbe5d1f5,roboflow,data/raw/roboflow/train/Viral diseases White tail disease/Viral-diseases-White-tail-disease-17-_jpg.rf.51797fca77ceeb1575e5a49944e7a564.jpg,train/Viral diseases White tail disease/Viral-diseases-White-tail-disease-17-_jpg.rf.51797fca77ceeb1575e5a49944e7a564.jpg,Viral diseases White tail disease,White Tail Disease,6,roboflow-38f6bbe5d1f5,,White Tail Disease|roboflow,5
roboflow-5b4dfedd7761,roboflow,data/raw/roboflow/train/Viral diseases White tail disease/Viral-diseases-White-tail-disease-2-_jpeg.rf.64c943595d0cb92862d4e007d5dda088.jpg,train/Viral diseases White tail disease/Viral-diseases-White-tail-disease-2-_jpeg.rf.64c943595d0cb92862d4e007d5dda088.jpg,Viral diseases White tail disease,White Tail Disease,6,current_freshwater-50034dc8a989,,White Tail Disease|current_freshwater,5
roboflow-00f2db6ecc57,roboflow,data/raw/roboflow/train/Viral diseases White tail disease/Viral-diseases-White-tail-disease-5-_jpg.rf.34ce7e4aaa24ee51c707802e44a742fc.jpg,train/Viral diseases White tail disease/Viral-diseases-White-tail-disease-5-_jpg.rf.34ce7e4aaa24ee51c707802e44a742fc.jpg,Viral diseases White tail disease,White Tail Disease,6,roboflow-00f2db6ecc57,,White Tail Disease|roboflow,5
current_freshwater-805b083826bb,current_freshwater,data/raw/current_freshwater/test_split/Healthy Fish_Healthy Fish_228.jpg,test_split/Healthy Fish_Healthy Fish_228.jpg,Healthy Fish,Healthy Fish,7,current_freshwater-805b083826bb,,Healthy Fish|current_freshwater,5
current_freshwater-8113bdff9125,current_freshwater,data/raw/current_freshwater/test_split/Healthy Fish_Healthy Fish_466.jpg,test_split/Healthy Fish_Healthy Fish_466.jpg,Healthy Fish,Healthy Fish,7,current_freshwater-8113bdff9125,,Healthy Fish|current_freshwater,5
current_freshwater-7561b286e43b,current_freshwater,data/raw/current_freshwater/train_split/Healthy Fish/Healthy Fish_153.jpg,train_split/Healthy Fish/Healthy Fish_153.jpg,Healthy Fish,Healthy Fish,7,current_freshwater-7561b286e43b,,Healthy Fish|current_freshwater,5
current_freshwater-e186eca718e2,current_freshwater,data/raw/current_freshwater/train_split/Healthy Fish/Healthy Fish_159.jpg,train_split/Healthy Fish/Healthy Fish_159.jpg,Healthy Fish,Healthy Fish,7,current_freshwater-e186eca718e2,,Healthy Fish|current_freshwater,5
current_freshwater-0adce37b8335,current_freshwater,data/raw/current_freshwater/train_split/Healthy Fish/Healthy Fish_172.jpg,train_split/Healthy Fish/Healthy Fish_172.jpg,Healthy Fish,Healthy Fish,7,current_freshwater-0adce37b8335,,Healthy Fish|current_freshwater,5
current_freshwater-72bef196e728,current_freshwater,data/raw/current_freshwater/train_split/Healthy Fish/Healthy Fish_208.jpg,train_split/Healthy Fish/Healthy Fish_208.jpg,Healthy Fish,Healthy Fish,7,current_freshwater-72bef196e728,,Healthy Fish|current_freshwater,5
current_freshwater-11d6086facac,current_freshwater,data/raw/current_freshwater/train_split/Healthy Fish/Healthy Fish_223.jpg,train_split/Healthy Fish/Healthy Fish_223.jpg,Healthy Fish,Healthy Fish,7,current_freshwater-11d6086facac,,Healthy Fish|current_freshwater,5
current_freshwater-67fbe2b3529a,current_freshwater,data/raw/current_freshwater/train_split/Healthy Fish/Healthy Fish_245.jpg,train_split/Healthy Fish/Healthy Fish_245.jpg,Healthy Fish,Healthy Fish,7,current_freshwater-67fbe2b3529a,,Healthy Fish|current_freshwater,5
current_freshwater-0969a02f976b,current_freshwater,data/raw/current_freshwater/train_split/Healthy Fish/Healthy Fish_260.jpg,train_split/Healthy Fish/Healthy Fish_260.jpg,Healthy Fish,Healthy Fish,7,current_freshwater-0969a02f976b,,Healthy Fish|current_freshwater,5
current_freshwater-dae963602692,current_freshwater,data/raw/current_freshwater/train_split/Healthy Fish/Healthy Fish_309.jpg,train_split/Healthy Fish/Healthy Fish_309.jpg,Healthy Fish,Healthy Fish,7,current_freshwater-dae963602692,,Healthy Fish|current_freshwater,5
current_freshwater-a28a9c74ccd6,current_freshwater,data/raw/current_freshwater/train_split/Healthy Fish/Healthy Fish_313.jpg,train_split/Healthy Fish/Healthy Fish_313.jpg,Healthy Fish,Healthy Fish,7,current_freshwater-a28a9c74ccd6,,Healthy Fish|current_freshwater,5
current_freshwater-f325163d24f8,current_freshwater,data/raw/current_freshwater/train_split/Healthy Fish/Healthy Fish_326.jpg,train_split/Healthy Fish/Healthy Fish_326.jpg,Healthy Fish,Healthy Fish,7,current_freshwater-a8013c8bc82b,,Healthy Fish|current_freshwater,5
current_freshwater-4241cc7717bf,current_freshwater,data/raw/current_freshwater/train_split/Healthy Fish/Healthy Fish_375.jpg,train_split/Healthy Fish/Healthy Fish_375.jpg,Healthy Fish,Healthy Fish,7,current_freshwater-4241cc7717bf,,Healthy Fish|current_freshwater,5
current_freshwater-e872f428ee26,current_freshwater,data/raw/current_freshwater/train_split/Healthy Fish/Healthy Fish_378.jpg,train_split/Healthy Fish/Healthy Fish_378.jpg,Healthy Fish,Healthy Fish,7,current_freshwater-d83915603e2b,,Healthy Fish|current_freshwater,5
current_freshwater-982d374a0353,current_freshwater,data/raw/current_freshwater/train_split/Healthy Fish/Healthy Fish_393.jpg,train_split/Healthy Fish/Healthy Fish_393.jpg,Healthy Fish,Healthy Fish,7,current_freshwater-982d374a0353,,Healthy Fish|current_freshwater,5
current_freshwater-e15cfaa9afed,current_freshwater,data/raw/current_freshwater/train_split/Healthy Fish/Healthy Fish_457.jpg,train_split/Healthy Fish/Healthy Fish_457.jpg,Healthy Fish,Healthy Fish,7,current_freshwater-e15cfaa9afed,,Healthy Fish|current_freshwater,5
current_freshwater-b20f6872c1b3,current_freshwater,data/raw/current_freshwater/train_split/Healthy Fish/Healthy Fish_461.jpg,train_split/Healthy Fish/Healthy Fish_461.jpg,Healthy Fish,Healthy Fish,7,current_freshwater-b20f6872c1b3,,Healthy Fish|current_freshwater,5
current_freshwater-2dd9afa8e651,current_freshwater,data/raw/current_freshwater/train_split/Healthy Fish/Healthy Fish_483.jpg,train_split/Healthy Fish/Healthy Fish_483.jpg,Healthy Fish,Healthy Fish,7,current_freshwater-2dd9afa8e651,,Healthy Fish|current_freshwater,5
current_freshwater-fe4aa6c5af78,current_freshwater,data/raw/current_freshwater/train_split/Healthy Fish/Healthy Fish_aug_114.jpg,train_split/Healthy Fish/Healthy Fish_aug_114.jpg,Healthy Fish,Healthy Fish,7,current_freshwater-fe4aa6c5af78,,Healthy Fish|current_freshwater,5
current_freshwater-813b9d0ef188,current_freshwater,data/raw/current_freshwater/train_split/Healthy Fish/Healthy Fish_aug_129.jpg,train_split/Healthy Fish/Healthy Fish_aug_129.jpg,Healthy Fish,Healthy Fish,7,current_freshwater-813b9d0ef188,,Healthy Fish|current_freshwater,5
current_freshwater-fd1550bfccd7,current_freshwater,data/raw/current_freshwater/train_split/Healthy Fish/Healthy Fish_aug_132.jpg,train_split/Healthy Fish/Healthy Fish_aug_132.jpg,Healthy Fish,Healthy Fish,7,current_freshwater-e15cfaa9afed,,Healthy Fish|current_freshwater,5
current_freshwater-a3c17c875c4e,current_freshwater,data/raw/current_freshwater/train_split/Healthy Fish/Healthy Fish_aug_137.jpg,train_split/Healthy Fish/Healthy Fish_aug_137.jpg,Healthy Fish,Healthy Fish,7,current_freshwater-a3c17c875c4e,,Healthy Fish|current_freshwater,5
current_freshwater-9ff0265706a4,current_freshwater,data/raw/current_freshwater/train_split/Healthy Fish/Healthy Fish_aug_159.jpg,train_split/Healthy Fish/Healthy Fish_aug_159.jpg,Healthy Fish,Healthy Fish,7,current_freshwater-9ff0265706a4,,Healthy Fish|current_freshwater,5
current_freshwater-02278b5dc8fd,current_freshwater,data/raw/current_freshwater/train_split/Healthy Fish/Healthy Fish_aug_16.jpg,train_split/Healthy Fish/Healthy Fish_aug_16.jpg,Healthy Fish,Healthy Fish,7,current_freshwater-02278b5dc8fd,,Healthy Fish|current_freshwater,5
current_freshwater-816d336d8a5b,current_freshwater,data/raw/current_freshwater/train_split/Healthy Fish/Healthy Fish_aug_160.jpg,train_split/Healthy Fish/Healthy Fish_aug_160.jpg,Healthy Fish,Healthy Fish,7,current_freshwater-816d336d8a5b,,Healthy Fish|current_freshwater,5
current_freshwater-6122c7c21a2a,current_freshwater,data/raw/current_freshwater/train_split/Healthy Fish/Healthy Fish_aug_172.jpg,train_split/Healthy Fish/Healthy Fish_aug_172.jpg,Healthy Fish,Healthy Fish,7,current_freshwater-6122c7c21a2a,,Healthy Fish|current_freshwater,5
current_freshwater-6436e0d23c9d,current_freshwater,data/raw/current_freshwater/train_split/Healthy Fish/Healthy Fish_aug_178.jpg,train_split/Healthy Fish/Healthy Fish_aug_178.jpg,Healthy Fish,Healthy Fish,7,current_freshwater-6436e0d23c9d,,Healthy Fish|current_freshwater,5
current_freshwater-5fcad694e42c,current_freshwater,data/raw/current_freshwater/train_split/Healthy Fish/Healthy Fish_aug_211.jpg,train_split/Healthy Fish/Healthy Fish_aug_211.jpg,Healthy Fish,Healthy Fish,7,current_freshwater-5fcad694e42c,,Healthy Fish|current_freshwater,5
current_freshwater-93006ae67431,current_freshwater,data/raw/current_freshwater/train_split/Healthy Fish/Healthy Fish_aug_224.jpg,train_split/Healthy Fish/Healthy Fish_aug_224.jpg,Healthy Fish,Healthy Fish,7,current_freshwater-93006ae67431,,Healthy Fish|current_freshwater,5
current_freshwater-a8013c8bc82b,current_freshwater,data/raw/current_freshwater/train_split/Healthy Fish/Healthy Fish_aug_37.jpg,train_split/Healthy Fish/Healthy Fish_aug_37.jpg,Healthy Fish,Healthy Fish,7,current_freshwater-a8013c8bc82b,,Healthy Fish|current_freshwater,5
current_freshwater-6f6da5ec6d3b,current_freshwater,data/raw/current_freshwater/train_split/Healthy Fish/Healthy Fish_aug_48.jpg,train_split/Healthy Fish/Healthy Fish_aug_48.jpg,Healthy Fish,Healthy Fish,7,current_freshwater-6f6da5ec6d3b,,Healthy Fish|current_freshwater,5
current_freshwater-3c9d8a1387c2,current_freshwater,data/raw/current_freshwater/train_split/Healthy Fish/Healthy Fish_aug_63.jpg,train_split/Healthy Fish/Healthy Fish_aug_63.jpg,Healthy Fish,Healthy Fish,7,current_freshwater-3c9d8a1387c2,,Healthy Fish|current_freshwater,5
current_freshwater-d83915603e2b,current_freshwater,data/raw/current_freshwater/train_split/Healthy Fish/Healthy Fish_aug_71.jpg,train_split/Healthy Fish/Healthy Fish_aug_71.jpg,Healthy Fish,Healthy Fish,7,current_freshwater-d83915603e2b,,Healthy Fish|current_freshwater,5
current_freshwater-a4062c1ce242,current_freshwater,data/raw/current_freshwater/train_split/Healthy Fish/Healthy Fish_aug_74.jpg,train_split/Healthy Fish/Healthy Fish_aug_74.jpg,Healthy Fish,Healthy Fish,7,current_freshwater-a4062c1ce242,,Healthy Fish|current_freshwater,5
current_freshwater-da61e4fbf9fa,current_freshwater,data/raw/current_freshwater/train_split/Healthy Fish/Healthy Fish_aug_85.jpg,train_split/Healthy Fish/Healthy Fish_aug_85.jpg,Healthy Fish,Healthy Fish,7,current_freshwater-da61e4fbf9fa,,Healthy Fish|current_freshwater,5
kaptai-8ea2a1b360b0,kaptai,data/raw/kaptai/Healthy Fish/healthy (26).jpg,Healthy Fish/healthy (26).jpg,Healthy Fish,Healthy Fish,7,kaptai-063f15b8a0cc,,Healthy Fish|kaptai,5
roboflow-51bbde738b83,roboflow,data/raw/roboflow/train/Healthy Fish/Healthy-Fish-105-_jpg.rf.67e6a136f75f06e181a8f0136c8a26e4.jpg,train/Healthy Fish/Healthy-Fish-105-_jpg.rf.67e6a136f75f06e181a8f0136c8a26e4.jpg,Healthy Fish,Healthy Fish,7,roboflow-51bbde738b83,,Healthy Fish|roboflow,5
roboflow-2b647a593cb3,roboflow,data/raw/roboflow/train/Healthy Fish/Healthy-Fish-107-_jpg.rf.59800af68fb0c93feb8208c51176c853.jpg,train/Healthy Fish/Healthy-Fish-107-_jpg.rf.59800af68fb0c93feb8208c51176c853.jpg,Healthy Fish,Healthy Fish,7,roboflow-0ea59b9064de,,Healthy Fish|roboflow,5
roboflow-40c0ad529548,roboflow,data/raw/roboflow/train/Healthy Fish/Healthy-Fish-127-_jpg.rf.defc8ba0e5225c7f4e1e5502b26b18b2.jpg,train/Healthy Fish/Healthy-Fish-127-_jpg.rf.defc8ba0e5225c7f4e1e5502b26b18b2.jpg,Healthy Fish,Healthy Fish,7,roboflow-40c0ad529548,,Healthy Fish|roboflow,5
roboflow-ffb045359fae,roboflow,data/raw/roboflow/train/Healthy Fish/Healthy-Fish-129-_jpg.rf.f710064b12311bbdaf5e402e2f4599af.jpg,train/Healthy Fish/Healthy-Fish-129-_jpg.rf.f710064b12311bbdaf5e402e2f4599af.jpg,Healthy Fish,Healthy Fish,7,roboflow-ffb045359fae,,Healthy Fish|roboflow,5
roboflow-0ea59b9064de,roboflow,data/raw/roboflow/train/Healthy Fish/Healthy-Fish-14-_jpg.rf.0708460df4983db618a0874e92c44324.jpg,train/Healthy Fish/Healthy-Fish-14-_jpg.rf.0708460df4983db618a0874e92c44324.jpg,Healthy Fish,Healthy Fish,7,roboflow-0ea59b9064de,,Healthy Fish|roboflow,5
roboflow-2b2c6d10b022,roboflow,data/raw/roboflow/train/Healthy Fish/Healthy-Fish-152-_jpg.rf.4d5ec99bb8291f1db51cbd82d33a98e0.jpg,train/Healthy Fish/Healthy-Fish-152-_jpg.rf.4d5ec99bb8291f1db51cbd82d33a98e0.jpg,Healthy Fish,Healthy Fish,7,current_freshwater-11d6086facac,,Healthy Fish|current_freshwater,5
roboflow-e5776cc7fbdb,roboflow,data/raw/roboflow/train/Healthy Fish/Healthy-Fish-70-_jpg.rf.efb9140746253cdc00fd9f49112d60fe.jpg,train/Healthy Fish/Healthy-Fish-70-_jpg.rf.efb9140746253cdc00fd9f49112d60fe.jpg,Healthy Fish,Healthy Fish,7,current_freshwater-e186eca718e2,,Healthy Fish|current_freshwater,5
roboflow-63762a713fdd,roboflow,data/raw/roboflow/train/Healthy Fish/Healthy-Fish-85-_jpg.rf.cb4b831b3b9604f4c9866e62d0ad11a0.jpg,train/Healthy Fish/Healthy-Fish-85-_jpg.rf.cb4b831b3b9604f4c9866e62d0ad11a0.jpg,Healthy Fish,Healthy Fish,7,current_freshwater-72bef196e728,,Healthy Fish|current_freshwater,5
roboflow-590685f13051,roboflow,data/raw/roboflow/train/Healthy Fish/Healthy-Fish-94-_jpg.rf.ec1b0b9d7d893dc9a44c793c9bb76d24.jpg,train/Healthy Fish/Healthy-Fish-94-_jpg.rf.ec1b0b9d7d893dc9a44c793c9bb76d24.jpg,Healthy Fish,Healthy Fish,7,roboflow-590685f13051,,Healthy Fish|roboflow,5
current_freshwater-db2a0b77629f,current_freshwater,data/raw/current_freshwater/test_split/Bacterial Red disease_Bacterial Red disease_212.jpg,test_split/Bacterial Red disease_Bacterial Red disease_212.jpg,Bacterial Red disease,Bacterial Red Disease,0,current_freshwater-7d40f252db0b,,Bacterial Red Disease|current_freshwater,6
current_freshwater-12651be163fb,current_freshwater,data/raw/current_freshwater/test_split/Bacterial Red disease_Bacterial Red disease_221.jpg,test_split/Bacterial Red disease_Bacterial Red disease_221.jpg,Bacterial Red disease,Bacterial Red Disease,0,current_freshwater-12651be163fb,,Bacterial Red Disease|current_freshwater,6
current_freshwater-84d93911eb98,current_freshwater,data/raw/current_freshwater/train_split/Bacterial Red disease/Bacterial Red disease_116.jpg,train_split/Bacterial Red disease/Bacterial Red disease_116.jpg,Bacterial Red disease,Bacterial Red Disease,0,current_freshwater-84d93911eb98,,Bacterial Red Disease|current_freshwater,6
current_freshwater-27c6d1f6dab1,current_freshwater,data/raw/current_freshwater/train_split/Bacterial Red disease/Bacterial Red disease_145.jpg,train_split/Bacterial Red disease/Bacterial Red disease_145.jpg,Bacterial Red disease,Bacterial Red Disease,0,current_freshwater-27c6d1f6dab1,,Bacterial Red Disease|current_freshwater,6
current_freshwater-2f4485dfeb76,current_freshwater,data/raw/current_freshwater/train_split/Bacterial Red disease/Bacterial Red disease_217.jpg,train_split/Bacterial Red disease/Bacterial Red disease_217.jpg,Bacterial Red disease,Bacterial Red Disease,0,current_freshwater-2f4485dfeb76,,Bacterial Red Disease|current_freshwater,6
current_freshwater-c973f4d77109,current_freshwater,data/raw/current_freshwater/train_split/Bacterial Red disease/Bacterial Red disease_30.jpg,train_split/Bacterial Red disease/Bacterial Red disease_30.jpg,Bacterial Red disease,Bacterial Red Disease,0,current_freshwater-c973f4d77109,,Bacterial Red Disease|current_freshwater,6
current_freshwater-1cf39cfee17d,current_freshwater,data/raw/current_freshwater/train_split/Bacterial Red disease/Bacterial Red disease_32.png,train_split/Bacterial Red disease/Bacterial Red disease_32.png,Bacterial Red disease,Bacterial Red Disease,0,current_freshwater-1cf39cfee17d,,Bacterial Red Disease|current_freshwater,6
current_freshwater-87aaf7ebd17b,current_freshwater,data/raw/current_freshwater/train_split/Bacterial Red disease/Bacterial Red disease_35.jpg,train_split/Bacterial Red disease/Bacterial Red disease_35.jpg,Bacterial Red disease,Bacterial Red Disease,0,current_freshwater-87aaf7ebd17b,,Bacterial Red Disease|current_freshwater,6
current_freshwater-a480884cc5a4,current_freshwater,data/raw/current_freshwater/train_split/Bacterial Red disease/Bacterial Red disease_37.jpg,train_split/Bacterial Red disease/Bacterial Red disease_37.jpg,Bacterial Red disease,Bacterial Red Disease,0,current_freshwater-a480884cc5a4,,Bacterial Red Disease|current_freshwater,6
current_freshwater-52d7b7f1fc23,current_freshwater,data/raw/current_freshwater/train_split/Bacterial Red disease/Bacterial Red disease_69.jpg,train_split/Bacterial Red disease/Bacterial Red disease_69.jpg,Bacterial Red disease,Bacterial Red Disease,0,current_freshwater-52d7b7f1fc23,,Bacterial Red Disease|current_freshwater,6
current_freshwater-583d1ad2cece,current_freshwater,data/raw/current_freshwater/train_split/Bacterial Red disease/Bacterial Red disease_70.jpg,train_split/Bacterial Red disease/Bacterial Red disease_70.jpg,Bacterial Red disease,Bacterial Red Disease,0,current_freshwater-583d1ad2cece,,Bacterial Red Disease|current_freshwater,6
current_freshwater-1465d07ad8e2,current_freshwater,data/raw/current_freshwater/train_split/Bacterial Red disease/Bacterial Red disease_98.jpg,train_split/Bacterial Red disease/Bacterial Red disease_98.jpg,Bacterial Red disease,Bacterial Red Disease,0,current_freshwater-1465d07ad8e2,,Bacterial Red Disease|current_freshwater,6
current_freshwater-639771ad2367,current_freshwater,data/raw/current_freshwater/train_split/Bacterial Red disease/Bacterial Red disease_aug_102.jpg,train_split/Bacterial Red disease/Bacterial Red disease_aug_102.jpg,Bacterial Red disease,Bacterial Red Disease,0,current_freshwater-639771ad2367,,Bacterial Red Disease|current_freshwater,6
current_freshwater-9f403e388903,current_freshwater,data/raw/current_freshwater/train_split/Bacterial Red disease/Bacterial Red disease_aug_151.jpg,train_split/Bacterial Red disease/Bacterial Red disease_aug_151.jpg,Bacterial Red disease,Bacterial Red Disease,0,current_freshwater-9f403e388903,,Bacterial Red Disease|current_freshwater,6
current_freshwater-4a546f5b1098,current_freshwater,data/raw/current_freshwater/train_split/Bacterial Red disease/Bacterial Red disease_aug_174.jpg,train_split/Bacterial Red disease/Bacterial Red disease_aug_174.jpg,Bacterial Red disease,Bacterial Red Disease,0,current_freshwater-4a546f5b1098,,Bacterial Red Disease|current_freshwater,6
current_freshwater-ba68b9b2acc4,current_freshwater,data/raw/current_freshwater/train_split/Bacterial Red disease/Bacterial Red disease_aug_175.jpg,train_split/Bacterial Red disease/Bacterial Red disease_aug_175.jpg,Bacterial Red disease,Bacterial Red Disease,0,current_freshwater-ba68b9b2acc4,,Bacterial Red Disease|current_freshwater,6
current_freshwater-7d40f252db0b,current_freshwater,data/raw/current_freshwater/train_split/Bacterial Red disease/Bacterial Red disease_aug_181.jpg,train_split/Bacterial Red disease/Bacterial Red disease_aug_181.jpg,Bacterial Red disease,Bacterial Red Disease,0,current_freshwater-7d40f252db0b,,Bacterial Red Disease|current_freshwater,6
current_freshwater-5dbd3832716a,current_freshwater,data/raw/current_freshwater/train_split/Bacterial Red disease/Bacterial Red disease_aug_196.jpg,train_split/Bacterial Red disease/Bacterial Red disease_aug_196.jpg,Bacterial Red disease,Bacterial Red Disease,0,current_freshwater-5dbd3832716a,,Bacterial Red Disease|current_freshwater,6
current_freshwater-33f36c18e896,current_freshwater,data/raw/current_freshwater/train_split/Bacterial Red disease/Bacterial Red disease_aug_200.jpg,train_split/Bacterial Red disease/Bacterial Red disease_aug_200.jpg,Bacterial Red disease,Bacterial Red Disease,0,current_freshwater-12651be163fb,,Bacterial Red Disease|current_freshwater,6
current_freshwater-7e89509ed725,current_freshwater,data/raw/current_freshwater/train_split/Bacterial Red disease/Bacterial Red disease_aug_206.jpg,train_split/Bacterial Red disease/Bacterial Red disease_aug_206.jpg,Bacterial Red disease,Bacterial Red Disease,0,current_freshwater-7e89509ed725,,Bacterial Red Disease|current_freshwater,6
current_freshwater-bb3b64a31e86,current_freshwater,data/raw/current_freshwater/train_split/Bacterial Red disease/Bacterial Red disease_aug_212.jpg,train_split/Bacterial Red disease/Bacterial Red disease_aug_212.jpg,Bacterial Red disease,Bacterial Red Disease,0,current_freshwater-bb3b64a31e86,,Bacterial Red Disease|current_freshwater,6
current_freshwater-d873c74bf8ed,current_freshwater,data/raw/current_freshwater/train_split/Bacterial Red disease/Bacterial Red disease_aug_240.jpg,train_split/Bacterial Red disease/Bacterial Red disease_aug_240.jpg,Bacterial Red disease,Bacterial Red Disease,0,current_freshwater-d873c74bf8ed,,Bacterial Red Disease|current_freshwater,6
current_freshwater-d8034a0f1ceb,current_freshwater,data/raw/current_freshwater/train_split/Bacterial Red disease/Bacterial Red disease_aug_282.jpg,train_split/Bacterial Red disease/Bacterial Red disease_aug_282.jpg,Bacterial Red disease,Bacterial Red Disease,0,current_freshwater-1465d07ad8e2,,Bacterial Red Disease|current_freshwater,6
current_freshwater-6393a44a20c3,current_freshwater,data/raw/current_freshwater/train_split/Bacterial Red disease/Bacterial Red disease_aug_284.jpg,train_split/Bacterial Red disease/Bacterial Red disease_aug_284.jpg,Bacterial Red disease,Bacterial Red Disease,0,current_freshwater-6393a44a20c3,,Bacterial Red Disease|current_freshwater,6
current_freshwater-ffd3b4989dce,current_freshwater,data/raw/current_freshwater/train_split/Bacterial Red disease/Bacterial Red disease_aug_287.jpg,train_split/Bacterial Red disease/Bacterial Red disease_aug_287.jpg,Bacterial Red disease,Bacterial Red Disease,0,current_freshwater-ffd3b4989dce,,Bacterial Red Disease|current_freshwater,6
current_freshwater-013dae332383,current_freshwater,data/raw/current_freshwater/train_split/Bacterial Red disease/Bacterial Red disease_aug_299.jpg,train_split/Bacterial Red disease/Bacterial Red disease_aug_299.jpg,Bacterial Red disease,Bacterial Red Disease,0,current_freshwater-013dae332383,,Bacterial Red Disease|current_freshwater,6
current_freshwater-5f7799dc4237,current_freshwater,data/raw/current_freshwater/train_split/Bacterial Red disease/Bacterial Red disease_aug_307.jpg,train_split/Bacterial Red disease/Bacterial Red disease_aug_307.jpg,Bacterial Red disease,Bacterial Red Disease,0,current_freshwater-5f7799dc4237,,Bacterial Red Disease|current_freshwater,6
current_freshwater-155b6532b380,current_freshwater,data/raw/current_freshwater/train_split/Bacterial Red disease/Bacterial Red disease_aug_317.jpg,train_split/Bacterial Red disease/Bacterial Red disease_aug_317.jpg,Bacterial Red disease,Bacterial Red Disease,0,current_freshwater-155b6532b380,,Bacterial Red Disease|current_freshwater,6
current_freshwater-bf6652eaad40,current_freshwater,data/raw/current_freshwater/train_split/Bacterial Red disease/Bacterial Red disease_aug_334.jpg,train_split/Bacterial Red disease/Bacterial Red disease_aug_334.jpg,Bacterial Red disease,Bacterial Red Disease,0,current_freshwater-bf6652eaad40,,Bacterial Red Disease|current_freshwater,6
current_freshwater-d382622b9000,current_freshwater,data/raw/current_freshwater/train_split/Bacterial Red disease/Bacterial Red disease_aug_38.jpg,train_split/Bacterial Red disease/Bacterial Red disease_aug_38.jpg,Bacterial Red disease,Bacterial Red Disease,0,current_freshwater-d382622b9000,,Bacterial Red Disease|current_freshwater,6
current_freshwater-65ecbca4f170,current_freshwater,data/raw/current_freshwater/train_split/Bacterial Red disease/Bacterial Red disease_aug_72.jpg,train_split/Bacterial Red disease/Bacterial Red disease_aug_72.jpg,Bacterial Red disease,Bacterial Red Disease,0,current_freshwater-65ecbca4f170,,Bacterial Red Disease|current_freshwater,6
current_freshwater-c983230e4885,current_freshwater,data/raw/current_freshwater/train_split/Bacterial Red disease/Bacterial Red disease_aug_94.jpg,train_split/Bacterial Red disease/Bacterial Red disease_aug_94.jpg,Bacterial Red disease,Bacterial Red Disease,0,current_freshwater-c983230e4885,,Bacterial Red Disease|current_freshwater,6
roboflow-64ad34acd7c8,roboflow,data/raw/roboflow/test/Bacterial Red disease/Bacterial-Red-disease-33-_jpg.rf.362f8c5201bc86ed25b94d4baa2d8953.jpg,test/Bacterial Red disease/Bacterial-Red-disease-33-_jpg.rf.362f8c5201bc86ed25b94d4baa2d8953.jpg,Bacterial Red disease,Bacterial Red Disease,0,current_freshwater-c973f4d77109,,Bacterial Red Disease|current_freshwater,6
roboflow-7563d8bbf101,roboflow,data/raw/roboflow/train/Bacterial Red disease/Bacterial-Red-disease-19-_jpg.rf.cb8058c26dea9f5dfe533fe59cd50786.jpg,train/Bacterial Red disease/Bacterial-Red-disease-19-_jpg.rf.cb8058c26dea9f5dfe533fe59cd50786.jpg,Bacterial Red disease,Bacterial Red Disease,0,roboflow-7563d8bbf101,,Bacterial Red Disease|roboflow,6
roboflow-1edeaf6c1255,roboflow,data/raw/roboflow/train/Bacterial Red disease/Bacterial-Red-disease-4-_png.rf.fa890dce2ea7abf6902b5c3de6929fce.jpg,train/Bacterial Red disease/Bacterial-Red-disease-4-_png.rf.fa890dce2ea7abf6902b5c3de6929fce.jpg,Bacterial Red disease,Bacterial Red Disease,0,current_freshwater-1cf39cfee17d,,Bacterial Red Disease|current_freshwater,6
roboflow-4eaca84341d7,roboflow,data/raw/roboflow/valid/Bacterial Red disease/Bacterial-Red-disease-3-_png.rf.af74b472ec2ac7dba36b4700c5933310.jpg,valid/Bacterial Red disease/Bacterial-Red-disease-3-_png.rf.af74b472ec2ac7dba36b4700c5933310.jpg,Bacterial Red disease,Bacterial Red Disease,0,roboflow-4eaca84341d7,,Bacterial Red Disease|roboflow,6
current_freshwater-25cc7793c427,current_freshwater,data/raw/current_freshwater/test_split/Bacterial diseases - Aeromoniasis_Bacterial diseases - Aeromoniasis_202.jpg,test_split/Bacterial diseases - Aeromoniasis_Bacterial diseases - Aeromoniasis_202.jpg,Bacterial diseases - Aeromoniasis,Aeromoniasis,1,current_freshwater-039c328c3386,,Aeromoniasis|current_freshwater,6
current_freshwater-b192aaa110ce,current_freshwater,data/raw/current_freshwater/test_split/Bacterial diseases - Aeromoniasis_Bacterial diseases - Aeromoniasis_43.jpg,test_split/Bacterial diseases - Aeromoniasis_Bacterial diseases - Aeromoniasis_43.jpg,Bacterial diseases - Aeromoniasis,Aeromoniasis,1,current_freshwater-b192aaa110ce,,Aeromoniasis|current_freshwater,6
current_freshwater-480a6911aadd,current_freshwater,data/raw/current_freshwater/train_split/Bacterial diseases - Aeromoniasis/Bacterial diseases - Aeromoniasis_118.jpg,train_split/Bacterial diseases - Aeromoniasis/Bacterial diseases - Aeromoniasis_118.jpg,Bacterial diseases - Aeromoniasis,Aeromoniasis,1,current_freshwater-480a6911aadd,,Aeromoniasis|current_freshwater,6
current_freshwater-0b98bb7aa32f,current_freshwater,data/raw/current_freshwater/train_split/Bacterial diseases - Aeromoniasis/Bacterial diseases - Aeromoniasis_143.jpg,train_split/Bacterial diseases - Aeromoniasis/Bacterial diseases - Aeromoniasis_143.jpg,Bacterial diseases - Aeromoniasis,Aeromoniasis,1,current_freshwater-0b98bb7aa32f,,Aeromoniasis|current_freshwater,6
current_freshwater-5a13613bdea0,current_freshwater,data/raw/current_freshwater/train_split/Bacterial diseases - Aeromoniasis/Bacterial diseases - Aeromoniasis_178.jpeg,train_split/Bacterial diseases - Aeromoniasis/Bacterial diseases - Aeromoniasis_178.jpeg,Bacterial diseases - Aeromoniasis,Aeromoniasis,1,current_freshwater-5a13613bdea0,,Aeromoniasis|current_freshwater,6
current_freshwater-97911f76b4ae,current_freshwater,data/raw/current_freshwater/train_split/Bacterial diseases - Aeromoniasis/Bacterial diseases - Aeromoniasis_18.jpg,train_split/Bacterial diseases - Aeromoniasis/Bacterial diseases - Aeromoniasis_18.jpg,Bacterial diseases - Aeromoniasis,Aeromoniasis,1,current_freshwater-97911f76b4ae,,Aeromoniasis|current_freshwater,6
current_freshwater-3953c8c96052,current_freshwater,data/raw/current_freshwater/train_split/Bacterial diseases - Aeromoniasis/Bacterial diseases - Aeromoniasis_2.jpg,train_split/Bacterial diseases - Aeromoniasis/Bacterial diseases - Aeromoniasis_2.jpg,Bacterial diseases - Aeromoniasis,Aeromoniasis,1,current_freshwater-3953c8c96052,,Aeromoniasis|current_freshwater,6
current_freshwater-b51b29fb67a1,current_freshwater,data/raw/current_freshwater/train_split/Bacterial diseases - Aeromoniasis/Bacterial diseases - Aeromoniasis_207.jpg,train_split/Bacterial diseases - Aeromoniasis/Bacterial diseases - Aeromoniasis_207.jpg,Bacterial diseases - Aeromoniasis,Aeromoniasis,1,current_freshwater-b51b29fb67a1,,Aeromoniasis|current_freshwater,6
current_freshwater-393748954768,current_freshwater,data/raw/current_freshwater/train_split/Bacterial diseases - Aeromoniasis/Bacterial diseases - Aeromoniasis_228.jpg,train_split/Bacterial diseases - Aeromoniasis/Bacterial diseases - Aeromoniasis_228.jpg,Bacterial diseases - Aeromoniasis,Aeromoniasis,1,current_freshwater-2f370387715d,,Aeromoniasis|current_freshwater,6
current_freshwater-6c7953dafaa0,current_freshwater,data/raw/current_freshwater/train_split/Bacterial diseases - Aeromoniasis/Bacterial diseases - Aeromoniasis_26.jpg,train_split/Bacterial diseases - Aeromoniasis/Bacterial diseases - Aeromoniasis_26.jpg,Bacterial diseases - Aeromoniasis,Aeromoniasis,1,current_freshwater-6c7953dafaa0,,Aeromoniasis|current_freshwater,6
current_freshwater-9a28980cb8c9,current_freshwater,data/raw/current_freshwater/train_split/Bacterial diseases - Aeromoniasis/Bacterial diseases - Aeromoniasis_36.jpg,train_split/Bacterial diseases - Aeromoniasis/Bacterial diseases - Aeromoniasis_36.jpg,Bacterial diseases - Aeromoniasis,Aeromoniasis,1,current_freshwater-9a28980cb8c9,,Aeromoniasis|current_freshwater,6
current_freshwater-24d84f471978,current_freshwater,data/raw/current_freshwater/train_split/Bacterial diseases - Aeromoniasis/Bacterial diseases - Aeromoniasis_76.jpg,train_split/Bacterial diseases - Aeromoniasis/Bacterial diseases - Aeromoniasis_76.jpg,Bacterial diseases - Aeromoniasis,Aeromoniasis,1,current_freshwater-24d84f471978,,Aeromoniasis|current_freshwater,6
current_freshwater-14d9cbc8c4bb,current_freshwater,data/raw/current_freshwater/train_split/Bacterial diseases - Aeromoniasis/Bacterial diseases - Aeromoniasis_78.jpg,train_split/Bacterial diseases - Aeromoniasis/Bacterial diseases - Aeromoniasis_78.jpg,Bacterial diseases - Aeromoniasis,Aeromoniasis,1,current_freshwater-14d9cbc8c4bb,,Aeromoniasis|current_freshwater,6
current_freshwater-0595c6db1813,current_freshwater,data/raw/current_freshwater/train_split/Bacterial diseases - Aeromoniasis/Bacterial diseases - Aeromoniasis_85.jpg,train_split/Bacterial diseases - Aeromoniasis/Bacterial diseases - Aeromoniasis_85.jpg,Bacterial diseases - Aeromoniasis,Aeromoniasis,1,current_freshwater-0595c6db1813,,Aeromoniasis|current_freshwater,6
current_freshwater-3f21e519511b,current_freshwater,data/raw/current_freshwater/train_split/Bacterial diseases - Aeromoniasis/Bacterial diseases - Aeromoniasis_86.jpg,train_split/Bacterial diseases - Aeromoniasis/Bacterial diseases - Aeromoniasis_86.jpg,Bacterial diseases - Aeromoniasis,Aeromoniasis,1,current_freshwater-3f21e519511b,,Aeromoniasis|current_freshwater,6
current_freshwater-3c3867bf98b3,current_freshwater,data/raw/current_freshwater/train_split/Bacterial diseases - Aeromoniasis/Bacterial diseases - Aeromoniasis_aug_110.jpg,train_split/Bacterial diseases - Aeromoniasis/Bacterial diseases - Aeromoniasis_aug_110.jpg,Bacterial diseases - Aeromoniasis,Aeromoniasis,1,current_freshwater-3c3867bf98b3,,Aeromoniasis|current_freshwater,6
current_freshwater-ed3f823191c8,current_freshwater,data/raw/current_freshwater/train_split/Bacterial diseases - Aeromoniasis/Bacterial diseases - Aeromoniasis_aug_130.jpg,train_split/Bacterial diseases - Aeromoniasis/Bacterial diseases - Aeromoniasis_aug_130.jpg,Bacterial diseases - Aeromoniasis,Aeromoniasis,1,current_freshwater-ed3f823191c8,,Aeromoniasis|current_freshwater,6
current_freshwater-2f370387715d,current_freshwater,data/raw/current_freshwater/train_split/Bacterial diseases - Aeromoniasis/Bacterial diseases - Aeromoniasis_aug_139.jpg,train_split/Bacterial diseases - Aeromoniasis/Bacterial diseases - Aeromoniasis_aug_139.jpg,Bacterial diseases - Aeromoniasis,Aeromoniasis,1,current_freshwater-2f370387715d,,Aeromoniasis|current_freshwater,6
current_freshwater-5651ed895b43,current_freshwater,data/raw/current_freshwater/train_split/Bacterial diseases - Aeromoniasis/Bacterial diseases - Aeromoniasis_aug_160.jpg,train_split/Bacterial diseases - Aeromoniasis/Bacterial diseases - Aeromoniasis_aug_160.jpg,Bacterial diseases - Aeromoniasis,Aeromoniasis,1,current_freshwater-5651ed895b43,,Aeromoniasis|current_freshwater,6
current_freshwater-3d3822c4f8fa,current_freshwater,data/raw/current_freshwater/train_split/Bacterial diseases - Aeromoniasis/Bacterial diseases - Aeromoniasis_aug_17.jpg,train_split/Bacterial diseases - Aeromoniasis/Bacterial diseases - Aeromoniasis_aug_17.jpg,Bacterial diseases - Aeromoniasis,Aeromoniasis,1,current_freshwater-3d3822c4f8fa,,Aeromoniasis|current_freshwater,6
current_freshwater-6e3af086a011,current_freshwater,data/raw/current_freshwater/train_split/Bacterial diseases - Aeromoniasis/Bacterial diseases - Aeromoniasis_aug_18.jpg,train_split/Bacterial diseases - Aeromoniasis/Bacterial diseases - Aeromoniasis_aug_18.jpg,Bacterial diseases - Aeromoniasis,Aeromoniasis,1,current_freshwater-6e3af086a011,,Aeromoniasis|current_freshwater,6
current_freshwater-99757fb2f01a,current_freshwater,data/raw/current_freshwater/train_split/Bacterial diseases - Aeromoniasis/Bacterial diseases - Aeromoniasis_aug_182.jpg,train_split/Bacterial diseases - Aeromoniasis/Bacterial diseases - Aeromoniasis_aug_182.jpg,Bacterial diseases - Aeromoniasis,Aeromoniasis,1,current_freshwater-99757fb2f01a,,Aeromoniasis|current_freshwater,6
current_freshwater-ec93e706aa27,current_freshwater,data/raw/current_freshwater/train_split/Bacterial diseases - Aeromoniasis/Bacterial diseases - Aeromoniasis_aug_221.jpg,train_split/Bacterial diseases - Aeromoniasis/Bacterial diseases - Aeromoniasis_aug_221.jpg,Bacterial diseases - Aeromoniasis,Aeromoniasis,1,current_freshwater-ec93e706aa27,,Aeromoniasis|current_freshwater,6
current_freshwater-e515107c5e1b,current_freshwater,data/raw/current_freshwater/train_split/Bacterial diseases - Aeromoniasis/Bacterial diseases - Aeromoniasis_aug_225.jpg,train_split/Bacterial diseases - Aeromoniasis/Bacterial diseases - Aeromoniasis_aug_225.jpg,Bacterial diseases - Aeromoniasis,Aeromoniasis,1,current_freshwater-e515107c5e1b,,Aeromoniasis|current_freshwater,6
current_freshwater-61dd290568d1,current_freshwater,data/raw/current_freshwater/train_split/Bacterial diseases - Aeromoniasis/Bacterial diseases - Aeromoniasis_aug_237.jpg,train_split/Bacterial diseases - Aeromoniasis/Bacterial diseases - Aeromoniasis_aug_237.jpg,Bacterial diseases - Aeromoniasis,Aeromoniasis,1,current_freshwater-61dd290568d1,,Aeromoniasis|current_freshwater,6
current_freshwater-039c328c3386,current_freshwater,data/raw/current_freshwater/train_split/Bacterial diseases - Aeromoniasis/Bacterial diseases - Aeromoniasis_aug_247.jpg,train_split/Bacterial diseases - Aeromoniasis/Bacterial diseases - Aeromoniasis_aug_247.jpg,Bacterial diseases - Aeromoniasis,Aeromoniasis,1,current_freshwater-039c328c3386,,Aeromoniasis|current_freshwater,6
current_freshwater-8b4a3590b8ee,current_freshwater,data/raw/current_freshwater/train_split/Bacterial diseases - Aeromoniasis/Bacterial diseases - Aeromoniasis_aug_256.jpg,train_split/Bacterial diseases - Aeromoniasis/Bacterial diseases - Aeromoniasis_aug_256.jpg,Bacterial diseases - Aeromoniasis,Aeromoniasis,1,current_freshwater-8b4a3590b8ee,,Aeromoniasis|current_freshwater,6
current_freshwater-05ee384f0fe8,current_freshwater,data/raw/current_freshwater/train_split/Bacterial diseases - Aeromoniasis/Bacterial diseases - Aeromoniasis_aug_267.jpg,train_split/Bacterial diseases - Aeromoniasis/Bacterial diseases - Aeromoniasis_aug_267.jpg,Bacterial diseases - Aeromoniasis,Aeromoniasis,1,current_freshwater-05ee384f0fe8,,Aeromoniasis|current_freshwater,6
current_freshwater-de1ff5e03ffb,current_freshwater,data/raw/current_freshwater/train_split/Bacterial diseases - Aeromoniasis/Bacterial diseases - Aeromoniasis_aug_274.jpg,train_split/Bacterial diseases - Aeromoniasis/Bacterial diseases - Aeromoniasis_aug_274.jpg,Bacterial diseases - Aeromoniasis,Aeromoniasis,1,current_freshwater-de1ff5e03ffb,,Aeromoniasis|current_freshwater,6
current_freshwater-f033ce74d295,current_freshwater,data/raw/current_freshwater/train_split/Bacterial diseases - Aeromoniasis/Bacterial diseases - Aeromoniasis_aug_60.jpg,train_split/Bacterial diseases - Aeromoniasis/Bacterial diseases - Aeromoniasis_aug_60.jpg,Bacterial diseases - Aeromoniasis,Aeromoniasis,1,current_freshwater-f033ce74d295,,Aeromoniasis|current_freshwater,6
current_freshwater-3a17bd9861e7,current_freshwater,data/raw/current_freshwater/train_split/Bacterial diseases - Aeromoniasis/Bacterial diseases - Aeromoniasis_aug_71.jpg,train_split/Bacterial diseases - Aeromoniasis/Bacterial diseases - Aeromoniasis_aug_71.jpg,Bacterial diseases - Aeromoniasis,Aeromoniasis,1,current_freshwater-3a17bd9861e7,,Aeromoniasis|current_freshwater,6
current_freshwater-54d0d88bc2ba,current_freshwater,data/raw/current_freshwater/train_split/Bacterial diseases - Aeromoniasis/Bacterial diseases - Aeromoniasis_aug_74.jpg,train_split/Bacterial diseases - Aeromoniasis/Bacterial diseases - Aeromoniasis_aug_74.jpg,Bacterial diseases - Aeromoniasis,Aeromoniasis,1,current_freshwater-54d0d88bc2ba,,Aeromoniasis|current_freshwater,6
current_freshwater-f91451864c5a,current_freshwater,data/raw/current_freshwater/train_split/Bacterial diseases - Aeromoniasis/Bacterial diseases - Aeromoniasis_aug_89.jpg,train_split/Bacterial diseases - Aeromoniasis/Bacterial diseases - Aeromoniasis_aug_89.jpg,Bacterial diseases - Aeromoniasis,Aeromoniasis,1,current_freshwater-f91451864c5a,,Aeromoniasis|current_freshwater,6
current_freshwater-f036732da442,current_freshwater,data/raw/current_freshwater/train_split/Bacterial diseases - Aeromoniasis/Bacterial diseases - Aeromoniasis_aug_99.jpg,train_split/Bacterial diseases - Aeromoniasis/Bacterial diseases - Aeromoniasis_aug_99.jpg,Bacterial diseases - Aeromoniasis,Aeromoniasis,1,current_freshwater-f036732da442,,Aeromoniasis|current_freshwater,6
roboflow-eef03792bf58,roboflow,data/raw/roboflow/train/Bacterial diseases - Aeromoniasis/Bacterial-diseases-Aeromoniasis-1-_jpg.rf.af54a6d749d0f6a36d06f2f4420a6fbf.jpg,train/Bacterial diseases - Aeromoniasis/Bacterial-diseases-Aeromoniasis-1-_jpg.rf.af54a6d749d0f6a36d06f2f4420a6fbf.jpg,Bacterial diseases - Aeromoniasis,Aeromoniasis,1,current_freshwater-3953c8c96052,,Aeromoniasis|current_freshwater,6
roboflow-662bfdfad6cc,roboflow,data/raw/roboflow/train/Bacterial diseases - Aeromoniasis/Bacterial-diseases-Aeromoniasis-13-_jpg.rf.1d152392c4aa596e135692f1ca2dfbab.jpg,train/Bacterial diseases - Aeromoniasis/Bacterial-diseases-Aeromoniasis-13-_jpg.rf.1d152392c4aa596e135692f1ca2dfbab.jpg,Bacterial diseases - Aeromoniasis,Aeromoniasis,1,current_freshwater-6c7953dafaa0,,Aeromoniasis|current_freshwater,6
roboflow-ebb7ae2f3db7,roboflow,data/raw/roboflow/train/Bacterial diseases - Aeromoniasis/Bacterial-diseases-Aeromoniasis-29-_jpg.rf.3e79b8135d9c46961959872086eb0974.jpg,train/Bacterial diseases - Aeromoniasis/Bacterial-diseases-Aeromoniasis-29-_jpg.rf.3e79b8135d9c46961959872086eb0974.jpg,Bacterial diseases - Aeromoniasis,Aeromoniasis,1,roboflow-ebb7ae2f3db7,,Aeromoniasis|roboflow,6
roboflow-5121bb30e2a7,roboflow,data/raw/roboflow/train/Bacterial diseases - Aeromoniasis/Bacterial-diseases-Aeromoniasis-5-_jpeg.rf.731d167c43978197479fbf41957a5bb9.jpg,train/Bacterial diseases - Aeromoniasis/Bacterial-diseases-Aeromoniasis-5-_jpeg.rf.731d167c43978197479fbf41957a5bb9.jpg,Bacterial diseases - Aeromoniasis,Aeromoniasis,1,current_freshwater-5a13613bdea0,,Aeromoniasis|current_freshwater,6
roboflow-c4e9ea9a5b06,roboflow,data/raw/roboflow/train/Bacterial diseases - Aeromoniasis/Bacterial-diseases-Aeromoniasis-5-_jpg.rf.8d4fc0032cded0f6f9903b4bd162f845.jpg,train/Bacterial diseases - Aeromoniasis/Bacterial-diseases-Aeromoniasis-5-_jpg.rf.8d4fc0032cded0f6f9903b4bd162f845.jpg,Bacterial diseases - Aeromoniasis,Aeromoniasis,1,roboflow-c4e9ea9a5b06,,Aeromoniasis|roboflow,6
current_freshwater-0de29ea7bd8b,current_freshwater,data/raw/current_freshwater/test_split/Bacterial gill disease_Bacterial gill disease_36.jpg,test_split/Bacterial gill disease_Bacterial gill disease_36.jpg,Bacterial gill disease,Bacterial Gill Disease,2,current_freshwater-0de29ea7bd8b,,Bacterial Gill Disease|roboflow,6
current_freshwater-c34f2d9bd045,current_freshwater,data/raw/current_freshwater/test_split/Bacterial gill disease_Bacterial gill disease_48.jpg,test_split/Bacterial gill disease_Bacterial gill disease_48.jpg,Bacterial gill disease,Bacterial Gill Disease,2,current_freshwater-c34f2d9bd045,,Bacterial Gill Disease|current_freshwater,6
current_freshwater-409314a78093,current_freshwater,data/raw/current_freshwater/test_split/Bacterial gill disease_Bacterial gill disease_59.jpg,test_split/Bacterial gill disease_Bacterial gill disease_59.jpg,Bacterial gill disease,Bacterial Gill Disease,2,current_freshwater-409314a78093,,Bacterial Gill Disease|current_freshwater,6
current_freshwater-f1e0e8b68ef2,current_freshwater,data/raw/current_freshwater/test_split/Bacterial gill disease_Bacterial gill disease_6.jpg,test_split/Bacterial gill disease_Bacterial gill disease_6.jpg,Bacterial gill disease,Bacterial Gill Disease,2,current_freshwater-f1e0e8b68ef2,,Bacterial Gill Disease|current_freshwater,6
current_freshwater-f151a0cae796,current_freshwater,data/raw/current_freshwater/test_split/Bacterial gill disease_Bacterial gill disease_76.jpg,test_split/Bacterial gill disease_Bacterial gill disease_76.jpg,Bacterial gill disease,Bacterial Gill Disease,2,current_freshwater-f151a0cae796,,Bacterial Gill Disease|current_freshwater,6
current_freshwater-c618e49ea6f0,current_freshwater,data/raw/current_freshwater/train_split/Bacterial gill disease/Bacterial gill disease_121.jpg,train_split/Bacterial gill disease/Bacterial gill disease_121.jpg,Bacterial gill disease,Bacterial Gill Disease,2,current_freshwater-c618e49ea6f0,,Bacterial Gill Disease|current_freshwater,6
current_freshwater-baf7ba9320ea,current_freshwater,data/raw/current_freshwater/train_split/Bacterial gill disease/Bacterial gill disease_141.jpg,train_split/Bacterial gill disease/Bacterial gill disease_141.jpg,Bacterial gill disease,Bacterial Gill Disease,2,current_freshwater-baf7ba9320ea,,Bacterial Gill Disease|current_freshwater,6
current_freshwater-ee879e15d8c2,current_freshwater,data/raw/current_freshwater/train_split/Bacterial gill disease/Bacterial gill disease_16.jpg,train_split/Bacterial gill disease/Bacterial gill disease_16.jpg,Bacterial gill disease,Bacterial Gill Disease,2,current_freshwater-1b6d65ac127c,,Bacterial Gill Disease|current_freshwater,6
current_freshwater-9a96a372bf8d,current_freshwater,data/raw/current_freshwater/train_split/Bacterial gill disease/Bacterial gill disease_18.jpg,train_split/Bacterial gill disease/Bacterial gill disease_18.jpg,Bacterial gill disease,Bacterial Gill Disease,2,current_freshwater-9a96a372bf8d,,Bacterial Gill Disease|current_freshwater,6
current_freshwater-aea5f094547d,current_freshwater,data/raw/current_freshwater/train_split/Bacterial gill disease/Bacterial gill disease_192.jpg,train_split/Bacterial gill disease/Bacterial gill disease_192.jpg,Bacterial gill disease,Bacterial Gill Disease,2,current_freshwater-aea5f094547d,,Bacterial Gill Disease|current_freshwater,6
current_freshwater-bccf9dc98dc8,current_freshwater,data/raw/current_freshwater/train_split/Bacterial gill disease/Bacterial gill disease_201.jpg,train_split/Bacterial gill disease/Bacterial gill disease_201.jpg,Bacterial gill disease,Bacterial Gill Disease,2,current_freshwater-2fa9d8ec05ee,,Bacterial Gill Disease|current_freshwater,6
current_freshwater-e217942d0c55,current_freshwater,data/raw/current_freshwater/train_split/Bacterial gill disease/Bacterial gill disease_21.jpg,train_split/Bacterial gill disease/Bacterial gill disease_21.jpg,Bacterial gill disease,Bacterial Gill Disease,2,current_freshwater-e217942d0c55,,Bacterial Gill Disease|current_freshwater,6
current_freshwater-feb341ef4b01,current_freshwater,data/raw/current_freshwater/train_split/Bacterial gill disease/Bacterial gill disease_218.jpg,train_split/Bacterial gill disease/Bacterial gill disease_218.jpg,Bacterial gill disease,Bacterial Gill Disease,2,current_freshwater-feb341ef4b01,,Bacterial Gill Disease|current_freshwater,6
current_freshwater-8410d5fdf86c,current_freshwater,data/raw/current_freshwater/train_split/Bacterial gill disease/Bacterial gill disease_242.jpg,train_split/Bacterial gill disease/Bacterial gill disease_242.jpg,Bacterial gill disease,Bacterial Gill Disease,2,current_freshwater-6062965dd908,,Bacterial Gill Disease|current_freshwater,6
current_freshwater-0eb1ef3b8538,current_freshwater,data/raw/current_freshwater/train_split/Bacterial gill disease/Bacterial gill disease_360.jpg,train_split/Bacterial gill disease/Bacterial gill disease_360.jpg,Bacterial gill disease,Bacterial Gill Disease,2,current_freshwater-0eb1ef3b8538,,Bacterial Gill Disease|current_freshwater,6
current_freshwater-aca41adf701a,current_freshwater,data/raw/current_freshwater/train_split/Bacterial gill disease/Bacterial gill disease_377.jpg,train_split/Bacterial gill disease/Bacterial gill disease_377.jpg,Bacterial gill disease,Bacterial Gill Disease,2,current_freshwater-aca41adf701a,,Bacterial Gill Disease|current_freshwater,6
current_freshwater-dbe451b53c3d,current_freshwater,data/raw/current_freshwater/train_split/Bacterial gill disease/Bacterial gill disease_5.jpg,train_split/Bacterial gill disease/Bacterial gill disease_5.jpg,Bacterial gill disease,Bacterial Gill Disease,2,current_freshwater-dbe451b53c3d,,Bacterial Gill Disease|current_freshwater,6
current_freshwater-e8340e22e03e,current_freshwater,data/raw/current_freshwater/train_split/Bacterial gill disease/Bacterial gill disease_55.jpg,train_split/Bacterial gill disease/Bacterial gill disease_55.jpg,Bacterial gill disease,Bacterial Gill Disease,2,current_freshwater-e8340e22e03e,,Bacterial Gill Disease|current_freshwater,6
current_freshwater-79d4feccebbd,current_freshwater,data/raw/current_freshwater/train_split/Bacterial gill disease/Bacterial gill disease_65.jpg,train_split/Bacterial gill disease/Bacterial gill disease_65.jpg,Bacterial gill disease,Bacterial Gill Disease,2,current_freshwater-79d4feccebbd,,Bacterial Gill Disease|current_freshwater,6
current_freshwater-e3a885ed7747,current_freshwater,data/raw/current_freshwater/train_split/Bacterial gill disease/Bacterial gill disease_70.jpg,train_split/Bacterial gill disease/Bacterial gill disease_70.jpg,Bacterial gill disease,Bacterial Gill Disease,2,current_freshwater-e3a885ed7747,,Bacterial Gill Disease|current_freshwater,6
current_freshwater-b72b889d0789,current_freshwater,data/raw/current_freshwater/train_split/Bacterial gill disease/Bacterial gill disease_78.jpg,train_split/Bacterial gill disease/Bacterial gill disease_78.jpg,Bacterial gill disease,Bacterial Gill Disease,2,current_freshwater-b72b889d0789,,Bacterial Gill Disease|current_freshwater,6
current_freshwater-2fcc8c09dcb9,current_freshwater,data/raw/current_freshwater/train_split/Bacterial gill disease/Bacterial gill disease_aug_108.jpg,train_split/Bacterial gill disease/Bacterial gill disease_aug_108.jpg,Bacterial gill disease,Bacterial Gill Disease,2,current_freshwater-2fcc8c09dcb9,,Bacterial Gill Disease|current_freshwater,6
current_freshwater-c3b6d2ca5d09,current_freshwater,data/raw/current_freshwater/train_split/Bacterial gill disease/Bacterial gill disease_aug_121.jpg,train_split/Bacterial gill disease/Bacterial gill disease_aug_121.jpg,Bacterial gill disease,Bacterial Gill Disease,2,current_freshwater-c3b6d2ca5d09,,Bacterial Gill Disease|current_freshwater,6
current_freshwater-a095f9a63799,current_freshwater,data/raw/current_freshwater/train_split/Bacterial gill disease/Bacterial gill disease_aug_136.jpg,train_split/Bacterial gill disease/Bacterial gill disease_aug_136.jpg,Bacterial gill disease,Bacterial Gill Disease,2,current_freshwater-a095f9a63799,,Bacterial Gill Disease|current_freshwater,6
current_freshwater-8d7bdb67cd44,current_freshwater,data/raw/current_freshwater/train_split/Bacterial gill disease/Bacterial gill disease_aug_15.jpg,train_split/Bacterial gill disease/Bacterial gill disease_aug_15.jpg,Bacterial gill disease,Bacterial Gill Disease,2,current_freshwater-1b6d65ac127c,,Bacterial Gill Disease|current_freshwater,6
current_freshwater-6062965dd908,current_freshwater,data/raw/current_freshwater/train_split/Bacterial gill disease/Bacterial gill disease_aug_150.jpg,train_split/Bacterial gill disease/Bacterial gill disease_aug_150.jpg,Bacterial gill disease,Bacterial Gill Disease,2,current_freshwater-6062965dd908,,Bacterial Gill Disease|current_freshwater,6
current_freshwater-3793bf4e9e97,current_freshwater,data/raw/current_freshwater/train_split/Bacterial gill disease/Bacterial gill disease_aug_159.jpg,train_split/Bacterial gill disease/Bacterial gill disease_aug_159.jpg,Bacterial gill disease,Bacterial Gill Disease,2,current_freshwater-3793bf4e9e97,,Bacterial Gill Disease|current_freshwater,6
current_freshwater-8b144434d4e2,current_freshwater,data/raw/current_freshwater/train_split/Bacterial gill disease/Bacterial gill disease_aug_163.jpg,train_split/Bacterial gill disease/Bacterial gill disease_aug_163.jpg,Bacterial gill disease,Bacterial Gill Disease,2,current_freshwater-8b144434d4e2,,Bacterial Gill Disease|current_freshwater,6
current_freshwater-9693756898a5,current_freshwater,data/raw/current_freshwater/train_split/Bacterial gill disease/Bacterial gill disease_aug_168.jpg,train_split/Bacterial gill disease/Bacterial gill disease_aug_168.jpg,Bacterial gill disease,Bacterial Gill Disease,2,current_freshwater-9693756898a5,,Bacterial Gill Disease|current_freshwater,6
current_freshwater-1b6d65ac127c,current_freshwater,data/raw/current_freshwater/train_split/Bacterial gill disease/Bacterial gill disease_aug_176.jpg,train_split/Bacterial gill disease/Bacterial gill disease_aug_176.jpg,Bacterial gill disease,Bacterial Gill Disease,2,current_freshwater-1b6d65ac127c,,Bacterial Gill Disease|current_freshwater,6
current_freshwater-2fa9d8ec05ee,current_freshwater,data/raw/current_freshwater/train_split/Bacterial gill disease/Bacterial gill disease_aug_229.jpg,train_split/Bacterial gill disease/Bacterial gill disease_aug_229.jpg,Bacterial gill disease,Bacterial Gill Disease,2,current_freshwater-2fa9d8ec05ee,,Bacterial Gill Disease|current_freshwater,6
current_freshwater-864572131bf5,current_freshwater,data/raw/current_freshwater/train_split/Bacterial gill disease/Bacterial gill disease_aug_230.jpg,train_split/Bacterial gill disease/Bacterial gill disease_aug_230.jpg,Bacterial gill disease,Bacterial Gill Disease,2,current_freshwater-864572131bf5,,Bacterial Gill Disease|current_freshwater,6
current_freshwater-379187721e7c,current_freshwater,data/raw/current_freshwater/train_split/Bacterial gill disease/Bacterial gill disease_aug_234.jpg,train_split/Bacterial gill disease/Bacterial gill disease_aug_234.jpg,Bacterial gill disease,Bacterial Gill Disease,2,current_freshwater-379187721e7c,,Bacterial Gill Disease|current_freshwater,6
current_freshwater-c7f8b5319ed5,current_freshwater,data/raw/current_freshwater/train_split/Bacterial gill disease/Bacterial gill disease_aug_242.jpg,train_split/Bacterial gill disease/Bacterial gill disease_aug_242.jpg,Bacterial gill disease,Bacterial Gill Disease,2,current_freshwater-c7f8b5319ed5,,Bacterial Gill Disease|current_freshwater,6
current_freshwater-e7a35bd16bef,current_freshwater,data/raw/current_freshwater/train_split/Bacterial gill disease/Bacterial gill disease_aug_253.jpg,train_split/Bacterial gill disease/Bacterial gill disease_aug_253.jpg,Bacterial gill disease,Bacterial Gill Disease,2,current_freshwater-e7a35bd16bef,,Bacterial Gill Disease|current_freshwater,6
current_freshwater-538ab05bf37c,current_freshwater,data/raw/current_freshwater/train_split/Bacterial gill disease/Bacterial gill disease_aug_31.jpg,train_split/Bacterial gill disease/Bacterial gill disease_aug_31.jpg,Bacterial gill disease,Bacterial Gill Disease,2,current_freshwater-538ab05bf37c,,Bacterial Gill Disease|current_freshwater,6
roboflow-fa8a7d7f16e9,roboflow,data/raw/roboflow/train/Bacterial gill disease/Bacterial-gill-disease-12-_jpg.rf.a5af9fbd6f0042925f81e9a53ef298c9.jpg,train/Bacterial gill disease/Bacterial-gill-disease-12-_jpg.rf.a5af9fbd6f0042925f81e9a53ef298c9.jpg,Bacterial gill disease,Bacterial Gill Disease,2,current_freshwater-e217942d0c55,,Bacterial Gill Disease|current_freshwater,6
roboflow-3d59cf8cb5bb,roboflow,data/raw/roboflow/train/Bacterial gill disease/Bacterial-gill-disease-2-_png.rf.67dedc81a17e59117f16f254a9a41206.jpg,train/Bacterial gill disease/Bacterial-gill-disease-2-_png.rf.67dedc81a17e59117f16f254a9a41206.jpg,Bacterial gill disease,Bacterial Gill Disease,2,current_freshwater-0de29ea7bd8b,,Bacterial Gill Disease|roboflow,6
roboflow-d8b8469b634e,roboflow,data/raw/roboflow/train/Bacterial gill disease/Bacterial-gill-disease-21-_jpg.rf.687cbf1474b9c334cf4080e0d2b90c31.jpg,train/Bacterial gill disease/Bacterial-gill-disease-21-_jpg.rf.687cbf1474b9c334cf4080e0d2b90c31.jpg,Bacterial gill disease,Bacterial Gill Disease,2,current_freshwater-0de29ea7bd8b,,Bacterial Gill Disease|roboflow,6
current_freshwater-c34864ddc155,current_freshwater,data/raw/current_freshwater/test_split/EUS_EUS_162.jpg,test_split/EUS_EUS_162.jpg,EUS,EUS Disease,3,current_freshwater-c34864ddc155,,EUS Disease|current_freshwater,6
current_freshwater-a351383b2230,current_freshwater,data/raw/current_freshwater/test_split/EUS_EUS_190.jpg,test_split/EUS_EUS_190.jpg,EUS,EUS Disease,3,current_freshwater-1633cd83ddc8,,EUS Disease|current_freshwater,6
current_freshwater-2ef43953f25c,current_freshwater,data/raw/current_freshwater/test_split/EUS_EUS_263.jpg,test_split/EUS_EUS_263.jpg,EUS,EUS Disease,3,current_freshwater-2ef43953f25c,,EUS Disease|current_freshwater,6
current_freshwater-297bd6896c9b,current_freshwater,data/raw/current_freshwater/test_split/EUS_EUS_306.jpg,test_split/EUS_EUS_306.jpg,EUS,EUS Disease,3,current_freshwater-297bd6896c9b,,EUS Disease|current_freshwater,6
current_freshwater-52873409bab2,current_freshwater,data/raw/current_freshwater/test_split/EUS_EUS_315.jpg,test_split/EUS_EUS_315.jpg,EUS,EUS Disease,3,current_freshwater-52873409bab2,,EUS Disease|current_freshwater,6
current_freshwater-854c513f8477,current_freshwater,data/raw/current_freshwater/train_split/EUS/EUS_102.jpg,train_split/EUS/EUS_102.jpg,EUS,EUS Disease,3,current_freshwater-854c513f8477,,EUS Disease|current_freshwater,6
current_freshwater-96b08077955c,current_freshwater,data/raw/current_freshwater/train_split/EUS/EUS_121.jpg,train_split/EUS/EUS_121.jpg,EUS,EUS Disease,3,current_freshwater-96b08077955c,,EUS Disease|current_freshwater,6
current_freshwater-9da49a18b0aa,current_freshwater,data/raw/current_freshwater/train_split/EUS/EUS_143.jpg,train_split/EUS/EUS_143.jpg,EUS,EUS Disease,3,current_freshwater-9da49a18b0aa,,EUS Disease|current_freshwater,6
current_freshwater-ae6119d3d98b,current_freshwater,data/raw/current_freshwater/train_split/EUS/EUS_148.jpg,train_split/EUS/EUS_148.jpg,EUS,EUS Disease,3,current_freshwater-ae6119d3d98b,,EUS Disease|current_freshwater,6
current_freshwater-2c20d2c9bafb,current_freshwater,data/raw/current_freshwater/train_split/EUS/EUS_2.jpg,train_split/EUS/EUS_2.jpg,EUS,EUS Disease,3,current_freshwater-2c20d2c9bafb,,EUS Disease|current_freshwater,6
current_freshwater-8dbedc50e6a3,current_freshwater,data/raw/current_freshwater/train_split/EUS/EUS_20.jpg,train_split/EUS/EUS_20.jpg,EUS,EUS Disease,3,current_freshwater-8dbedc50e6a3,,EUS Disease|current_freshwater,6
current_freshwater-c040cd008a0c,current_freshwater,data/raw/current_freshwater/train_split/EUS/EUS_217.jpg,train_split/EUS/EUS_217.jpg,EUS,EUS Disease,3,current_freshwater-c040cd008a0c,,EUS Disease|current_freshwater,6
current_freshwater-b2184b5f73cc,current_freshwater,data/raw/current_freshwater/train_split/EUS/EUS_223.jpg,train_split/EUS/EUS_223.jpg,EUS,EUS Disease,3,current_freshwater-b2184b5f73cc,,EUS Disease|current_freshwater,6
current_freshwater-5fd9f5fdcc12,current_freshwater,data/raw/current_freshwater/train_split/EUS/EUS_229.jpg,train_split/EUS/EUS_229.jpg,EUS,EUS Disease,3,current_freshwater-5fd9f5fdcc12,,EUS Disease|current_freshwater,6
current_freshwater-d0548c5a0a0b,current_freshwater,data/raw/current_freshwater/train_split/EUS/EUS_24.jpg,train_split/EUS/EUS_24.jpg,EUS,EUS Disease,3,current_freshwater-d0548c5a0a0b,,EUS Disease|current_freshwater,6
current_freshwater-a5204dea0e4c,current_freshwater,data/raw/current_freshwater/train_split/EUS/EUS_253.jpg,train_split/EUS/EUS_253.jpg,EUS,EUS Disease,3,current_freshwater-a5204dea0e4c,,EUS Disease|current_freshwater,6
current_freshwater-c546730b7f92,current_freshwater,data/raw/current_freshwater/train_split/EUS/EUS_268.jpg,train_split/EUS/EUS_268.jpg,EUS,EUS Disease,3,current_freshwater-c546730b7f92,,EUS Disease|current_freshwater,6
current_freshwater-c76af079d39e,current_freshwater,data/raw/current_freshwater/train_split/EUS/EUS_294.jpg,train_split/EUS/EUS_294.jpg,EUS,EUS Disease,3,current_freshwater-c76af079d39e,,EUS Disease|current_freshwater,6
current_freshwater-cafb14d96de6,current_freshwater,data/raw/current_freshwater/train_split/EUS/EUS_313.jpg,train_split/EUS/EUS_313.jpg,EUS,EUS Disease,3,current_freshwater-cafb14d96de6,,EUS Disease|current_freshwater,6
current_freshwater-8f313afe7f6c,current_freshwater,data/raw/current_freshwater/train_split/EUS/EUS_333.jpg,train_split/EUS/EUS_333.jpg,EUS,EUS Disease,3,current_freshwater-3e728d76580d,,EUS Disease|current_freshwater,6
current_freshwater-9fa5d05899b5,current_freshwater,data/raw/current_freshwater/train_split/EUS/EUS_341.jpg,train_split/EUS/EUS_341.jpg,EUS,EUS Disease,3,current_freshwater-9fa5d05899b5,,EUS Disease|current_freshwater,6
current_freshwater-a1690d8e2128,current_freshwater,data/raw/current_freshwater/train_split/EUS/EUS_55.jpg,train_split/EUS/EUS_55.jpg,EUS,EUS Disease,3,current_freshwater-a1690d8e2128,,EUS Disease|current_freshwater,6
current_freshwater-654608ed00dc,current_freshwater,data/raw/current_freshwater/train_split/EUS/EUS_aug_101.jpg,train_split/EUS/EUS_aug_101.jpg,EUS,EUS Disease,3,current_freshwater-654608ed00dc,,EUS Disease|current_freshwater,6
current_freshwater-e0b4bc05a2e4,current_freshwater,data/raw/current_freshwater/train_split/EUS/EUS_aug_124.jpg,train_split/EUS/EUS_aug_124.jpg,EUS,EUS Disease,3,current_freshwater-e0b4bc05a2e4,,EUS Disease|current_freshwater,6
current_freshwater-533d32f64e7d,current_freshwater,data/raw/current_freshwater/train_split/EUS/EUS_aug_131.jpg,train_split/EUS/EUS_aug_131.jpg,EUS,EUS Disease,3,current_freshwater-533d32f64e7d,,EUS Disease|current_freshwater,6
current_freshwater-b50baa2e847d,current_freshwater,data/raw/current_freshwater/train_split/EUS/EUS_aug_14.jpg,train_split/EUS/EUS_aug_14.jpg,EUS,EUS Disease,3,current_freshwater-b50baa2e847d,,EUS Disease|current_freshwater,6
current_freshwater-3e728d76580d,current_freshwater,data/raw/current_freshwater/train_split/EUS/EUS_aug_165.jpg,train_split/EUS/EUS_aug_165.jpg,EUS,EUS Disease,3,current_freshwater-3e728d76580d,,EUS Disease|current_freshwater,6
current_freshwater-f63c116b910e,current_freshwater,data/raw/current_freshwater/train_split/EUS/EUS_aug_171.jpg,train_split/EUS/EUS_aug_171.jpg,EUS,EUS Disease,3,current_freshwater-cafb14d96de6,,EUS Disease|current_freshwater,6
current_freshwater-452a6e3fdfc0,current_freshwater,data/raw/current_freshwater/train_split/EUS/EUS_aug_175.jpg,train_split/EUS/EUS_aug_175.jpg,EUS,EUS Disease,3,current_freshwater-452a6e3fdfc0,,EUS Disease|current_freshwater,6
current_freshwater-cd0474af748b,current_freshwater,data/raw/current_freshwater/train_split/EUS/EUS_aug_192.jpg,train_split/EUS/EUS_aug_192.jpg,EUS,EUS Disease,3,current_freshwater-cd0474af748b,,EUS Disease|current_freshwater,6
current_freshwater-3730065972bc,current_freshwater,data/raw/current_freshwater/train_split/EUS/EUS_aug_206.jpg,train_split/EUS/EUS_aug_206.jpg,EUS,EUS Disease,3,current_freshwater-3730065972bc,,EUS Disease|current_freshwater,6
current_freshwater-96c0b424e1d0,current_freshwater,data/raw/current_freshwater/train_split/EUS/EUS_aug_217.jpg,train_split/EUS/EUS_aug_217.jpg,EUS,EUS Disease,3,current_freshwater-96c0b424e1d0,,EUS Disease|current_freshwater,6
current_freshwater-67224f77cef5,current_freshwater,data/raw/current_freshwater/train_split/EUS/EUS_aug_218.jpg,train_split/EUS/EUS_aug_218.jpg,EUS,EUS Disease,3,current_freshwater-67224f77cef5,,EUS Disease|current_freshwater,6
current_freshwater-1633cd83ddc8,current_freshwater,data/raw/current_freshwater/train_split/EUS/EUS_aug_222.jpg,train_split/EUS/EUS_aug_222.jpg,EUS,EUS Disease,3,current_freshwater-1633cd83ddc8,,EUS Disease|current_freshwater,6
current_freshwater-1cfa81678231,current_freshwater,data/raw/current_freshwater/train_split/EUS/EUS_aug_94.jpg,train_split/EUS/EUS_aug_94.jpg,EUS,EUS Disease,3,current_freshwater-1cfa81678231,,EUS Disease|current_freshwater,6
kaptai-069bb4a1f3e2,kaptai,data/raw/kaptai/EUS/EUS  (11).jpg,EUS/EUS  (11).jpg,EUS,EUS Disease,3,current_freshwater-8dbedc50e6a3,,EUS Disease|current_freshwater,6
kaptai-5a571adb915d,kaptai,data/raw/kaptai/EUS/EUS  (6).jpg,EUS/EUS  (6).jpg,EUS,EUS Disease,3,kaptai-5a571adb915d,,EUS Disease|kaptai,6
current_freshwater-ec71180d90cd,current_freshwater,data/raw/current_freshwater/test_split/Fungal diseases Saprolegniasis_Fungal diseases Saprolegniasis_80.jpg,test_split/Fungal diseases Saprolegniasis_Fungal diseases Saprolegniasis_80.jpg,Fungal diseases Saprolegniasis,Saprolegniasis,4,current_freshwater-ec71180d90cd,,Saprolegniasis|current_freshwater,6
current_freshwater-6dd798ff8b19,current_freshwater,data/raw/current_freshwater/train_split/Fungal diseases Saprolegniasis/Fungal diseases Saprolegniasis_135.jpg,train_split/Fungal diseases Saprolegniasis/Fungal diseases Saprolegniasis_135.jpg,Fungal diseases Saprolegniasis,Saprolegniasis,4,current_freshwater-6dd798ff8b19,,Saprolegniasis|current_freshwater,6
current_freshwater-008eeb78c489,current_freshwater,data/raw/current_freshwater/train_split/Fungal diseases Saprolegniasis/Fungal diseases Saprolegniasis_179.jpg,train_split/Fungal diseases Saprolegniasis/Fungal diseases Saprolegniasis_179.jpg,Fungal diseases Saprolegniasis,Saprolegniasis,4,current_freshwater-008eeb78c489,,Saprolegniasis|current_freshwater,6
current_freshwater-49890778a074,current_freshwater,data/raw/current_freshwater/train_split/Fungal diseases Saprolegniasis/Fungal diseases Saprolegniasis_218.jpg,train_split/Fungal diseases Saprolegniasis/Fungal diseases Saprolegniasis_218.jpg,Fungal diseases Saprolegniasis,Saprolegniasis,4,current_freshwater-0c5dc292a9c7,,Saprolegniasis|current_freshwater,6
current_freshwater-52dce2c0095c,current_freshwater,data/raw/current_freshwater/train_split/Fungal diseases Saprolegniasis/Fungal diseases Saprolegniasis_60.jpg,train_split/Fungal diseases Saprolegniasis/Fungal diseases Saprolegniasis_60.jpg,Fungal diseases Saprolegniasis,Saprolegniasis,4,current_freshwater-52dce2c0095c,,Saprolegniasis|current_freshwater,6
current_freshwater-caf48607b75e,current_freshwater,data/raw/current_freshwater/train_split/Fungal diseases Saprolegniasis/Fungal diseases Saprolegniasis_97.jpg,train_split/Fungal diseases Saprolegniasis/Fungal diseases Saprolegniasis_97.jpg,Fungal diseases Saprolegniasis,Saprolegniasis,4,current_freshwater-039c3a5253f6,,Saprolegniasis|current_freshwater,6
current_freshwater-5f6b7ce853ad,current_freshwater,data/raw/current_freshwater/train_split/Fungal diseases Saprolegniasis/Fungal diseases Saprolegniasis_aug_0.jpg,train_split/Fungal diseases Saprolegniasis/Fungal diseases Saprolegniasis_aug_0.jpg,Fungal diseases Saprolegniasis,Saprolegniasis,4,current_freshwater-5f6b7ce853ad,,Saprolegniasis|current_freshwater,6
current_freshwater-670b8bc416a7,current_freshwater,data/raw/current_freshwater/train_split/Fungal diseases Saprolegniasis/Fungal diseases Saprolegniasis_aug_116.jpg,train_split/Fungal diseases Saprolegniasis/Fungal diseases Saprolegniasis_aug_116.jpg,Fungal diseases Saprolegniasis,Saprolegniasis,4,current_freshwater-670b8bc416a7,,Saprolegniasis|current_freshwater,6
current_freshwater-7cf65c7c49cd,current_freshwater,data/raw/current_freshwater/train_split/Fungal diseases Saprolegniasis/Fungal diseases Saprolegniasis_aug_127.jpg,train_split/Fungal diseases Saprolegniasis/Fungal diseases Saprolegniasis_aug_127.jpg,Fungal diseases Saprolegniasis,Saprolegniasis,4,current_freshwater-7cf65c7c49cd,,Saprolegniasis|current_freshwater,6
current_freshwater-fc57c0296922,current_freshwater,data/raw/current_freshwater/train_split/Fungal diseases Saprolegniasis/Fungal diseases Saprolegniasis_aug_141.jpg,train_split/Fungal diseases Saprolegniasis/Fungal diseases Saprolegniasis_aug_141.jpg,Fungal diseases Saprolegniasis,Saprolegniasis,4,current_freshwater-fc57c0296922,,Saprolegniasis|current_freshwater,6
current_freshwater-5035a3fcbeff,current_freshwater,data/raw/current_freshwater/train_split/Fungal diseases Saprolegniasis/Fungal diseases Saprolegniasis_aug_152.jpg,train_split/Fungal diseases Saprolegniasis/Fungal diseases Saprolegniasis_aug_152.jpg,Fungal diseases Saprolegniasis,Saprolegniasis,4,current_freshwater-18095fb908ea,,Saprolegniasis|current_freshwater,6
current_freshwater-18095fb908ea,current_freshwater,data/raw/current_freshwater/train_split/Fungal diseases Saprolegniasis/Fungal diseases Saprolegniasis_aug_153.jpg,train_split/Fungal diseases Saprolegniasis/Fungal diseases Saprolegniasis_aug_153.jpg,Fungal diseases Saprolegniasis,Saprolegniasis,4,current_freshwater-18095fb908ea,,Saprolegniasis|current_freshwater,6
current_freshwater-1bdceb85c1b0,current_freshwater,data/raw/current_freshwater/train_split/Fungal diseases Saprolegniasis/Fungal diseases Saprolegniasis_aug_156.jpg,train_split/Fungal diseases Saprolegniasis/Fungal diseases Saprolegniasis_aug_156.jpg,Fungal diseases Saprolegniasis,Saprolegniasis,4,current_freshwater-1bdceb85c1b0,,Saprolegniasis|current_freshwater,6
current_freshwater-7cb3e2a14e19,current_freshwater,data/raw/current_freshwater/train_split/Fungal diseases Saprolegniasis/Fungal diseases Saprolegniasis_aug_160.jpg,train_split/Fungal diseases Saprolegniasis/Fungal diseases Saprolegniasis_aug_160.jpg,Fungal diseases Saprolegniasis,Saprolegniasis,4,current_freshwater-7cb3e2a14e19,,Saprolegniasis|current_freshwater,6
current_freshwater-9fbae3f9f001,current_freshwater,data/raw/current_freshwater/train_split/Fungal diseases Saprolegniasis/Fungal diseases Saprolegniasis_aug_168.jpg,train_split/Fungal diseases Saprolegniasis/Fungal diseases Saprolegniasis_aug_168.jpg,Fungal diseases Saprolegniasis,Saprolegniasis,4,current_freshwater-008eeb78c489,,Saprolegniasis|current_freshwater,6
current_freshwater-c36f99917797,current_freshwater,data/raw/current_freshwater/train_split/Fungal diseases Saprolegniasis/Fungal diseases Saprolegniasis_aug_178.jpg,train_split/Fungal diseases Saprolegniasis/Fungal diseases Saprolegniasis_aug_178.jpg,Fungal diseases Saprolegniasis,Saprolegniasis,4,current_freshwater-c36f99917797,,Saprolegniasis|current_freshwater,6
current_freshwater-9ea9b97a4e52,current_freshwater,data/raw/current_freshwater/train_split/Fungal diseases Saprolegniasis/Fungal diseases Saprolegniasis_aug_188.jpg,train_split/Fungal diseases Saprolegniasis/Fungal diseases Saprolegniasis_aug_188.jpg,Fungal diseases Saprolegniasis,Saprolegniasis,4,current_freshwater-9ea9b97a4e52,,Saprolegniasis|current_freshwater,6
current_freshwater-186469294e3d,current_freshwater,data/raw/current_freshwater/train_split/Fungal diseases Saprolegniasis/Fungal diseases Saprolegniasis_aug_213.jpg,train_split/Fungal diseases Saprolegniasis/Fungal diseases Saprolegniasis_aug_213.jpg,Fungal diseases Saprolegniasis,Saprolegniasis,4,current_freshwater-18095fb908ea,,Saprolegniasis|current_freshwater,6
current_freshwater-039c3a5253f6,current_freshwater,data/raw/current_freshwater/train_split/Fungal diseases Saprolegniasis/Fungal diseases Saprolegniasis_aug_247.jpg,train_split/Fungal diseases Saprolegniasis/Fungal diseases Saprolegniasis_aug_247.jpg,Fungal diseases Saprolegniasis,Saprolegniasis,4,current_freshwater-039c3a5253f6,,Saprolegniasis|current_freshwater,6
current_freshwater-bda64525941c,current_freshwater,data/raw/current_freshwater/train_split/Fungal diseases Saprolegniasis/Fungal diseases Saprolegniasis_aug_250.jpg,train_split/Fungal diseases Saprolegniasis/Fungal diseases Saprolegniasis_aug_250.jpg,Fungal diseases Saprolegniasis,Saprolegniasis,4,current_freshwater-bda64525941c,,Saprolegniasis|current_freshwater,6
current_freshwater-332c4940518d,current_freshwater,data/raw/current_freshwater/train_split/Fungal diseases Saprolegniasis/Fungal diseases Saprolegniasis_aug_259.jpg,train_split/Fungal diseases Saprolegniasis/Fungal diseases Saprolegniasis_aug_259.jpg,Fungal diseases Saprolegniasis,Saprolegniasis,4,current_freshwater-332c4940518d,,Saprolegniasis|current_freshwater,6
current_freshwater-c73770078592,current_freshwater,data/raw/current_freshwater/train_split/Fungal diseases Saprolegniasis/Fungal diseases Saprolegniasis_aug_267.jpg,train_split/Fungal diseases Saprolegniasis/Fungal diseases Saprolegniasis_aug_267.jpg,Fungal diseases Saprolegniasis,Saprolegniasis,4,current_freshwater-c73770078592,,Saprolegniasis|current_freshwater,6
current_freshwater-b4f562d6e119,current_freshwater,data/raw/current_freshwater/train_split/Fungal diseases Saprolegniasis/Fungal diseases Saprolegniasis_aug_279.jpg,train_split/Fungal diseases Saprolegniasis/Fungal diseases Saprolegniasis_aug_279.jpg,Fungal diseases Saprolegniasis,Saprolegniasis,4,current_freshwater-b4f562d6e119,,Saprolegniasis|current_freshwater,6
current_freshwater-34a55b907c73,current_freshwater,data/raw/current_freshwater/train_split/Fungal diseases Saprolegniasis/Fungal diseases Saprolegniasis_aug_285.jpg,train_split/Fungal diseases Saprolegniasis/Fungal diseases Saprolegniasis_aug_285.jpg,Fungal diseases Saprolegniasis,Saprolegniasis,4,current_freshwater-34a55b907c73,,Saprolegniasis|current_freshwater,6
current_freshwater-e42eb87f5835,current_freshwater,data/raw/current_freshwater/train_split/Fungal diseases Saprolegniasis/Fungal diseases Saprolegniasis_aug_286.jpg,train_split/Fungal diseases Saprolegniasis/Fungal diseases Saprolegniasis_aug_286.jpg,Fungal diseases Saprolegniasis,Saprolegniasis,4,current_freshwater-e42eb87f5835,,Saprolegniasis|current_freshwater,6
current_freshwater-e55807ff5d8b,current_freshwater,data/raw/current_freshwater/train_split/Fungal diseases Saprolegniasis/Fungal diseases Saprolegniasis_aug_29.jpg,train_split/Fungal diseases Saprolegniasis/Fungal diseases Saprolegniasis_aug_29.jpg,Fungal diseases Saprolegniasis,Saprolegniasis,4,current_freshwater-e55807ff5d8b,,Saprolegniasis|current_freshwater,6
current_freshwater-0c5dc292a9c7,current_freshwater,data/raw/current_freshwater/train_split/Fungal diseases Saprolegniasis/Fungal diseases Saprolegniasis_aug_300.jpg,train_split/Fungal diseases Saprolegniasis/Fungal diseases Saprolegniasis_aug_300.jpg,Fungal diseases Saprolegniasis,Saprolegniasis,4,current_freshwater-0c5dc292a9c7,,Saprolegniasis|current_freshwater,6
current_freshwater-362f0f90bf76,current_freshwater,data/raw/current_freshwater/train_split/Fungal diseases Saprolegniasis/Fungal diseases Saprolegniasis_aug_302.jpg,train_split/Fungal diseases Saprolegniasis/Fungal diseases Saprolegniasis_aug_302.jpg,Fungal diseases Saprolegniasis,Saprolegniasis,4,current_freshwater-362f0f90bf76,,Saprolegniasis|current_freshwater,6
current_freshwater-d8924b1b86d1,current_freshwater,data/raw/current_freshwater/train_split/Fungal diseases Saprolegniasis/Fungal diseases Saprolegniasis_aug_326.jpg,train_split/Fungal diseases Saprolegniasis/Fungal diseases Saprolegniasis_aug_326.jpg,Fungal diseases Saprolegniasis,Saprolegniasis,4,current_freshwater-d8924b1b86d1,,Saprolegniasis|current_freshwater,6
current_freshwater-27845ade59cb,current_freshwater,data/raw/current_freshwater/train_split/Fungal diseases Saprolegniasis/Fungal diseases Saprolegniasis_aug_383.jpg,train_split/Fungal diseases Saprolegniasis/Fungal diseases Saprolegniasis_aug_383.jpg,Fungal diseases Saprolegniasis,Saprolegniasis,4,current_freshwater-27845ade59cb,,Saprolegniasis|current_freshwater,6
current_freshwater-877544f1d04e,current_freshwater,data/raw/current_freshwater/train_split/Fungal diseases Saprolegniasis/Fungal diseases Saprolegniasis_aug_388.jpg,train_split/Fungal diseases Saprolegniasis/Fungal diseases Saprolegniasis_aug_388.jpg,Fungal diseases Saprolegniasis,Saprolegniasis,4,current_freshwater-877544f1d04e,,Saprolegniasis|current_freshwater,6
current_freshwater-ca73cac69819,current_freshwater,data/raw/current_freshwater/train_split/Fungal diseases Saprolegniasis/Fungal diseases Saprolegniasis_aug_7.jpg,train_split/Fungal diseases Saprolegniasis/Fungal diseases Saprolegniasis_aug_7.jpg,Fungal diseases Saprolegniasis,Saprolegniasis,4,current_freshwater-6dd798ff8b19,,Saprolegniasis|current_freshwater,6
current_freshwater-c527925b6fb0,current_freshwater,data/raw/current_freshwater/train_split/Fungal diseases Saprolegniasis/Fungal diseases Saprolegniasis_aug_84.jpg,train_split/Fungal diseases Saprolegniasis/Fungal diseases Saprolegniasis_aug_84.jpg,Fungal diseases Saprolegniasis,Saprolegniasis,4,current_freshwater-c527925b6fb0,,Saprolegniasis|current_freshwater,6
roboflow-c38270f65486,roboflow,data/raw/roboflow/train/Fungal diseases Saprolegniasis/Fungal-diseases-Saprolegniasis-20-_jpg.rf.cb70a8edc5a9ee8b4b15beef1eb95841.jpg,train/Fungal diseases Saprolegniasis/Fungal-diseases-Saprolegniasis-20-_jpg.rf.cb70a8edc5a9ee8b4b15beef1eb95841.jpg,Fungal diseases Saprolegniasis,Saprolegniasis,4,roboflow-c38270f65486,,Saprolegniasis|roboflow,6
roboflow-79a1e8dbc207,roboflow,data/raw/roboflow/train/Fungal diseases Saprolegniasis/Fungal-diseases-Saprolegniasis-27-_jpg.rf.21cb84f11b5f493e04ad640a3588b392.jpg,train/Fungal diseases Saprolegniasis/Fungal-diseases-Saprolegniasis-27-_jpg.rf.21cb84f11b5f493e04ad640a3588b392.jpg,Fungal diseases Saprolegniasis,Saprolegniasis,4,roboflow-79a1e8dbc207,,Saprolegniasis|roboflow,6
current_freshwater-ffb182c893af,current_freshwater,data/raw/current_freshwater/test_split/Parasitic diseases_Parasitic diseases_107.jpg,test_split/Parasitic diseases_Parasitic diseases_107.jpg,Parasitic diseases,Parasitic Disease,5,current_freshwater-ffb182c893af,,Parasitic Disease|current_freshwater,6
current_freshwater-fa1f8e5a283a,current_freshwater,data/raw/current_freshwater/test_split/Parasitic diseases_Parasitic diseases_149.jpg,test_split/Parasitic diseases_Parasitic diseases_149.jpg,Parasitic diseases,Parasitic Disease,5,current_freshwater-fa1f8e5a283a,,Parasitic Disease|current_freshwater,6
current_freshwater-7139fb6f3e9c,current_freshwater,data/raw/current_freshwater/train_split/Parasitic diseases/Parasitic diseases_110.jpg,train_split/Parasitic diseases/Parasitic diseases_110.jpg,Parasitic diseases,Parasitic Disease,5,current_freshwater-7139fb6f3e9c,,Parasitic Disease|current_freshwater,6
current_freshwater-a1a5d96d024c,current_freshwater,data/raw/current_freshwater/train_split/Parasitic diseases/Parasitic diseases_125.jpg,train_split/Parasitic diseases/Parasitic diseases_125.jpg,Parasitic diseases,Parasitic Disease,5,current_freshwater-461c418c1b62,,Parasitic Disease|current_freshwater,6
current_freshwater-e180281e4b6b,current_freshwater,data/raw/current_freshwater/train_split/Parasitic diseases/Parasitic diseases_140.jpg,train_split/Parasitic diseases/Parasitic diseases_140.jpg,Parasitic diseases,Parasitic Disease,5,current_freshwater-5bcec684931b,,Parasitic Disease|current_freshwater,6
current_freshwater-126158eefe3e,current_freshwater,data/raw/current_freshwater/train_split/Parasitic diseases/Parasitic diseases_154.jpg,train_split/Parasitic diseases/Parasitic diseases_154.jpg,Parasitic diseases,Parasitic Disease,5,current_freshwater-126158eefe3e,,Parasitic Disease|current_freshwater,6
current_freshwater-c9b80c1a109c,current_freshwater,data/raw/current_freshwater/train_split/Parasitic diseases/Parasitic diseases_187.jpg,train_split/Parasitic diseases/Parasitic diseases_187.jpg,Parasitic diseases,Parasitic Disease,5,current_freshwater-11dfc4a2483a,,Parasitic Disease|current_freshwater,6
current_freshwater-8dea000f2785,current_freshwater,data/raw/current_freshwater/train_split/Parasitic diseases/Parasitic diseases_28.jpg,train_split/Parasitic diseases/Parasitic diseases_28.jpg,Parasitic diseases,Parasitic Disease,5,current_freshwater-8dea000f2785,,Parasitic Disease|current_freshwater,6
current_freshwater-b251cb24133c,current_freshwater,data/raw/current_freshwater/train_split/Parasitic diseases/Parasitic diseases_50.jpg,train_split/Parasitic diseases/Parasitic diseases_50.jpg,Parasitic diseases,Parasitic Disease,5,current_freshwater-b251cb24133c,,Parasitic Disease|current_freshwater,6
current_freshwater-761197127074,current_freshwater,data/raw/current_freshwater/train_split/Parasitic diseases/Parasitic diseases_91.jpg,train_split/Parasitic diseases/Parasitic diseases_91.jpg,Parasitic diseases,Parasitic Disease,5,current_freshwater-761197127074,,Parasitic Disease|current_freshwater,6
current_freshwater-8eec7fc115d0,current_freshwater,data/raw/current_freshwater/train_split/Parasitic diseases/Parasitic diseases_aug_10.jpg,train_split/Parasitic diseases/Parasitic diseases_aug_10.jpg,Parasitic diseases,Parasitic Disease,5,current_freshwater-8eec7fc115d0,,Parasitic Disease|current_freshwater,6
current_freshwater-7dd9ac832ca1,current_freshwater,data/raw/current_freshwater/train_split/Parasitic diseases/Parasitic diseases_aug_113.jpg,train_split/Parasitic diseases/Parasitic diseases_aug_113.jpg,Parasitic diseases,Parasitic Disease,5,current_freshwater-7dd9ac832ca1,,Parasitic Disease|current_freshwater,6
current_freshwater-7c064bfc064a,current_freshwater,data/raw/current_freshwater/train_split/Parasitic diseases/Parasitic diseases_aug_126.jpg,train_split/Parasitic diseases/Parasitic diseases_aug_126.jpg,Parasitic diseases,Parasitic Disease,5,current_freshwater-7c064bfc064a,,Parasitic Disease|current_freshwater,6
current_freshwater-461c418c1b62,current_freshwater,data/raw/current_freshwater/train_split/Parasitic diseases/Parasitic diseases_aug_150.jpg,train_split/Parasitic diseases/Parasitic diseases_aug_150.jpg,Parasitic diseases,Parasitic Disease,5,current_freshwater-461c418c1b62,,Parasitic Disease|current_freshwater,6
current_freshwater-a42129762806,current_freshwater,data/raw/current_freshwater/train_split/Parasitic diseases/Parasitic diseases_aug_153.jpg,train_split/Parasitic diseases/Parasitic diseases_aug_153.jpg,Parasitic diseases,Parasitic Disease,5,current_freshwater-a42129762806,,Parasitic Disease|current_freshwater,6
current_freshwater-882062e47406,current_freshwater,data/raw/current_freshwater/train_split/Parasitic diseases/Parasitic diseases_aug_16.jpg,train_split/Parasitic diseases/Parasitic diseases_aug_16.jpg,Parasitic diseases,Parasitic Disease,5,current_freshwater-882062e47406,,Parasitic Disease|current_freshwater,6
current_freshwater-9683f9187a11,current_freshwater,data/raw/current_freshwater/train_split/Parasitic diseases/Parasitic diseases_aug_161.jpg,train_split/Parasitic diseases/Parasitic diseases_aug_161.jpg,Parasitic diseases,Parasitic Disease,5,current_freshwater-9683f9187a11,,Parasitic Disease|current_freshwater,6
current_freshwater-a5b7d5dc1034,current_freshwater,data/raw/current_freshwater/train_split/Parasitic diseases/Parasitic diseases_aug_172.jpg,train_split/Parasitic diseases/Parasitic diseases_aug_172.jpg,Parasitic diseases,Parasitic Disease,5,current_freshwater-a5b7d5dc1034,,Parasitic Disease|current_freshwater,6
current_freshwater-5b42b160d9a3,current_freshwater,data/raw/current_freshwater/train_split/Parasitic diseases/Parasitic diseases_aug_209.jpg,train_split/Parasitic diseases/Parasitic diseases_aug_209.jpg,Parasitic diseases,Parasitic Disease,5,current_freshwater-5b42b160d9a3,,Parasitic Disease|current_freshwater,6
current_freshwater-4a9998e87c6b,current_freshwater,data/raw/current_freshwater/train_split/Parasitic diseases/Parasitic diseases_aug_225.jpg,train_split/Parasitic diseases/Parasitic diseases_aug_225.jpg,Parasitic diseases,Parasitic Disease,5,current_freshwater-4a9998e87c6b,,Parasitic Disease|current_freshwater,6
current_freshwater-086ab2414048,current_freshwater,data/raw/current_freshwater/train_split/Parasitic diseases/Parasitic diseases_aug_237.jpg,train_split/Parasitic diseases/Parasitic diseases_aug_237.jpg,Parasitic diseases,Parasitic Disease,5,current_freshwater-086ab2414048,,Parasitic Disease|current_freshwater,6
current_freshwater-aab3fc44bd60,current_freshwater,data/raw/current_freshwater/train_split/Parasitic diseases/Parasitic diseases_aug_243.jpg,train_split/Parasitic diseases/Parasitic diseases_aug_243.jpg,Parasitic diseases,Parasitic Disease,5,current_freshwater-aab3fc44bd60,,Parasitic Disease|current_freshwater,6
current_freshwater-5e8a96d542ad,current_freshwater,data/raw/current_freshwater/train_split/Parasitic diseases/Parasitic diseases_aug_253.jpg,train_split/Parasitic diseases/Parasitic diseases_aug_253.jpg,Parasitic diseases,Parasitic Disease,5,current_freshwater-5e8a96d542ad,,Parasitic Disease|current_freshwater,6
current_freshwater-54d63538fd24,current_freshwater,data/raw/current_freshwater/train_split/Parasitic diseases/Parasitic diseases_aug_26.jpg,train_split/Parasitic diseases/Parasitic diseases_aug_26.jpg,Parasitic diseases,Parasitic Disease,5,current_freshwater-11dfc4a2483a,,Parasitic Disease|current_freshwater,6
current_freshwater-11dfc4a2483a,current_freshwater,data/raw/current_freshwater/train_split/Parasitic diseases/Parasitic diseases_aug_280.jpg,train_split/Parasitic diseases/Parasitic diseases_aug_280.jpg,Parasitic diseases,Parasitic Disease,5,current_freshwater-11dfc4a2483a,,Parasitic Disease|current_freshwater,6
current_freshwater-5bcec684931b,current_freshwater,data/raw/current_freshwater/train_split/Parasitic diseases/Parasitic diseases_aug_281.jpg,train_split/Parasitic diseases/Parasitic diseases_aug_281.jpg,Parasitic diseases,Parasitic Disease,5,current_freshwater-5bcec684931b,,Parasitic Disease|current_freshwater,6
current_freshwater-8fec0ca6d439,current_freshwater,data/raw/current_freshwater/train_split/Parasitic diseases/Parasitic diseases_aug_282.jpg,train_split/Parasitic diseases/Parasitic diseases_aug_282.jpg,Parasitic diseases,Parasitic Disease,5,current_freshwater-8fec0ca6d439,,Parasitic Disease|current_freshwater,6
current_freshwater-65f5a067555e,current_freshwater,data/raw/current_freshwater/train_split/Parasitic diseases/Parasitic diseases_aug_285.jpg,train_split/Parasitic diseases/Parasitic diseases_aug_285.jpg,Parasitic diseases,Parasitic Disease,5,current_freshwater-65f5a067555e,,Parasitic Disease|current_freshwater,6
current_freshwater-cfcf4b3a2c91,current_freshwater,data/raw/current_freshwater/train_split/Parasitic diseases/Parasitic diseases_aug_30.jpg,train_split/Parasitic diseases/Parasitic diseases_aug_30.jpg,Parasitic diseases,Parasitic Disease,5,current_freshwater-cfcf4b3a2c91,,Parasitic Disease|current_freshwater,6
current_freshwater-b95daa57c0ae,current_freshwater,data/raw/current_freshwater/train_split/Parasitic diseases/Parasitic diseases_aug_318.jpg,train_split/Parasitic diseases/Parasitic diseases_aug_318.jpg,Parasitic diseases,Parasitic Disease,5,current_freshwater-b95daa57c0ae,,Parasitic Disease|current_freshwater,6
current_freshwater-b7db348c4f94,current_freshwater,data/raw/current_freshwater/train_split/Parasitic diseases/Parasitic diseases_aug_323.jpg,train_split/Parasitic diseases/Parasitic diseases_aug_323.jpg,Parasitic diseases,Parasitic Disease,5,current_freshwater-b7db348c4f94,,Parasitic Disease|current_freshwater,6
current_freshwater-c1653debf5f9,current_freshwater,data/raw/current_freshwater/train_split/Parasitic diseases/Parasitic diseases_aug_328.jpg,train_split/Parasitic diseases/Parasitic diseases_aug_328.jpg,Parasitic diseases,Parasitic Disease,5,current_freshwater-c1653debf5f9,,Parasitic Disease|current_freshwater,6
current_freshwater-c27b6733c25e,current_freshwater,data/raw/current_freshwater/train_split/Parasitic diseases/Parasitic diseases_aug_329.jpg,train_split/Parasitic diseases/Parasitic diseases_aug_329.jpg,Parasitic diseases,Parasitic Disease,5,current_freshwater-c27b6733c25e,,Parasitic Disease|current_freshwater,6
current_freshwater-447473a17362,current_freshwater,data/raw/current_freshwater/train_split/Parasitic diseases/Parasitic diseases_aug_49.jpg,train_split/Parasitic diseases/Parasitic diseases_aug_49.jpg,Parasitic diseases,Parasitic Disease,5,current_freshwater-447473a17362,,Parasitic Disease|current_freshwater,6
current_freshwater-08076452ac9d,current_freshwater,data/raw/current_freshwater/train_split/Parasitic diseases/Parasitic diseases_aug_67.jpg,train_split/Parasitic diseases/Parasitic diseases_aug_67.jpg,Parasitic diseases,Parasitic Disease,5,current_freshwater-08076452ac9d,,Parasitic Disease|current_freshwater,6
roboflow-50a41859bd01,roboflow,data/raw/roboflow/test/Parasitic diseases/Parasitic-diseases-9-_jpg.rf.389a9aa544d24aefce960c11f9994c08.jpg,test/Parasitic diseases/Parasitic-diseases-9-_jpg.rf.389a9aa544d24aefce960c11f9994c08.jpg,Parasitic diseases,Parasitic Disease,5,roboflow-50a41859bd01,,Parasitic Disease|roboflow,6
roboflow-3be01302fda4,roboflow,data/raw/roboflow/train/Parasitic diseases/Parasitic-diseases-27-_jpg.rf.446203213c2aaf6d82026ac0f0368b97.jpg,train/Parasitic diseases/Parasitic-diseases-27-_jpg.rf.446203213c2aaf6d82026ac0f0368b97.jpg,Parasitic diseases,Parasitic Disease,5,current_freshwater-8dea000f2785,,Parasitic Disease|current_freshwater,6
current_freshwater-47f77da085d4,current_freshwater,data/raw/current_freshwater/test_split/Viral diseases White tail disease_Viral diseases White tail disease_198.jpg,test_split/Viral diseases White tail disease_Viral diseases White tail disease_198.jpg,Viral diseases White tail disease,White Tail Disease,6,current_freshwater-47f77da085d4,,White Tail Disease|current_freshwater,6
current_freshwater-783c53080d27,current_freshwater,data/raw/current_freshwater/test_split/Viral diseases White tail disease_Viral diseases White tail disease_220.jpg,test_split/Viral diseases White tail disease_Viral diseases White tail disease_220.jpg,Viral diseases White tail disease,White Tail Disease,6,current_freshwater-783c53080d27,,White Tail Disease|current_freshwater,6
current_freshwater-c3e4fc182b9e,current_freshwater,data/raw/current_freshwater/test_split/Viral diseases White tail disease_Viral diseases White tail disease_7.jpg,test_split/Viral diseases White tail disease_Viral diseases White tail disease_7.jpg,Viral diseases White tail disease,White Tail Disease,6,current_freshwater-776f7bbbc714,,White Tail Disease|current_freshwater,6
current_freshwater-23785e78091d,current_freshwater,data/raw/current_freshwater/train_split/Viral diseases White tail disease/Viral diseases White tail disease_115.jpg,train_split/Viral diseases White tail disease/Viral diseases White tail disease_115.jpg,Viral diseases White tail disease,White Tail Disease,6,current_freshwater-23785e78091d,,White Tail Disease|current_freshwater,6
current_freshwater-322479739361,current_freshwater,data/raw/current_freshwater/train_split/Viral diseases White tail disease/Viral diseases White tail disease_200.jpg,train_split/Viral diseases White tail disease/Viral diseases White tail disease_200.jpg,Viral diseases White tail disease,White Tail Disease,6,current_freshwater-322479739361,,White Tail Disease|current_freshwater,6
current_freshwater-67a038263005,current_freshwater,data/raw/current_freshwater/train_split/Viral diseases White tail disease/Viral diseases White tail disease_215.jpg,train_split/Viral diseases White tail disease/Viral diseases White tail disease_215.jpg,Viral diseases White tail disease,White Tail Disease,6,current_freshwater-67a038263005,,White Tail Disease|current_freshwater,6
current_freshwater-56377beba882,current_freshwater,data/raw/current_freshwater/train_split/Viral diseases White tail disease/Viral diseases White tail disease_218.jpg,train_split/Viral diseases White tail disease/Viral diseases White tail disease_218.jpg,Viral diseases White tail disease,White Tail Disease,6,current_freshwater-229331cd8317,,White Tail Disease|current_freshwater,6
current_freshwater-fc43a8269002,current_freshwater,data/raw/current_freshwater/train_split/Viral diseases White tail disease/Viral diseases White tail disease_38.jpg,train_split/Viral diseases White tail disease/Viral diseases White tail disease_38.jpg,Viral diseases White tail disease,White Tail Disease,6,current_freshwater-fc43a8269002,,White Tail Disease|current_freshwater,6
current_freshwater-4ea30821e3af,current_freshwater,data/raw/current_freshwater/train_split/Viral diseases White tail disease/Viral diseases White tail disease_49.jpg,train_split/Viral diseases White tail disease/Viral diseases White tail disease_49.jpg,Viral diseases White tail disease,White Tail Disease,6,current_freshwater-4ea30821e3af,,White Tail Disease|current_freshwater,6
current_freshwater-27e00a908bd0,current_freshwater,data/raw/current_freshwater/train_split/Viral diseases White tail disease/Viral diseases White tail disease_51.jpg,train_split/Viral diseases White tail disease/Viral diseases White tail disease_51.jpg,Viral diseases White tail disease,White Tail Disease,6,current_freshwater-27e00a908bd0,,White Tail Disease|current_freshwater,6
current_freshwater-7028fb5c4968,current_freshwater,data/raw/current_freshwater/train_split/Viral diseases White tail disease/Viral diseases White tail disease_52.jpg,train_split/Viral diseases White tail disease/Viral diseases White tail disease_52.jpg,Viral diseases White tail disease,White Tail Disease,6,current_freshwater-7028fb5c4968,,White Tail Disease|current_freshwater,6
current_freshwater-64e0cb1e8507,current_freshwater,data/raw/current_freshwater/train_split/Viral diseases White tail disease/Viral diseases White tail disease_72.jpg,train_split/Viral diseases White tail disease/Viral diseases White tail disease_72.jpg,Viral diseases White tail disease,White Tail Disease,6,current_freshwater-64e0cb1e8507,,White Tail Disease|current_freshwater,6
current_freshwater-25b205d6c35e,current_freshwater,data/raw/current_freshwater/train_split/Viral diseases White tail disease/Viral diseases White tail disease_aug_0.jpg,train_split/Viral diseases White tail disease/Viral diseases White tail disease_aug_0.jpg,Viral diseases White tail disease,White Tail Disease,6,current_freshwater-25b205d6c35e,,White Tail Disease|current_freshwater,6
current_freshwater-ee13411e2891,current_freshwater,data/raw/current_freshwater/train_split/Viral diseases White tail disease/Viral diseases White tail disease_aug_12.jpg,train_split/Viral diseases White tail disease/Viral diseases White tail disease_aug_12.jpg,Viral diseases White tail disease,White Tail Disease,6,current_freshwater-ee13411e2891,,White Tail Disease|current_freshwater,6
current_freshwater-045ca4a92b42,current_freshwater,data/raw/current_freshwater/train_split/Viral diseases White tail disease/Viral diseases White tail disease_aug_136.jpg,train_split/Viral diseases White tail disease/Viral diseases White tail disease_aug_136.jpg,Viral diseases White tail disease,White Tail Disease,6,current_freshwater-045ca4a92b42,,White Tail Disease|current_freshwater,6
current_freshwater-28fbe41267ac,current_freshwater,data/raw/current_freshwater/train_split/Viral diseases White tail disease/Viral diseases White tail disease_aug_138.jpg,train_split/Viral diseases White tail disease/Viral diseases White tail disease_aug_138.jpg,Viral diseases White tail disease,White Tail Disease,6,current_freshwater-28fbe41267ac,,White Tail Disease|current_freshwater,6
current_freshwater-544901647b65,current_freshwater,data/raw/current_freshwater/train_split/Viral diseases White tail disease/Viral diseases White tail disease_aug_150.jpg,train_split/Viral diseases White tail disease/Viral diseases White tail disease_aug_150.jpg,Viral diseases White tail disease,White Tail Disease,6,current_freshwater-544901647b65,,White Tail Disease|current_freshwater,6
current_freshwater-a6653eef0539,current_freshwater,data/raw/current_freshwater/train_split/Viral diseases White tail disease/Viral diseases White tail disease_aug_151.jpg,train_split/Viral diseases White tail disease/Viral diseases White tail disease_aug_151.jpg,Viral diseases White tail disease,White Tail Disease,6,current_freshwater-a6653eef0539,,White Tail Disease|current_freshwater,6
current_freshwater-229331cd8317,current_freshwater,data/raw/current_freshwater/train_split/Viral diseases White tail disease/Viral diseases White tail disease_aug_19.jpg,train_split/Viral diseases White tail disease/Viral diseases White tail disease_aug_19.jpg,Viral diseases White tail disease,White Tail Disease,6,current_freshwater-229331cd8317,,White Tail Disease|current_freshwater,6
current_freshwater-776f7bbbc714,current_freshwater,data/raw/current_freshwater/train_split/Viral diseases White tail disease/Viral diseases White tail disease_aug_212.jpg,train_split/Viral diseases White tail disease/Viral diseases White tail disease_aug_212.jpg,Viral diseases White tail disease,White Tail Disease,6,current_freshwater-776f7bbbc714,,White Tail Disease|current_freshwater,6
current_freshwater-239c153d2771,current_freshwater,data/raw/current_freshwater/train_split/Viral diseases White tail disease/Viral diseases White tail disease_aug_213.jpg,train_split/Viral diseases White tail disease/Viral diseases White tail disease_aug_213.jpg,Viral diseases White tail disease,White Tail Disease,6,current_freshwater-239c153d2771,,White Tail Disease|current_freshwater,6
current_freshwater-419deec36718,current_freshwater,data/raw/current_freshwater/train_split/Viral diseases White tail disease/Viral diseases White tail disease_aug_223.jpg,train_split/Viral diseases White tail disease/Viral diseases White tail disease_aug_223.jpg,Viral diseases White tail disease,White Tail Disease,6,current_freshwater-419deec36718,,White Tail Disease|current_freshwater,6
current_freshwater-ba6ef3f04bbc,current_freshwater,data/raw/current_freshwater/train_split/Viral diseases White tail disease/Viral diseases White tail disease_aug_267.jpg,train_split/Viral diseases White tail disease/Viral diseases White tail disease_aug_267.jpg,Viral diseases White tail disease,White Tail Disease,6,current_freshwater-ba6ef3f04bbc,,White Tail Disease|current_freshwater,6
current_freshwater-15e9915f5b48,current_freshwater,data/raw/current_freshwater/train_split/Viral diseases White tail disease/Viral diseases White tail disease_aug_268.jpg,train_split/Viral diseases White tail disease/Viral diseases White tail disease_aug_268.jpg,Viral diseases White tail disease,White Tail Disease,6,current_freshwater-15e9915f5b48,,White Tail Disease|current_freshwater,6
current_freshwater-08dbbf4a77c1,current_freshwater,data/raw/current_freshwater/train_split/Viral diseases White tail disease/Viral diseases White tail disease_aug_28.jpg,train_split/Viral diseases White tail disease/Viral diseases White tail disease_aug_28.jpg,Viral diseases White tail disease,White Tail Disease,6,current_freshwater-08dbbf4a77c1,,White Tail Disease|current_freshwater,6
current_freshwater-2f79b5f0560b,current_freshwater,data/raw/current_freshwater/train_split/Viral diseases White tail disease/Viral diseases White tail disease_aug_288.jpg,train_split/Viral diseases White tail disease/Viral diseases White tail disease_aug_288.jpg,Viral diseases White tail disease,White Tail Disease,6,current_freshwater-2f79b5f0560b,,White Tail Disease|current_freshwater,6
current_freshwater-d1e201bba035,current_freshwater,data/raw/current_freshwater/train_split/Viral diseases White tail disease/Viral diseases White tail disease_aug_292.jpg,train_split/Viral diseases White tail disease/Viral diseases White tail disease_aug_292.jpg,Viral diseases White tail disease,White Tail Disease,6,current_freshwater-322479739361,,White Tail Disease|current_freshwater,6
current_freshwater-6a059793244d,current_freshwater,data/raw/current_freshwater/train_split/Viral diseases White tail disease/Viral diseases White tail disease_aug_298.jpg,train_split/Viral diseases White tail disease/Viral diseases White tail disease_aug_298.jpg,Viral diseases White tail disease,White Tail Disease,6,current_freshwater-6a059793244d,,White Tail Disease|current_freshwater,6
current_freshwater-1c94363414d9,current_freshwater,data/raw/current_freshwater/train_split/Viral diseases White tail disease/Viral diseases White tail disease_aug_302.jpg,train_split/Viral diseases White tail disease/Viral diseases White tail disease_aug_302.jpg,Viral diseases White tail disease,White Tail Disease,6,current_freshwater-1c94363414d9,,White Tail Disease|current_freshwater,6
current_freshwater-7d6502d7370c,current_freshwater,data/raw/current_freshwater/train_split/Viral diseases White tail disease/Viral diseases White tail disease_aug_314.jpg,train_split/Viral diseases White tail disease/Viral diseases White tail disease_aug_314.jpg,Viral diseases White tail disease,White Tail Disease,6,current_freshwater-7028fb5c4968,,White Tail Disease|current_freshwater,6
current_freshwater-3258d7ccff4f,current_freshwater,data/raw/current_freshwater/train_split/Viral diseases White tail disease/Viral diseases White tail disease_aug_354.jpg,train_split/Viral diseases White tail disease/Viral diseases White tail disease_aug_354.jpg,Viral diseases White tail disease,White Tail Disease,6,current_freshwater-322479739361,,White Tail Disease|current_freshwater,6
current_freshwater-e4906223b5b7,current_freshwater,data/raw/current_freshwater/train_split/Viral diseases White tail disease/Viral diseases White tail disease_aug_369.jpg,train_split/Viral diseases White tail disease/Viral diseases White tail disease_aug_369.jpg,Viral diseases White tail disease,White Tail Disease,6,current_freshwater-e4906223b5b7,,White Tail Disease|current_freshwater,6
current_freshwater-ede9c74226bb,current_freshwater,data/raw/current_freshwater/train_split/Viral diseases White tail disease/Viral diseases White tail disease_aug_73.jpg,train_split/Viral diseases White tail disease/Viral diseases White tail disease_aug_73.jpg,Viral diseases White tail disease,White Tail Disease,6,current_freshwater-ede9c74226bb,,White Tail Disease|current_freshwater,6
current_freshwater-fecb643f87e6,current_freshwater,data/raw/current_freshwater/train_split/Viral diseases White tail disease/Viral diseases White tail disease_aug_83.jpg,train_split/Viral diseases White tail disease/Viral diseases White tail disease_aug_83.jpg,Viral diseases White tail disease,White Tail Disease,6,current_freshwater-fecb643f87e6,,White Tail Disease|current_freshwater,6
roboflow-dc35f62fcfd2,roboflow,data/raw/roboflow/train/Viral diseases White tail disease/Viral-diseases-White-tail-disease-28-_jpg.rf.75f75510d9fa6ac63506cf71842992a0.jpg,train/Viral diseases White tail disease/Viral-diseases-White-tail-disease-28-_jpg.rf.75f75510d9fa6ac63506cf71842992a0.jpg,Viral diseases White tail disease,White Tail Disease,6,roboflow-dc35f62fcfd2,,White Tail Disease|roboflow,6
roboflow-3e89a4ac4e5e,roboflow,data/raw/roboflow/train/Viral diseases White tail disease/Viral-diseases-White-tail-disease-5-_jpeg.rf.caae71f080698e56f172dc32e5b21f64.jpg,train/Viral diseases White tail disease/Viral-diseases-White-tail-disease-5-_jpeg.rf.caae71f080698e56f172dc32e5b21f64.jpg,Viral diseases White tail disease,White Tail Disease,6,roboflow-3e89a4ac4e5e,,White Tail Disease|roboflow,6
current_freshwater-1b0a0710ab40,current_freshwater,data/raw/current_freshwater/test_split/Healthy Fish_Healthy Fish_317.jpg,test_split/Healthy Fish_Healthy Fish_317.jpg,Healthy Fish,Healthy Fish,7,current_freshwater-1b0a0710ab40,,Healthy Fish|current_freshwater,6
current_freshwater-ecad199899e8,current_freshwater,data/raw/current_freshwater/test_split/Healthy Fish_Healthy Fish_401.jpg,test_split/Healthy Fish_Healthy Fish_401.jpg,Healthy Fish,Healthy Fish,7,current_freshwater-ecad199899e8,,Healthy Fish|current_freshwater,6
current_freshwater-a089335edf58,current_freshwater,data/raw/current_freshwater/train_split/Healthy Fish/Healthy Fish_169.jpg,train_split/Healthy Fish/Healthy Fish_169.jpg,Healthy Fish,Healthy Fish,7,current_freshwater-a089335edf58,,Healthy Fish|current_freshwater,6
current_freshwater-fcaf3d16d1cd,current_freshwater,data/raw/current_freshwater/train_split/Healthy Fish/Healthy Fish_199.jpg,train_split/Healthy Fish/Healthy Fish_199.jpg,Healthy Fish,Healthy Fish,7,current_freshwater-fcaf3d16d1cd,,Healthy Fish|current_freshwater,6
current_freshwater-b34fcd88d228,current_freshwater,data/raw/current_freshwater/train_split/Healthy Fish/Healthy Fish_207.jpg,train_split/Healthy Fish/Healthy Fish_207.jpg,Healthy Fish,Healthy Fish,7,current_freshwater-b34fcd88d228,,Healthy Fish|current_freshwater,6
current_freshwater-b1ca79449a0a,current_freshwater,data/raw/current_freshwater/train_split/Healthy Fish/Healthy Fish_225.jpg,train_split/Healthy Fish/Healthy Fish_225.jpg,Healthy Fish,Healthy Fish,7,current_freshwater-b1ca79449a0a,,Healthy Fish|current_freshwater,6
current_freshwater-790e63e0133c,current_freshwater,data/raw/current_freshwater/train_split/Healthy Fish/Healthy Fish_236.jpg,train_split/Healthy Fish/Healthy Fish_236.jpg,Healthy Fish,Healthy Fish,7,current_freshwater-790e63e0133c,,Healthy Fish|current_freshwater,6
current_freshwater-609460b6ddb2,current_freshwater,data/raw/current_freshwater/train_split/Healthy Fish/Healthy Fish_298.jpg,train_split/Healthy Fish/Healthy Fish_298.jpg,Healthy Fish,Healthy Fish,7,current_freshwater-609460b6ddb2,,Healthy Fish|current_freshwater,6
current_freshwater-b7ddfb1c2095,current_freshwater,data/raw/current_freshwater/train_split/Healthy Fish/Healthy Fish_346.jpg,train_split/Healthy Fish/Healthy Fish_346.jpg,Healthy Fish,Healthy Fish,7,current_freshwater-b7ddfb1c2095,,Healthy Fish|current_freshwater,6
current_freshwater-1a291bca4695,current_freshwater,data/raw/current_freshwater/train_split/Healthy Fish/Healthy Fish_37.jpg,train_split/Healthy Fish/Healthy Fish_37.jpg,Healthy Fish,Healthy Fish,7,current_freshwater-1a291bca4695,,Healthy Fish|current_freshwater,6
current_freshwater-654ece99f9c6,current_freshwater,data/raw/current_freshwater/train_split/Healthy Fish/Healthy Fish_391.jpg,train_split/Healthy Fish/Healthy Fish_391.jpg,Healthy Fish,Healthy Fish,7,current_freshwater-654ece99f9c6,,Healthy Fish|current_freshwater,6
current_freshwater-6bc8536d067d,current_freshwater,data/raw/current_freshwater/train_split/Healthy Fish/Healthy Fish_392.jpg,train_split/Healthy Fish/Healthy Fish_392.jpg,Healthy Fish,Healthy Fish,7,current_freshwater-6bc8536d067d,,Healthy Fish|current_freshwater,6
current_freshwater-e3924751b3e9,current_freshwater,data/raw/current_freshwater/train_split/Healthy Fish/Healthy Fish_402.jpg,train_split/Healthy Fish/Healthy Fish_402.jpg,Healthy Fish,Healthy Fish,7,current_freshwater-e3924751b3e9,,Healthy Fish|current_freshwater,6
current_freshwater-35aa0dadd912,current_freshwater,data/raw/current_freshwater/train_split/Healthy Fish/Healthy Fish_407.jpg,train_split/Healthy Fish/Healthy Fish_407.jpg,Healthy Fish,Healthy Fish,7,current_freshwater-35aa0dadd912,,Healthy Fish|current_freshwater,6
current_freshwater-de70dfcb55bf,current_freshwater,data/raw/current_freshwater/train_split/Healthy Fish/Healthy Fish_422.jpg,train_split/Healthy Fish/Healthy Fish_422.jpg,Healthy Fish,Healthy Fish,7,current_freshwater-de70dfcb55bf,,Healthy Fish|current_freshwater,6
current_freshwater-0851b952f4a9,current_freshwater,data/raw/current_freshwater/train_split/Healthy Fish/Healthy Fish_438.jpg,train_split/Healthy Fish/Healthy Fish_438.jpg,Healthy Fish,Healthy Fish,7,current_freshwater-0851b952f4a9,,Healthy Fish|current_freshwater,6
current_freshwater-b0ebc29b2355,current_freshwater,data/raw/current_freshwater/train_split/Healthy Fish/Healthy Fish_439.jpg,train_split/Healthy Fish/Healthy Fish_439.jpg,Healthy Fish,Healthy Fish,7,current_freshwater-b0ebc29b2355,,Healthy Fish|current_freshwater,6
current_freshwater-e7ebbd2f3efd,current_freshwater,data/raw/current_freshwater/train_split/Healthy Fish/Healthy Fish_451.jpg,train_split/Healthy Fish/Healthy Fish_451.jpg,Healthy Fish,Healthy Fish,7,current_freshwater-e7ebbd2f3efd,,Healthy Fish|current_freshwater,6
current_freshwater-3c6ab71b6944,current_freshwater,data/raw/current_freshwater/train_split/Healthy Fish/Healthy Fish_459.jpg,train_split/Healthy Fish/Healthy Fish_459.jpg,Healthy Fish,Healthy Fish,7,current_freshwater-3c6ab71b6944,,Healthy Fish|current_freshwater,6
current_freshwater-2f85a9d31515,current_freshwater,data/raw/current_freshwater/train_split/Healthy Fish/Healthy Fish_479.jpg,train_split/Healthy Fish/Healthy Fish_479.jpg,Healthy Fish,Healthy Fish,7,current_freshwater-2f85a9d31515,,Healthy Fish|current_freshwater,6
current_freshwater-3ceb6e90d30a,current_freshwater,data/raw/current_freshwater/train_split/Healthy Fish/Healthy Fish_60.jpg,train_split/Healthy Fish/Healthy Fish_60.jpg,Healthy Fish,Healthy Fish,7,current_freshwater-3ceb6e90d30a,,Healthy Fish|current_freshwater,6
current_freshwater-aedc80598166,current_freshwater,data/raw/current_freshwater/train_split/Healthy Fish/Healthy Fish_aug_1.jpg,train_split/Healthy Fish/Healthy Fish_aug_1.jpg,Healthy Fish,Healthy Fish,7,current_freshwater-1a291bca4695,,Healthy Fish|current_freshwater,6
current_freshwater-c3c0efdc3b9e,current_freshwater,data/raw/current_freshwater/train_split/Healthy Fish/Healthy Fish_aug_101.jpg,train_split/Healthy Fish/Healthy Fish_aug_101.jpg,Healthy Fish,Healthy Fish,7,current_freshwater-790e63e0133c,,Healthy Fish|current_freshwater,6
current_freshwater-7ea2f8efc300,current_freshwater,data/raw/current_freshwater/train_split/Healthy Fish/Healthy Fish_aug_149.jpg,train_split/Healthy Fish/Healthy Fish_aug_149.jpg,Healthy Fish,Healthy Fish,7,current_freshwater-7ea2f8efc300,,Healthy Fish|current_freshwater,6
current_freshwater-912cd898647d,current_freshwater,data/raw/current_freshwater/train_split/Healthy Fish/Healthy Fish_aug_177.jpg,train_split/Healthy Fish/Healthy Fish_aug_177.jpg,Healthy Fish,Healthy Fish,7,current_freshwater-912cd898647d,,Healthy Fish|current_freshwater,6
current_freshwater-7d4b1e92019f,current_freshwater,data/raw/current_freshwater/train_split/Healthy Fish/Healthy Fish_aug_191.jpg,train_split/Healthy Fish/Healthy Fish_aug_191.jpg,Healthy Fish,Healthy Fish,7,current_freshwater-3c6ab71b6944,,Healthy Fish|current_freshwater,6
current_freshwater-d32846dd890e,current_freshwater,data/raw/current_freshwater/train_split/Healthy Fish/Healthy Fish_aug_198.jpg,train_split/Healthy Fish/Healthy Fish_aug_198.jpg,Healthy Fish,Healthy Fish,7,current_freshwater-d32846dd890e,,Healthy Fish|current_freshwater,6
current_freshwater-8a2878e26ada,current_freshwater,data/raw/current_freshwater/train_split/Healthy Fish/Healthy Fish_aug_36.jpg,train_split/Healthy Fish/Healthy Fish_aug_36.jpg,Healthy Fish,Healthy Fish,7,current_freshwater-8a2878e26ada,,Healthy Fish|current_freshwater,6
current_freshwater-a3a7313b055e,current_freshwater,data/raw/current_freshwater/train_split/Healthy Fish/Healthy Fish_aug_42.jpg,train_split/Healthy Fish/Healthy Fish_aug_42.jpg,Healthy Fish,Healthy Fish,7,current_freshwater-a3a7313b055e,,Healthy Fish|current_freshwater,6
current_freshwater-e02a0fdc1d45,current_freshwater,data/raw/current_freshwater/train_split/Healthy Fish/Healthy Fish_aug_45.jpg,train_split/Healthy Fish/Healthy Fish_aug_45.jpg,Healthy Fish,Healthy Fish,7,current_freshwater-e02a0fdc1d45,,Healthy Fish|current_freshwater,6
current_freshwater-91817a908a6a,current_freshwater,data/raw/current_freshwater/train_split/Healthy Fish/Healthy Fish_aug_52.jpg,train_split/Healthy Fish/Healthy Fish_aug_52.jpg,Healthy Fish,Healthy Fish,7,current_freshwater-91817a908a6a,,Healthy Fish|current_freshwater,6
current_freshwater-b226162ff1c7,current_freshwater,data/raw/current_freshwater/train_split/Healthy Fish/Healthy Fish_aug_6.jpg,train_split/Healthy Fish/Healthy Fish_aug_6.jpg,Healthy Fish,Healthy Fish,7,current_freshwater-b226162ff1c7,,Healthy Fish|current_freshwater,6
current_freshwater-0938e38ff647,current_freshwater,data/raw/current_freshwater/train_split/Healthy Fish/Healthy Fish_aug_84.jpg,train_split/Healthy Fish/Healthy Fish_aug_84.jpg,Healthy Fish,Healthy Fish,7,current_freshwater-0938e38ff647,,Healthy Fish|current_freshwater,6
current_freshwater-370f60a29971,current_freshwater,data/raw/current_freshwater/train_split/Healthy Fish/Healthy Fish_aug_87.jpg,train_split/Healthy Fish/Healthy Fish_aug_87.jpg,Healthy Fish,Healthy Fish,7,current_freshwater-370f60a29971,,Healthy Fish|current_freshwater,6
current_freshwater-d1468146cf0a,current_freshwater,data/raw/current_freshwater/train_split/Healthy Fish/Healthy Fish_aug_94.jpg,train_split/Healthy Fish/Healthy Fish_aug_94.jpg,Healthy Fish,Healthy Fish,7,current_freshwater-d1468146cf0a,,Healthy Fish|current_freshwater,6
kaptai-7913dba05ef9,kaptai,data/raw/kaptai/Healthy Fish/healthy (17).jpg,Healthy Fish/healthy (17).jpg,Healthy Fish,Healthy Fish,7,current_freshwater-de70dfcb55bf,,Healthy Fish|current_freshwater,6
kaptai-7ef505fa726c,kaptai,data/raw/kaptai/Healthy Fish/healthy (19).jpg,Healthy Fish/healthy (19).jpg,Healthy Fish,Healthy Fish,7,kaptai-7ef505fa726c,,Healthy Fish|kaptai,6
kaptai-b08534e77a7f,kaptai,data/raw/kaptai/Healthy Fish/healthy (4).jpg,Healthy Fish/healthy (4).jpg,Healthy Fish,Healthy Fish,7,current_freshwater-0851b952f4a9,,Healthy Fish|current_freshwater,6
kaptai-900dd2a3b13c,kaptai,data/raw/kaptai/Healthy Fish/healthy (5).jpg,Healthy Fish/healthy (5).jpg,Healthy Fish,Healthy Fish,7,current_freshwater-b0ebc29b2355,,Healthy Fish|current_freshwater,6
roboflow-04562fa8da72,roboflow,data/raw/roboflow/train/Healthy Fish/Healthy-Fish-110-_jpg.rf.7bd8146b09945394e97cf2bfcf471e88.jpg,train/Healthy Fish/Healthy-Fish-110-_jpg.rf.7bd8146b09945394e97cf2bfcf471e88.jpg,Healthy Fish,Healthy Fish,7,roboflow-04562fa8da72,,Healthy Fish|roboflow,6
roboflow-50c3dd9ef4cb,roboflow,data/raw/roboflow/train/Healthy Fish/Healthy-Fish-111-_jpg.rf.af617970c197b9c7f3df409bc17089b7.jpg,train/Healthy Fish/Healthy-Fish-111-_jpg.rf.af617970c197b9c7f3df409bc17089b7.jpg,Healthy Fish,Healthy Fish,7,roboflow-50c3dd9ef4cb,,Healthy Fish|roboflow,6
roboflow-102c856a094a,roboflow,data/raw/roboflow/train/Healthy Fish/Healthy-Fish-3-_jpg.rf.fa11f770eb42a990ac3b65a8d7d34239.jpg,train/Healthy Fish/Healthy-Fish-3-_jpg.rf.fa11f770eb42a990ac3b65a8d7d34239.jpg,Healthy Fish,Healthy Fish,7,roboflow-102c856a094a,,Healthy Fish|roboflow,6
roboflow-f250e43e8b88,roboflow,data/raw/roboflow/train/Healthy Fish/Healthy-Fish-66-_jpg.rf.03e9c42752d9be7ff500bac74f55bfe7.jpg,train/Healthy Fish/Healthy-Fish-66-_jpg.rf.03e9c42752d9be7ff500bac74f55bfe7.jpg,Healthy Fish,Healthy Fish,7,roboflow-f250e43e8b88,,Healthy Fish|roboflow,6
roboflow-a96ecb25df45,roboflow,data/raw/roboflow/valid/Healthy Fish/Healthy-Fish-10-_jpeg.rf.09868bb6fdd9dba4cf3ab04576bbf64b.jpg,valid/Healthy Fish/Healthy-Fish-10-_jpeg.rf.09868bb6fdd9dba4cf3ab04576bbf64b.jpg,Healthy Fish,Healthy Fish,7,roboflow-a96ecb25df45,,Healthy Fish|roboflow,6
roboflow-e41d61095235,roboflow,data/raw/roboflow/valid/Healthy Fish/Healthy-Fish-56-_jpg.rf.b5063ae4fce34702d9267b69904d4767.jpg,valid/Healthy Fish/Healthy-Fish-56-_jpg.rf.b5063ae4fce34702d9267b69904d4767.jpg,Healthy Fish,Healthy Fish,7,roboflow-e41d61095235,,Healthy Fish|roboflow,6
current_freshwater-d4bb089ddcc5,current_freshwater,data/raw/current_freshwater/test_split/Bacterial Red disease_Bacterial Red disease_12.jpg,test_split/Bacterial Red disease_Bacterial Red disease_12.jpg,Bacterial Red disease,Bacterial Red Disease,0,current_freshwater-d4bb089ddcc5,,Bacterial Red Disease|current_freshwater,7
current_freshwater-6dd888e1231c,current_freshwater,data/raw/current_freshwater/test_split/Bacterial Red disease_Bacterial Red disease_180.jpg,test_split/Bacterial Red disease_Bacterial Red disease_180.jpg,Bacterial Red disease,Bacterial Red Disease,0,current_freshwater-6dd888e1231c,,Bacterial Red Disease|current_freshwater,7
current_freshwater-d7bc951502bf,current_freshwater,data/raw/current_freshwater/test_split/Bacterial Red disease_Bacterial Red disease_210.jpg,test_split/Bacterial Red disease_Bacterial Red disease_210.jpg,Bacterial Red disease,Bacterial Red Disease,0,current_freshwater-d7bc951502bf,,Bacterial Red Disease|current_freshwater,7
current_freshwater-059da44862a0,current_freshwater,data/raw/current_freshwater/test_split/Bacterial Red disease_Bacterial Red disease_41.jpg,test_split/Bacterial Red disease_Bacterial Red disease_41.jpg,Bacterial Red disease,Bacterial Red Disease,0,current_freshwater-059da44862a0,,Bacterial Red Disease|current_freshwater,7
current_freshwater-7032279621ab,current_freshwater,data/raw/current_freshwater/train_split/Bacterial Red disease/Bacterial Red disease_114.jpg,train_split/Bacterial Red disease/Bacterial Red disease_114.jpg,Bacterial Red disease,Bacterial Red Disease,0,current_freshwater-4d7489bdaa0a,,Bacterial Red Disease|current_freshwater,7
current_freshwater-0a1ebb932a08,current_freshwater,data/raw/current_freshwater/train_split/Bacterial Red disease/Bacterial Red disease_125.jpg,train_split/Bacterial Red disease/Bacterial Red disease_125.jpg,Bacterial Red disease,Bacterial Red Disease,0,current_freshwater-0a1ebb932a08,,Bacterial Red Disease|current_freshwater,7
current_freshwater-8e249477bae9,current_freshwater,data/raw/current_freshwater/train_split/Bacterial Red disease/Bacterial Red disease_182.jpg,train_split/Bacterial Red disease/Bacterial Red disease_182.jpg,Bacterial Red disease,Bacterial Red Disease,0,current_freshwater-8e249477bae9,,Bacterial Red Disease|current_freshwater,7
current_freshwater-05838959fab3,current_freshwater,data/raw/current_freshwater/train_split/Bacterial Red disease/Bacterial Red disease_192.jpg,train_split/Bacterial Red disease/Bacterial Red disease_192.jpg,Bacterial Red disease,Bacterial Red Disease,0,current_freshwater-05838959fab3,,Bacterial Red Disease|current_freshwater,7
current_freshwater-52c12b4c5fd7,current_freshwater,data/raw/current_freshwater/train_split/Bacterial Red disease/Bacterial Red disease_197.jpg,train_split/Bacterial Red disease/Bacterial Red disease_197.jpg,Bacterial Red disease,Bacterial Red Disease,0,current_freshwater-52c12b4c5fd7,,Bacterial Red Disease|current_freshwater,7
current_freshwater-6a58e0321b74,current_freshwater,data/raw/current_freshwater/train_split/Bacterial Red disease/Bacterial Red disease_22.png,train_split/Bacterial Red disease/Bacterial Red disease_22.png,Bacterial Red disease,Bacterial Red Disease,0,current_freshwater-6a58e0321b74,,Bacterial Red Disease|current_freshwater,7
current_freshwater-bc918a7456d3,current_freshwater,data/raw/current_freshwater/train_split/Bacterial Red disease/Bacterial Red disease_237.jpg,train_split/Bacterial Red disease/Bacterial Red disease_237.jpg,Bacterial Red disease,Bacterial Red Disease,0,current_freshwater-9206a3078832,,Bacterial Red Disease|current_freshwater,7
current_freshwater-8f75e3048bbe,current_freshwater,data/raw/current_freshwater/train_split/Bacterial Red disease/Bacterial Red disease_84.jpg,train_split/Bacterial Red disease/Bacterial Red disease_84.jpg,Bacterial Red disease,Bacterial Red Disease,0,current_freshwater-8f75e3048bbe,,Bacterial Red Disease|current_freshwater,7
current_freshwater-d55783957d37,current_freshwater,data/raw/current_freshwater/train_split/Bacterial Red disease/Bacterial Red disease_85.jpg,train_split/Bacterial Red disease/Bacterial Red disease_85.jpg,Bacterial Red disease,Bacterial Red Disease,0,current_freshwater-d55783957d37,,Bacterial Red Disease|current_freshwater,7
current_freshwater-9206a3078832,current_freshwater,data/raw/current_freshwater/train_split/Bacterial Red disease/Bacterial Red disease_91.jpg,train_split/Bacterial Red disease/Bacterial Red disease_91.jpg,Bacterial Red disease,Bacterial Red Disease,0,current_freshwater-9206a3078832,,Bacterial Red Disease|current_freshwater,7
current_freshwater-4fbc7905e8d5,current_freshwater,data/raw/current_freshwater/train_split/Bacterial Red disease/Bacterial Red disease_97.jpg,train_split/Bacterial Red disease/Bacterial Red disease_97.jpg,Bacterial Red disease,Bacterial Red Disease,0,current_freshwater-4fbc7905e8d5,,Bacterial Red Disease|current_freshwater,7
current_freshwater-19d498655d7b,current_freshwater,data/raw/current_freshwater/train_split/Bacterial Red disease/Bacterial Red disease_aug_114.jpg,train_split/Bacterial Red disease/Bacterial Red disease_aug_114.jpg,Bacterial Red disease,Bacterial Red Disease,0,current_freshwater-19d498655d7b,,Bacterial Red Disease|current_freshwater,7
current_freshwater-73223bb158d3,current_freshwater,data/raw/current_freshwater/train_split/Bacterial Red disease/Bacterial Red disease_aug_137.jpg,train_split/Bacterial Red disease/Bacterial Red disease_aug_137.jpg,Bacterial Red disease,Bacterial Red Disease,0,current_freshwater-73223bb158d3,,Bacterial Red Disease|current_freshwater,7
current_freshwater-4a779fba7910,current_freshwater,data/raw/current_freshwater/train_split/Bacterial Red disease/Bacterial Red disease_aug_142.jpg,train_split/Bacterial Red disease/Bacterial Red disease_aug_142.jpg,Bacterial Red disease,Bacterial Red Disease,0,current_freshwater-4a779fba7910,,Bacterial Red Disease|current_freshwater,7
current_freshwater-c46d41cd8eae,current_freshwater,data/raw/current_freshwater/train_split/Bacterial Red disease/Bacterial Red disease_aug_144.jpg,train_split/Bacterial Red disease/Bacterial Red disease_aug_144.jpg,Bacterial Red disease,Bacterial Red Disease,0,current_freshwater-c46d41cd8eae,,Bacterial Red Disease|current_freshwater,7
current_freshwater-64ede0fdbfdb,current_freshwater,data/raw/current_freshwater/train_split/Bacterial Red disease/Bacterial Red disease_aug_150.jpg,train_split/Bacterial Red disease/Bacterial Red disease_aug_150.jpg,Bacterial Red disease,Bacterial Red Disease,0,current_freshwater-64ede0fdbfdb,,Bacterial Red Disease|current_freshwater,7
current_freshwater-3a84cf94f2ad,current_freshwater,data/raw/current_freshwater/train_split/Bacterial Red disease/Bacterial Red disease_aug_186.jpg,train_split/Bacterial Red disease/Bacterial Red disease_aug_186.jpg,Bacterial Red disease,Bacterial Red Disease,0,current_freshwater-059da44862a0,,Bacterial Red Disease|current_freshwater,7
current_freshwater-de6c0dba8414,current_freshwater,data/raw/current_freshwater/train_split/Bacterial Red disease/Bacterial Red disease_aug_205.jpg,train_split/Bacterial Red disease/Bacterial Red disease_aug_205.jpg,Bacterial Red disease,Bacterial Red Disease,0,current_freshwater-52c12b4c5fd7,,Bacterial Red Disease|current_freshwater,7
current_freshwater-2d52fe513cf4,current_freshwater,data/raw/current_freshwater/train_split/Bacterial Red disease/Bacterial Red disease_aug_214.jpg,train_split/Bacterial Red disease/Bacterial Red disease_aug_214.jpg,Bacterial Red disease,Bacterial Red Disease,0,current_freshwater-2d52fe513cf4,,Bacterial Red Disease|current_freshwater,7
current_freshwater-a6c9861d3c10,current_freshwater,data/raw/current_freshwater/train_split/Bacterial Red disease/Bacterial Red disease_aug_235.jpg,train_split/Bacterial Red disease/Bacterial Red disease_aug_235.jpg,Bacterial Red disease,Bacterial Red Disease,0,current_freshwater-8f75e3048bbe,,Bacterial Red Disease|current_freshwater,7
current_freshwater-c491765d6023,current_freshwater,data/raw/current_freshwater/train_split/Bacterial Red disease/Bacterial Red disease_aug_251.jpg,train_split/Bacterial Red disease/Bacterial Red disease_aug_251.jpg,Bacterial Red disease,Bacterial Red Disease,0,current_freshwater-c491765d6023,,Bacterial Red Disease|current_freshwater,7
current_freshwater-4fc4c7f993ab,current_freshwater,data/raw/current_freshwater/train_split/Bacterial Red disease/Bacterial Red disease_aug_315.jpg,train_split/Bacterial Red disease/Bacterial Red disease_aug_315.jpg,Bacterial Red disease,Bacterial Red Disease,0,current_freshwater-4fc4c7f993ab,,Bacterial Red Disease|current_freshwater,7
current_freshwater-8ae2d27ebc23,current_freshwater,data/raw/current_freshwater/train_split/Bacterial Red disease/Bacterial Red disease_aug_323.jpg,train_split/Bacterial Red disease/Bacterial Red disease_aug_323.jpg,Bacterial Red disease,Bacterial Red Disease,0,current_freshwater-8ae2d27ebc23,,Bacterial Red Disease|current_freshwater,7
current_freshwater-f3d1187897db,current_freshwater,data/raw/current_freshwater/train_split/Bacterial Red disease/Bacterial Red disease_aug_329.jpg,train_split/Bacterial Red disease/Bacterial Red disease_aug_329.jpg,Bacterial Red disease,Bacterial Red Disease,0,current_freshwater-f3d1187897db,,Bacterial Red Disease|current_freshwater,7
current_freshwater-881616624878,current_freshwater,data/raw/current_freshwater/train_split/Bacterial Red disease/Bacterial Red disease_aug_333.jpg,train_split/Bacterial Red disease/Bacterial Red disease_aug_333.jpg,Bacterial Red disease,Bacterial Red Disease,0,current_freshwater-881616624878,,Bacterial Red Disease|current_freshwater,7
current_freshwater-d8e9bc5d6c5a,current_freshwater,data/raw/current_freshwater/train_split/Bacterial Red disease/Bacterial Red disease_aug_336.jpg,train_split/Bacterial Red disease/Bacterial Red disease_aug_336.jpg,Bacterial Red disease,Bacterial Red Disease,0,current_freshwater-d8e9bc5d6c5a,,Bacterial Red Disease|current_freshwater,7
current_freshwater-4d7489bdaa0a,current_freshwater,data/raw/current_freshwater/train_split/Bacterial Red disease/Bacterial Red disease_aug_43.jpg,train_split/Bacterial Red disease/Bacterial Red disease_aug_43.jpg,Bacterial Red disease,Bacterial Red Disease,0,current_freshwater-4d7489bdaa0a,,Bacterial Red Disease|current_freshwater,7
current_freshwater-fc67f32bd54e,current_freshwater,data/raw/current_freshwater/train_split/Bacterial Red disease/Bacterial Red disease_aug_49.jpg,train_split/Bacterial Red disease/Bacterial Red disease_aug_49.jpg,Bacterial Red disease,Bacterial Red Disease,0,current_freshwater-fc67f32bd54e,,Bacterial Red Disease|current_freshwater,7
current_freshwater-53bc49914c4f,current_freshwater,data/raw/current_freshwater/train_split/Bacterial Red disease/Bacterial Red disease_aug_62.jpg,train_split/Bacterial Red disease/Bacterial Red disease_aug_62.jpg,Bacterial Red disease,Bacterial Red Disease,0,current_freshwater-53bc49914c4f,,Bacterial Red Disease|current_freshwater,7
current_freshwater-48e2754f9a4c,current_freshwater,data/raw/current_freshwater/train_split/Bacterial Red disease/Bacterial Red disease_aug_99.jpg,train_split/Bacterial Red disease/Bacterial Red disease_aug_99.jpg,Bacterial Red disease,Bacterial Red Disease,0,current_freshwater-48e2754f9a4c,,Bacterial Red Disease|current_freshwater,7
roboflow-7267def8e114,roboflow,data/raw/roboflow/valid/Bacterial Red disease/Bacterial-Red-disease-10-_jpg.rf.bd891b2ba98f56c23d7d32da37550757.jpg,valid/Bacterial Red disease/Bacterial-Red-disease-10-_jpg.rf.bd891b2ba98f56c23d7d32da37550757.jpg,Bacterial Red disease,Bacterial Red Disease,0,roboflow-7267def8e114,,Bacterial Red Disease|roboflow,7
roboflow-07ee2d69f741,roboflow,data/raw/roboflow/valid/Bacterial Red disease/Bacterial-Red-disease-24-_jpg.rf.ce49901d27b09b8ef62ec2472a03adcb.jpg,valid/Bacterial Red disease/Bacterial-Red-disease-24-_jpg.rf.ce49901d27b09b8ef62ec2472a03adcb.jpg,Bacterial Red disease,Bacterial Red Disease,0,roboflow-07ee2d69f741,,Bacterial Red Disease|roboflow,7
current_freshwater-4e28530c5f6e,current_freshwater,data/raw/current_freshwater/test_split/Bacterial diseases - Aeromoniasis_Bacterial diseases - Aeromoniasis_180.jpg,test_split/Bacterial diseases - Aeromoniasis_Bacterial diseases - Aeromoniasis_180.jpg,Bacterial diseases - Aeromoniasis,Aeromoniasis,1,current_freshwater-4e28530c5f6e,,Aeromoniasis|current_freshwater,7
current_freshwater-2fe6c4f6da1e,current_freshwater,data/raw/current_freshwater/test_split/Bacterial diseases - Aeromoniasis_Bacterial diseases - Aeromoniasis_215.jpg,test_split/Bacterial diseases - Aeromoniasis_Bacterial diseases - Aeromoniasis_215.jpg,Bacterial diseases - Aeromoniasis,Aeromoniasis,1,current_freshwater-2fe6c4f6da1e,,Aeromoniasis|current_freshwater,7
current_freshwater-f7d3414e216d,current_freshwater,data/raw/current_freshwater/test_split/Bacterial diseases - Aeromoniasis_Bacterial diseases - Aeromoniasis_239.jpg,test_split/Bacterial diseases - Aeromoniasis_Bacterial diseases - Aeromoniasis_239.jpg,Bacterial diseases - Aeromoniasis,Aeromoniasis,1,current_freshwater-f7d3414e216d,,Aeromoniasis|current_freshwater,7
current_freshwater-c771c7dd6d73,current_freshwater,data/raw/current_freshwater/test_split/Bacterial diseases - Aeromoniasis_Bacterial diseases - Aeromoniasis_7.jpg,test_split/Bacterial diseases - Aeromoniasis_Bacterial diseases - Aeromoniasis_7.jpg,Bacterial diseases - Aeromoniasis,Aeromoniasis,1,current_freshwater-9f9e3907cb14,,Aeromoniasis|current_freshwater,7
current_freshwater-d8ee8de0f277,current_freshwater,data/raw/current_freshwater/train_split/Bacterial diseases - Aeromoniasis/Bacterial diseases - Aeromoniasis_130.jpg,train_split/Bacterial diseases - Aeromoniasis/Bacterial diseases - Aeromoniasis_130.jpg,Bacterial diseases - Aeromoniasis,Aeromoniasis,1,current_freshwater-d8ee8de0f277,,Aeromoniasis|current_freshwater,7
current_freshwater-e1e337f6b019,current_freshwater,data/raw/current_freshwater/train_split/Bacterial diseases - Aeromoniasis/Bacterial diseases - Aeromoniasis_132.jpg,train_split/Bacterial diseases - Aeromoniasis/Bacterial diseases - Aeromoniasis_132.jpg,Bacterial diseases - Aeromoniasis,Aeromoniasis,1,current_freshwater-e1e337f6b019,,Aeromoniasis|current_freshwater,7
current_freshwater-70c27adedf12,current_freshwater,data/raw/current_freshwater/train_split/Bacterial diseases - Aeromoniasis/Bacterial diseases - Aeromoniasis_165.jpg,train_split/Bacterial diseases - Aeromoniasis/Bacterial diseases - Aeromoniasis_165.jpg,Bacterial diseases - Aeromoniasis,Aeromoniasis,1,current_freshwater-70c27adedf12,,Aeromoniasis|current_freshwater,7
current_freshwater-69398e5f1f07,current_freshwater,data/raw/current_freshwater/train_split/Bacterial diseases - Aeromoniasis/Bacterial diseases - Aeromoniasis_183.jpg,train_split/Bacterial diseases - Aeromoniasis/Bacterial diseases - Aeromoniasis_183.jpg,Bacterial diseases - Aeromoniasis,Aeromoniasis,1,current_freshwater-69398e5f1f07,,Aeromoniasis|current_freshwater,7
current_freshwater-178952e3a96a,current_freshwater,data/raw/current_freshwater/train_split/Bacterial diseases - Aeromoniasis/Bacterial diseases - Aeromoniasis_192.jpg,train_split/Bacterial diseases - Aeromoniasis/Bacterial diseases - Aeromoniasis_192.jpg,Bacterial diseases - Aeromoniasis,Aeromoniasis,1,current_freshwater-178952e3a96a,,Aeromoniasis|current_freshwater,7
current_freshwater-22a9446d37e4,current_freshwater,data/raw/current_freshwater/train_split/Bacterial diseases - Aeromoniasis/Bacterial diseases - Aeromoniasis_201.jpg,train_split/Bacterial diseases - Aeromoniasis/Bacterial diseases - Aeromoniasis_201.jpg,Bacterial diseases - Aeromoniasis,Aeromoniasis,1,current_freshwater-22a9446d37e4,,Aeromoniasis|current_freshwater,7
current_freshwater-dff481806839,current_freshwater,data/raw/current_freshwater/train_split/Bacterial diseases - Aeromoniasis/Bacterial diseases - Aeromoniasis_218.jpg,train_split/Bacterial diseases - Aeromoniasis/Bacterial diseases - Aeromoniasis_218.jpg,Bacterial diseases - Aeromoniasis,Aeromoniasis,1,current_freshwater-dff481806839,,Aeromoniasis|current_freshwater,7
current_freshwater-f9a51f983090,current_freshwater,data/raw/current_freshwater/train_split/Bacterial diseases - Aeromoniasis/Bacterial diseases - Aeromoniasis_230.jpg,train_split/Bacterial diseases - Aeromoniasis/Bacterial diseases - Aeromoniasis_230.jpg,Bacterial diseases - Aeromoniasis,Aeromoniasis,1,current_freshwater-f9a51f983090,,Aeromoniasis|current_freshwater,7
current_freshwater-258e2020e224,current_freshwater,data/raw/current_freshwater/train_split/Bacterial diseases - Aeromoniasis/Bacterial diseases - Aeromoniasis_29.jpg,train_split/Bacterial diseases - Aeromoniasis/Bacterial diseases - Aeromoniasis_29.jpg,Bacterial diseases - Aeromoniasis,Aeromoniasis,1,current_freshwater-258e2020e224,,Aeromoniasis|current_freshwater,7
current_freshwater-fe25972cd263,current_freshwater,data/raw/current_freshwater/train_split/Bacterial diseases - Aeromoniasis/Bacterial diseases - Aeromoniasis_35.jpg,train_split/Bacterial diseases - Aeromoniasis/Bacterial diseases - Aeromoniasis_35.jpg,Bacterial diseases - Aeromoniasis,Aeromoniasis,1,current_freshwater-fe25972cd263,,Aeromoniasis|current_freshwater,7
current_freshwater-07ae42c567ed,current_freshwater,data/raw/current_freshwater/train_split/Bacterial diseases - Aeromoniasis/Bacterial diseases - Aeromoniasis_44.jpg,train_split/Bacterial diseases - Aeromoniasis/Bacterial diseases - Aeromoniasis_44.jpg,Bacterial diseases - Aeromoniasis,Aeromoniasis,1,current_freshwater-07ae42c567ed,,Aeromoniasis|current_freshwater,7
current_freshwater-71a1f06909f6,current_freshwater,data/raw/current_freshwater/train_split/Bacterial diseases - Aeromoniasis/Bacterial diseases - Aeromoniasis_83.jpg,train_split/Bacterial diseases - Aeromoniasis/Bacterial diseases - Aeromoniasis_83.jpg,Bacterial diseases - Aeromoniasis,Aeromoniasis,1,current_freshwater-71a1f06909f6,,Aeromoniasis|current_freshwater,7
current_freshwater-ad4c103067ef,current_freshwater,data/raw/current_freshwater/train_split/Bacterial diseases - Aeromoniasis/Bacterial diseases - Aeromoniasis_88.jpg,train_split/Bacterial diseases - Aeromoniasis/Bacterial diseases - Aeromoniasis_88.jpg,Bacterial diseases - Aeromoniasis,Aeromoniasis,1,current_freshwater-1c5c5a97a121,,Aeromoniasis|current_freshwater,7
current_freshwater-3c7efd4c3f0a,current_freshwater,data/raw/current_freshwater/train_split/Bacterial diseases - Aeromoniasis/Bacterial diseases - Aeromoniasis_aug_0.jpg,train_split/Bacterial diseases - Aeromoniasis/Bacterial diseases - Aeromoniasis_aug_0.jpg,Bacterial diseases - Aeromoniasis,Aeromoniasis,1,current_freshwater-3c7efd4c3f0a,,Aeromoniasis|current_freshwater,7
current_freshwater-7c002645244d,current_freshwater,data/raw/current_freshwater/train_split/Bacterial diseases - Aeromoniasis/Bacterial diseases - Aeromoniasis_aug_1.jpg,train_split/Bacterial diseases - Aeromoniasis/Bacterial diseases - Aeromoniasis_aug_1.jpg,Bacterial diseases - Aeromoniasis,Aeromoniasis,1,current_freshwater-3c7efd4c3f0a,,Aeromoniasis|current_freshwater,7
current_freshwater-9f9e3907cb14,current_freshwater,data/raw/current_freshwater/train_split/Bacterial diseases - Aeromoniasis/Bacterial diseases - Aeromoniasis_aug_104.jpg,train_split/Bacterial diseases - Aeromoniasis/Bacterial diseases - Aeromoniasis_aug_104.jpg,Bacterial diseases - Aeromoniasis,Aeromoniasis,1,current_freshwater-9f9e3907cb14,,Aeromoniasis|current_freshwater,7
current_freshwater-c0df97f16bbe,current_freshwater,data/raw/current_freshwater/train_split/Bacterial diseases - Aeromoniasis/Bacterial diseases - Aeromoniasis_aug_106.jpg,train_split/Bacterial diseases - Aeromoniasis/Bacterial diseases - Aeromoniasis_aug_106.jpg,Bacterial diseases - Aeromoniasis,Aeromoniasis,1,current_freshwater-c0df97f16bbe,,Aeromoniasis|current_freshwater,7
current_freshwater-a911f5fa34fb,current_freshwater,data/raw/current_freshwater/train_split/Bacterial diseases - Aeromoniasis/Bacterial diseases - Aeromoniasis_aug_117.jpg,train_split/Bacterial diseases - Aeromoniasis/Bacterial diseases - Aeromoniasis_aug_117.jpg,Bacterial diseases - Aeromoniasis,Aeromoniasis,1,current_freshwater-a911f5fa34fb,,Aeromoniasis|current_freshwater,7
current_freshwater-92b4ce15f322,current_freshwater,data/raw/current_freshwater/train_split/Bacterial diseases - Aeromoniasis/Bacterial diseases - Aeromoniasis_aug_133.jpg,train_split/Bacterial diseases - Aeromoniasis/Bacterial diseases - Aeromoniasis_aug_133.jpg,Bacterial diseases - Aeromoniasis,Aeromoniasis,1,current_freshwater-92b4ce15f322,,Aeromoniasis|current_freshwater,7
current_freshwater-4d6921e8f1a6,current_freshwater,data/raw/current_freshwater/train_split/Bacterial diseases - Aeromoniasis/Bacterial diseases - Aeromoniasis_aug_140.jpg,train_split/Bacterial diseases - Aeromoniasis/Bacterial diseases - Aeromoniasis_aug_140.jpg,Bacterial diseases - Aeromoniasis,Aeromoniasis,1,current_freshwater-4d6921e8f1a6,,Aeromoniasis|current_freshwater,7
current_freshwater-6dbcde375adb,current_freshwater,data/raw/current_freshwater/train_split/Bacterial diseases - Aeromoniasis/Bacterial diseases - Aeromoniasis_aug_166.jpg,train_split/Bacterial diseases - Aeromoniasis/Bacterial diseases - Aeromoniasis_aug_166.jpg,Bacterial diseases - Aeromoniasis,Aeromoniasis,1,current_freshwater-6dbcde375adb,,Aeromoniasis|current_freshwater,7
current_freshwater-0013455ce978,current_freshwater,data/raw/current_freshwater/train_split/Bacterial diseases - Aeromoniasis/Bacterial diseases - Aeromoniasis_aug_167.jpg,train_split/Bacterial diseases - Aeromoniasis/Bacterial diseases - Aeromoniasis_aug_167.jpg,Bacterial diseases - Aeromoniasis,Aeromoniasis,1,current_freshwater-0013455ce978,,Aeromoniasis|current_freshwater,7
current_freshwater-0306756bdac7,current_freshwater,data/raw/current_freshwater/train_split/Bacterial diseases - Aeromoniasis/Bacterial diseases - Aeromoniasis_aug_179.jpg,train_split/Bacterial diseases - Aeromoniasis/Bacterial diseases - Aeromoniasis_aug_179.jpg,Bacterial diseases - Aeromoniasis,Aeromoniasis,1,current_freshwater-0306756bdac7,,Aeromoniasis|current_freshwater,7
current_freshwater-1c5c5a97a121,current_freshwater,data/raw/current_freshwater/train_split/Bacterial diseases - Aeromoniasis/Bacterial diseases - Aeromoniasis_aug_209.jpg,train_split/Bacterial diseases - Aeromoniasis/Bacterial diseases - Aeromoniasis_aug_209.jpg,Bacterial diseases - Aeromoniasis,Aeromoniasis,1,current_freshwater-1c5c5a97a121,,Aeromoniasis|current_freshwater,7
current_freshwater-c422dba2a5b6,current_freshwater,data/raw/current_freshwater/train_split/Bacterial diseases - Aeromoniasis/Bacterial diseases - Aeromoniasis_aug_231.jpg,train_split/Bacterial diseases - Aeromoniasis/Bacterial diseases - Aeromoniasis_aug_231.jpg,Bacterial diseases - Aeromoniasis,Aeromoniasis,1,current_freshwater-c422dba2a5b6,,Aeromoniasis|current_freshwater,7
current_freshwater-e6176970ae62,current_freshwater,data/raw/current_freshwater/train_split/Bacterial diseases - Aeromoniasis/Bacterial diseases - Aeromoniasis_aug_239.jpg,train_split/Bacterial diseases - Aeromoniasis/Bacterial diseases - Aeromoniasis_aug_239.jpg,Bacterial diseases - Aeromoniasis,Aeromoniasis,1,current_freshwater-e6176970ae62,,Aeromoniasis|current_freshwater,7
current_freshwater-464ede51eef9,current_freshwater,data/raw/current_freshwater/train_split/Bacterial diseases - Aeromoniasis/Bacterial diseases - Aeromoniasis_aug_244.jpg,train_split/Bacterial diseases - Aeromoniasis/Bacterial diseases - Aeromoniasis_aug_244.jpg,Bacterial diseases - Aeromoniasis,Aeromoniasis,1,current_freshwater-464ede51eef9,,Aeromoniasis|current_freshwater,7
current_freshwater-a96b33d92b11,current_freshwater,data/raw/current_freshwater/train_split/Bacterial diseases - Aeromoniasis/Bacterial diseases - Aeromoniasis_aug_28.jpg,train_split/Bacterial diseases - Aeromoniasis/Bacterial diseases - Aeromoniasis_aug_28.jpg,Bacterial diseases - Aeromoniasis,Aeromoniasis,1,current_freshwater-a96b33d92b11,,Aeromoniasis|current_freshwater,7
current_freshwater-984a2425ea1f,current_freshwater,data/raw/current_freshwater/train_split/Bacterial diseases - Aeromoniasis/Bacterial diseases - Aeromoniasis_aug_61.jpg,train_split/Bacterial diseases - Aeromoniasis/Bacterial diseases - Aeromoniasis_aug_61.jpg,Bacterial diseases - Aeromoniasis,Aeromoniasis,1,current_freshwater-984a2425ea1f,,Aeromoniasis|current_freshwater,7
current_freshwater-b51e33f5ea0e,current_freshwater,data/raw/current_freshwater/train_split/Bacterial diseases - Aeromoniasis/Bacterial diseases - Aeromoniasis_aug_62.jpg,train_split/Bacterial diseases - Aeromoniasis/Bacterial diseases - Aeromoniasis_aug_62.jpg,Bacterial diseases - Aeromoniasis,Aeromoniasis,1,current_freshwater-b51e33f5ea0e,,Aeromoniasis|current_freshwater,7
current_freshwater-d40e043d4f25,current_freshwater,data/raw/current_freshwater/train_split/Bacterial diseases - Aeromoniasis/Bacterial diseases - Aeromoniasis_aug_77.jpg,train_split/Bacterial diseases - Aeromoniasis/Bacterial diseases - Aeromoniasis_aug_77.jpg,Bacterial diseases - Aeromoniasis,Aeromoniasis,1,current_freshwater-d40e043d4f25,,Aeromoniasis|current_freshwater,7
current_freshwater-a8855b13b199,current_freshwater,data/raw/current_freshwater/train_split/Bacterial diseases - Aeromoniasis/Bacterial diseases - Aeromoniasis_aug_86.jpg,train_split/Bacterial diseases - Aeromoniasis/Bacterial diseases - Aeromoniasis_aug_86.jpg,Bacterial diseases - Aeromoniasis,Aeromoniasis,1,current_freshwater-a8855b13b199,,Aeromoniasis|current_freshwater,7
roboflow-0084f052a7e1,roboflow,data/raw/roboflow/train/Bacterial diseases - Aeromoniasis/Bacterial-diseases-Aeromoniasis-18-_jpg.rf.e7db41cdb7e7db68b71d201233604cbc.jpg,train/Bacterial diseases - Aeromoniasis/Bacterial-diseases-Aeromoniasis-18-_jpg.rf.e7db41cdb7e7db68b71d201233604cbc.jpg,Bacterial diseases - Aeromoniasis,Aeromoniasis,1,roboflow-0084f052a7e1,,Aeromoniasis|roboflow,7
roboflow-0b9c1ecacdb3,roboflow,data/raw/roboflow/train/Bacterial diseases - Aeromoniasis/Bacterial-diseases-Aeromoniasis-28-_jpg.rf.fc8181040e8ae92273e20fa2e4f375c1.jpg,train/Bacterial diseases - Aeromoniasis/Bacterial-diseases-Aeromoniasis-28-_jpg.rf.fc8181040e8ae92273e20fa2e4f375c1.jpg,Bacterial diseases - Aeromoniasis,Aeromoniasis,1,current_freshwater-70c27adedf12,,Aeromoniasis|current_freshwater,7
roboflow-981a4dae2b08,roboflow,data/raw/roboflow/valid/Bacterial diseases - Aeromoniasis/Bacterial-diseases-Aeromoniasis-2-_jpeg.rf.9fe50a0e50cb566a1d361236db799dd9.jpg,valid/Bacterial diseases - Aeromoniasis/Bacterial-diseases-Aeromoniasis-2-_jpeg.rf.9fe50a0e50cb566a1d361236db799dd9.jpg,Bacterial diseases - Aeromoniasis,Aeromoniasis,1,roboflow-981a4dae2b08,,Aeromoniasis|roboflow,7
current_freshwater-e39e67cfe89a,current_freshwater,data/raw/current_freshwater/test_split/Bacterial gill disease_Bacterial gill disease_10.jpeg,test_split/Bacterial gill disease_Bacterial gill disease_10.jpeg,Bacterial gill disease,Bacterial Gill Disease,2,current_freshwater-e39e67cfe89a,,Bacterial Gill Disease|current_freshwater,7
current_freshwater-eb70913dffa1,current_freshwater,data/raw/current_freshwater/train_split/Bacterial gill disease/Bacterial gill disease_101.jpg,train_split/Bacterial gill disease/Bacterial gill disease_101.jpg,Bacterial gill disease,Bacterial Gill Disease,2,current_freshwater-eb70913dffa1,,Bacterial Gill Disease|current_freshwater,7
current_freshwater-98e9a1406756,current_freshwater,data/raw/current_freshwater/train_split/Bacterial gill disease/Bacterial gill disease_140.jpg,train_split/Bacterial gill disease/Bacterial gill disease_140.jpg,Bacterial gill disease,Bacterial Gill Disease,2,current_freshwater-98e9a1406756,,Bacterial Gill Disease|current_freshwater,7
current_freshwater-eb335af680cd,current_freshwater,data/raw/current_freshwater/train_split/Bacterial gill disease/Bacterial gill disease_160.jpg,train_split/Bacterial gill disease/Bacterial gill disease_160.jpg,Bacterial gill disease,Bacterial Gill Disease,2,current_freshwater-eb335af680cd,,Bacterial Gill Disease|current_freshwater,7
current_freshwater-713e068659c9,current_freshwater,data/raw/current_freshwater/train_split/Bacterial gill disease/Bacterial gill disease_174.jpg,train_split/Bacterial gill disease/Bacterial gill disease_174.jpg,Bacterial gill disease,Bacterial Gill Disease,2,current_freshwater-713e068659c9,,Bacterial Gill Disease|current_freshwater,7
current_freshwater-aa44593af927,current_freshwater,data/raw/current_freshwater/train_split/Bacterial gill disease/Bacterial gill disease_184.jpg,train_split/Bacterial gill disease/Bacterial gill disease_184.jpg,Bacterial gill disease,Bacterial Gill Disease,2,current_freshwater-aa44593af927,,Bacterial Gill Disease|current_freshwater,7
current_freshwater-c66777c9311d,current_freshwater,data/raw/current_freshwater/train_split/Bacterial gill disease/Bacterial gill disease_195.jpg,train_split/Bacterial gill disease/Bacterial gill disease_195.jpg,Bacterial gill disease,Bacterial Gill Disease,2,current_freshwater-c66777c9311d,,Bacterial Gill Disease|current_freshwater,7
current_freshwater-3bb242a710df,current_freshwater,data/raw/current_freshwater/train_split/Bacterial gill disease/Bacterial gill disease_230.jpg,train_split/Bacterial gill disease/Bacterial gill disease_230.jpg,Bacterial gill disease,Bacterial Gill Disease,2,current_freshwater-3bb242a710df,,Bacterial Gill Disease|current_freshwater,7
current_freshwater-cf4f2b004408,current_freshwater,data/raw/current_freshwater/train_split/Bacterial gill disease/Bacterial gill disease_249.jpg,train_split/Bacterial gill disease/Bacterial gill disease_249.jpg,Bacterial gill disease,Bacterial Gill Disease,2,current_freshwater-1d41011bfcf9,,Bacterial Gill Disease|current_freshwater,7
current_freshwater-bd998aba1dfc,current_freshwater,data/raw/current_freshwater/train_split/Bacterial gill disease/Bacterial gill disease_258.jpg,train_split/Bacterial gill disease/Bacterial gill disease_258.jpg,Bacterial gill disease,Bacterial Gill Disease,2,current_freshwater-bd998aba1dfc,,Bacterial Gill Disease|current_freshwater,7
current_freshwater-4e172242383e,current_freshwater,data/raw/current_freshwater/train_split/Bacterial gill disease/Bacterial gill disease_272.jpg,train_split/Bacterial gill disease/Bacterial gill disease_272.jpg,Bacterial gill disease,Bacterial Gill Disease,2,current_freshwater-4e172242383e,,Bacterial Gill Disease|current_freshwater,7
current_freshwater-883175aede58,current_freshwater,data/raw/current_freshwater/train_split/Bacterial gill disease/Bacterial gill disease_277.jpg,train_split/Bacterial gill disease/Bacterial gill disease_277.jpg,Bacterial gill disease,Bacterial Gill Disease,2,current_freshwater-883175aede58,,Bacterial Gill Disease|current_freshwater,7
current_freshwater-1236643030c1,current_freshwater,data/raw/current_freshwater/train_split/Bacterial gill disease/Bacterial gill disease_373.jpg,train_split/Bacterial gill disease/Bacterial gill disease_373.jpg,Bacterial gill disease,Bacterial Gill Disease,2,current_freshwater-1236643030c1,,Bacterial Gill Disease|current_freshwater,7
current_freshwater-5d6c5510f466,current_freshwater,data/raw/current_freshwater/train_split/Bacterial gill disease/Bacterial gill disease_375.jpg,train_split/Bacterial gill disease/Bacterial gill disease_375.jpg,Bacterial gill disease,Bacterial Gill Disease,2,current_freshwater-5d6c5510f466,,Bacterial Gill Disease|current_freshwater,7
current_freshwater-47ee72f1182a,current_freshwater,data/raw/current_freshwater/train_split/Bacterial gill disease/Bacterial gill disease_54.jpg,train_split/Bacterial gill disease/Bacterial gill disease_54.jpg,Bacterial gill disease,Bacterial Gill Disease,2,current_freshwater-47ee72f1182a,,Bacterial Gill Disease|current_freshwater,7
current_freshwater-725984fd5f07,current_freshwater,data/raw/current_freshwater/train_split/Bacterial gill disease/Bacterial gill disease_68.jpg,train_split/Bacterial gill disease/Bacterial gill disease_68.jpg,Bacterial gill disease,Bacterial Gill Disease,2,current_freshwater-725984fd5f07,,Bacterial Gill Disease|current_freshwater,7
current_freshwater-c8ec0f5c3da5,current_freshwater,data/raw/current_freshwater/train_split/Bacterial gill disease/Bacterial gill disease_74.jpg,train_split/Bacterial gill disease/Bacterial gill disease_74.jpg,Bacterial gill disease,Bacterial Gill Disease,2,current_freshwater-c8ec0f5c3da5,,Bacterial Gill Disease|current_freshwater,7
current_freshwater-7da84e97d400,current_freshwater,data/raw/current_freshwater/train_split/Bacterial gill disease/Bacterial gill disease_82.jpg,train_split/Bacterial gill disease/Bacterial gill disease_82.jpg,Bacterial gill disease,Bacterial Gill Disease,2,current_freshwater-7da84e97d400,,Bacterial Gill Disease|current_freshwater,7
current_freshwater-f0f20c826e0a,current_freshwater,data/raw/current_freshwater/train_split/Bacterial gill disease/Bacterial gill disease_92.jpg,train_split/Bacterial gill disease/Bacterial gill disease_92.jpg,Bacterial gill disease,Bacterial Gill Disease,2,current_freshwater-f0f20c826e0a,,Bacterial Gill Disease|current_freshwater,7
current_freshwater-940d47346c67,current_freshwater,data/raw/current_freshwater/train_split/Bacterial gill disease/Bacterial gill disease_96.jpg,train_split/Bacterial gill disease/Bacterial gill disease_96.jpg,Bacterial gill disease,Bacterial Gill Disease,2,current_freshwater-940d47346c67,,Bacterial Gill Disease|current_freshwater,7
current_freshwater-28843386baf2,current_freshwater,data/raw/current_freshwater/train_split/Bacterial gill disease/Bacterial gill disease_97.jpg,train_split/Bacterial gill disease/Bacterial gill disease_97.jpg,Bacterial gill disease,Bacterial Gill Disease,2,current_freshwater-28843386baf2,,Bacterial Gill Disease|current_freshwater,7
current_freshwater-7d7dd73b53af,current_freshwater,data/raw/current_freshwater/train_split/Bacterial gill disease/Bacterial gill disease_aug_100.jpg,train_split/Bacterial gill disease/Bacterial gill disease_aug_100.jpg,Bacterial gill disease,Bacterial Gill Disease,2,current_freshwater-713e068659c9,,Bacterial Gill Disease|current_freshwater,7
current_freshwater-90b217cdb93e,current_freshwater,data/raw/current_freshwater/train_split/Bacterial gill disease/Bacterial gill disease_aug_101.jpg,train_split/Bacterial gill disease/Bacterial gill disease_aug_101.jpg,Bacterial gill disease,Bacterial Gill Disease,2,current_freshwater-90b217cdb93e,,Bacterial Gill Disease|current_freshwater,7
current_freshwater-1d41011bfcf9,current_freshwater,data/raw/current_freshwater/train_split/Bacterial gill disease/Bacterial gill disease_aug_11.jpg,train_split/Bacterial gill disease/Bacterial gill disease_aug_11.jpg,Bacterial gill disease,Bacterial Gill Disease,2,current_freshwater-1d41011bfcf9,,Bacterial Gill Disease|current_freshwater,7
current_freshwater-4a777dec8940,current_freshwater,data/raw/current_freshwater/train_split/Bacterial gill disease/Bacterial gill disease_aug_119.jpg,train_split/Bacterial gill disease/Bacterial gill disease_aug_119.jpg,Bacterial gill disease,Bacterial Gill Disease,2,current_freshwater-4a777dec8940,,Bacterial Gill Disease|current_freshwater,7
current_freshwater-3ead5091402d,current_freshwater,data/raw/current_freshwater/train_split/Bacterial gill disease/Bacterial gill disease_aug_124.jpg,train_split/Bacterial gill disease/Bacterial gill disease_aug_124.jpg,Bacterial gill disease,Bacterial Gill Disease,2,current_freshwater-3ead5091402d,,Bacterial Gill Disease|current_freshwater,7
current_freshwater-4d440b4ea52a,current_freshwater,data/raw/current_freshwater/train_split/Bacterial gill disease/Bacterial gill disease_aug_131.jpg,train_split/Bacterial gill disease/Bacterial gill disease_aug_131.jpg,Bacterial gill disease,Bacterial Gill Disease,2,current_freshwater-4d440b4ea52a,,Bacterial Gill Disease|current_freshwater,7
current_freshwater-6e2ddd70d93f,current_freshwater,data/raw/current_freshwater/train_split/Bacterial gill disease/Bacterial gill disease_aug_14.jpg,train_split/Bacterial gill disease/Bacterial gill disease_aug_14.jpg,Bacterial gill disease,Bacterial Gill Disease,2,current_freshwater-6e2ddd70d93f,,Bacterial Gill Disease|current_freshwater,7
current_freshwater-b07fbfdfff3a,current_freshwater,data/raw/current_freshwater/train_split/Bacterial gill disease/Bacterial gill disease_aug_181.jpg,train_split/Bacterial gill disease/Bacterial gill disease_aug_181.jpg,Bacterial gill disease,Bacterial Gill Disease,2,current_freshwater-aa44593af927,,Bacterial Gill Disease|current_freshwater,7
current_freshwater-a4ca098bc571,current_freshwater,data/raw/current_freshwater/train_split/Bacterial gill disease/Bacterial gill disease_aug_183.jpg,train_split/Bacterial gill disease/Bacterial gill disease_aug_183.jpg,Bacterial gill disease,Bacterial Gill Disease,2,current_freshwater-4e172242383e,,Bacterial Gill Disease|current_freshwater,7
current_freshwater-3858905a6f89,current_freshwater,data/raw/current_freshwater/train_split/Bacterial gill disease/Bacterial gill disease_aug_221.jpg,train_split/Bacterial gill disease/Bacterial gill disease_aug_221.jpg,Bacterial gill disease,Bacterial Gill Disease,2,current_freshwater-3858905a6f89,,Bacterial Gill Disease|current_freshwater,7
current_freshwater-877ec7d4706a,current_freshwater,data/raw/current_freshwater/train_split/Bacterial gill disease/Bacterial gill disease_aug_23.jpg,train_split/Bacterial gill disease/Bacterial gill disease_aug_23.jpg,Bacterial gill disease,Bacterial Gill Disease,2,current_freshwater-877ec7d4706a,,Bacterial Gill Disease|current_freshwater,7
current_freshwater-d3abc223411f,current_freshwater,data/raw/current_freshwater/train_split/Bacterial gill disease/Bacterial gill disease_aug_255.jpg,train_split/Bacterial gill disease/Bacterial gill disease_aug_255.jpg,Bacterial gill disease,Bacterial Gill Disease,2,current_freshwater-d3abc223411f,,Bacterial Gill Disease|current_freshwater,7
current_freshwater-4537a406b92c,current_freshwater,data/raw/current_freshwater/train_split/Bacterial gill disease/Bacterial gill disease_aug_48.jpg,train_split/Bacterial gill disease/Bacterial gill disease_aug_48.jpg,Bacterial gill disease,Bacterial Gill Disease,2,current_freshwater-4537a406b92c,,Bacterial Gill Disease|current_freshwater,7
current_freshwater-3ccdca59ce3c,current_freshwater,data/raw/current_freshwater/train_split/Bacterial gill disease/Bacterial gill disease_aug_96.jpg,train_split/Bacterial gill disease/Bacterial gill disease_aug_96.jpg,Bacterial gill disease,Bacterial Gill Disease,2,current_freshwater-3ccdca59ce3c,,Bacterial Gill Disease|current_freshwater,7
roboflow-b822b262f10f,roboflow,data/raw/roboflow/train/Bacterial gill disease/Bacterial-gill-disease-1-_png.rf.93b0ba03ddb7a74f68cf865d6ec8be6d.jpg,train/Bacterial gill disease/Bacterial-gill-disease-1-_png.rf.93b0ba03ddb7a74f68cf865d6ec8be6d.jpg,Bacterial gill disease,Bacterial Gill Disease,2,roboflow-b822b262f10f,,Bacterial Gill Disease|roboflow,7
roboflow-4904469c7c3f,roboflow,data/raw/roboflow/train/Bacterial gill disease/Bacterial-gill-disease-3-_png.rf.7937521fad6a36a8bdb532c002b40c4b.jpg,train/Bacterial gill disease/Bacterial-gill-disease-3-_png.rf.7937521fad6a36a8bdb532c002b40c4b.jpg,Bacterial gill disease,Bacterial Gill Disease,2,roboflow-4904469c7c3f,,Bacterial Gill Disease|roboflow,7
roboflow-137117a14def,roboflow,data/raw/roboflow/valid/Bacterial gill disease/Bacterial-gill-disease-11-_jpeg.rf.b3836fd9c00b0a9c55dc46c727c89e0b.jpg,valid/Bacterial gill disease/Bacterial-gill-disease-11-_jpeg.rf.b3836fd9c00b0a9c55dc46c727c89e0b.jpg,Bacterial gill disease,Bacterial Gill Disease,2,current_freshwater-e39e67cfe89a,,Bacterial Gill Disease|current_freshwater,7
roboflow-fbe535415e99,roboflow,data/raw/roboflow/valid/Bacterial gill disease/Bacterial-gill-disease-30-_jpg.rf.f57dcf46c1aab358195e521c9a8930c8.jpg,valid/Bacterial gill disease/Bacterial-gill-disease-30-_jpg.rf.f57dcf46c1aab358195e521c9a8930c8.jpg,Bacterial gill disease,Bacterial Gill Disease,2,roboflow-4904469c7c3f,,Bacterial Gill Disease|roboflow,7
current_freshwater-ed6d7e629adb,current_freshwater,data/raw/current_freshwater/test_split/EUS_EUS_173.jpg,test_split/EUS_EUS_173.jpg,EUS,EUS Disease,3,current_freshwater-ed6d7e629adb,,EUS Disease|current_freshwater,7
current_freshwater-1b79d3c9d952,current_freshwater,data/raw/current_freshwater/test_split/EUS_EUS_291.jpg,test_split/EUS_EUS_291.jpg,EUS,EUS Disease,3,current_freshwater-1b79d3c9d952,,EUS Disease|current_freshwater,7
current_freshwater-86b892738c59,current_freshwater,data/raw/current_freshwater/test_split/EUS_EUS_316.jpg,test_split/EUS_EUS_316.jpg,EUS,EUS Disease,3,current_freshwater-86b892738c59,,EUS Disease|current_freshwater,7
current_freshwater-d90e9423a065,current_freshwater,data/raw/current_freshwater/test_split/EUS_EUS_330.jpg,test_split/EUS_EUS_330.jpg,EUS,EUS Disease,3,current_freshwater-62951dee21af,,EUS Disease|current_freshwater,7
current_freshwater-d271932f7eab,current_freshwater,data/raw/current_freshwater/test_split/EUS_EUS_349.jpg,test_split/EUS_EUS_349.jpg,EUS,EUS Disease,3,current_freshwater-d271932f7eab,,EUS Disease|current_freshwater,7
current_freshwater-0ef29cc94930,current_freshwater,data/raw/current_freshwater/test_split/EUS_EUS_352.jpg,test_split/EUS_EUS_352.jpg,EUS,EUS Disease,3,current_freshwater-0ef29cc94930,,EUS Disease|current_freshwater,7
current_freshwater-81111a646d95,current_freshwater,data/raw/current_freshwater/test_split/EUS_EUS_4.jpg,test_split/EUS_EUS_4.jpg,EUS,EUS Disease,3,current_freshwater-81111a646d95,,EUS Disease|current_freshwater,7
current_freshwater-6247459e31ef,current_freshwater,data/raw/current_freshwater/test_split/EUS_EUS_68.jpg,test_split/EUS_EUS_68.jpg,EUS,EUS Disease,3,current_freshwater-6247459e31ef,,EUS Disease|current_freshwater,7
current_freshwater-baee9c13e0ea,current_freshwater,data/raw/current_freshwater/test_split/EUS_EUS_81.jpg,test_split/EUS_EUS_81.jpg,EUS,EUS Disease,3,current_freshwater-baee9c13e0ea,,EUS Disease|current_freshwater,7
current_freshwater-ca705832ca09,current_freshwater,data/raw/current_freshwater/train_split/EUS/EUS_119.jpg,train_split/EUS/EUS_119.jpg,EUS,EUS Disease,3,current_freshwater-8af5ba2c2757,,EUS Disease|current_freshwater,7
current_freshwater-8772c1aa3021,current_freshwater,data/raw/current_freshwater/train_split/EUS/EUS_146.jpg,train_split/EUS/EUS_146.jpg,EUS,EUS Disease,3,current_freshwater-3e49ccf8ce02,,EUS Disease|current_freshwater,7
current_freshwater-3028dfc64267,current_freshwater,data/raw/current_freshwater/train_split/EUS/EUS_164.jpg,train_split/EUS/EUS_164.jpg,EUS,EUS Disease,3,current_freshwater-3028dfc64267,,EUS Disease|current_freshwater,7
current_freshwater-3bdbe4682d58,current_freshwater,data/raw/current_freshwater/train_split/EUS/EUS_165.jpg,train_split/EUS/EUS_165.jpg,EUS,EUS Disease,3,current_freshwater-3bdbe4682d58,,EUS Disease|current_freshwater,7
current_freshwater-98537082678d,current_freshwater,data/raw/current_freshwater/train_split/EUS/EUS_196.jpg,train_split/EUS/EUS_196.jpg,EUS,EUS Disease,3,current_freshwater-98537082678d,,EUS Disease|current_freshwater,7
current_freshwater-2132bdb4d77c,current_freshwater,data/raw/current_freshwater/train_split/EUS/EUS_206.jpg,train_split/EUS/EUS_206.jpg,EUS,EUS Disease,3,current_freshwater-2132bdb4d77c,,EUS Disease|current_freshwater,7
current_freshwater-1d937e60f0fe,current_freshwater,data/raw/current_freshwater/train_split/EUS/EUS_264.jpg,train_split/EUS/EUS_264.jpg,EUS,EUS Disease,3,current_freshwater-1d937e60f0fe,,EUS Disease|current_freshwater,7
current_freshwater-3aa33b6586b8,current_freshwater,data/raw/current_freshwater/train_split/EUS/EUS_301.jpg,train_split/EUS/EUS_301.jpg,EUS,EUS Disease,3,current_freshwater-3aa33b6586b8,,EUS Disease|current_freshwater,7
current_freshwater-a7ca17eb629c,current_freshwater,data/raw/current_freshwater/train_split/EUS/EUS_309.jpg,train_split/EUS/EUS_309.jpg,EUS,EUS Disease,3,current_freshwater-a7ca17eb629c,,EUS Disease|current_freshwater,7
current_freshwater-eaff59a3b49d,current_freshwater,data/raw/current_freshwater/train_split/EUS/EUS_318.jpg,train_split/EUS/EUS_318.jpg,EUS,EUS Disease,3,current_freshwater-eaff59a3b49d,,EUS Disease|current_freshwater,7
current_freshwater-6fd5b22cf8c2,current_freshwater,data/raw/current_freshwater/train_split/EUS/EUS_344.jpg,train_split/EUS/EUS_344.jpg,EUS,EUS Disease,3,current_freshwater-6fd5b22cf8c2,,EUS Disease|current_freshwater,7
current_freshwater-b201b6c0fed5,current_freshwater,data/raw/current_freshwater/train_split/EUS/EUS_48.jpg,train_split/EUS/EUS_48.jpg,EUS,EUS Disease,3,current_freshwater-b201b6c0fed5,,EUS Disease|current_freshwater,7
current_freshwater-eaaed90177eb,current_freshwater,data/raw/current_freshwater/train_split/EUS/EUS_aug_115.jpg,train_split/EUS/EUS_aug_115.jpg,EUS,EUS Disease,3,current_freshwater-eaaed90177eb,,EUS Disease|current_freshwater,7
current_freshwater-741f097d23e7,current_freshwater,data/raw/current_freshwater/train_split/EUS/EUS_aug_141.jpg,train_split/EUS/EUS_aug_141.jpg,EUS,EUS Disease,3,current_freshwater-741f097d23e7,,EUS Disease|current_freshwater,7
current_freshwater-552bed1f6255,current_freshwater,data/raw/current_freshwater/train_split/EUS/EUS_aug_154.jpg,train_split/EUS/EUS_aug_154.jpg,EUS,EUS Disease,3,current_freshwater-552bed1f6255,,EUS Disease|current_freshwater,7
current_freshwater-21b1960ca0e3,current_freshwater,data/raw/current_freshwater/train_split/EUS/EUS_aug_156.jpg,train_split/EUS/EUS_aug_156.jpg,EUS,EUS Disease,3,current_freshwater-21b1960ca0e3,,EUS Disease|current_freshwater,7
current_freshwater-74b82ebe1c0d,current_freshwater,data/raw/current_freshwater/train_split/EUS/EUS_aug_178.jpg,train_split/EUS/EUS_aug_178.jpg,EUS,EUS Disease,3,current_freshwater-3028dfc64267,,EUS Disease|current_freshwater,7
current_freshwater-62951dee21af,current_freshwater,data/raw/current_freshwater/train_split/EUS/EUS_aug_184.jpg,train_split/EUS/EUS_aug_184.jpg,EUS,EUS Disease,3,current_freshwater-62951dee21af,,EUS Disease|current_freshwater,7
current_freshwater-e70d2fd69e48,current_freshwater,data/raw/current_freshwater/train_split/EUS/EUS_aug_212.jpg,train_split/EUS/EUS_aug_212.jpg,EUS,EUS Disease,3,current_freshwater-e70d2fd69e48,,EUS Disease|current_freshwater,7
current_freshwater-4a5dc7671a41,current_freshwater,data/raw/current_freshwater/train_split/EUS/EUS_aug_214.jpg,train_split/EUS/EUS_aug_214.jpg,EUS,EUS Disease,3,current_freshwater-4a5dc7671a41,,EUS Disease|current_freshwater,7
current_freshwater-facfd10cb879,current_freshwater,data/raw/current_freshwater/train_split/EUS/EUS_aug_23.jpg,train_split/EUS/EUS_aug_23.jpg,EUS,EUS Disease,3,current_freshwater-facfd10cb879,,EUS Disease|current_freshwater,7
current_freshwater-3e49ccf8ce02,current_freshwater,data/raw/current_freshwater/train_split/EUS/EUS_aug_33.jpg,train_split/EUS/EUS_aug_33.jpg,EUS,EUS Disease,3,current_freshwater-3e49ccf8ce02,,EUS Disease|current_freshwater,7
current_freshwater-fb5ffc791fcd,current_freshwater,data/raw/current_freshwater/train_split/EUS/EUS_aug_55.jpg,train_split/EUS/EUS_aug_55.jpg,EUS,EUS Disease,3,current_freshwater-fb5ffc791fcd,,EUS Disease|current_freshwater,7
current_freshwater-578a41c8a622,current_freshwater,data/raw/current_freshwater/train_split/EUS/EUS_aug_62.jpg,train_split/EUS/EUS_aug_62.jpg,EUS,EUS Disease,3,current_freshwater-578a41c8a622,,EUS Disease|current_freshwater,7
current_freshwater-fa67077cedcb,current_freshwater,data/raw/current_freshwater/train_split/EUS/EUS_aug_69.jpg,train_split/EUS/EUS_aug_69.jpg,EUS,EUS Disease,3,current_freshwater-fa67077cedcb,,EUS Disease|current_freshwater,7
current_freshwater-31490911e4ad,current_freshwater,data/raw/current_freshwater/train_split/EUS/EUS_aug_74.jpg,train_split/EUS/EUS_aug_74.jpg,EUS,EUS Disease,3,current_freshwater-31490911e4ad,,EUS Disease|current_freshwater,7
kaptai-f384e277ade0,kaptai,data/raw/kaptai/EUS/12.jpg,EUS/12.jpg,EUS,EUS Disease,3,current_freshwater-81111a646d95,,EUS Disease|current_freshwater,7
kaptai-f84533a1c8d8,kaptai,data/raw/kaptai/EUS/5.jpg,EUS/5.jpg,EUS,EUS Disease,3,kaptai-f84533a1c8d8,,EUS Disease|kaptai,7
current_freshwater-8c12b3300e67,current_freshwater,data/raw/current_freshwater/test_split/Fungal diseases Saprolegniasis_Fungal diseases Saprolegniasis_141.jpg,test_split/Fungal diseases Saprolegniasis_Fungal diseases Saprolegniasis_141.jpg,Fungal diseases Saprolegniasis,Saprolegniasis,4,current_freshwater-24331e36c6a5,,Saprolegniasis|current_freshwater,7
current_freshwater-2effa1168a64,current_freshwater,data/raw/current_freshwater/train_split/Fungal diseases Saprolegniasis/Fungal diseases Saprolegniasis_12.jpg,train_split/Fungal diseases Saprolegniasis/Fungal diseases Saprolegniasis_12.jpg,Fungal diseases Saprolegniasis,Saprolegniasis,4,current_freshwater-2effa1168a64,,Saprolegniasis|current_freshwater,7
current_freshwater-1d6043e7c043,current_freshwater,data/raw/current_freshwater/train_split/Fungal diseases Saprolegniasis/Fungal diseases Saprolegniasis_121.jpg,train_split/Fungal diseases Saprolegniasis/Fungal diseases Saprolegniasis_121.jpg,Fungal diseases Saprolegniasis,Saprolegniasis,4,current_freshwater-1d6043e7c043,,Saprolegniasis|current_freshwater,7
current_freshwater-42497a441069,current_freshwater,data/raw/current_freshwater/train_split/Fungal diseases Saprolegniasis/Fungal diseases Saprolegniasis_142.jpg,train_split/Fungal diseases Saprolegniasis/Fungal diseases Saprolegniasis_142.jpg,Fungal diseases Saprolegniasis,Saprolegniasis,4,current_freshwater-42497a441069,,Saprolegniasis|current_freshwater,7
current_freshwater-a89f0b783a62,current_freshwater,data/raw/current_freshwater/train_split/Fungal diseases Saprolegniasis/Fungal diseases Saprolegniasis_164.jpg,train_split/Fungal diseases Saprolegniasis/Fungal diseases Saprolegniasis_164.jpg,Fungal diseases Saprolegniasis,Saprolegniasis,4,current_freshwater-a89f0b783a62,,Saprolegniasis|current_freshwater,7
current_freshwater-eac87f209360,current_freshwater,data/raw/current_freshwater/train_split/Fungal diseases Saprolegniasis/Fungal diseases Saprolegniasis_204.jpg,train_split/Fungal diseases Saprolegniasis/Fungal diseases Saprolegniasis_204.jpg,Fungal diseases Saprolegniasis,Saprolegniasis,4,current_freshwater-084f8c700b61,,Saprolegniasis|current_freshwater,7
current_freshwater-7b6112296426,current_freshwater,data/raw/current_freshwater/train_split/Fungal diseases Saprolegniasis/Fungal diseases Saprolegniasis_36.jpg,train_split/Fungal diseases Saprolegniasis/Fungal diseases Saprolegniasis_36.jpg,Fungal diseases Saprolegniasis,Saprolegniasis,4,current_freshwater-7b6112296426,,Saprolegniasis|current_freshwater,7
current_freshwater-2a982de5ebd8,current_freshwater,data/raw/current_freshwater/train_split/Fungal diseases Saprolegniasis/Fungal diseases Saprolegniasis_41.jpg,train_split/Fungal diseases Saprolegniasis/Fungal diseases Saprolegniasis_41.jpg,Fungal diseases Saprolegniasis,Saprolegniasis,4,current_freshwater-2a982de5ebd8,,Saprolegniasis|current_freshwater,7
current_freshwater-9f755cace03a,current_freshwater,data/raw/current_freshwater/train_split/Fungal diseases Saprolegniasis/Fungal diseases Saprolegniasis_77.jpg,train_split/Fungal diseases Saprolegniasis/Fungal diseases Saprolegniasis_77.jpg,Fungal diseases Saprolegniasis,Saprolegniasis,4,current_freshwater-9f755cace03a,,Saprolegniasis|current_freshwater,7
current_freshwater-7e1a8bf5a21f,current_freshwater,data/raw/current_freshwater/train_split/Fungal diseases Saprolegniasis/Fungal diseases Saprolegniasis_88.jpg,train_split/Fungal diseases Saprolegniasis/Fungal diseases Saprolegniasis_88.jpg,Fungal diseases Saprolegniasis,Saprolegniasis,4,current_freshwater-7e1a8bf5a21f,,Saprolegniasis|current_freshwater,7
current_freshwater-8a33be8cb7d9,current_freshwater,data/raw/current_freshwater/train_split/Fungal diseases Saprolegniasis/Fungal diseases Saprolegniasis_aug_10.jpg,train_split/Fungal diseases Saprolegniasis/Fungal diseases Saprolegniasis_aug_10.jpg,Fungal diseases Saprolegniasis,Saprolegniasis,4,current_freshwater-8a33be8cb7d9,,Saprolegniasis|current_freshwater,7
current_freshwater-64c66dd07a66,current_freshwater,data/raw/current_freshwater/train_split/Fungal diseases Saprolegniasis/Fungal diseases Saprolegniasis_aug_106.jpg,train_split/Fungal diseases Saprolegniasis/Fungal diseases Saprolegniasis_aug_106.jpg,Fungal diseases Saprolegniasis,Saprolegniasis,4,current_freshwater-2effa1168a64,,Saprolegniasis|current_freshwater,7
current_freshwater-381f8d9d1ca8,current_freshwater,data/raw/current_freshwater/train_split/Fungal diseases Saprolegniasis/Fungal diseases Saprolegniasis_aug_130.jpg,train_split/Fungal diseases Saprolegniasis/Fungal diseases Saprolegniasis_aug_130.jpg,Fungal diseases Saprolegniasis,Saprolegniasis,4,current_freshwater-381f8d9d1ca8,,Saprolegniasis|current_freshwater,7
current_freshwater-448e9ce98586,current_freshwater,data/raw/current_freshwater/train_split/Fungal diseases Saprolegniasis/Fungal diseases Saprolegniasis_aug_140.jpg,train_split/Fungal diseases Saprolegniasis/Fungal diseases Saprolegniasis_aug_140.jpg,Fungal diseases Saprolegniasis,Saprolegniasis,4,current_freshwater-42497a441069,,Saprolegniasis|current_freshwater,7
current_freshwater-199cef731120,current_freshwater,data/raw/current_freshwater/train_split/Fungal diseases Saprolegniasis/Fungal diseases Saprolegniasis_aug_145.jpg,train_split/Fungal diseases Saprolegniasis/Fungal diseases Saprolegniasis_aug_145.jpg,Fungal diseases Saprolegniasis,Saprolegniasis,4,current_freshwater-084f8c700b61,,Saprolegniasis|current_freshwater,7
current_freshwater-605811147ecc,current_freshwater,data/raw/current_freshwater/train_split/Fungal diseases Saprolegniasis/Fungal diseases Saprolegniasis_aug_147.jpg,train_split/Fungal diseases Saprolegniasis/Fungal diseases Saprolegniasis_aug_147.jpg,Fungal diseases Saprolegniasis,Saprolegniasis,4,current_freshwater-605811147ecc,,Saprolegniasis|current_freshwater,7
current_freshwater-546a0f355ce2,current_freshwater,data/raw/current_freshwater/train_split/Fungal diseases Saprolegniasis/Fungal diseases Saprolegniasis_aug_15.jpg,train_split/Fungal diseases Saprolegniasis/Fungal diseases Saprolegniasis_aug_15.jpg,Fungal diseases Saprolegniasis,Saprolegniasis,4,current_freshwater-546a0f355ce2,,Saprolegniasis|current_freshwater,7
current_freshwater-224428acd9dd,current_freshwater,data/raw/current_freshwater/train_split/Fungal diseases Saprolegniasis/Fungal diseases Saprolegniasis_aug_197.jpg,train_split/Fungal diseases Saprolegniasis/Fungal diseases Saprolegniasis_aug_197.jpg,Fungal diseases Saprolegniasis,Saprolegniasis,4,current_freshwater-224428acd9dd,,Saprolegniasis|current_freshwater,7
current_freshwater-ddeb7d1533cc,current_freshwater,data/raw/current_freshwater/train_split/Fungal diseases Saprolegniasis/Fungal diseases Saprolegniasis_aug_204.jpg,train_split/Fungal diseases Saprolegniasis/Fungal diseases Saprolegniasis_aug_204.jpg,Fungal diseases Saprolegniasis,Saprolegniasis,4,current_freshwater-ddeb7d1533cc,,Saprolegniasis|current_freshwater,7
current_freshwater-45815619219b,current_freshwater,data/raw/current_freshwater/train_split/Fungal diseases Saprolegniasis/Fungal diseases Saprolegniasis_aug_208.jpg,train_split/Fungal diseases Saprolegniasis/Fungal diseases Saprolegniasis_aug_208.jpg,Fungal diseases Saprolegniasis,Saprolegniasis,4,current_freshwater-45815619219b,,Saprolegniasis|current_freshwater,7
current_freshwater-2b1bb25c50ab,current_freshwater,data/raw/current_freshwater/train_split/Fungal diseases Saprolegniasis/Fungal diseases Saprolegniasis_aug_223.jpg,train_split/Fungal diseases Saprolegniasis/Fungal diseases Saprolegniasis_aug_223.jpg,Fungal diseases Saprolegniasis,Saprolegniasis,4,current_freshwater-2a982de5ebd8,,Saprolegniasis|current_freshwater,7
current_freshwater-6b5b77de08a6,current_freshwater,data/raw/current_freshwater/train_split/Fungal diseases Saprolegniasis/Fungal diseases Saprolegniasis_aug_241.jpg,train_split/Fungal diseases Saprolegniasis/Fungal diseases Saprolegniasis_aug_241.jpg,Fungal diseases Saprolegniasis,Saprolegniasis,4,current_freshwater-6b5b77de08a6,,Saprolegniasis|current_freshwater,7
current_freshwater-b1efd25fb04e,current_freshwater,data/raw/current_freshwater/train_split/Fungal diseases Saprolegniasis/Fungal diseases Saprolegniasis_aug_245.jpg,train_split/Fungal diseases Saprolegniasis/Fungal diseases Saprolegniasis_aug_245.jpg,Fungal diseases Saprolegniasis,Saprolegniasis,4,current_freshwater-b1efd25fb04e,,Saprolegniasis|current_freshwater,7
current_freshwater-d9706af6c847,current_freshwater,data/raw/current_freshwater/train_split/Fungal diseases Saprolegniasis/Fungal diseases Saprolegniasis_aug_3.jpg,train_split/Fungal diseases Saprolegniasis/Fungal diseases Saprolegniasis_aug_3.jpg,Fungal diseases Saprolegniasis,Saprolegniasis,4,current_freshwater-d9706af6c847,,Saprolegniasis|current_freshwater,7
current_freshwater-625cf3a7110c,current_freshwater,data/raw/current_freshwater/train_split/Fungal diseases Saprolegniasis/Fungal diseases Saprolegniasis_aug_320.jpg,train_split/Fungal diseases Saprolegniasis/Fungal diseases Saprolegniasis_aug_320.jpg,Fungal diseases Saprolegniasis,Saprolegniasis,4,current_freshwater-625cf3a7110c,,Saprolegniasis|current_freshwater,7
current_freshwater-24331e36c6a5,current_freshwater,data/raw/current_freshwater/train_split/Fungal diseases Saprolegniasis/Fungal diseases Saprolegniasis_aug_332.jpg,train_split/Fungal diseases Saprolegniasis/Fungal diseases Saprolegniasis_aug_332.jpg,Fungal diseases Saprolegniasis,Saprolegniasis,4,current_freshwater-24331e36c6a5,,Saprolegniasis|current_freshwater,7
current_freshwater-62b47c9a5f82,current_freshwater,data/raw/current_freshwater/train_split/Fungal diseases Saprolegniasis/Fungal diseases Saprolegniasis_aug_355.jpg,train_split/Fungal diseases Saprolegniasis/Fungal diseases Saprolegniasis_aug_355.jpg,Fungal diseases Saprolegniasis,Saprolegniasis,4,current_freshwater-62b47c9a5f82,,Saprolegniasis|current_freshwater,7
current_freshwater-7b65e2fee85a,current_freshwater,data/raw/current_freshwater/train_split/Fungal diseases Saprolegniasis/Fungal diseases Saprolegniasis_aug_382.jpg,train_split/Fungal diseases Saprolegniasis/Fungal diseases Saprolegniasis_aug_382.jpg,Fungal diseases Saprolegniasis,Saprolegniasis,4,current_freshwater-7b65e2fee85a,,Saprolegniasis|current_freshwater,7
current_freshwater-bab6b14cd30b,current_freshwater,data/raw/current_freshwater/train_split/Fungal diseases Saprolegniasis/Fungal diseases Saprolegniasis_aug_391.jpg,train_split/Fungal diseases Saprolegniasis/Fungal diseases Saprolegniasis_aug_391.jpg,Fungal diseases Saprolegniasis,Saprolegniasis,4,current_freshwater-bab6b14cd30b,,Saprolegniasis|current_freshwater,7
current_freshwater-3088977a9ea3,current_freshwater,data/raw/current_freshwater/train_split/Fungal diseases Saprolegniasis/Fungal diseases Saprolegniasis_aug_62.jpg,train_split/Fungal diseases Saprolegniasis/Fungal diseases Saprolegniasis_aug_62.jpg,Fungal diseases Saprolegniasis,Saprolegniasis,4,current_freshwater-3088977a9ea3,,Saprolegniasis|current_freshwater,7
current_freshwater-4b439e773e41,current_freshwater,data/raw/current_freshwater/train_split/Fungal diseases Saprolegniasis/Fungal diseases Saprolegniasis_aug_74.jpg,train_split/Fungal diseases Saprolegniasis/Fungal diseases Saprolegniasis_aug_74.jpg,Fungal diseases Saprolegniasis,Saprolegniasis,4,current_freshwater-4b439e773e41,,Saprolegniasis|current_freshwater,7
current_freshwater-27d80e5575d2,current_freshwater,data/raw/current_freshwater/train_split/Fungal diseases Saprolegniasis/Fungal diseases Saprolegniasis_aug_88.jpg,train_split/Fungal diseases Saprolegniasis/Fungal diseases Saprolegniasis_aug_88.jpg,Fungal diseases Saprolegniasis,Saprolegniasis,4,current_freshwater-27d80e5575d2,,Saprolegniasis|current_freshwater,7
roboflow-7cd729af156c,roboflow,data/raw/roboflow/train/Fungal diseases Saprolegniasis/Fungal-diseases-Saprolegniasis-1-_png.rf.7e78b9b0b8b34c60380da68064de1a4f.jpg,train/Fungal diseases Saprolegniasis/Fungal-diseases-Saprolegniasis-1-_png.rf.7e78b9b0b8b34c60380da68064de1a4f.jpg,Fungal diseases Saprolegniasis,Saprolegniasis,4,roboflow-7cd729af156c,,Saprolegniasis|roboflow,7
roboflow-f66215be1851,roboflow,data/raw/roboflow/train/Fungal diseases Saprolegniasis/Fungal-diseases-Saprolegniasis-21-_jpg.rf.1bb14dcf1133bc826df49049cb18e775.jpg,train/Fungal diseases Saprolegniasis/Fungal-diseases-Saprolegniasis-21-_jpg.rf.1bb14dcf1133bc826df49049cb18e775.jpg,Fungal diseases Saprolegniasis,Saprolegniasis,4,roboflow-f66215be1851,,Saprolegniasis|roboflow,7
roboflow-b7cc6b309896,roboflow,data/raw/roboflow/train/Fungal diseases Saprolegniasis/Fungal-diseases-Saprolegniasis-30-_jpg.rf.5926138237d6a672be50c0bd2a9bb654.jpg,train/Fungal diseases Saprolegniasis/Fungal-diseases-Saprolegniasis-30-_jpg.rf.5926138237d6a672be50c0bd2a9bb654.jpg,Fungal diseases Saprolegniasis,Saprolegniasis,4,current_freshwater-2a982de5ebd8,,Saprolegniasis|current_freshwater,7
current_freshwater-1331ab24a50c,current_freshwater,data/raw/current_freshwater/train_split/Parasitic diseases/Parasitic diseases_127.jpg,train_split/Parasitic diseases/Parasitic diseases_127.jpg,Parasitic diseases,Parasitic Disease,5,current_freshwater-1331ab24a50c,,Parasitic Disease|current_freshwater,7
current_freshwater-2eeb94f460ed,current_freshwater,data/raw/current_freshwater/train_split/Parasitic diseases/Parasitic diseases_182.jpg,train_split/Parasitic diseases/Parasitic diseases_182.jpg,Parasitic diseases,Parasitic Disease,5,current_freshwater-2eeb94f460ed,,Parasitic Disease|current_freshwater,7
current_freshwater-9b811a6c1b21,current_freshwater,data/raw/current_freshwater/train_split/Parasitic diseases/Parasitic diseases_20.jpg,train_split/Parasitic diseases/Parasitic diseases_20.jpg,Parasitic diseases,Parasitic Disease,5,current_freshwater-9b811a6c1b21,,Parasitic Disease|current_freshwater,7
current_freshwater-898fed80245b,current_freshwater,data/raw/current_freshwater/train_split/Parasitic diseases/Parasitic diseases_204.jpg,train_split/Parasitic diseases/Parasitic diseases_204.jpg,Parasitic diseases,Parasitic Disease,5,current_freshwater-898fed80245b,,Parasitic Disease|current_freshwater,7
current_freshwater-bdd8a8f90eea,current_freshwater,data/raw/current_freshwater/train_split/Parasitic diseases/Parasitic diseases_207.jpg,train_split/Parasitic diseases/Parasitic diseases_207.jpg,Parasitic diseases,Parasitic Disease,5,current_freshwater-bdd8a8f90eea,,Parasitic Disease|current_freshwater,7
current_freshwater-612e80fa72e5,current_freshwater,data/raw/current_freshwater/train_split/Parasitic diseases/Parasitic diseases_21.jpeg,train_split/Parasitic diseases/Parasitic diseases_21.jpeg,Parasitic diseases,Parasitic Disease,5,current_freshwater-3146731bf47f,,Parasitic Disease|current_freshwater,7
current_freshwater-e9013abfcfbb,current_freshwater,data/raw/current_freshwater/train_split/Parasitic diseases/Parasitic diseases_214.jpg,train_split/Parasitic diseases/Parasitic diseases_214.jpg,Parasitic diseases,Parasitic Disease,5,current_freshwater-e9013abfcfbb,,Parasitic Disease|current_freshwater,7
current_freshwater-20cd5e4477c8,current_freshwater,data/raw/current_freshwater/train_split/Parasitic diseases/Parasitic diseases_22.jpg,train_split/Parasitic diseases/Parasitic diseases_22.jpg,Parasitic diseases,Parasitic Disease,5,current_freshwater-20cd5e4477c8,,Parasitic Disease|current_freshwater,7
current_freshwater-1159b52a7d91,current_freshwater,data/raw/current_freshwater/train_split/Parasitic diseases/Parasitic diseases_222.jpg,train_split/Parasitic diseases/Parasitic diseases_222.jpg,Parasitic diseases,Parasitic Disease,5,current_freshwater-1159b52a7d91,,Parasitic Disease|current_freshwater,7
current_freshwater-4e4e81463999,current_freshwater,data/raw/current_freshwater/train_split/Parasitic diseases/Parasitic diseases_23.jpg,train_split/Parasitic diseases/Parasitic diseases_23.jpg,Parasitic diseases,Parasitic Disease,5,current_freshwater-4e4e81463999,,Parasitic Disease|current_freshwater,7
current_freshwater-3870b49bcffd,current_freshwater,data/raw/current_freshwater/train_split/Parasitic diseases/Parasitic diseases_49.jpg,train_split/Parasitic diseases/Parasitic diseases_49.jpg,Parasitic diseases,Parasitic Disease,5,current_freshwater-3870b49bcffd,,Parasitic Disease|current_freshwater,7
current_freshwater-18e2620d7b84,current_freshwater,data/raw/current_freshwater/train_split/Parasitic diseases/Parasitic diseases_51.jpg,train_split/Parasitic diseases/Parasitic diseases_51.jpg,Parasitic diseases,Parasitic Disease,5,current_freshwater-18e2620d7b84,,Parasitic Disease|current_freshwater,7
current_freshwater-75439a4760ea,current_freshwater,data/raw/current_freshwater/train_split/Parasitic diseases/Parasitic diseases_71.jpg,train_split/Parasitic diseases/Parasitic diseases_71.jpg,Parasitic diseases,Parasitic Disease,5,current_freshwater-75439a4760ea,,Parasitic Disease|current_freshwater,7
current_freshwater-d9432c20c399,current_freshwater,data/raw/current_freshwater/train_split/Parasitic diseases/Parasitic diseases_89.jpg,train_split/Parasitic diseases/Parasitic diseases_89.jpg,Parasitic diseases,Parasitic Disease,5,current_freshwater-d9432c20c399,,Parasitic Disease|current_freshwater,7
current_freshwater-d63fdc762184,current_freshwater,data/raw/current_freshwater/train_split/Parasitic diseases/Parasitic diseases_95.jpg,train_split/Parasitic diseases/Parasitic diseases_95.jpg,Parasitic diseases,Parasitic Disease,5,current_freshwater-d63fdc762184,,Parasitic Disease|current_freshwater,7
current_freshwater-8e018b4810d8,current_freshwater,data/raw/current_freshwater/train_split/Parasitic diseases/Parasitic diseases_aug_110.jpg,train_split/Parasitic diseases/Parasitic diseases_aug_110.jpg,Parasitic diseases,Parasitic Disease,5,current_freshwater-8e018b4810d8,,Parasitic Disease|current_freshwater,7
current_freshwater-d051168c281c,current_freshwater,data/raw/current_freshwater/train_split/Parasitic diseases/Parasitic diseases_aug_133.jpg,train_split/Parasitic diseases/Parasitic diseases_aug_133.jpg,Parasitic diseases,Parasitic Disease,5,current_freshwater-d051168c281c,,Parasitic Disease|current_freshwater,7
current_freshwater-567aeb47861c,current_freshwater,data/raw/current_freshwater/train_split/Parasitic diseases/Parasitic diseases_aug_169.jpg,train_split/Parasitic diseases/Parasitic diseases_aug_169.jpg,Parasitic diseases,Parasitic Disease,5,current_freshwater-567aeb47861c,,Parasitic Disease|current_freshwater,7
current_freshwater-66f89e24e03f,current_freshwater,data/raw/current_freshwater/train_split/Parasitic diseases/Parasitic diseases_aug_181.jpg,train_split/Parasitic diseases/Parasitic diseases_aug_181.jpg,Parasitic diseases,Parasitic Disease,5,current_freshwater-66f89e24e03f,,Parasitic Disease|current_freshwater,7
current_freshwater-d8bfd1951528,current_freshwater,data/raw/current_freshwater/train_split/Parasitic diseases/Parasitic diseases_aug_183.jpg,train_split/Parasitic diseases/Parasitic diseases_aug_183.jpg,Parasitic diseases,Parasitic Disease,5,current_freshwater-d8bfd1951528,,Parasitic Disease|current_freshwater,7
current_freshwater-c2d17dc22553,current_freshwater,data/raw/current_freshwater/train_split/Parasitic diseases/Parasitic diseases_aug_201.jpg,train_split/Parasitic diseases/Parasitic diseases_aug_201.jpg,Parasitic diseases,Parasitic Disease,5,current_freshwater-c2d17dc22553,,Parasitic Disease|current_freshwater,7
current_freshwater-8afc22e95120,current_freshwater,data/raw/current_freshwater/train_split/Parasitic diseases/Parasitic diseases_aug_214.jpg,train_split/Parasitic diseases/Parasitic diseases_aug_214.jpg,Parasitic diseases,Parasitic Disease,5,current_freshwater-8afc22e95120,,Parasitic Disease|current_freshwater,7
current_freshwater-c8a73b880dc7,current_freshwater,data/raw/current_freshwater/train_split/Parasitic diseases/Parasitic diseases_aug_22.jpg,train_split/Parasitic diseases/Parasitic diseases_aug_22.jpg,Parasitic diseases,Parasitic Disease,5,current_freshwater-c8a73b880dc7,,Parasitic Disease|current_freshwater,7
current_freshwater-78b47a31c396,current_freshwater,data/raw/current_freshwater/train_split/Parasitic diseases/Parasitic diseases_aug_255.jpg,train_split/Parasitic diseases/Parasitic diseases_aug_255.jpg,Parasitic diseases,Parasitic Disease,5,current_freshwater-4f2ff7fb8859,,Parasitic Disease|current_freshwater,7
current_freshwater-944342595e2f,current_freshwater,data/raw/current_freshwater/train_split/Parasitic diseases/Parasitic diseases_aug_28.jpg,train_split/Parasitic diseases/Parasitic diseases_aug_28.jpg,Parasitic diseases,Parasitic Disease,5,current_freshwater-944342595e2f,,Parasitic Disease|current_freshwater,7
current_freshwater-8a3369cfeec8,current_freshwater,data/raw/current_freshwater/train_split/Parasitic diseases/Parasitic diseases_aug_287.jpg,train_split/Parasitic diseases/Parasitic diseases_aug_287.jpg,Parasitic diseases,Parasitic Disease,5,current_freshwater-8a3369cfeec8,,Parasitic Disease|current_freshwater,7
current_freshwater-3146731bf47f,current_freshwater,data/raw/current_freshwater/train_split/Parasitic diseases/Parasitic diseases_aug_34.jpg,train_split/Parasitic diseases/Parasitic diseases_aug_34.jpg,Parasitic diseases,Parasitic Disease,5,current_freshwater-3146731bf47f,,Parasitic Disease|current_freshwater,7
current_freshwater-a3b5d41358a5,current_freshwater,data/raw/current_freshwater/train_split/Parasitic diseases/Parasitic diseases_aug_35.jpg,train_split/Parasitic diseases/Parasitic diseases_aug_35.jpg,Parasitic diseases,Parasitic Disease,5,current_freshwater-a3b5d41358a5,,Parasitic Disease|current_freshwater,7
current_freshwater-a7c87fc9067a,current_freshwater,data/raw/current_freshwater/train_split/Parasitic diseases/Parasitic diseases_aug_36.jpg,train_split/Parasitic diseases/Parasitic diseases_aug_36.jpg,Parasitic diseases,Parasitic Disease,5,current_freshwater-a7c87fc9067a,,Parasitic Disease|current_freshwater,7
current_freshwater-9a09a0d4500f,current_freshwater,data/raw/current_freshwater/train_split/Parasitic diseases/Parasitic diseases_aug_45.jpg,train_split/Parasitic diseases/Parasitic diseases_aug_45.jpg,Parasitic diseases,Parasitic Disease,5,current_freshwater-9a09a0d4500f,,Parasitic Disease|current_freshwater,7
current_freshwater-2efc60d06f3d,current_freshwater,data/raw/current_freshwater/train_split/Parasitic diseases/Parasitic diseases_aug_9.jpg,train_split/Parasitic diseases/Parasitic diseases_aug_9.jpg,Parasitic diseases,Parasitic Disease,5,current_freshwater-2efc60d06f3d,,Parasitic Disease|current_freshwater,7
current_freshwater-1b436dc755d3,current_freshwater,data/raw/current_freshwater/train_split/Parasitic diseases/Parasitic diseases_aug_95.jpg,train_split/Parasitic diseases/Parasitic diseases_aug_95.jpg,Parasitic diseases,Parasitic Disease,5,current_freshwater-1b436dc755d3,,Parasitic Disease|current_freshwater,7
roboflow-e9eaed734672,roboflow,data/raw/roboflow/train/Parasitic diseases/Parasitic-diseases-10-_jpg.rf.c68f88484ed46808d04e87d819d78917.jpg,train/Parasitic diseases/Parasitic-diseases-10-_jpg.rf.c68f88484ed46808d04e87d819d78917.jpg,Parasitic diseases,Parasitic Disease,5,current_freshwater-d63fdc762184,,Parasitic Disease|current_freshwater,7
roboflow-81913bb00f18,roboflow,data/raw/roboflow/train/Parasitic diseases/Parasitic-diseases-18-_jpg.rf.d500328351288c0e55e854fe54641048.jpg,train/Parasitic diseases/Parasitic-diseases-18-_jpg.rf.d500328351288c0e55e854fe54641048.jpg,Parasitic diseases,Parasitic Disease,5,roboflow-81913bb00f18,,Parasitic Disease|roboflow,7
roboflow-f04a08e5f711,roboflow,data/raw/roboflow/train/Parasitic diseases/Parasitic-diseases-21-_jpg.rf.f051f8945e0e9cba6646c4c00f3b6ef4.jpg,train/Parasitic diseases/Parasitic-diseases-21-_jpg.rf.f051f8945e0e9cba6646c4c00f3b6ef4.jpg,Parasitic diseases,Parasitic Disease,5,current_freshwater-4e4e81463999,,Parasitic Disease|current_freshwater,7
roboflow-a370dc20eb5b,roboflow,data/raw/roboflow/train/Parasitic diseases/Parasitic-diseases-3-_jpg.rf.dd0cdcb227459ac1f804d53051cbbbe2.jpg,train/Parasitic diseases/Parasitic-diseases-3-_jpg.rf.dd0cdcb227459ac1f804d53051cbbbe2.jpg,Parasitic diseases,Parasitic Disease,5,current_freshwater-20cd5e4477c8,,Parasitic Disease|current_freshwater,7
roboflow-5026609a18eb,roboflow,data/raw/roboflow/train/Parasitic diseases/Parasitic-diseases-4-_jpeg.rf.6921782ea5458a6c21e5d719a1b0d5a7.jpg,train/Parasitic diseases/Parasitic-diseases-4-_jpeg.rf.6921782ea5458a6c21e5d719a1b0d5a7.jpg,Parasitic diseases,Parasitic Disease,5,current_freshwater-3146731bf47f,,Parasitic Disease|current_freshwater,7
current_freshwater-ac5b3f4220b3,current_freshwater,data/raw/current_freshwater/test_split/Viral diseases White tail disease_Viral diseases White tail disease_171.jpg,test_split/Viral diseases White tail disease_Viral diseases White tail disease_171.jpg,Viral diseases White tail disease,White Tail Disease,6,current_freshwater-ac5b3f4220b3,,White Tail Disease|current_freshwater,7
current_freshwater-a273c0eab783,current_freshwater,data/raw/current_freshwater/test_split/Viral diseases White tail disease_Viral diseases White tail disease_201.jpg,test_split/Viral diseases White tail disease_Viral diseases White tail disease_201.jpg,Viral diseases White tail disease,White Tail Disease,6,current_freshwater-06c50833c877,,White Tail Disease|current_freshwater,7
current_freshwater-6754f6b7c1d9,current_freshwater,data/raw/current_freshwater/test_split/Viral diseases White tail disease_Viral diseases White tail disease_96.jpg,test_split/Viral diseases White tail disease_Viral diseases White tail disease_96.jpg,Viral diseases White tail disease,White Tail Disease,6,current_freshwater-6754f6b7c1d9,,White Tail Disease|current_freshwater,7
current_freshwater-245a1666dba1,current_freshwater,data/raw/current_freshwater/train_split/Viral diseases White tail disease/Viral diseases White tail disease_100.jpg,train_split/Viral diseases White tail disease/Viral diseases White tail disease_100.jpg,Viral diseases White tail disease,White Tail Disease,6,current_freshwater-245a1666dba1,,White Tail Disease|current_freshwater,7
current_freshwater-133e2a9eae2b,current_freshwater,data/raw/current_freshwater/train_split/Viral diseases White tail disease/Viral diseases White tail disease_160.jpg,train_split/Viral diseases White tail disease/Viral diseases White tail disease_160.jpg,Viral diseases White tail disease,White Tail Disease,6,current_freshwater-133e2a9eae2b,,White Tail Disease|current_freshwater,7
current_freshwater-f43dc48daa75,current_freshwater,data/raw/current_freshwater/train_split/Viral diseases White tail disease/Viral diseases White tail disease_18.jpg,train_split/Viral diseases White tail disease/Viral diseases White tail disease_18.jpg,Viral diseases White tail disease,White Tail Disease,6,current_freshwater-f43dc48daa75,,White Tail Disease|current_freshwater,7
current_freshwater-77f2418fef4f,current_freshwater,data/raw/current_freshwater/train_split/Viral diseases White tail disease/Viral diseases White tail disease_244.jpg,train_split/Viral diseases White tail disease/Viral diseases White tail disease_244.jpg,Viral diseases White tail disease,White Tail Disease,6,current_freshwater-68961bc2f733,,White Tail Disease|current_freshwater,7
current_freshwater-04b36ea1b2af,current_freshwater,data/raw/current_freshwater/train_split/Viral diseases White tail disease/Viral diseases White tail disease_30.jpeg,train_split/Viral diseases White tail disease/Viral diseases White tail disease_30.jpeg,Viral diseases White tail disease,White Tail Disease,6,current_freshwater-04b36ea1b2af,,White Tail Disease|current_freshwater,7
current_freshwater-4861bcf98ca7,current_freshwater,data/raw/current_freshwater/train_split/Viral diseases White tail disease/Viral diseases White tail disease_36.jpg,train_split/Viral diseases White tail disease/Viral diseases White tail disease_36.jpg,Viral diseases White tail disease,White Tail Disease,6,current_freshwater-4861bcf98ca7,,White Tail Disease|current_freshwater,7
current_freshwater-5a787ee0266a,current_freshwater,data/raw/current_freshwater/train_split/Viral diseases White tail disease/Viral diseases White tail disease_39.jpg,train_split/Viral diseases White tail disease/Viral diseases White tail disease_39.jpg,Viral diseases White tail disease,White Tail Disease,6,current_freshwater-5a787ee0266a,,White Tail Disease|current_freshwater,7
current_freshwater-984f377e5466,current_freshwater,data/raw/current_freshwater/train_split/Viral diseases White tail disease/Viral diseases White tail disease_aug_121.jpg,train_split/Viral diseases White tail disease/Viral diseases White tail disease_aug_121.jpg,Viral diseases White tail disease,White Tail Disease,6,current_freshwater-6754f6b7c1d9,,White Tail Disease|current_freshwater,7
current_freshwater-f04b440d2f45,current_freshwater,data/raw/current_freshwater/train_split/Viral diseases White tail disease/Viral diseases White tail disease_aug_123.jpg,train_split/Viral diseases White tail disease/Viral diseases White tail disease_aug_123.jpg,Viral diseases White tail disease,White Tail Disease,6,current_freshwater-f04b440d2f45,,White Tail Disease|current_freshwater,7
current_freshwater-6b6cd6dcaf17,current_freshwater,data/raw/current_freshwater/train_split/Viral diseases White tail disease/Viral diseases White tail disease_aug_140.jpg,train_split/Viral diseases White tail disease/Viral diseases White tail disease_aug_140.jpg,Viral diseases White tail disease,White Tail Disease,6,current_freshwater-6b6cd6dcaf17,,White Tail Disease|current_freshwater,7
current_freshwater-e846ba1f807d,current_freshwater,data/raw/current_freshwater/train_split/Viral diseases White tail disease/Viral diseases White tail disease_aug_143.jpg,train_split/Viral diseases White tail disease/Viral diseases White tail disease_aug_143.jpg,Viral diseases White tail disease,White Tail Disease,6,current_freshwater-e846ba1f807d,,White Tail Disease|current_freshwater,7
current_freshwater-c509f6819739,current_freshwater,data/raw/current_freshwater/train_split/Viral diseases White tail disease/Viral diseases White tail disease_aug_156.jpg,train_split/Viral diseases White tail disease/Viral diseases White tail disease_aug_156.jpg,Viral diseases White tail disease,White Tail Disease,6,current_freshwater-c509f6819739,,White Tail Disease|current_freshwater,7
current_freshwater-b543b895a1fd,current_freshwater,data/raw/current_freshwater/train_split/Viral diseases White tail disease/Viral diseases White tail disease_aug_18.jpg,train_split/Viral diseases White tail disease/Viral diseases White tail disease_aug_18.jpg,Viral diseases White tail disease,White Tail Disease,6,current_freshwater-b543b895a1fd,,White Tail Disease|current_freshwater,7
current_freshwater-479949a61754,current_freshwater,data/raw/current_freshwater/train_split/Viral diseases White tail disease/Viral diseases White tail disease_aug_193.jpg,train_split/Viral diseases White tail disease/Viral diseases White tail disease_aug_193.jpg,Viral diseases White tail disease,White Tail Disease,6,current_freshwater-479949a61754,,White Tail Disease|current_freshwater,7
current_freshwater-cdcecc40294d,current_freshwater,data/raw/current_freshwater/train_split/Viral diseases White tail disease/Viral diseases White tail disease_aug_197.jpg,train_split/Viral diseases White tail disease/Viral diseases White tail disease_aug_197.jpg,Viral diseases White tail disease,White Tail Disease,6,current_freshwater-cdcecc40294d,,White Tail Disease|current_freshwater,7
current_freshwater-d53fffa1732a,current_freshwater,data/raw/current_freshwater/train_split/Viral diseases White tail disease/Viral diseases White tail disease_aug_200.jpg,train_split/Viral diseases White tail disease/Viral diseases White tail disease_aug_200.jpg,Viral diseases White tail disease,White Tail Disease,6,current_freshwater-d53fffa1732a,,White Tail Disease|current_freshwater,7
current_freshwater-b26c0be4e34d,current_freshwater,data/raw/current_freshwater/train_split/Viral diseases White tail disease/Viral diseases White tail disease_aug_208.jpg,train_split/Viral diseases White tail disease/Viral diseases White tail disease_aug_208.jpg,Viral diseases White tail disease,White Tail Disease,6,current_freshwater-b26c0be4e34d,,White Tail Disease|current_freshwater,7
current_freshwater-c3b1e5d2a5b9,current_freshwater,data/raw/current_freshwater/train_split/Viral diseases White tail disease/Viral diseases White tail disease_aug_217.jpg,train_split/Viral diseases White tail disease/Viral diseases White tail disease_aug_217.jpg,Viral diseases White tail disease,White Tail Disease,6,current_freshwater-c3b1e5d2a5b9,,White Tail Disease|current_freshwater,7
current_freshwater-06c50833c877,current_freshwater,data/raw/current_freshwater/train_split/Viral diseases White tail disease/Viral diseases White tail disease_aug_270.jpg,train_split/Viral diseases White tail disease/Viral diseases White tail disease_aug_270.jpg,Viral diseases White tail disease,White Tail Disease,6,current_freshwater-06c50833c877,,White Tail Disease|current_freshwater,7
current_freshwater-9a5f36f8912b,current_freshwater,data/raw/current_freshwater/train_split/Viral diseases White tail disease/Viral diseases White tail disease_aug_274.jpg,train_split/Viral diseases White tail disease/Viral diseases White tail disease_aug_274.jpg,Viral diseases White tail disease,White Tail Disease,6,current_freshwater-9a5f36f8912b,,White Tail Disease|current_freshwater,7
current_freshwater-4506f8344dfa,current_freshwater,data/raw/current_freshwater/train_split/Viral diseases White tail disease/Viral diseases White tail disease_aug_286.jpg,train_split/Viral diseases White tail disease/Viral diseases White tail disease_aug_286.jpg,Viral diseases White tail disease,White Tail Disease,6,current_freshwater-4506f8344dfa,,White Tail Disease|current_freshwater,7
current_freshwater-93f1653dadc3,current_freshwater,data/raw/current_freshwater/train_split/Viral diseases White tail disease/Viral diseases White tail disease_aug_29.jpg,train_split/Viral diseases White tail disease/Viral diseases White tail disease_aug_29.jpg,Viral diseases White tail disease,White Tail Disease,6,current_freshwater-93f1653dadc3,,White Tail Disease|current_freshwater,7
current_freshwater-b83eaeffb272,current_freshwater,data/raw/current_freshwater/train_split/Viral diseases White tail disease/Viral diseases White tail disease_aug_311.jpg,train_split/Viral diseases White tail disease/Viral diseases White tail disease_aug_311.jpg,Viral diseases White tail disease,White Tail Disease,6,current_freshwater-b83eaeffb272,,White Tail Disease|current_freshwater,7
current_freshwater-850d44505ca1,current_freshwater,data/raw/current_freshwater/train_split/Viral diseases White tail disease/Viral diseases White tail disease_aug_326.jpg,train_split/Viral diseases White tail disease/Viral diseases White tail disease_aug_326.jpg,Viral diseases White tail disease,White Tail Disease,6,current_freshwater-850d44505ca1,,White Tail Disease|current_freshwater,7
current_freshwater-b94bb317fe71,current_freshwater,data/raw/current_freshwater/train_split/Viral diseases White tail disease/Viral diseases White tail disease_aug_52.jpg,train_split/Viral diseases White tail disease/Viral diseases White tail disease_aug_52.jpg,Viral diseases White tail disease,White Tail Disease,6,current_freshwater-b94bb317fe71,,White Tail Disease|current_freshwater,7
current_freshwater-ce6b9818a6ba,current_freshwater,data/raw/current_freshwater/train_split/Viral diseases White tail disease/Viral diseases White tail disease_aug_55.jpg,train_split/Viral diseases White tail disease/Viral diseases White tail disease_aug_55.jpg,Viral diseases White tail disease,White Tail Disease,6,current_freshwater-ce6b9818a6ba,,White Tail Disease|current_freshwater,7
current_freshwater-68961bc2f733,current_freshwater,data/raw/current_freshwater/train_split/Viral diseases White tail disease/Viral diseases White tail disease_aug_75.jpg,train_split/Viral diseases White tail disease/Viral diseases White tail disease_aug_75.jpg,Viral diseases White tail disease,White Tail Disease,6,current_freshwater-68961bc2f733,,White Tail Disease|current_freshwater,7
current_freshwater-310c0134dbad,current_freshwater,data/raw/current_freshwater/train_split/Viral diseases White tail disease/Viral diseases White tail disease_aug_78.jpg,train_split/Viral diseases White tail disease/Viral diseases White tail disease_aug_78.jpg,Viral diseases White tail disease,White Tail Disease,6,current_freshwater-310c0134dbad,,White Tail Disease|current_freshwater,7
current_freshwater-df7f01b5cc67,current_freshwater,data/raw/current_freshwater/train_split/Viral diseases White tail disease/Viral diseases White tail disease_aug_86.jpg,train_split/Viral diseases White tail disease/Viral diseases White tail disease_aug_86.jpg,Viral diseases White tail disease,White Tail Disease,6,current_freshwater-df7f01b5cc67,,White Tail Disease|current_freshwater,7
roboflow-b8733d7cf649,roboflow,data/raw/roboflow/train/Viral diseases White tail disease/Viral-diseases-White-tail-disease-19-_jpg.rf.e24cf9903f18ed760d2d4bb1612c6cc5.jpg,train/Viral diseases White tail disease/Viral-diseases-White-tail-disease-19-_jpg.rf.e24cf9903f18ed760d2d4bb1612c6cc5.jpg,Viral diseases White tail disease,White Tail Disease,6,current_freshwater-f43dc48daa75,,White Tail Disease|current_freshwater,7
roboflow-b26ebfc6715f,roboflow,data/raw/roboflow/train/Viral diseases White tail disease/Viral-diseases-White-tail-disease-27-_jpg.rf.b9073c972ef09f27dd0a2f33be31a1e5.jpg,train/Viral diseases White tail disease/Viral-diseases-White-tail-disease-27-_jpg.rf.b9073c972ef09f27dd0a2f33be31a1e5.jpg,Viral diseases White tail disease,White Tail Disease,6,roboflow-b26ebfc6715f,,White Tail Disease|roboflow,7
roboflow-318e22b5745b,roboflow,data/raw/roboflow/train/Viral diseases White tail disease/Viral-diseases-White-tail-disease-4-_jpeg.rf.165b805d7ca498eba514926e068ccbea.jpg,train/Viral diseases White tail disease/Viral-diseases-White-tail-disease-4-_jpeg.rf.165b805d7ca498eba514926e068ccbea.jpg,Viral diseases White tail disease,White Tail Disease,6,current_freshwater-04b36ea1b2af,,White Tail Disease|current_freshwater,7
roboflow-c3306298783e,roboflow,data/raw/roboflow/valid/Viral diseases White tail disease/Viral-diseases-White-tail-disease-16-_jpg.rf.29e006c9ada3ee24ce56796c51023177.jpg,valid/Viral diseases White tail disease/Viral-diseases-White-tail-disease-16-_jpg.rf.29e006c9ada3ee24ce56796c51023177.jpg,Viral diseases White tail disease,White Tail Disease,6,roboflow-c3306298783e,,White Tail Disease|roboflow,7
current_freshwater-1eca904143b4,current_freshwater,data/raw/current_freshwater/test_split/Healthy Fish_Healthy Fish_294.jpg,test_split/Healthy Fish_Healthy Fish_294.jpg,Healthy Fish,Healthy Fish,7,current_freshwater-1eca904143b4,,Healthy Fish|current_freshwater,7
current_freshwater-086b4316f0ed,current_freshwater,data/raw/current_freshwater/test_split/Healthy Fish_Healthy Fish_307.jpg,test_split/Healthy Fish_Healthy Fish_307.jpg,Healthy Fish,Healthy Fish,7,current_freshwater-086b4316f0ed,,Healthy Fish|current_freshwater,7
current_freshwater-b837cf602c38,current_freshwater,data/raw/current_freshwater/test_split/Healthy Fish_Healthy Fish_354.jpg,test_split/Healthy Fish_Healthy Fish_354.jpg,Healthy Fish,Healthy Fish,7,current_freshwater-b837cf602c38,,Healthy Fish|current_freshwater,7
current_freshwater-8b8be1272e37,current_freshwater,data/raw/current_freshwater/test_split/Healthy Fish_Healthy Fish_365.jpg,test_split/Healthy Fish_Healthy Fish_365.jpg,Healthy Fish,Healthy Fish,7,current_freshwater-8b8be1272e37,,Healthy Fish|current_freshwater,7
current_freshwater-8d748164c047,current_freshwater,data/raw/current_freshwater/train_split/Healthy Fish/Healthy Fish_146.jpg,train_split/Healthy Fish/Healthy Fish_146.jpg,Healthy Fish,Healthy Fish,7,current_freshwater-8d748164c047,,Healthy Fish|current_freshwater,7
current_freshwater-c51368bfe68e,current_freshwater,data/raw/current_freshwater/train_split/Healthy Fish/Healthy Fish_166.jpg,train_split/Healthy Fish/Healthy Fish_166.jpg,Healthy Fish,Healthy Fish,7,current_freshwater-c51368bfe68e,,Healthy Fish|current_freshwater,7
current_freshwater-0fd425da7e62,current_freshwater,data/raw/current_freshwater/train_split/Healthy Fish/Healthy Fish_170.jpg,train_split/Healthy Fish/Healthy Fish_170.jpg,Healthy Fish,Healthy Fish,7,current_freshwater-0fd425da7e62,,Healthy Fish|current_freshwater,7
current_freshwater-a33c958ccd60,current_freshwater,data/raw/current_freshwater/train_split/Healthy Fish/Healthy Fish_218.jpg,train_split/Healthy Fish/Healthy Fish_218.jpg,Healthy Fish,Healthy Fish,7,current_freshwater-a33c958ccd60,,Healthy Fish|current_freshwater,7
current_freshwater-b637851e47c8,current_freshwater,data/raw/current_freshwater/train_split/Healthy Fish/Healthy Fish_224.jpg,train_split/Healthy Fish/Healthy Fish_224.jpg,Healthy Fish,Healthy Fish,7,current_freshwater-b637851e47c8,,Healthy Fish|current_freshwater,7
current_freshwater-220760296807,current_freshwater,data/raw/current_freshwater/train_split/Healthy Fish/Healthy Fish_259.jpg,train_split/Healthy Fish/Healthy Fish_259.jpg,Healthy Fish,Healthy Fish,7,current_freshwater-220760296807,,Healthy Fish|current_freshwater,7
current_freshwater-04d625e6cfc1,current_freshwater,data/raw/current_freshwater/train_split/Healthy Fish/Healthy Fish_279.jpg,train_split/Healthy Fish/Healthy Fish_279.jpg,Healthy Fish,Healthy Fish,7,current_freshwater-04d625e6cfc1,,Healthy Fish|current_freshwater,7
current_freshwater-a713f95bf5fc,current_freshwater,data/raw/current_freshwater/train_split/Healthy Fish/Healthy Fish_293.jpg,train_split/Healthy Fish/Healthy Fish_293.jpg,Healthy Fish,Healthy Fish,7,current_freshwater-9323f3f476cf,,Healthy Fish|current_freshwater,7
current_freshwater-1ca118edf58a,current_freshwater,data/raw/current_freshwater/train_split/Healthy Fish/Healthy Fish_312.jpg,train_split/Healthy Fish/Healthy Fish_312.jpg,Healthy Fish,Healthy Fish,7,current_freshwater-1ca118edf58a,,Healthy Fish|current_freshwater,7
current_freshwater-dc42d92d68b8,current_freshwater,data/raw/current_freshwater/train_split/Healthy Fish/Healthy Fish_416.jpg,train_split/Healthy Fish/Healthy Fish_416.jpg,Healthy Fish,Healthy Fish,7,current_freshwater-dc42d92d68b8,,Healthy Fish|current_freshwater,7
current_freshwater-8218b047553d,current_freshwater,data/raw/current_freshwater/train_split/Healthy Fish/Healthy Fish_417.jpg,train_split/Healthy Fish/Healthy Fish_417.jpg,Healthy Fish,Healthy Fish,7,current_freshwater-8218b047553d,,Healthy Fish|current_freshwater,7
current_freshwater-75eae73cedb9,current_freshwater,data/raw/current_freshwater/train_split/Healthy Fish/Healthy Fish_444.jpg,train_split/Healthy Fish/Healthy Fish_444.jpg,Healthy Fish,Healthy Fish,7,current_freshwater-75eae73cedb9,,Healthy Fish|current_freshwater,7
current_freshwater-1e9c59d55891,current_freshwater,data/raw/current_freshwater/train_split/Healthy Fish/Healthy Fish_453.jpg,train_split/Healthy Fish/Healthy Fish_453.jpg,Healthy Fish,Healthy Fish,7,current_freshwater-1e9c59d55891,,Healthy Fish|current_freshwater,7
current_freshwater-4b05224ce65e,current_freshwater,data/raw/current_freshwater/train_split/Healthy Fish/Healthy Fish_458.jpg,train_split/Healthy Fish/Healthy Fish_458.jpg,Healthy Fish,Healthy Fish,7,current_freshwater-4b05224ce65e,,Healthy Fish|current_freshwater,7
current_freshwater-47fc0cb7e424,current_freshwater,data/raw/current_freshwater/train_split/Healthy Fish/Healthy Fish_460.jpg,train_split/Healthy Fish/Healthy Fish_460.jpg,Healthy Fish,Healthy Fish,7,current_freshwater-47fc0cb7e424,,Healthy Fish|current_freshwater,7
current_freshwater-589137991ad1,current_freshwater,data/raw/current_freshwater/train_split/Healthy Fish/Healthy Fish_56.jpg,train_split/Healthy Fish/Healthy Fish_56.jpg,Healthy Fish,Healthy Fish,7,current_freshwater-589137991ad1,,Healthy Fish|current_freshwater,7
current_freshwater-f6deba5ada51,current_freshwater,data/raw/current_freshwater/train_split/Healthy Fish/Healthy Fish_aug_105.jpg,train_split/Healthy Fish/Healthy Fish_aug_105.jpg,Healthy Fish,Healthy Fish,7,current_freshwater-f6deba5ada51,,Healthy Fish|current_freshwater,7
current_freshwater-47446e558583,current_freshwater,data/raw/current_freshwater/train_split/Healthy Fish/Healthy Fish_aug_107.jpg,train_split/Healthy Fish/Healthy Fish_aug_107.jpg,Healthy Fish,Healthy Fish,7,current_freshwater-47446e558583,,Healthy Fish|current_freshwater,7
current_freshwater-4dbfb83cc20f,current_freshwater,data/raw/current_freshwater/train_split/Healthy Fish/Healthy Fish_aug_108.jpg,train_split/Healthy Fish/Healthy Fish_aug_108.jpg,Healthy Fish,Healthy Fish,7,current_freshwater-4dbfb83cc20f,,Healthy Fish|current_freshwater,7
current_freshwater-4294bbd2b030,current_freshwater,data/raw/current_freshwater/train_split/Healthy Fish/Healthy Fish_aug_141.jpg,train_split/Healthy Fish/Healthy Fish_aug_141.jpg,Healthy Fish,Healthy Fish,7,current_freshwater-4294bbd2b030,,Healthy Fish|current_freshwater,7
current_freshwater-9a7c845a206f,current_freshwater,data/raw/current_freshwater/train_split/Healthy Fish/Healthy Fish_aug_152.jpg,train_split/Healthy Fish/Healthy Fish_aug_152.jpg,Healthy Fish,Healthy Fish,7,current_freshwater-9a7c845a206f,,Healthy Fish|current_freshwater,7
current_freshwater-05f24ece2cdd,current_freshwater,data/raw/current_freshwater/train_split/Healthy Fish/Healthy Fish_aug_169.jpg,train_split/Healthy Fish/Healthy Fish_aug_169.jpg,Healthy Fish,Healthy Fish,7,current_freshwater-05f24ece2cdd,,Healthy Fish|current_freshwater,7
current_freshwater-0fac747977ea,current_freshwater,data/raw/current_freshwater/train_split/Healthy Fish/Healthy Fish_aug_174.jpg,train_split/Healthy Fish/Healthy Fish_aug_174.jpg,Healthy Fish,Healthy Fish,7,current_freshwater-0fac747977ea,,Healthy Fish|current_freshwater,7
current_freshwater-633a53474405,current_freshwater,data/raw/current_freshwater/train_split/Healthy Fish/Healthy Fish_aug_179.jpg,train_split/Healthy Fish/Healthy Fish_aug_179.jpg,Healthy Fish,Healthy Fish,7,current_freshwater-1e9c59d55891,,Healthy Fish|current_freshwater,7
current_freshwater-d18a1ff0d97d,current_freshwater,data/raw/current_freshwater/train_split/Healthy Fish/Healthy Fish_aug_23.jpg,train_split/Healthy Fish/Healthy Fish_aug_23.jpg,Healthy Fish,Healthy Fish,7,current_freshwater-87b9755a35ca,,Healthy Fish|current_freshwater,7
current_freshwater-96d51912a518,current_freshwater,data/raw/current_freshwater/train_split/Healthy Fish/Healthy Fish_aug_234.jpg,train_split/Healthy Fish/Healthy Fish_aug_234.jpg,Healthy Fish,Healthy Fish,7,current_freshwater-96d51912a518,,Healthy Fish|current_freshwater,7
current_freshwater-560b89330175,current_freshwater,data/raw/current_freshwater/train_split/Healthy Fish/Healthy Fish_aug_46.jpg,train_split/Healthy Fish/Healthy Fish_aug_46.jpg,Healthy Fish,Healthy Fish,7,current_freshwater-560b89330175,,Healthy Fish|current_freshwater,7
current_freshwater-69a8da93a948,current_freshwater,data/raw/current_freshwater/train_split/Healthy Fish/Healthy Fish_aug_59.jpg,train_split/Healthy Fish/Healthy Fish_aug_59.jpg,Healthy Fish,Healthy Fish,7,current_freshwater-69a8da93a948,,Healthy Fish|current_freshwater,7
current_freshwater-1e852d6a9aa3,current_freshwater,data/raw/current_freshwater/train_split/Healthy Fish/Healthy Fish_aug_60.jpg,train_split/Healthy Fish/Healthy Fish_aug_60.jpg,Healthy Fish,Healthy Fish,7,current_freshwater-1e852d6a9aa3,,Healthy Fish|current_freshwater,7
current_freshwater-87b9755a35ca,current_freshwater,data/raw/current_freshwater/train_split/Healthy Fish/Healthy Fish_aug_76.jpg,train_split/Healthy Fish/Healthy Fish_aug_76.jpg,Healthy Fish,Healthy Fish,7,current_freshwater-87b9755a35ca,,Healthy Fish|current_freshwater,7
current_freshwater-9323f3f476cf,current_freshwater,data/raw/current_freshwater/train_split/Healthy Fish/Healthy Fish_aug_90.jpg,train_split/Healthy Fish/Healthy Fish_aug_90.jpg,Healthy Fish,Healthy Fish,7,current_freshwater-9323f3f476cf,,Healthy Fish|current_freshwater,7
kaptai-f7a3b256b9eb,kaptai,data/raw/kaptai/Healthy Fish/healthy (11).jpg,Healthy Fish/healthy (11).jpg,Healthy Fish,Healthy Fish,7,current_freshwater-dc42d92d68b8,,Healthy Fish|current_freshwater,7
kaptai-98368dadd299,kaptai,data/raw/kaptai/Healthy Fish/healthy (12).jpg,Healthy Fish/healthy (12).jpg,Healthy Fish,Healthy Fish,7,current_freshwater-8218b047553d,,Healthy Fish|current_freshwater,7
roboflow-aa0f44ce1d4d,roboflow,data/raw/roboflow/train/Healthy Fish/Healthy-Fish-2-_png.rf.b197613824a05be687085f7530886c4d.jpg,train/Healthy Fish/Healthy-Fish-2-_png.rf.b197613824a05be687085f7530886c4d.jpg,Healthy Fish,Healthy Fish,7,current_freshwater-04d625e6cfc1,,Healthy Fish|current_freshwater,7
roboflow-0016143f82de,roboflow,data/raw/roboflow/train/Healthy Fish/Healthy-Fish-21-_jpg.rf.4379ccf98a39349999c77c71e0582a76.jpg,train/Healthy Fish/Healthy-Fish-21-_jpg.rf.4379ccf98a39349999c77c71e0582a76.jpg,Healthy Fish,Healthy Fish,7,roboflow-0016143f82de,,Healthy Fish|roboflow,7
roboflow-83fc94c5e4f2,roboflow,data/raw/roboflow/train/Healthy Fish/Healthy-Fish-22-_jpeg.rf.7539353ef0b905f9cef886e566a5ea9d.jpg,train/Healthy Fish/Healthy-Fish-22-_jpeg.rf.7539353ef0b905f9cef886e566a5ea9d.jpg,Healthy Fish,Healthy Fish,7,roboflow-83fc94c5e4f2,,Healthy Fish|roboflow,7
roboflow-952ab7df7b3b,roboflow,data/raw/roboflow/train/Healthy Fish/Healthy-Fish-58-_jpg.rf.46c5431c5fd883c34d27960673d5c080.jpg,train/Healthy Fish/Healthy-Fish-58-_jpg.rf.46c5431c5fd883c34d27960673d5c080.jpg,Healthy Fish,Healthy Fish,7,roboflow-952ab7df7b3b,,Healthy Fish|roboflow,7
roboflow-a768a8473c31,roboflow,data/raw/roboflow/train/Healthy Fish/Healthy-Fish-96-_jpg.rf.a85cbd6f53c52c83ed800864d54eeefc.jpg,train/Healthy Fish/Healthy-Fish-96-_jpg.rf.a85cbd6f53c52c83ed800864d54eeefc.jpg,Healthy Fish,Healthy Fish,7,roboflow-a768a8473c31,,Healthy Fish|roboflow,7
roboflow-cc217b65c311,roboflow,data/raw/roboflow/valid/Healthy Fish/Healthy-Fish-117-_jpg.rf.eb22d7aafa543b81785f3341bb1e68c1.jpg,valid/Healthy Fish/Healthy-Fish-117-_jpg.rf.eb22d7aafa543b81785f3341bb1e68c1.jpg,Healthy Fish,Healthy Fish,7,roboflow-cc217b65c311,,Healthy Fish|roboflow,7
roboflow-340c77e254ec,roboflow,data/raw/roboflow/valid/Healthy Fish/Healthy-Fish-132-_jpg.rf.027a1ea617e8be8153e4ee0b5fe662ee.jpg,valid/Healthy Fish/Healthy-Fish-132-_jpg.rf.027a1ea617e8be8153e4ee0b5fe662ee.jpg,Healthy Fish,Healthy Fish,7,roboflow-340c77e254ec,,Healthy Fish|roboflow,7
current_freshwater-995b9f02d50b,current_freshwater,data/raw/current_freshwater/test_split/Bacterial Red disease_Bacterial Red disease_164.jpg,test_split/Bacterial Red disease_Bacterial Red disease_164.jpg,Bacterial Red disease,Bacterial Red Disease,0,current_freshwater-321834e09499,,Bacterial Red Disease|current_freshwater,8
current_freshwater-209ad6806455,current_freshwater,data/raw/current_freshwater/test_split/Bacterial Red disease_Bacterial Red disease_191.jpg,test_split/Bacterial Red disease_Bacterial Red disease_191.jpg,Bacterial Red disease,Bacterial Red Disease,0,current_freshwater-209ad6806455,,Bacterial Red Disease|current_freshwater,8
current_freshwater-e1ffa92ee4a9,current_freshwater,data/raw/current_freshwater/test_split/Bacterial Red disease_Bacterial Red disease_79.jpeg,test_split/Bacterial Red disease_Bacterial Red disease_79.jpeg,Bacterial Red disease,Bacterial Red Disease,0,current_freshwater-e1ffa92ee4a9,,Bacterial Red Disease|current_freshwater,8
current_freshwater-589913330bed,current_freshwater,data/raw/current_freshwater/train_split/Bacterial Red disease/Bacterial Red disease_13.jpg,train_split/Bacterial Red disease/Bacterial Red disease_13.jpg,Bacterial Red disease,Bacterial Red Disease,0,current_freshwater-589913330bed,,Bacterial Red Disease|current_freshwater,8
current_freshwater-a0904dddba63,current_freshwater,data/raw/current_freshwater/train_split/Bacterial Red disease/Bacterial Red disease_134.jpg,train_split/Bacterial Red disease/Bacterial Red disease_134.jpg,Bacterial Red disease,Bacterial Red Disease,0,current_freshwater-10796a1ef478,,Bacterial Red Disease|current_freshwater,8
current_freshwater-0a7feafe0696,current_freshwater,data/raw/current_freshwater/train_split/Bacterial Red disease/Bacterial Red disease_181.jpg,train_split/Bacterial Red disease/Bacterial Red disease_181.jpg,Bacterial Red disease,Bacterial Red Disease,0,current_freshwater-0a7feafe0696,,Bacterial Red Disease|current_freshwater,8
current_freshwater-a23a0e99fa78,current_freshwater,data/raw/current_freshwater/train_split/Bacterial Red disease/Bacterial Red disease_218.jpg,train_split/Bacterial Red disease/Bacterial Red disease_218.jpg,Bacterial Red disease,Bacterial Red Disease,0,current_freshwater-a23a0e99fa78,,Bacterial Red Disease|current_freshwater,8
current_freshwater-8c0349606c93,current_freshwater,data/raw/current_freshwater/train_split/Bacterial Red disease/Bacterial Red disease_222.jpg,train_split/Bacterial Red disease/Bacterial Red disease_222.jpg,Bacterial Red disease,Bacterial Red Disease,0,current_freshwater-8c0349606c93,,Bacterial Red Disease|current_freshwater,8
current_freshwater-0c449de0b028,current_freshwater,data/raw/current_freshwater/train_split/Bacterial Red disease/Bacterial Red disease_29.jpg,train_split/Bacterial Red disease/Bacterial Red disease_29.jpg,Bacterial Red disease,Bacterial Red Disease,0,current_freshwater-0c449de0b028,,Bacterial Red Disease|current_freshwater,8
current_freshwater-c32a551d975d,current_freshwater,data/raw/current_freshwater/train_split/Bacterial Red disease/Bacterial Red disease_63.jpg,train_split/Bacterial Red disease/Bacterial Red disease_63.jpg,Bacterial Red disease,Bacterial Red Disease,0,current_freshwater-c32a551d975d,,Bacterial Red Disease|current_freshwater,8
current_freshwater-9ce5570930ad,current_freshwater,data/raw/current_freshwater/train_split/Bacterial Red disease/Bacterial Red disease_aug_110.jpg,train_split/Bacterial Red disease/Bacterial Red disease_aug_110.jpg,Bacterial Red disease,Bacterial Red Disease,0,current_freshwater-9ce5570930ad,,Bacterial Red Disease|current_freshwater,8
current_freshwater-56339de88761,current_freshwater,data/raw/current_freshwater/train_split/Bacterial Red disease/Bacterial Red disease_aug_126.jpg,train_split/Bacterial Red disease/Bacterial Red disease_aug_126.jpg,Bacterial Red disease,Bacterial Red Disease,0,current_freshwater-56339de88761,,Bacterial Red Disease|current_freshwater,8
current_freshwater-ba842712461e,current_freshwater,data/raw/current_freshwater/train_split/Bacterial Red disease/Bacterial Red disease_aug_152.jpg,train_split/Bacterial Red disease/Bacterial Red disease_aug_152.jpg,Bacterial Red disease,Bacterial Red Disease,0,current_freshwater-ba842712461e,,Bacterial Red Disease|current_freshwater,8
current_freshwater-3f4f7227611f,current_freshwater,data/raw/current_freshwater/train_split/Bacterial Red disease/Bacterial Red disease_aug_185.jpg,train_split/Bacterial Red disease/Bacterial Red disease_aug_185.jpg,Bacterial Red disease,Bacterial Red Disease,0,current_freshwater-3f4f7227611f,,Bacterial Red Disease|current_freshwater,8
current_freshwater-bc0694035ff1,current_freshwater,data/raw/current_freshwater/train_split/Bacterial Red disease/Bacterial Red disease_aug_197.jpg,train_split/Bacterial Red disease/Bacterial Red disease_aug_197.jpg,Bacterial Red disease,Bacterial Red Disease,0,current_freshwater-bc0694035ff1,,Bacterial Red Disease|current_freshwater,8
current_freshwater-30441d4ae4f5,current_freshwater,data/raw/current_freshwater/train_split/Bacterial Red disease/Bacterial Red disease_aug_201.jpg,train_split/Bacterial Red disease/Bacterial Red disease_aug_201.jpg,Bacterial Red disease,Bacterial Red Disease,0,current_freshwater-30441d4ae4f5,,Bacterial Red Disease|current_freshwater,8
current_freshwater-10796a1ef478,current_freshwater,data/raw/current_freshwater/train_split/Bacterial Red disease/Bacterial Red disease_aug_22.jpg,train_split/Bacterial Red disease/Bacterial Red disease_aug_22.jpg,Bacterial Red disease,Bacterial Red Disease,0,current_freshwater-10796a1ef478,,Bacterial Red Disease|current_freshwater,8
current_freshwater-f5a6d8b82ef0,current_freshwater,data/raw/current_freshwater/train_split/Bacterial Red disease/Bacterial Red disease_aug_221.jpg,train_split/Bacterial Red disease/Bacterial Red disease_aug_221.jpg,Bacterial Red disease,Bacterial Red Disease,0,current_freshwater-f5a6d8b82ef0,,Bacterial Red Disease|current_freshwater,8
current_freshwater-2da65d7de07a,current_freshwater,data/raw/current_freshwater/train_split/Bacterial Red disease/Bacterial Red disease_aug_249.jpg,train_split/Bacterial Red disease/Bacterial Red disease_aug_249.jpg,Bacterial Red disease,Bacterial Red Disease,0,current_freshwater-2da65d7de07a,,Bacterial Red Disease|current_freshwater,8
current_freshwater-64a0677f4289,current_freshwater,data/raw/current_freshwater/train_split/Bacterial Red disease/Bacterial Red disease_aug_250.jpg,train_split/Bacterial Red disease/Bacterial Red disease_aug_250.jpg,Bacterial Red disease,Bacterial Red Disease,0,current_freshwater-30441d4ae4f5,,Bacterial Red Disease|current_freshwater,8
current_freshwater-c2c10b88ca70,current_freshwater,data/raw/current_freshwater/train_split/Bacterial Red disease/Bacterial Red disease_aug_265.jpg,train_split/Bacterial Red disease/Bacterial Red disease_aug_265.jpg,Bacterial Red disease,Bacterial Red Disease,0,current_freshwater-c2c10b88ca70,,Bacterial Red Disease|current_freshwater,8
current_freshwater-321834e09499,current_freshwater,data/raw/current_freshwater/train_split/Bacterial Red disease/Bacterial Red disease_aug_277.jpg,train_split/Bacterial Red disease/Bacterial Red disease_aug_277.jpg,Bacterial Red disease,Bacterial Red Disease,0,current_freshwater-321834e09499,,Bacterial Red Disease|current_freshwater,8
current_freshwater-811a0dd9b6aa,current_freshwater,data/raw/current_freshwater/train_split/Bacterial Red disease/Bacterial Red disease_aug_286.jpg,train_split/Bacterial Red disease/Bacterial Red disease_aug_286.jpg,Bacterial Red disease,Bacterial Red Disease,0,current_freshwater-811a0dd9b6aa,,Bacterial Red Disease|current_freshwater,8
current_freshwater-c7a28395da90,current_freshwater,data/raw/current_freshwater/train_split/Bacterial Red disease/Bacterial Red disease_aug_288.jpg,train_split/Bacterial Red disease/Bacterial Red disease_aug_288.jpg,Bacterial Red disease,Bacterial Red Disease,0,current_freshwater-c7a28395da90,,Bacterial Red Disease|current_freshwater,8
current_freshwater-ce521fa68862,current_freshwater,data/raw/current_freshwater/train_split/Bacterial Red disease/Bacterial Red disease_aug_294.jpg,train_split/Bacterial Red disease/Bacterial Red disease_aug_294.jpg,Bacterial Red disease,Bacterial Red Disease,0,current_freshwater-ce521fa68862,,Bacterial Red Disease|current_freshwater,8
current_freshwater-25c9d84eaa98,current_freshwater,data/raw/current_freshwater/train_split/Bacterial Red disease/Bacterial Red disease_aug_328.jpg,train_split/Bacterial Red disease/Bacterial Red disease_aug_328.jpg,Bacterial Red disease,Bacterial Red Disease,0,current_freshwater-25c9d84eaa98,,Bacterial Red Disease|current_freshwater,8
current_freshwater-c374c8672c4c,current_freshwater,data/raw/current_freshwater/train_split/Bacterial Red disease/Bacterial Red disease_aug_338.jpg,train_split/Bacterial Red disease/Bacterial Red disease_aug_338.jpg,Bacterial Red disease,Bacterial Red Disease,0,current_freshwater-c374c8672c4c,,Bacterial Red Disease|current_freshwater,8
current_freshwater-6bfc3af32de9,current_freshwater,data/raw/current_freshwater/train_split/Bacterial Red disease/Bacterial Red disease_aug_40.jpg,train_split/Bacterial Red disease/Bacterial Red disease_aug_40.jpg,Bacterial Red disease,Bacterial Red Disease,0,current_freshwater-6bfc3af32de9,,Bacterial Red Disease|current_freshwater,8
current_freshwater-930692f0cc73,current_freshwater,data/raw/current_freshwater/train_split/Bacterial Red disease/Bacterial Red disease_aug_5.jpg,train_split/Bacterial Red disease/Bacterial Red disease_aug_5.jpg,Bacterial Red disease,Bacterial Red Disease,0,current_freshwater-930692f0cc73,,Bacterial Red Disease|current_freshwater,8
current_freshwater-441aec7c7a6b,current_freshwater,data/raw/current_freshwater/train_split/Bacterial Red disease/Bacterial Red disease_aug_50.jpg,train_split/Bacterial Red disease/Bacterial Red disease_aug_50.jpg,Bacterial Red disease,Bacterial Red Disease,0,current_freshwater-441aec7c7a6b,,Bacterial Red Disease|current_freshwater,8
current_freshwater-151a47117a10,current_freshwater,data/raw/current_freshwater/train_split/Bacterial Red disease/Bacterial Red disease_aug_67.jpg,train_split/Bacterial Red disease/Bacterial Red disease_aug_67.jpg,Bacterial Red disease,Bacterial Red Disease,0,current_freshwater-151a47117a10,,Bacterial Red Disease|current_freshwater,8
current_freshwater-e667d4b4f899,current_freshwater,data/raw/current_freshwater/train_split/Bacterial Red disease/Bacterial Red disease_aug_98.jpg,train_split/Bacterial Red disease/Bacterial Red disease_aug_98.jpg,Bacterial Red disease,Bacterial Red Disease,0,current_freshwater-e667d4b4f899,,Bacterial Red Disease|current_freshwater,8
roboflow-e1b34c608d06,roboflow,data/raw/roboflow/train/Bacterial Red disease/Bacterial-Red-disease-2-_png.rf.619d23d919b09a99d41aa88f43a0b9d1.jpg,train/Bacterial Red disease/Bacterial-Red-disease-2-_png.rf.619d23d919b09a99d41aa88f43a0b9d1.jpg,Bacterial Red disease,Bacterial Red Disease,0,roboflow-e1b34c608d06,,Bacterial Red Disease|roboflow,8
roboflow-d3fdeb8c62b8,roboflow,data/raw/roboflow/train/Bacterial Red disease/Bacterial-Red-disease-32-_jpg.rf.022ae5af301b73f9d5e361821cca94f5.jpg,train/Bacterial Red disease/Bacterial-Red-disease-32-_jpg.rf.022ae5af301b73f9d5e361821cca94f5.jpg,Bacterial Red disease,Bacterial Red Disease,0,current_freshwater-0c449de0b028,,Bacterial Red Disease|current_freshwater,8
roboflow-faa26b1e6b15,roboflow,data/raw/roboflow/train/Bacterial Red disease/Bacterial-Red-disease-8-_jpeg.rf.3b672acada632957afd3b4e9b0c14770.jpg,train/Bacterial Red disease/Bacterial-Red-disease-8-_jpeg.rf.3b672acada632957afd3b4e9b0c14770.jpg,Bacterial Red disease,Bacterial Red Disease,0,current_freshwater-e1ffa92ee4a9,,Bacterial Red Disease|current_freshwater,8
current_freshwater-0d56951442f0,current_freshwater,data/raw/current_freshwater/test_split/Bacterial diseases - Aeromoniasis_Bacterial diseases - Aeromoniasis_141.jpg,test_split/Bacterial diseases - Aeromoniasis_Bacterial diseases - Aeromoniasis_141.jpg,Bacterial diseases - Aeromoniasis,Aeromoniasis,1,current_freshwater-0d56951442f0,,Aeromoniasis|current_freshwater,8
current_freshwater-d6752869dab3,current_freshwater,data/raw/current_freshwater/test_split/Bacterial diseases - Aeromoniasis_Bacterial diseases - Aeromoniasis_146.jpg,test_split/Bacterial diseases - Aeromoniasis_Bacterial diseases - Aeromoniasis_146.jpg,Bacterial diseases - Aeromoniasis,Aeromoniasis,1,current_freshwater-d6752869dab3,,Aeromoniasis|current_freshwater,8
current_freshwater-c7fcba24e6c8,current_freshwater,data/raw/current_freshwater/test_split/Bacterial diseases - Aeromoniasis_Bacterial diseases - Aeromoniasis_148.jpg,test_split/Bacterial diseases - Aeromoniasis_Bacterial diseases - Aeromoniasis_148.jpg,Bacterial diseases - Aeromoniasis,Aeromoniasis,1,current_freshwater-c7fcba24e6c8,,Aeromoniasis|current_freshwater,8
current_freshwater-8bc6d4d161b2,current_freshwater,data/raw/current_freshwater/test_split/Bacterial diseases - Aeromoniasis_Bacterial diseases - Aeromoniasis_149.jpg,test_split/Bacterial diseases - Aeromoniasis_Bacterial diseases - Aeromoniasis_149.jpg,Bacterial diseases - Aeromoniasis,Aeromoniasis,1,current_freshwater-8bc6d4d161b2,,Aeromoniasis|current_freshwater,8
current_freshwater-bac15607d503,current_freshwater,data/raw/current_freshwater/test_split/Bacterial diseases - Aeromoniasis_Bacterial diseases - Aeromoniasis_217.jpg,test_split/Bacterial diseases - Aeromoniasis_Bacterial diseases - Aeromoniasis_217.jpg,Bacterial diseases - Aeromoniasis,Aeromoniasis,1,current_freshwater-bac15607d503,,Aeromoniasis|current_freshwater,8
current_freshwater-94c08e7b32f3,current_freshwater,data/raw/current_freshwater/test_split/Bacterial diseases - Aeromoniasis_Bacterial diseases - Aeromoniasis_235.jpg,test_split/Bacterial diseases - Aeromoniasis_Bacterial diseases - Aeromoniasis_235.jpg,Bacterial diseases - Aeromoniasis,Aeromoniasis,1,current_freshwater-94c08e7b32f3,,Aeromoniasis|current_freshwater,8
current_freshwater-5926b6ab27bd,current_freshwater,data/raw/current_freshwater/test_split/Bacterial diseases - Aeromoniasis_Bacterial diseases - Aeromoniasis_249.jpg,test_split/Bacterial diseases - Aeromoniasis_Bacterial diseases - Aeromoniasis_249.jpg,Bacterial diseases - Aeromoniasis,Aeromoniasis,1,current_freshwater-539e486e2fe6,,Aeromoniasis|current_freshwater,8
current_freshwater-80486ef065cf,current_freshwater,data/raw/current_freshwater/train_split/Bacterial diseases - Aeromoniasis/Bacterial diseases - Aeromoniasis_105.jpg,train_split/Bacterial diseases - Aeromoniasis/Bacterial diseases - Aeromoniasis_105.jpg,Bacterial diseases - Aeromoniasis,Aeromoniasis,1,current_freshwater-80486ef065cf,,Aeromoniasis|current_freshwater,8
current_freshwater-df1447d69f5c,current_freshwater,data/raw/current_freshwater/train_split/Bacterial diseases - Aeromoniasis/Bacterial diseases - Aeromoniasis_119.jpg,train_split/Bacterial diseases - Aeromoniasis/Bacterial diseases - Aeromoniasis_119.jpg,Bacterial diseases - Aeromoniasis,Aeromoniasis,1,current_freshwater-0f440a21ed25,,Aeromoniasis|current_freshwater,8
current_freshwater-cfae57db8259,current_freshwater,data/raw/current_freshwater/train_split/Bacterial diseases - Aeromoniasis/Bacterial diseases - Aeromoniasis_187.jpg,train_split/Bacterial diseases - Aeromoniasis/Bacterial diseases - Aeromoniasis_187.jpg,Bacterial diseases - Aeromoniasis,Aeromoniasis,1,current_freshwater-cfae57db8259,,Aeromoniasis|current_freshwater,8
current_freshwater-8e29d1f3b5d1,current_freshwater,data/raw/current_freshwater/train_split/Bacterial diseases - Aeromoniasis/Bacterial diseases - Aeromoniasis_222.jpg,train_split/Bacterial diseases - Aeromoniasis/Bacterial diseases - Aeromoniasis_222.jpg,Bacterial diseases - Aeromoniasis,Aeromoniasis,1,current_freshwater-8e29d1f3b5d1,,Aeromoniasis|current_freshwater,8
current_freshwater-539e486e2fe6,current_freshwater,data/raw/current_freshwater/train_split/Bacterial diseases - Aeromoniasis/Bacterial diseases - Aeromoniasis_227.jpg,train_split/Bacterial diseases - Aeromoniasis/Bacterial diseases - Aeromoniasis_227.jpg,Bacterial diseases - Aeromoniasis,Aeromoniasis,1,current_freshwater-539e486e2fe6,,Aeromoniasis|current_freshwater,8
current_freshwater-ef33d7ef6e8a,current_freshwater,data/raw/current_freshwater/train_split/Bacterial diseases - Aeromoniasis/Bacterial diseases - Aeromoniasis_229.jpg,train_split/Bacterial diseases - Aeromoniasis/Bacterial diseases - Aeromoniasis_229.jpg,Bacterial diseases - Aeromoniasis,Aeromoniasis,1,current_freshwater-ef33d7ef6e8a,,Aeromoniasis|current_freshwater,8
current_freshwater-401ace6c625f,current_freshwater,data/raw/current_freshwater/train_split/Bacterial diseases - Aeromoniasis/Bacterial diseases - Aeromoniasis_39.jpg,train_split/Bacterial diseases - Aeromoniasis/Bacterial diseases - Aeromoniasis_39.jpg,Bacterial diseases - Aeromoniasis,Aeromoniasis,1,current_freshwater-401ace6c625f,,Aeromoniasis|current_freshwater,8
current_freshwater-9f42a463b128,current_freshwater,data/raw/current_freshwater/train_split/Bacterial diseases - Aeromoniasis/Bacterial diseases - Aeromoniasis_40.jpg,train_split/Bacterial diseases - Aeromoniasis/Bacterial diseases - Aeromoniasis_40.jpg,Bacterial diseases - Aeromoniasis,Aeromoniasis,1,current_freshwater-9f42a463b128,,Aeromoniasis|current_freshwater,8
current_freshwater-f9eeb1dc9c64,current_freshwater,data/raw/current_freshwater/train_split/Bacterial diseases - Aeromoniasis/Bacterial diseases - Aeromoniasis_41.jpg,train_split/Bacterial diseases - Aeromoniasis/Bacterial diseases - Aeromoniasis_41.jpg,Bacterial diseases - Aeromoniasis,Aeromoniasis,1,current_freshwater-f9eeb1dc9c64,,Aeromoniasis|current_freshwater,8
current_freshwater-c487d9a9ae2e,current_freshwater,data/raw/current_freshwater/train_split/Bacterial diseases - Aeromoniasis/Bacterial diseases - Aeromoniasis_59.jpg,train_split/Bacterial diseases - Aeromoniasis/Bacterial diseases - Aeromoniasis_59.jpg,Bacterial diseases - Aeromoniasis,Aeromoniasis,1,current_freshwater-c487d9a9ae2e,,Aeromoniasis|current_freshwater,8
current_freshwater-322e4af5d0c0,current_freshwater,data/raw/current_freshwater/train_split/Bacterial diseases - Aeromoniasis/Bacterial diseases - Aeromoniasis_71.jpg,train_split/Bacterial diseases - Aeromoniasis/Bacterial diseases - Aeromoniasis_71.jpg,Bacterial diseases - Aeromoniasis,Aeromoniasis,1,current_freshwater-322e4af5d0c0,,Aeromoniasis|current_freshwater,8
current_freshwater-0ac0de85afc4,current_freshwater,data/raw/current_freshwater/train_split/Bacterial diseases - Aeromoniasis/Bacterial diseases - Aeromoniasis_79.jpg,train_split/Bacterial diseases - Aeromoniasis/Bacterial diseases - Aeromoniasis_79.jpg,Bacterial diseases - Aeromoniasis,Aeromoniasis,1,current_freshwater-0ac0de85afc4,,Aeromoniasis|current_freshwater,8
current_freshwater-435209f3d94e,current_freshwater,data/raw/current_freshwater/train_split/Bacterial diseases - Aeromoniasis/Bacterial diseases - Aeromoniasis_9.jpg,train_split/Bacterial diseases - Aeromoniasis/Bacterial diseases - Aeromoniasis_9.jpg,Bacterial diseases - Aeromoniasis,Aeromoniasis,1,current_freshwater-435209f3d94e,,Aeromoniasis|current_freshwater,8
current_freshwater-435f3b642384,current_freshwater,data/raw/current_freshwater/train_split/Bacterial diseases - Aeromoniasis/Bacterial diseases - Aeromoniasis_94.jpg,train_split/Bacterial diseases - Aeromoniasis/Bacterial diseases - Aeromoniasis_94.jpg,Bacterial diseases - Aeromoniasis,Aeromoniasis,1,current_freshwater-435f3b642384,,Aeromoniasis|current_freshwater,8
current_freshwater-faf05e098b13,current_freshwater,data/raw/current_freshwater/train_split/Bacterial diseases - Aeromoniasis/Bacterial diseases - Aeromoniasis_aug_127.jpg,train_split/Bacterial diseases - Aeromoniasis/Bacterial diseases - Aeromoniasis_aug_127.jpg,Bacterial diseases - Aeromoniasis,Aeromoniasis,1,current_freshwater-faf05e098b13,,Aeromoniasis|current_freshwater,8
current_freshwater-89f564faf688,current_freshwater,data/raw/current_freshwater/train_split/Bacterial diseases - Aeromoniasis/Bacterial diseases - Aeromoniasis_aug_177.jpg,train_split/Bacterial diseases - Aeromoniasis/Bacterial diseases - Aeromoniasis_aug_177.jpg,Bacterial diseases - Aeromoniasis,Aeromoniasis,1,current_freshwater-89f564faf688,,Aeromoniasis|current_freshwater,8
current_freshwater-f41de6f0ee84,current_freshwater,data/raw/current_freshwater/train_split/Bacterial diseases - Aeromoniasis/Bacterial diseases - Aeromoniasis_aug_192.jpg,train_split/Bacterial diseases - Aeromoniasis/Bacterial diseases - Aeromoniasis_aug_192.jpg,Bacterial diseases - Aeromoniasis,Aeromoniasis,1,current_freshwater-f41de6f0ee84,,Aeromoniasis|current_freshwater,8
current_freshwater-23c014d50750,current_freshwater,data/raw/current_freshwater/train_split/Bacterial diseases - Aeromoniasis/Bacterial diseases - Aeromoniasis_aug_207.jpg,train_split/Bacterial diseases - Aeromoniasis/Bacterial diseases - Aeromoniasis_aug_207.jpg,Bacterial diseases - Aeromoniasis,Aeromoniasis,1,current_freshwater-0f440a21ed25,,Aeromoniasis|current_freshwater,8
current_freshwater-ddeb61156684,current_freshwater,data/raw/current_freshwater/train_split/Bacterial diseases - Aeromoniasis/Bacterial diseases - Aeromoniasis_aug_228.jpg,train_split/Bacterial diseases - Aeromoniasis/Bacterial diseases - Aeromoniasis_aug_228.jpg,Bacterial diseases - Aeromoniasis,Aeromoniasis,1,current_freshwater-ddeb61156684,,Aeromoniasis|current_freshwater,8
current_freshwater-21591cea994c,current_freshwater,data/raw/current_freshwater/train_split/Bacterial diseases - Aeromoniasis/Bacterial diseases - Aeromoniasis_aug_235.jpg,train_split/Bacterial diseases - Aeromoniasis/Bacterial diseases - Aeromoniasis_aug_235.jpg,Bacterial diseases - Aeromoniasis,Aeromoniasis,1,current_freshwater-21591cea994c,,Aeromoniasis|current_freshwater,8
current_freshwater-8fe9abc0cec2,current_freshwater,data/raw/current_freshwater/train_split/Bacterial diseases - Aeromoniasis/Bacterial diseases - Aeromoniasis_aug_251.jpg,train_split/Bacterial diseases - Aeromoniasis/Bacterial diseases - Aeromoniasis_aug_251.jpg,Bacterial diseases - Aeromoniasis,Aeromoniasis,1,current_freshwater-8fe9abc0cec2,,Aeromoniasis|current_freshwater,8
current_freshwater-deb055276ab2,current_freshwater,data/raw/current_freshwater/train_split/Bacterial diseases - Aeromoniasis/Bacterial diseases - Aeromoniasis_aug_261.jpg,train_split/Bacterial diseases - Aeromoniasis/Bacterial diseases - Aeromoniasis_aug_261.jpg,Bacterial diseases - Aeromoniasis,Aeromoniasis,1,current_freshwater-deb055276ab2,,Aeromoniasis|current_freshwater,8
current_freshwater-f7468ca1734a,current_freshwater,data/raw/current_freshwater/train_split/Bacterial diseases - Aeromoniasis/Bacterial diseases - Aeromoniasis_aug_273.jpg,train_split/Bacterial diseases - Aeromoniasis/Bacterial diseases - Aeromoniasis_aug_273.jpg,Bacterial diseases - Aeromoniasis,Aeromoniasis,1,current_freshwater-435f3b642384,,Aeromoniasis|current_freshwater,8
current_freshwater-f709217b1cef,current_freshwater,data/raw/current_freshwater/train_split/Bacterial diseases - Aeromoniasis/Bacterial diseases - Aeromoniasis_aug_29.jpg,train_split/Bacterial diseases - Aeromoniasis/Bacterial diseases - Aeromoniasis_aug_29.jpg,Bacterial diseases - Aeromoniasis,Aeromoniasis,1,current_freshwater-f709217b1cef,,Aeromoniasis|current_freshwater,8
current_freshwater-180009c336a9,current_freshwater,data/raw/current_freshwater/train_split/Bacterial diseases - Aeromoniasis/Bacterial diseases - Aeromoniasis_aug_41.jpg,train_split/Bacterial diseases - Aeromoniasis/Bacterial diseases - Aeromoniasis_aug_41.jpg,Bacterial diseases - Aeromoniasis,Aeromoniasis,1,current_freshwater-180009c336a9,,Aeromoniasis|current_freshwater,8
current_freshwater-0bcb7cf50e1b,current_freshwater,data/raw/current_freshwater/train_split/Bacterial diseases - Aeromoniasis/Bacterial diseases - Aeromoniasis_aug_46.jpg,train_split/Bacterial diseases - Aeromoniasis/Bacterial diseases - Aeromoniasis_aug_46.jpg,Bacterial diseases - Aeromoniasis,Aeromoniasis,1,current_freshwater-0bcb7cf50e1b,,Aeromoniasis|current_freshwater,8
current_freshwater-3db02aa5e5c8,current_freshwater,data/raw/current_freshwater/train_split/Bacterial diseases - Aeromoniasis/Bacterial diseases - Aeromoniasis_aug_85.jpg,train_split/Bacterial diseases - Aeromoniasis/Bacterial diseases - Aeromoniasis_aug_85.jpg,Bacterial diseases - Aeromoniasis,Aeromoniasis,1,current_freshwater-3db02aa5e5c8,,Aeromoniasis|current_freshwater,8
current_freshwater-9591de6f753c,current_freshwater,data/raw/current_freshwater/train_split/Bacterial diseases - Aeromoniasis/Bacterial diseases - Aeromoniasis_aug_98.jpg,train_split/Bacterial diseases - Aeromoniasis/Bacterial diseases - Aeromoniasis_aug_98.jpg,Bacterial diseases - Aeromoniasis,Aeromoniasis,1,current_freshwater-9591de6f753c,,Aeromoniasis|current_freshwater,8
roboflow-9bdeee971808,roboflow,data/raw/roboflow/train/Bacterial diseases - Aeromoniasis/Bacterial-diseases-Aeromoniasis-16-_jpg.rf.b2cd85d254649e56b1b03ef5c6f9e43f.jpg,train/Bacterial diseases - Aeromoniasis/Bacterial-diseases-Aeromoniasis-16-_jpg.rf.b2cd85d254649e56b1b03ef5c6f9e43f.jpg,Bacterial diseases - Aeromoniasis,Aeromoniasis,1,current_freshwater-c487d9a9ae2e,,Aeromoniasis|current_freshwater,8
roboflow-63d910c61ad7,roboflow,data/raw/roboflow/train/Bacterial diseases - Aeromoniasis/Bacterial-diseases-Aeromoniasis-24-_jpg.rf.51fcfc054f8748b36aac028ff8522a37.jpg,train/Bacterial diseases - Aeromoniasis/Bacterial-diseases-Aeromoniasis-24-_jpg.rf.51fcfc054f8748b36aac028ff8522a37.jpg,Bacterial diseases - Aeromoniasis,Aeromoniasis,1,roboflow-63d910c61ad7,,Aeromoniasis|roboflow,8
roboflow-1d671da82afd,roboflow,data/raw/roboflow/train/Bacterial diseases - Aeromoniasis/Bacterial-diseases-Aeromoniasis-4-_jpg.rf.255d894914b648a7c4332694138785c4.jpg,train/Bacterial diseases - Aeromoniasis/Bacterial-diseases-Aeromoniasis-4-_jpg.rf.255d894914b648a7c4332694138785c4.jpg,Bacterial diseases - Aeromoniasis,Aeromoniasis,1,roboflow-1d671da82afd,,Aeromoniasis|roboflow,8
current_freshwater-826a008b5ac2,current_freshwater,data/raw/current_freshwater/test_split/Bacterial gill disease_Bacterial gill disease_22.jpeg,test_split/Bacterial gill disease_Bacterial gill disease_22.jpeg,Bacterial gill disease,Bacterial Gill Disease,2,current_freshwater-826a008b5ac2,,Bacterial Gill Disease|current_freshwater,8
current_freshwater-aa2bd0ca4472,current_freshwater,data/raw/current_freshwater/test_split/Bacterial gill disease_Bacterial gill disease_406.jpg,test_split/Bacterial gill disease_Bacterial gill disease_406.jpg,Bacterial gill disease,Bacterial Gill Disease,2,current_freshwater-aa2bd0ca4472,,Bacterial Gill Disease|current_freshwater,8
current_freshwater-a0439adaee55,current_freshwater,data/raw/current_freshwater/train_split/Bacterial gill disease/Bacterial gill disease_138.jpg,train_split/Bacterial gill disease/Bacterial gill disease_138.jpg,Bacterial gill disease,Bacterial Gill Disease,2,current_freshwater-a0439adaee55,,Bacterial Gill Disease|current_freshwater,8
current_freshwater-bd06d5486ca6,current_freshwater,data/raw/current_freshwater/train_split/Bacterial gill disease/Bacterial gill disease_151.jpg,train_split/Bacterial gill disease/Bacterial gill disease_151.jpg,Bacterial gill disease,Bacterial Gill Disease,2,current_freshwater-bd06d5486ca6,,Bacterial Gill Disease|current_freshwater,8
current_freshwater-4180093e893b,current_freshwater,data/raw/current_freshwater/train_split/Bacterial gill disease/Bacterial gill disease_153.jpg,train_split/Bacterial gill disease/Bacterial gill disease_153.jpg,Bacterial gill disease,Bacterial Gill Disease,2,current_freshwater-4180093e893b,,Bacterial Gill Disease|current_freshwater,8
current_freshwater-713a7656f501,current_freshwater,data/raw/current_freshwater/train_split/Bacterial gill disease/Bacterial gill disease_155.jpg,train_split/Bacterial gill disease/Bacterial gill disease_155.jpg,Bacterial gill disease,Bacterial Gill Disease,2,current_freshwater-713a7656f501,,Bacterial Gill Disease|current_freshwater,8
current_freshwater-9a194ff8e87e,current_freshwater,data/raw/current_freshwater/train_split/Bacterial gill disease/Bacterial gill disease_164.jpg,train_split/Bacterial gill disease/Bacterial gill disease_164.jpg,Bacterial gill disease,Bacterial Gill Disease,2,current_freshwater-7e6289d8e84c,,Bacterial Gill Disease|current_freshwater,8
current_freshwater-bb1b0cd2d17c,current_freshwater,data/raw/current_freshwater/train_split/Bacterial gill disease/Bacterial gill disease_173.jpg,train_split/Bacterial gill disease/Bacterial gill disease_173.jpg,Bacterial gill disease,Bacterial Gill Disease,2,current_freshwater-bb1b0cd2d17c,,Bacterial Gill Disease|current_freshwater,8
current_freshwater-e617562569fe,current_freshwater,data/raw/current_freshwater/train_split/Bacterial gill disease/Bacterial gill disease_236.jpg,train_split/Bacterial gill disease/Bacterial gill disease_236.jpg,Bacterial gill disease,Bacterial Gill Disease,2,current_freshwater-e617562569fe,,Bacterial Gill Disease|current_freshwater,8
current_freshwater-a3144f622312,current_freshwater,data/raw/current_freshwater/train_split/Bacterial gill disease/Bacterial gill disease_238.jpg,train_split/Bacterial gill disease/Bacterial gill disease_238.jpg,Bacterial gill disease,Bacterial Gill Disease,2,current_freshwater-a3144f622312,,Bacterial Gill Disease|current_freshwater,8
current_freshwater-50e51caf4b77,current_freshwater,data/raw/current_freshwater/train_split/Bacterial gill disease/Bacterial gill disease_252.jpg,train_split/Bacterial gill disease/Bacterial gill disease_252.jpg,Bacterial gill disease,Bacterial Gill Disease,2,current_freshwater-50e51caf4b77,,Bacterial Gill Disease|current_freshwater,8
current_freshwater-7fe8138b7644,current_freshwater,data/raw/current_freshwater/train_split/Bacterial gill disease/Bacterial gill disease_255.jpg,train_split/Bacterial gill disease/Bacterial gill disease_255.jpg,Bacterial gill disease,Bacterial Gill Disease,2,current_freshwater-7fe8138b7644,,Bacterial Gill Disease|current_freshwater,8
current_freshwater-3605c4de2c8f,current_freshwater,data/raw/current_freshwater/train_split/Bacterial gill disease/Bacterial gill disease_261.jpg,train_split/Bacterial gill disease/Bacterial gill disease_261.jpg,Bacterial gill disease,Bacterial Gill Disease,2,current_freshwater-3605c4de2c8f,,Bacterial Gill Disease|current_freshwater,8
current_freshwater-ffe9c2bf8a48,current_freshwater,data/raw/current_freshwater/train_split/Bacterial gill disease/Bacterial gill disease_51.png,train_split/Bacterial gill disease/Bacterial gill disease_51.png,Bacterial gill disease,Bacterial Gill Disease,2,current_freshwater-ffe9c2bf8a48,,Bacterial Gill Disease|current_freshwater,8
current_freshwater-71b2f4a599a9,current_freshwater,data/raw/current_freshwater/train_split/Bacterial gill disease/Bacterial gill disease_56.jpg,train_split/Bacterial gill disease/Bacterial gill disease_56.jpg,Bacterial gill disease,Bacterial Gill Disease,2,current_freshwater-71b2f4a599a9,,Bacterial Gill Disease|current_freshwater,8
current_freshwater-9d7cd355a3fb,current_freshwater,data/raw/current_freshwater/train_split/Bacterial gill disease/Bacterial gill disease_93.jpg,train_split/Bacterial gill disease/Bacterial gill disease_93.jpg,Bacterial gill disease,Bacterial Gill Disease,2,current_freshwater-93b6c8ffe90a,,Bacterial Gill Disease|current_freshwater,8
current_freshwater-12e0945d4931,current_freshwater,data/raw/current_freshwater/train_split/Bacterial gill disease/Bacterial gill disease_aug_104.jpg,train_split/Bacterial gill disease/Bacterial gill disease_aug_104.jpg,Bacterial gill disease,Bacterial Gill Disease,2,current_freshwater-12e0945d4931,,Bacterial Gill Disease|current_freshwater,8
current_freshwater-0c272d7fe6c2,current_freshwater,data/raw/current_freshwater/train_split/Bacterial gill disease/Bacterial gill disease_aug_106.jpg,train_split/Bacterial gill disease/Bacterial gill disease_aug_106.jpg,Bacterial gill disease,Bacterial Gill Disease,2,current_freshwater-0c272d7fe6c2,,Bacterial Gill Disease|current_freshwater,8
current_freshwater-97dc1fb7b32c,current_freshwater,data/raw/current_freshwater/train_split/Bacterial gill disease/Bacterial gill disease_aug_117.jpg,train_split/Bacterial gill disease/Bacterial gill disease_aug_117.jpg,Bacterial gill disease,Bacterial Gill Disease,2,current_freshwater-97dc1fb7b32c,,Bacterial Gill Disease|current_freshwater,8
current_freshwater-93b6c8ffe90a,current_freshwater,data/raw/current_freshwater/train_split/Bacterial gill disease/Bacterial gill disease_aug_12.jpg,train_split/Bacterial gill disease/Bacterial gill disease_aug_12.jpg,Bacterial gill disease,Bacterial Gill Disease,2,current_freshwater-93b6c8ffe90a,,Bacterial Gill Disease|current_freshwater,8
current_freshwater-0d874e9ffe12,current_freshwater,data/raw/current_freshwater/train_split/Bacterial gill disease/Bacterial gill disease_aug_157.jpg,train_split/Bacterial gill disease/Bacterial gill disease_aug_157.jpg,Bacterial gill disease,Bacterial Gill Disease,2,current_freshwater-0d874e9ffe12,,Bacterial Gill Disease|current_freshwater,8
current_freshwater-a0f5f80d4260,current_freshwater,data/raw/current_freshwater/train_split/Bacterial gill disease/Bacterial gill disease_aug_18.jpg,train_split/Bacterial gill disease/Bacterial gill disease_aug_18.jpg,Bacterial gill disease,Bacterial Gill Disease,2,current_freshwater-a0f5f80d4260,,Bacterial Gill Disease|current_freshwater,8
current_freshwater-ca2bc55099be,current_freshwater,data/raw/current_freshwater/train_split/Bacterial gill disease/Bacterial gill disease_aug_201.jpg,train_split/Bacterial gill disease/Bacterial gill disease_aug_201.jpg,Bacterial gill disease,Bacterial Gill Disease,2,current_freshwater-a0439adaee55,,Bacterial Gill Disease|current_freshwater,8
current_freshwater-7e6289d8e84c,current_freshwater,data/raw/current_freshwater/train_split/Bacterial gill disease/Bacterial gill disease_aug_203.jpg,train_split/Bacterial gill disease/Bacterial gill disease_aug_203.jpg,Bacterial gill disease,Bacterial Gill Disease,2,current_freshwater-7e6289d8e84c,,Bacterial Gill Disease|current_freshwater,8
current_freshwater-b1c900e7afd8,current_freshwater,data/raw/current_freshwater/train_split/Bacterial gill disease/Bacterial gill disease_aug_207.jpg,train_split/Bacterial gill disease/Bacterial gill disease_aug_207.jpg,Bacterial gill disease,Bacterial Gill Disease,2,current_freshwater-b1c900e7afd8,,Bacterial Gill Disease|current_freshwater,8
current_freshwater-8389858a4527,current_freshwater,data/raw/current_freshwater/train_split/Bacterial gill disease/Bacterial gill disease_aug_210.jpg,train_split/Bacterial gill disease/Bacterial gill disease_aug_210.jpg,Bacterial gill disease,Bacterial Gill Disease,2,current_freshwater-8389858a4527,,Bacterial Gill Disease|current_freshwater,8
current_freshwater-4f6f3f088267,current_freshwater,data/raw/current_freshwater/train_split/Bacterial gill disease/Bacterial gill disease_aug_220.jpg,train_split/Bacterial gill disease/Bacterial gill disease_aug_220.jpg,Bacterial gill disease,Bacterial Gill Disease,2,current_freshwater-4f6f3f088267,,Bacterial Gill Disease|current_freshwater,8
current_freshwater-c2e72c78d241,current_freshwater,data/raw/current_freshwater/train_split/Bacterial gill disease/Bacterial gill disease_aug_236.jpg,train_split/Bacterial gill disease/Bacterial gill disease_aug_236.jpg,Bacterial gill disease,Bacterial Gill Disease,2,current_freshwater-c2e72c78d241,,Bacterial Gill Disease|current_freshwater,8
current_freshwater-5505e0b2114b,current_freshwater,data/raw/current_freshwater/train_split/Bacterial gill disease/Bacterial gill disease_aug_238.jpg,train_split/Bacterial gill disease/Bacterial gill disease_aug_238.jpg,Bacterial gill disease,Bacterial Gill Disease,2,current_freshwater-5505e0b2114b,,Bacterial Gill Disease|current_freshwater,8
current_freshwater-505f87102c86,current_freshwater,data/raw/current_freshwater/train_split/Bacterial gill disease/Bacterial gill disease_aug_30.jpg,train_split/Bacterial gill disease/Bacterial gill disease_aug_30.jpg,Bacterial gill disease,Bacterial Gill Disease,2,current_freshwater-505f87102c86,,Bacterial Gill Disease|current_freshwater,8
current_freshwater-be4e3f7dd9fc,current_freshwater,data/raw/current_freshwater/train_split/Bacterial gill disease/Bacterial gill disease_aug_51.jpg,train_split/Bacterial gill disease/Bacterial gill disease_aug_51.jpg,Bacterial gill disease,Bacterial Gill Disease,2,current_freshwater-be4e3f7dd9fc,,Bacterial Gill Disease|current_freshwater,8
current_freshwater-3a64fba70ebd,current_freshwater,data/raw/current_freshwater/train_split/Bacterial gill disease/Bacterial gill disease_aug_55.jpg,train_split/Bacterial gill disease/Bacterial gill disease_aug_55.jpg,Bacterial gill disease,Bacterial Gill Disease,2,current_freshwater-3a64fba70ebd,,Bacterial Gill Disease|current_freshwater,8
current_freshwater-76679c8e5905,current_freshwater,data/raw/current_freshwater/train_split/Bacterial gill disease/Bacterial gill disease_aug_65.jpg,train_split/Bacterial gill disease/Bacterial gill disease_aug_65.jpg,Bacterial gill disease,Bacterial Gill Disease,2,current_freshwater-76679c8e5905,,Bacterial Gill Disease|current_freshwater,8
current_freshwater-955578ec89db,current_freshwater,data/raw/current_freshwater/train_split/Bacterial gill disease/Bacterial gill disease_aug_76.jpg,train_split/Bacterial gill disease/Bacterial gill disease_aug_76.jpg,Bacterial gill disease,Bacterial Gill Disease,2,current_freshwater-955578ec89db,,Bacterial Gill Disease|current_freshwater,8
roboflow-4fb90f2412bd,roboflow,data/raw/roboflow/test/Bacterial gill disease/Bacterial-gill-disease-7-_png.rf.3e4304be119fa7e0ee19bb85889a6f59.jpg,test/Bacterial gill disease/Bacterial-gill-disease-7-_png.rf.3e4304be119fa7e0ee19bb85889a6f59.jpg,Bacterial gill disease,Bacterial Gill Disease,2,roboflow-4fb90f2412bd,,Bacterial Gill Disease|roboflow,8
roboflow-65c763aae57d,roboflow,data/raw/roboflow/test/Bacterial gill disease/Bacterial-gill-disease-9-_jpeg.rf.834f2fcfdbfe2a53a3ddfe6fb914f7b6.jpg,test/Bacterial gill disease/Bacterial-gill-disease-9-_jpeg.rf.834f2fcfdbfe2a53a3ddfe6fb914f7b6.jpg,Bacterial gill disease,Bacterial Gill Disease,2,roboflow-4fb90f2412bd,,Bacterial Gill Disease|roboflow,8
roboflow-4c9d914d69e6,roboflow,data/raw/roboflow/train/Bacterial gill disease/Bacterial-gill-disease-13-_jpeg.rf.ac57b423e837dec623dfff1ecadc9da4.jpg,train/Bacterial gill disease/Bacterial-gill-disease-13-_jpeg.rf.ac57b423e837dec623dfff1ecadc9da4.jpg,Bacterial gill disease,Bacterial Gill Disease,2,current_freshwater-826a008b5ac2,,Bacterial Gill Disease|current_freshwater,8
roboflow-cdbc00bff2f6,roboflow,data/raw/roboflow/train/Bacterial gill disease/Bacterial-gill-disease-5-_png.rf.facbee0775d8ffbc75cf135a888bf6d3.jpg,train/Bacterial gill disease/Bacterial-gill-disease-5-_png.rf.facbee0775d8ffbc75cf135a888bf6d3.jpg,Bacterial gill disease,Bacterial Gill Disease,2,current_freshwater-ffe9c2bf8a48,,Bacterial Gill Disease|current_freshwater,8
roboflow-5fa1aa91ea52,roboflow,data/raw/roboflow/train/Bacterial gill disease/Bacterial-gill-disease-6-_jpeg.rf.25e4ae2752f3fb2d51c16149b82405bb.jpg,train/Bacterial gill disease/Bacterial-gill-disease-6-_jpeg.rf.25e4ae2752f3fb2d51c16149b82405bb.jpg,Bacterial gill disease,Bacterial Gill Disease,2,roboflow-5fa1aa91ea52,,Bacterial Gill Disease|roboflow,8
current_freshwater-c2425785233a,current_freshwater,data/raw/current_freshwater/test_split/EUS_EUS_168.jpg,test_split/EUS_EUS_168.jpg,EUS,EUS Disease,3,current_freshwater-c2425785233a,,EUS Disease|current_freshwater,8
current_freshwater-7c2a7d0fc2e7,current_freshwater,data/raw/current_freshwater/test_split/EUS_EUS_176.jpg,test_split/EUS_EUS_176.jpg,EUS,EUS Disease,3,current_freshwater-7c2a7d0fc2e7,,EUS Disease|current_freshwater,8
current_freshwater-b6d57851828f,current_freshwater,data/raw/current_freshwater/train_split/EUS/EUS_1.jpg,train_split/EUS/EUS_1.jpg,EUS,EUS Disease,3,current_freshwater-b6d57851828f,,EUS Disease|current_freshwater,8
current_freshwater-9200d0b83a06,current_freshwater,data/raw/current_freshwater/train_split/EUS/EUS_101.jpg,train_split/EUS/EUS_101.jpg,EUS,EUS Disease,3,current_freshwater-9200d0b83a06,,EUS Disease|current_freshwater,8
current_freshwater-3cfdf381edc9,current_freshwater,data/raw/current_freshwater/train_split/EUS/EUS_128.jpg,train_split/EUS/EUS_128.jpg,EUS,EUS Disease,3,current_freshwater-12c40c4e9053,,EUS Disease|current_freshwater,8
current_freshwater-81bb24dcce49,current_freshwater,data/raw/current_freshwater/train_split/EUS/EUS_137.jpg,train_split/EUS/EUS_137.jpg,EUS,EUS Disease,3,current_freshwater-81bb24dcce49,,EUS Disease|current_freshwater,8
current_freshwater-c063a6a17551,current_freshwater,data/raw/current_freshwater/train_split/EUS/EUS_144.jpg,train_split/EUS/EUS_144.jpg,EUS,EUS Disease,3,current_freshwater-73ace5fc2dfc,,EUS Disease|current_freshwater,8
current_freshwater-90f4561e2685,current_freshwater,data/raw/current_freshwater/train_split/EUS/EUS_163.jpg,train_split/EUS/EUS_163.jpg,EUS,EUS Disease,3,current_freshwater-90f4561e2685,,EUS Disease|current_freshwater,8
current_freshwater-489fe77e5efd,current_freshwater,data/raw/current_freshwater/train_split/EUS/EUS_193.jpg,train_split/EUS/EUS_193.jpg,EUS,EUS Disease,3,current_freshwater-489fe77e5efd,,EUS Disease|current_freshwater,8
current_freshwater-ba3ed3a5419f,current_freshwater,data/raw/current_freshwater/train_split/EUS/EUS_197.jpg,train_split/EUS/EUS_197.jpg,EUS,EUS Disease,3,current_freshwater-ba3ed3a5419f,,EUS Disease|current_freshwater,8
current_freshwater-fe7b03bbe308,current_freshwater,data/raw/current_freshwater/train_split/EUS/EUS_208.jpg,train_split/EUS/EUS_208.jpg,EUS,EUS Disease,3,current_freshwater-fe7b03bbe308,,EUS Disease|current_freshwater,8
current_freshwater-c4c9abb3cea6,current_freshwater,data/raw/current_freshwater/train_split/EUS/EUS_241.jpg,train_split/EUS/EUS_241.jpg,EUS,EUS Disease,3,current_freshwater-c4c9abb3cea6,,EUS Disease|current_freshwater,8
current_freshwater-f1786f6eef60,current_freshwater,data/raw/current_freshwater/train_split/EUS/EUS_244.jpg,train_split/EUS/EUS_244.jpg,EUS,EUS Disease,3,current_freshwater-f1786f6eef60,,EUS Disease|current_freshwater,8
current_freshwater-ffe169bf72f6,current_freshwater,data/raw/current_freshwater/train_split/EUS/EUS_257.jpg,train_split/EUS/EUS_257.jpg,EUS,EUS Disease,3,current_freshwater-ffe169bf72f6,,EUS Disease|current_freshwater,8
current_freshwater-1d4f9e308312,current_freshwater,data/raw/current_freshwater/train_split/EUS/EUS_260.jpg,train_split/EUS/EUS_260.jpg,EUS,EUS Disease,3,current_freshwater-1d4f9e308312,,EUS Disease|current_freshwater,8
current_freshwater-6d7509c1f7ca,current_freshwater,data/raw/current_freshwater/train_split/EUS/EUS_280.jpg,train_split/EUS/EUS_280.jpg,EUS,EUS Disease,3,current_freshwater-6d7509c1f7ca,,EUS Disease|current_freshwater,8
current_freshwater-dcc8c8b15718,current_freshwater,data/raw/current_freshwater/train_split/EUS/EUS_311.jpg,train_split/EUS/EUS_311.jpg,EUS,EUS Disease,3,current_freshwater-428a6eba2931,,EUS Disease|current_freshwater,8
current_freshwater-72e34a29bb21,current_freshwater,data/raw/current_freshwater/train_split/EUS/EUS_329.jpg,train_split/EUS/EUS_329.jpg,EUS,EUS Disease,3,current_freshwater-72e34a29bb21,,EUS Disease|current_freshwater,8
current_freshwater-1619a3f27c24,current_freshwater,data/raw/current_freshwater/train_split/EUS/EUS_42.jpg,train_split/EUS/EUS_42.jpg,EUS,EUS Disease,3,current_freshwater-1619a3f27c24,,EUS Disease|current_freshwater,8
current_freshwater-ac412044daef,current_freshwater,data/raw/current_freshwater/train_split/EUS/EUS_61.jpg,train_split/EUS/EUS_61.jpg,EUS,EUS Disease,3,current_freshwater-ac412044daef,,EUS Disease|current_freshwater,8
current_freshwater-b9ce020cfd9d,current_freshwater,data/raw/current_freshwater/train_split/EUS/EUS_86.jpg,train_split/EUS/EUS_86.jpg,EUS,EUS Disease,3,current_freshwater-4b7e11307d48,,EUS Disease|current_freshwater,8
current_freshwater-bf9e1fdb2a4d,current_freshwater,data/raw/current_freshwater/train_split/EUS/EUS_9.jpg,train_split/EUS/EUS_9.jpg,EUS,EUS Disease,3,current_freshwater-bf9e1fdb2a4d,,EUS Disease|current_freshwater,8
current_freshwater-ade37549e591,current_freshwater,data/raw/current_freshwater/train_split/EUS/EUS_91.jpg,train_split/EUS/EUS_91.jpg,EUS,EUS Disease,3,current_freshwater-ade37549e591,,EUS Disease|current_freshwater,8
current_freshwater-f5178b5c017a,current_freshwater,data/raw/current_freshwater/train_split/EUS/EUS_aug_1.jpg,train_split/EUS/EUS_aug_1.jpg,EUS,EUS Disease,3,current_freshwater-f5178b5c017a,,EUS Disease|current_freshwater,8
current_freshwater-428a6eba2931,current_freshwater,data/raw/current_freshwater/train_split/EUS/EUS_aug_111.jpg,train_split/EUS/EUS_aug_111.jpg,EUS,EUS Disease,3,current_freshwater-428a6eba2931,,EUS Disease|current_freshwater,8
current_freshwater-ce9d50b6da57,current_freshwater,data/raw/current_freshwater/train_split/EUS/EUS_aug_135.jpg,train_split/EUS/EUS_aug_135.jpg,EUS,EUS Disease,3,current_freshwater-4b7e11307d48,,EUS Disease|current_freshwater,8
current_freshwater-0625985ffef1,current_freshwater,data/raw/current_freshwater/train_split/EUS/EUS_aug_145.jpg,train_split/EUS/EUS_aug_145.jpg,EUS,EUS Disease,3,current_freshwater-0625985ffef1,,EUS Disease|current_freshwater,8
current_freshwater-13a95e29c9c9,current_freshwater,data/raw/current_freshwater/train_split/EUS/EUS_aug_160.jpg,train_split/EUS/EUS_aug_160.jpg,EUS,EUS Disease,3,current_freshwater-13a95e29c9c9,,EUS Disease|current_freshwater,8
current_freshwater-12c40c4e9053,current_freshwater,data/raw/current_freshwater/train_split/EUS/EUS_aug_196.jpg,train_split/EUS/EUS_aug_196.jpg,EUS,EUS Disease,3,current_freshwater-12c40c4e9053,,EUS Disease|current_freshwater,8
current_freshwater-72bb4a340503,current_freshwater,data/raw/current_freshwater/train_split/EUS/EUS_aug_199.jpg,train_split/EUS/EUS_aug_199.jpg,EUS,EUS Disease,3,current_freshwater-72bb4a340503,,EUS Disease|current_freshwater,8
current_freshwater-73ace5fc2dfc,current_freshwater,data/raw/current_freshwater/train_split/EUS/EUS_aug_27.jpg,train_split/EUS/EUS_aug_27.jpg,EUS,EUS Disease,3,current_freshwater-73ace5fc2dfc,,EUS Disease|current_freshwater,8
current_freshwater-89075fc833c5,current_freshwater,data/raw/current_freshwater/train_split/EUS/EUS_aug_43.jpg,train_split/EUS/EUS_aug_43.jpg,EUS,EUS Disease,3,current_freshwater-89075fc833c5,,EUS Disease|current_freshwater,8
current_freshwater-39893495427c,current_freshwater,data/raw/current_freshwater/train_split/EUS/EUS_aug_50.jpg,train_split/EUS/EUS_aug_50.jpg,EUS,EUS Disease,3,current_freshwater-39893495427c,,EUS Disease|current_freshwater,8
current_freshwater-4662a856cb86,current_freshwater,data/raw/current_freshwater/train_split/EUS/EUS_aug_71.jpg,train_split/EUS/EUS_aug_71.jpg,EUS,EUS Disease,3,current_freshwater-4662a856cb86,,EUS Disease|current_freshwater,8
current_freshwater-8fbc6482a807,current_freshwater,data/raw/current_freshwater/train_split/EUS/EUS_aug_80.jpg,train_split/EUS/EUS_aug_80.jpg,EUS,EUS Disease,3,current_freshwater-8fbc6482a807,,EUS Disease|current_freshwater,8
current_freshwater-017b526afeea,current_freshwater,data/raw/current_freshwater/train_split/EUS/EUS_aug_84.jpg,train_split/EUS/EUS_aug_84.jpg,EUS,EUS Disease,3,current_freshwater-017b526afeea,,EUS Disease|current_freshwater,8
kaptai-61af3a0c3afd,kaptai,data/raw/kaptai/EUS/17.jpg,EUS/17.jpg,EUS,EUS Disease,3,kaptai-61af3a0c3afd,,EUS Disease|kaptai,8
current_freshwater-3a173f614f26,current_freshwater,data/raw/current_freshwater/test_split/Fungal diseases Saprolegniasis_Fungal diseases Saprolegniasis_79.jpg,test_split/Fungal diseases Saprolegniasis_Fungal diseases Saprolegniasis_79.jpg,Fungal diseases Saprolegniasis,Saprolegniasis,4,current_freshwater-3a173f614f26,,Saprolegniasis|current_freshwater,8
current_freshwater-bc1c622d633c,current_freshwater,data/raw/current_freshwater/train_split/Fungal diseases Saprolegniasis/Fungal diseases Saprolegniasis_11.jpg,train_split/Fungal diseases Saprolegniasis/Fungal diseases Saprolegniasis_11.jpg,Fungal diseases Saprolegniasis,Saprolegniasis,4,current_freshwater-3cb127021784,,Saprolegniasis|current_freshwater,8
current_freshwater-b93fa725c4e0,current_freshwater,data/raw/current_freshwater/train_split/Fungal diseases Saprolegniasis/Fungal diseases Saprolegniasis_120.jpg,train_split/Fungal diseases Saprolegniasis/Fungal diseases Saprolegniasis_120.jpg,Fungal diseases Saprolegniasis,Saprolegniasis,4,current_freshwater-1f66f0e33b8e,,Saprolegniasis|current_freshwater,8
current_freshwater-f19832afb057,current_freshwater,data/raw/current_freshwater/train_split/Fungal diseases Saprolegniasis/Fungal diseases Saprolegniasis_130.jpg,train_split/Fungal diseases Saprolegniasis/Fungal diseases Saprolegniasis_130.jpg,Fungal diseases Saprolegniasis,Saprolegniasis,4,current_freshwater-f19832afb057,,Saprolegniasis|current_freshwater,8
current_freshwater-88c29ae4153c,current_freshwater,data/raw/current_freshwater/train_split/Fungal diseases Saprolegniasis/Fungal diseases Saprolegniasis_205.jpg,train_split/Fungal diseases Saprolegniasis/Fungal diseases Saprolegniasis_205.jpg,Fungal diseases Saprolegniasis,Saprolegniasis,4,current_freshwater-1aa49a3717f0,,Saprolegniasis|current_freshwater,8
current_freshwater-2f21c5eb56fa,current_freshwater,data/raw/current_freshwater/train_split/Fungal diseases Saprolegniasis/Fungal diseases Saprolegniasis_238.jpg,train_split/Fungal diseases Saprolegniasis/Fungal diseases Saprolegniasis_238.jpg,Fungal diseases Saprolegniasis,Saprolegniasis,4,current_freshwater-1832ce2984c3,,Saprolegniasis|current_freshwater,8
current_freshwater-ca0f2acc641e,current_freshwater,data/raw/current_freshwater/train_split/Fungal diseases Saprolegniasis/Fungal diseases Saprolegniasis_239.jpg,train_split/Fungal diseases Saprolegniasis/Fungal diseases Saprolegniasis_239.jpg,Fungal diseases Saprolegniasis,Saprolegniasis,4,current_freshwater-90898c6302e2,,Saprolegniasis|current_freshwater,8
current_freshwater-ca3b26956626,current_freshwater,data/raw/current_freshwater/train_split/Fungal diseases Saprolegniasis/Fungal diseases Saprolegniasis_245.jpg,train_split/Fungal diseases Saprolegniasis/Fungal diseases Saprolegniasis_245.jpg,Fungal diseases Saprolegniasis,Saprolegniasis,4,current_freshwater-ca3b26956626,,Saprolegniasis|current_freshwater,8
current_freshwater-f96363d6d14f,current_freshwater,data/raw/current_freshwater/train_split/Fungal diseases Saprolegniasis/Fungal diseases Saprolegniasis_66.jpg,train_split/Fungal diseases Saprolegniasis/Fungal diseases Saprolegniasis_66.jpg,Fungal diseases Saprolegniasis,Saprolegniasis,4,current_freshwater-f96363d6d14f,,Saprolegniasis|current_freshwater,8
current_freshwater-cd1ade41e45a,current_freshwater,data/raw/current_freshwater/train_split/Fungal diseases Saprolegniasis/Fungal diseases Saprolegniasis_aug_103.jpg,train_split/Fungal diseases Saprolegniasis/Fungal diseases Saprolegniasis_aug_103.jpg,Fungal diseases Saprolegniasis,Saprolegniasis,4,current_freshwater-cd1ade41e45a,,Saprolegniasis|current_freshwater,8
current_freshwater-0bffdcfc0c9a,current_freshwater,data/raw/current_freshwater/train_split/Fungal diseases Saprolegniasis/Fungal diseases Saprolegniasis_aug_105.jpg,train_split/Fungal diseases Saprolegniasis/Fungal diseases Saprolegniasis_aug_105.jpg,Fungal diseases Saprolegniasis,Saprolegniasis,4,current_freshwater-0bffdcfc0c9a,,Saprolegniasis|current_freshwater,8
current_freshwater-2fa9cfaff104,current_freshwater,data/raw/current_freshwater/train_split/Fungal diseases Saprolegniasis/Fungal diseases Saprolegniasis_aug_109.jpg,train_split/Fungal diseases Saprolegniasis/Fungal diseases Saprolegniasis_aug_109.jpg,Fungal diseases Saprolegniasis,Saprolegniasis,4,current_freshwater-2fa9cfaff104,,Saprolegniasis|current_freshwater,8
current_freshwater-ba73d6532cec,current_freshwater,data/raw/current_freshwater/train_split/Fungal diseases Saprolegniasis/Fungal diseases Saprolegniasis_aug_120.jpg,train_split/Fungal diseases Saprolegniasis/Fungal diseases Saprolegniasis_aug_120.jpg,Fungal diseases Saprolegniasis,Saprolegniasis,4,current_freshwater-ba73d6532cec,,Saprolegniasis|current_freshwater,8
current_freshwater-29ceb28835b7,current_freshwater,data/raw/current_freshwater/train_split/Fungal diseases Saprolegniasis/Fungal diseases Saprolegniasis_aug_17.jpg,train_split/Fungal diseases Saprolegniasis/Fungal diseases Saprolegniasis_aug_17.jpg,Fungal diseases Saprolegniasis,Saprolegniasis,4,current_freshwater-29ceb28835b7,,Saprolegniasis|current_freshwater,8
current_freshwater-e074434b38fa,current_freshwater,data/raw/current_freshwater/train_split/Fungal diseases Saprolegniasis/Fungal diseases Saprolegniasis_aug_175.jpg,train_split/Fungal diseases Saprolegniasis/Fungal diseases Saprolegniasis_aug_175.jpg,Fungal diseases Saprolegniasis,Saprolegniasis,4,current_freshwater-e074434b38fa,,Saprolegniasis|current_freshwater,8
current_freshwater-3cb127021784,current_freshwater,data/raw/current_freshwater/train_split/Fungal diseases Saprolegniasis/Fungal diseases Saprolegniasis_aug_182.jpg,train_split/Fungal diseases Saprolegniasis/Fungal diseases Saprolegniasis_aug_182.jpg,Fungal diseases Saprolegniasis,Saprolegniasis,4,current_freshwater-3cb127021784,,Saprolegniasis|current_freshwater,8
current_freshwater-959f27f5f4f3,current_freshwater,data/raw/current_freshwater/train_split/Fungal diseases Saprolegniasis/Fungal diseases Saprolegniasis_aug_212.jpg,train_split/Fungal diseases Saprolegniasis/Fungal diseases Saprolegniasis_aug_212.jpg,Fungal diseases Saprolegniasis,Saprolegniasis,4,current_freshwater-959f27f5f4f3,,Saprolegniasis|current_freshwater,8
current_freshwater-c28f862eeffc,current_freshwater,data/raw/current_freshwater/train_split/Fungal diseases Saprolegniasis/Fungal diseases Saprolegniasis_aug_219.jpg,train_split/Fungal diseases Saprolegniasis/Fungal diseases Saprolegniasis_aug_219.jpg,Fungal diseases Saprolegniasis,Saprolegniasis,4,current_freshwater-c28f862eeffc,,Saprolegniasis|current_freshwater,8
current_freshwater-58c2b0ae4cfc,current_freshwater,data/raw/current_freshwater/train_split/Fungal diseases Saprolegniasis/Fungal diseases Saprolegniasis_aug_224.jpg,train_split/Fungal diseases Saprolegniasis/Fungal diseases Saprolegniasis_aug_224.jpg,Fungal diseases Saprolegniasis,Saprolegniasis,4,current_freshwater-58c2b0ae4cfc,,Saprolegniasis|current_freshwater,8
current_freshwater-1aa49a3717f0,current_freshwater,data/raw/current_freshwater/train_split/Fungal diseases Saprolegniasis/Fungal diseases Saprolegniasis_aug_237.jpg,train_split/Fungal diseases Saprolegniasis/Fungal diseases Saprolegniasis_aug_237.jpg,Fungal diseases Saprolegniasis,Saprolegniasis,4,current_freshwater-1aa49a3717f0,,Saprolegniasis|current_freshwater,8
current_freshwater-1f66f0e33b8e,current_freshwater,data/raw/current_freshwater/train_split/Fungal diseases Saprolegniasis/Fungal diseases Saprolegniasis_aug_246.jpg,train_split/Fungal diseases Saprolegniasis/Fungal diseases Saprolegniasis_aug_246.jpg,Fungal diseases Saprolegniasis,Saprolegniasis,4,current_freshwater-1f66f0e33b8e,,Saprolegniasis|current_freshwater,8
current_freshwater-fc8ab4e4be5c,current_freshwater,data/raw/current_freshwater/train_split/Fungal diseases Saprolegniasis/Fungal diseases Saprolegniasis_aug_265.jpg,train_split/Fungal diseases Saprolegniasis/Fungal diseases Saprolegniasis_aug_265.jpg,Fungal diseases Saprolegniasis,Saprolegniasis,4,current_freshwater-1832ce2984c3,,Saprolegniasis|current_freshwater,8
current_freshwater-5f358351cfc7,current_freshwater,data/raw/current_freshwater/train_split/Fungal diseases Saprolegniasis/Fungal diseases Saprolegniasis_aug_271.jpg,train_split/Fungal diseases Saprolegniasis/Fungal diseases Saprolegniasis_aug_271.jpg,Fungal diseases Saprolegniasis,Saprolegniasis,4,current_freshwater-5f358351cfc7,,Saprolegniasis|current_freshwater,8
current_freshwater-d7a3b292ffaa,current_freshwater,data/raw/current_freshwater/train_split/Fungal diseases Saprolegniasis/Fungal diseases Saprolegniasis_aug_273.jpg,train_split/Fungal diseases Saprolegniasis/Fungal diseases Saprolegniasis_aug_273.jpg,Fungal diseases Saprolegniasis,Saprolegniasis,4,current_freshwater-d7a3b292ffaa,,Saprolegniasis|current_freshwater,8
current_freshwater-4a6194e7ede6,current_freshwater,data/raw/current_freshwater/train_split/Fungal diseases Saprolegniasis/Fungal diseases Saprolegniasis_aug_283.jpg,train_split/Fungal diseases Saprolegniasis/Fungal diseases Saprolegniasis_aug_283.jpg,Fungal diseases Saprolegniasis,Saprolegniasis,4,current_freshwater-4a6194e7ede6,,Saprolegniasis|current_freshwater,8
current_freshwater-1e14c3f47be0,current_freshwater,data/raw/current_freshwater/train_split/Fungal diseases Saprolegniasis/Fungal diseases Saprolegniasis_aug_306.jpg,train_split/Fungal diseases Saprolegniasis/Fungal diseases Saprolegniasis_aug_306.jpg,Fungal diseases Saprolegniasis,Saprolegniasis,4,current_freshwater-1e14c3f47be0,,Saprolegniasis|current_freshwater,8
current_freshwater-1832ce2984c3,current_freshwater,data/raw/current_freshwater/train_split/Fungal diseases Saprolegniasis/Fungal diseases Saprolegniasis_aug_333.jpg,train_split/Fungal diseases Saprolegniasis/Fungal diseases Saprolegniasis_aug_333.jpg,Fungal diseases Saprolegniasis,Saprolegniasis,4,current_freshwater-1832ce2984c3,,Saprolegniasis|current_freshwater,8
current_freshwater-9f4cfa1332e5,current_freshwater,data/raw/current_freshwater/train_split/Fungal diseases Saprolegniasis/Fungal diseases Saprolegniasis_aug_340.jpg,train_split/Fungal diseases Saprolegniasis/Fungal diseases Saprolegniasis_aug_340.jpg,Fungal diseases Saprolegniasis,Saprolegniasis,4,current_freshwater-9f4cfa1332e5,,Saprolegniasis|current_freshwater,8
current_freshwater-90898c6302e2,current_freshwater,data/raw/current_freshwater/train_split/Fungal diseases Saprolegniasis/Fungal diseases Saprolegniasis_aug_365.jpg,train_split/Fungal diseases Saprolegniasis/Fungal diseases Saprolegniasis_aug_365.jpg,Fungal diseases Saprolegniasis,Saprolegniasis,4,current_freshwater-90898c6302e2,,Saprolegniasis|current_freshwater,8
current_freshwater-5a8c84a42604,current_freshwater,data/raw/current_freshwater/train_split/Fungal diseases Saprolegniasis/Fungal diseases Saprolegniasis_aug_381.jpg,train_split/Fungal diseases Saprolegniasis/Fungal diseases Saprolegniasis_aug_381.jpg,Fungal diseases Saprolegniasis,Saprolegniasis,4,current_freshwater-5a8c84a42604,,Saprolegniasis|current_freshwater,8
current_freshwater-2581bb79a6ad,current_freshwater,data/raw/current_freshwater/train_split/Fungal diseases Saprolegniasis/Fungal diseases Saprolegniasis_aug_42.jpg,train_split/Fungal diseases Saprolegniasis/Fungal diseases Saprolegniasis_aug_42.jpg,Fungal diseases Saprolegniasis,Saprolegniasis,4,current_freshwater-2581bb79a6ad,,Saprolegniasis|current_freshwater,8
current_freshwater-19823447d83e,current_freshwater,data/raw/current_freshwater/train_split/Fungal diseases Saprolegniasis/Fungal diseases Saprolegniasis_aug_56.jpg,train_split/Fungal diseases Saprolegniasis/Fungal diseases Saprolegniasis_aug_56.jpg,Fungal diseases Saprolegniasis,Saprolegniasis,4,current_freshwater-19823447d83e,,Saprolegniasis|current_freshwater,8
current_freshwater-a673ca80703f,current_freshwater,data/raw/current_freshwater/train_split/Fungal diseases Saprolegniasis/Fungal diseases Saprolegniasis_aug_63.jpg,train_split/Fungal diseases Saprolegniasis/Fungal diseases Saprolegniasis_aug_63.jpg,Fungal diseases Saprolegniasis,Saprolegniasis,4,current_freshwater-a673ca80703f,,Saprolegniasis|current_freshwater,8
roboflow-788d1626238e,roboflow,data/raw/roboflow/train/Fungal diseases Saprolegniasis/Fungal-diseases-Saprolegniasis-29-_jpg.rf.a4e917d5344ecb5224e9fc2fcd81c120.jpg,train/Fungal diseases Saprolegniasis/Fungal-diseases-Saprolegniasis-29-_jpg.rf.a4e917d5344ecb5224e9fc2fcd81c120.jpg,Fungal diseases Saprolegniasis,Saprolegniasis,4,roboflow-788d1626238e,,Saprolegniasis|roboflow,8
roboflow-cc1bf958e831,roboflow,data/raw/roboflow/train/Fungal diseases Saprolegniasis/Fungal-diseases-Saprolegniasis-9-_jpeg.rf.7c9a6c6e3cdc992a82942a88ed8ef5e8.jpg,train/Fungal diseases Saprolegniasis/Fungal-diseases-Saprolegniasis-9-_jpeg.rf.7c9a6c6e3cdc992a82942a88ed8ef5e8.jpg,Fungal diseases Saprolegniasis,Saprolegniasis,4,roboflow-cc1bf958e831,,Saprolegniasis|roboflow,8
current_freshwater-a343b24ba3d4,current_freshwater,data/raw/current_freshwater/test_split/Parasitic diseases_Parasitic diseases_17.jpg,test_split/Parasitic diseases_Parasitic diseases_17.jpg,Parasitic diseases,Parasitic Disease,5,current_freshwater-a343b24ba3d4,,Parasitic Disease|current_freshwater,8
current_freshwater-10c65478cefc,current_freshwater,data/raw/current_freshwater/test_split/Parasitic diseases_Parasitic diseases_217.jpg,test_split/Parasitic diseases_Parasitic diseases_217.jpg,Parasitic diseases,Parasitic Disease,5,current_freshwater-10c65478cefc,,Parasitic Disease|current_freshwater,8
current_freshwater-e7094cef95d3,current_freshwater,data/raw/current_freshwater/test_split/Parasitic diseases_Parasitic diseases_31.jpeg,test_split/Parasitic diseases_Parasitic diseases_31.jpeg,Parasitic diseases,Parasitic Disease,5,current_freshwater-e7094cef95d3,,Parasitic Disease|current_freshwater,8
current_freshwater-8db4f33767e3,current_freshwater,data/raw/current_freshwater/test_split/Parasitic diseases_Parasitic diseases_40.jpg,test_split/Parasitic diseases_Parasitic diseases_40.jpg,Parasitic diseases,Parasitic Disease,5,current_freshwater-8db4f33767e3,,Parasitic Disease|current_freshwater,8
current_freshwater-65fb2723d26a,current_freshwater,data/raw/current_freshwater/train_split/Parasitic diseases/Parasitic diseases_13.jpg,train_split/Parasitic diseases/Parasitic diseases_13.jpg,Parasitic diseases,Parasitic Disease,5,current_freshwater-65fb2723d26a,,Parasitic Disease|current_freshwater,8
current_freshwater-126636905064,current_freshwater,data/raw/current_freshwater/train_split/Parasitic diseases/Parasitic diseases_175.jpg,train_split/Parasitic diseases/Parasitic diseases_175.jpg,Parasitic diseases,Parasitic Disease,5,current_freshwater-126636905064,,Parasitic Disease|current_freshwater,8
current_freshwater-37a63a0618b9,current_freshwater,data/raw/current_freshwater/train_split/Parasitic diseases/Parasitic diseases_178.jpg,train_split/Parasitic diseases/Parasitic diseases_178.jpg,Parasitic diseases,Parasitic Disease,5,current_freshwater-37a63a0618b9,,Parasitic Disease|current_freshwater,8
current_freshwater-f2d20e08c00d,current_freshwater,data/raw/current_freshwater/train_split/Parasitic diseases/Parasitic diseases_186.jpg,train_split/Parasitic diseases/Parasitic diseases_186.jpg,Parasitic diseases,Parasitic Disease,5,current_freshwater-f2d20e08c00d,,Parasitic Disease|current_freshwater,8
current_freshwater-4f4c63cb58a4,current_freshwater,data/raw/current_freshwater/train_split/Parasitic diseases/Parasitic diseases_239.jpg,train_split/Parasitic diseases/Parasitic diseases_239.jpg,Parasitic diseases,Parasitic Disease,5,current_freshwater-4f4c63cb58a4,,Parasitic Disease|current_freshwater,8
current_freshwater-6c6a20799ffd,current_freshwater,data/raw/current_freshwater/train_split/Parasitic diseases/Parasitic diseases_242.jpg,train_split/Parasitic diseases/Parasitic diseases_242.jpg,Parasitic diseases,Parasitic Disease,5,current_freshwater-6c6a20799ffd,,Parasitic Disease|current_freshwater,8
current_freshwater-a9a8ca68c4c4,current_freshwater,data/raw/current_freshwater/train_split/Parasitic diseases/Parasitic diseases_33.jpg,train_split/Parasitic diseases/Parasitic diseases_33.jpg,Parasitic diseases,Parasitic Disease,5,current_freshwater-a9a8ca68c4c4,,Parasitic Disease|current_freshwater,8
current_freshwater-a9d6eb8920dd,current_freshwater,data/raw/current_freshwater/train_split/Parasitic diseases/Parasitic diseases_82.jpg,train_split/Parasitic diseases/Parasitic diseases_82.jpg,Parasitic diseases,Parasitic Disease,5,current_freshwater-a9d6eb8920dd,,Parasitic Disease|current_freshwater,8
current_freshwater-93c24394986c,current_freshwater,data/raw/current_freshwater/train_split/Parasitic diseases/Parasitic diseases_aug_1.jpg,train_split/Parasitic diseases/Parasitic diseases_aug_1.jpg,Parasitic diseases,Parasitic Disease,5,current_freshwater-93c24394986c,,Parasitic Disease|current_freshwater,8
current_freshwater-efe7e338c760,current_freshwater,data/raw/current_freshwater/train_split/Parasitic diseases/Parasitic diseases_aug_114.jpg,train_split/Parasitic diseases/Parasitic diseases_aug_114.jpg,Parasitic diseases,Parasitic Disease,5,current_freshwater-efe7e338c760,,Parasitic Disease|current_freshwater,8
current_freshwater-737869d6a490,current_freshwater,data/raw/current_freshwater/train_split/Parasitic diseases/Parasitic diseases_aug_152.jpg,train_split/Parasitic diseases/Parasitic diseases_aug_152.jpg,Parasitic diseases,Parasitic Disease,5,current_freshwater-322a699596e9,,Parasitic Disease|current_freshwater,8
current_freshwater-a8b70a599f23,current_freshwater,data/raw/current_freshwater/train_split/Parasitic diseases/Parasitic diseases_aug_18.jpg,train_split/Parasitic diseases/Parasitic diseases_aug_18.jpg,Parasitic diseases,Parasitic Disease,5,current_freshwater-a8b70a599f23,,Parasitic Disease|current_freshwater,8
current_freshwater-93ae2d553996,current_freshwater,data/raw/current_freshwater/train_split/Parasitic diseases/Parasitic diseases_aug_180.jpg,train_split/Parasitic diseases/Parasitic diseases_aug_180.jpg,Parasitic diseases,Parasitic Disease,5,current_freshwater-93ae2d553996,,Parasitic Disease|current_freshwater,8
current_freshwater-79d69c53f01a,current_freshwater,data/raw/current_freshwater/train_split/Parasitic diseases/Parasitic diseases_aug_191.jpg,train_split/Parasitic diseases/Parasitic diseases_aug_191.jpg,Parasitic diseases,Parasitic Disease,5,current_freshwater-79d69c53f01a,,Parasitic Disease|current_freshwater,8
current_freshwater-914f7ce89d9d,current_freshwater,data/raw/current_freshwater/train_split/Parasitic diseases/Parasitic diseases_aug_197.jpg,train_split/Parasitic diseases/Parasitic diseases_aug_197.jpg,Parasitic diseases,Parasitic Disease,5,current_freshwater-914f7ce89d9d,,Parasitic Disease|current_freshwater,8
current_freshwater-4257e8012aa4,current_freshwater,data/raw/current_freshwater/train_split/Parasitic diseases/Parasitic diseases_aug_20.jpg,train_split/Parasitic diseases/Parasitic diseases_aug_20.jpg,Parasitic diseases,Parasitic Disease,5,current_freshwater-4257e8012aa4,,Parasitic Disease|current_freshwater,8
current_freshwater-bdcfefebb3bf,current_freshwater,data/raw/current_freshwater/train_split/Parasitic diseases/Parasitic diseases_aug_212.jpg,train_split/Parasitic diseases/Parasitic diseases_aug_212.jpg,Parasitic diseases,Parasitic Disease,5,current_freshwater-a9d6eb8920dd,,Parasitic Disease|current_freshwater,8
current_freshwater-687f4c7656d3,current_freshwater,data/raw/current_freshwater/train_split/Parasitic diseases/Parasitic diseases_aug_238.jpg,train_split/Parasitic diseases/Parasitic diseases_aug_238.jpg,Parasitic diseases,Parasitic Disease,5,current_freshwater-322a699596e9,,Parasitic Disease|current_freshwater,8
current_freshwater-a658cd30a5cd,current_freshwater,data/raw/current_freshwater/train_split/Parasitic diseases/Parasitic diseases_aug_257.jpg,train_split/Parasitic diseases/Parasitic diseases_aug_257.jpg,Parasitic diseases,Parasitic Disease,5,current_freshwater-a658cd30a5cd,,Parasitic Disease|current_freshwater,8
current_freshwater-f8003e92a98f,current_freshwater,data/raw/current_freshwater/train_split/Parasitic diseases/Parasitic diseases_aug_300.jpg,train_split/Parasitic diseases/Parasitic diseases_aug_300.jpg,Parasitic diseases,Parasitic Disease,5,current_freshwater-6c6a20799ffd,,Parasitic Disease|current_freshwater,8
current_freshwater-59b964f859a9,current_freshwater,data/raw/current_freshwater/train_split/Parasitic diseases/Parasitic diseases_aug_303.jpg,train_split/Parasitic diseases/Parasitic diseases_aug_303.jpg,Parasitic diseases,Parasitic Disease,5,current_freshwater-59b964f859a9,,Parasitic Disease|current_freshwater,8
current_freshwater-850d29ca7e38,current_freshwater,data/raw/current_freshwater/train_split/Parasitic diseases/Parasitic diseases_aug_319.jpg,train_split/Parasitic diseases/Parasitic diseases_aug_319.jpg,Parasitic diseases,Parasitic Disease,5,current_freshwater-850d29ca7e38,,Parasitic Disease|current_freshwater,8
current_freshwater-e7215f08d64c,current_freshwater,data/raw/current_freshwater/train_split/Parasitic diseases/Parasitic diseases_aug_322.jpg,train_split/Parasitic diseases/Parasitic diseases_aug_322.jpg,Parasitic diseases,Parasitic Disease,5,current_freshwater-8db4f33767e3,,Parasitic Disease|current_freshwater,8
current_freshwater-902828574689,current_freshwater,data/raw/current_freshwater/train_split/Parasitic diseases/Parasitic diseases_aug_48.jpg,train_split/Parasitic diseases/Parasitic diseases_aug_48.jpg,Parasitic diseases,Parasitic Disease,5,current_freshwater-902828574689,,Parasitic Disease|current_freshwater,8
current_freshwater-80e4304b0c49,current_freshwater,data/raw/current_freshwater/train_split/Parasitic diseases/Parasitic diseases_aug_5.jpg,train_split/Parasitic diseases/Parasitic diseases_aug_5.jpg,Parasitic diseases,Parasitic Disease,5,current_freshwater-80e4304b0c49,,Parasitic Disease|current_freshwater,8
current_freshwater-27cffab5275e,current_freshwater,data/raw/current_freshwater/train_split/Parasitic diseases/Parasitic diseases_aug_50.jpg,train_split/Parasitic diseases/Parasitic diseases_aug_50.jpg,Parasitic diseases,Parasitic Disease,5,current_freshwater-27cffab5275e,,Parasitic Disease|current_freshwater,8
current_freshwater-bd59f414d7d0,current_freshwater,data/raw/current_freshwater/train_split/Parasitic diseases/Parasitic diseases_aug_63.jpg,train_split/Parasitic diseases/Parasitic diseases_aug_63.jpg,Parasitic diseases,Parasitic Disease,5,current_freshwater-bd59f414d7d0,,Parasitic Disease|current_freshwater,8
current_freshwater-4bc8fefe6e52,current_freshwater,data/raw/current_freshwater/train_split/Parasitic diseases/Parasitic diseases_aug_64.jpg,train_split/Parasitic diseases/Parasitic diseases_aug_64.jpg,Parasitic diseases,Parasitic Disease,5,current_freshwater-4bc8fefe6e52,,Parasitic Disease|current_freshwater,8
current_freshwater-91a7a0bbb4e2,current_freshwater,data/raw/current_freshwater/train_split/Parasitic diseases/Parasitic diseases_aug_72.jpg,train_split/Parasitic diseases/Parasitic diseases_aug_72.jpg,Parasitic diseases,Parasitic Disease,5,current_freshwater-91a7a0bbb4e2,,Parasitic Disease|current_freshwater,8
current_freshwater-24ab41acb880,current_freshwater,data/raw/current_freshwater/train_split/Parasitic diseases/Parasitic diseases_aug_94.jpg,train_split/Parasitic diseases/Parasitic diseases_aug_94.jpg,Parasitic diseases,Parasitic Disease,5,current_freshwater-24ab41acb880,,Parasitic Disease|current_freshwater,8
roboflow-aee1fef3cf25,roboflow,data/raw/roboflow/test/Parasitic diseases/Parasitic-diseases-2-_jpeg.rf.485b356cd6fa108994e09de7d1047abc.jpg,test/Parasitic diseases/Parasitic-diseases-2-_jpeg.rf.485b356cd6fa108994e09de7d1047abc.jpg,Parasitic diseases,Parasitic Disease,5,current_freshwater-e7094cef95d3,,Parasitic Disease|current_freshwater,8
roboflow-4a70e16d3a7b,roboflow,data/raw/roboflow/test/Parasitic diseases/Parasitic-diseases-23-_jpg.rf.4d1ebde53a75a8293ebbf872049747ae.jpg,test/Parasitic diseases/Parasitic-diseases-23-_jpg.rf.4d1ebde53a75a8293ebbf872049747ae.jpg,Parasitic diseases,Parasitic Disease,5,roboflow-4a70e16d3a7b,,Parasitic Disease|roboflow,8
current_freshwater-d30418d605c4,current_freshwater,data/raw/current_freshwater/test_split/Viral diseases White tail disease_Viral diseases White tail disease_25.jpg,test_split/Viral diseases White tail disease_Viral diseases White tail disease_25.jpg,Viral diseases White tail disease,White Tail Disease,6,current_freshwater-d30418d605c4,,White Tail Disease|current_freshwater,8
current_freshwater-9dcc354898d4,current_freshwater,data/raw/current_freshwater/test_split/Viral diseases White tail disease_Viral diseases White tail disease_97.jpg,test_split/Viral diseases White tail disease_Viral diseases White tail disease_97.jpg,Viral diseases White tail disease,White Tail Disease,6,current_freshwater-9dcc354898d4,,White Tail Disease|current_freshwater,8
current_freshwater-86914b3047a2,current_freshwater,data/raw/current_freshwater/train_split/Viral diseases White tail disease/Viral diseases White tail disease_112.jpg,train_split/Viral diseases White tail disease/Viral diseases White tail disease_112.jpg,Viral diseases White tail disease,White Tail Disease,6,current_freshwater-86914b3047a2,,White Tail Disease|current_freshwater,8
current_freshwater-f5bad849736f,current_freshwater,data/raw/current_freshwater/train_split/Viral diseases White tail disease/Viral diseases White tail disease_127.jpg,train_split/Viral diseases White tail disease/Viral diseases White tail disease_127.jpg,Viral diseases White tail disease,White Tail Disease,6,current_freshwater-f5bad849736f,,White Tail Disease|current_freshwater,8
current_freshwater-3e490936742f,current_freshwater,data/raw/current_freshwater/train_split/Viral diseases White tail disease/Viral diseases White tail disease_170.jpg,train_split/Viral diseases White tail disease/Viral diseases White tail disease_170.jpg,Viral diseases White tail disease,White Tail Disease,6,current_freshwater-3e490936742f,,White Tail Disease|current_freshwater,8
current_freshwater-62a7d5566acb,current_freshwater,data/raw/current_freshwater/train_split/Viral diseases White tail disease/Viral diseases White tail disease_178.jpg,train_split/Viral diseases White tail disease/Viral diseases White tail disease_178.jpg,Viral diseases White tail disease,White Tail Disease,6,current_freshwater-62a7d5566acb,,White Tail Disease|current_freshwater,8
current_freshwater-67fa59b87a2f,current_freshwater,data/raw/current_freshwater/train_split/Viral diseases White tail disease/Viral diseases White tail disease_20.jpeg,train_split/Viral diseases White tail disease/Viral diseases White tail disease_20.jpeg,Viral diseases White tail disease,White Tail Disease,6,current_freshwater-67fa59b87a2f,,White Tail Disease|current_freshwater,8
current_freshwater-d3a5d3996e40,current_freshwater,data/raw/current_freshwater/train_split/Viral diseases White tail disease/Viral diseases White tail disease_213.jpg,train_split/Viral diseases White tail disease/Viral diseases White tail disease_213.jpg,Viral diseases White tail disease,White Tail Disease,6,current_freshwater-d3a5d3996e40,,White Tail Disease|current_freshwater,8
current_freshwater-0a3f71b71458,current_freshwater,data/raw/current_freshwater/train_split/Viral diseases White tail disease/Viral diseases White tail disease_32.png,train_split/Viral diseases White tail disease/Viral diseases White tail disease_32.png,Viral diseases White tail disease,White Tail Disease,6,current_freshwater-0a3f71b71458,,White Tail Disease|current_freshwater,8
current_freshwater-416c81f68d2a,current_freshwater,data/raw/current_freshwater/train_split/Viral diseases White tail disease/Viral diseases White tail disease_45.jpg,train_split/Viral diseases White tail disease/Viral diseases White tail disease_45.jpg,Viral diseases White tail disease,White Tail Disease,6,current_freshwater-416c81f68d2a,,White Tail Disease|current_freshwater,8
current_freshwater-512a4c6ce60b,current_freshwater,data/raw/current_freshwater/train_split/Viral diseases White tail disease/Viral diseases White tail disease_75.jpg,train_split/Viral diseases White tail disease/Viral diseases White tail disease_75.jpg,Viral diseases White tail disease,White Tail Disease,6,current_freshwater-24b2b8963c5d,,White Tail Disease|current_freshwater,8
current_freshwater-b802b0b718a3,current_freshwater,data/raw/current_freshwater/train_split/Viral diseases White tail disease/Viral diseases White tail disease_92.jpg,train_split/Viral diseases White tail disease/Viral diseases White tail disease_92.jpg,Viral diseases White tail disease,White Tail Disease,6,current_freshwater-2fc6912a04af,,White Tail Disease|current_freshwater,8
current_freshwater-18c2cc2b8b55,current_freshwater,data/raw/current_freshwater/train_split/Viral diseases White tail disease/Viral diseases White tail disease_99.jpg,train_split/Viral diseases White tail disease/Viral diseases White tail disease_99.jpg,Viral diseases White tail disease,White Tail Disease,6,current_freshwater-18c2cc2b8b55,,White Tail Disease|current_freshwater,8
current_freshwater-544b8ced97aa,current_freshwater,data/raw/current_freshwater/train_split/Viral diseases White tail disease/Viral diseases White tail disease_aug_109.jpg,train_split/Viral diseases White tail disease/Viral diseases White tail disease_aug_109.jpg,Viral diseases White tail disease,White Tail Disease,6,current_freshwater-544b8ced97aa,,White Tail Disease|current_freshwater,8
current_freshwater-749b424be700,current_freshwater,data/raw/current_freshwater/train_split/Viral diseases White tail disease/Viral diseases White tail disease_aug_122.jpg,train_split/Viral diseases White tail disease/Viral diseases White tail disease_aug_122.jpg,Viral diseases White tail disease,White Tail Disease,6,current_freshwater-749b424be700,,White Tail Disease|current_freshwater,8
current_freshwater-25aefe15538d,current_freshwater,data/raw/current_freshwater/train_split/Viral diseases White tail disease/Viral diseases White tail disease_aug_130.jpg,train_split/Viral diseases White tail disease/Viral diseases White tail disease_aug_130.jpg,Viral diseases White tail disease,White Tail Disease,6,current_freshwater-25aefe15538d,,White Tail Disease|current_freshwater,8
current_freshwater-1a38f1ffb7dd,current_freshwater,data/raw/current_freshwater/train_split/Viral diseases White tail disease/Viral diseases White tail disease_aug_132.jpg,train_split/Viral diseases White tail disease/Viral diseases White tail disease_aug_132.jpg,Viral diseases White tail disease,White Tail Disease,6,current_freshwater-1a38f1ffb7dd,,White Tail Disease|current_freshwater,8
current_freshwater-a02db1b30a82,current_freshwater,data/raw/current_freshwater/train_split/Viral diseases White tail disease/Viral diseases White tail disease_aug_146.jpg,train_split/Viral diseases White tail disease/Viral diseases White tail disease_aug_146.jpg,Viral diseases White tail disease,White Tail Disease,6,current_freshwater-9dcc354898d4,,White Tail Disease|current_freshwater,8
current_freshwater-c071aa33f9de,current_freshwater,data/raw/current_freshwater/train_split/Viral diseases White tail disease/Viral diseases White tail disease_aug_147.jpg,train_split/Viral diseases White tail disease/Viral diseases White tail disease_aug_147.jpg,Viral diseases White tail disease,White Tail Disease,6,current_freshwater-c071aa33f9de,,White Tail Disease|current_freshwater,8
current_freshwater-080dc94665cf,current_freshwater,data/raw/current_freshwater/train_split/Viral diseases White tail disease/Viral diseases White tail disease_aug_154.jpg,train_split/Viral diseases White tail disease/Viral diseases White tail disease_aug_154.jpg,Viral diseases White tail disease,White Tail Disease,6,current_freshwater-080dc94665cf,,White Tail Disease|current_freshwater,8
current_freshwater-2958fba38c9d,current_freshwater,data/raw/current_freshwater/train_split/Viral diseases White tail disease/Viral diseases White tail disease_aug_163.jpg,train_split/Viral diseases White tail disease/Viral diseases White tail disease_aug_163.jpg,Viral diseases White tail disease,White Tail Disease,6,current_freshwater-2958fba38c9d,,White Tail Disease|current_freshwater,8
current_freshwater-dcd23d995650,current_freshwater,data/raw/current_freshwater/train_split/Viral diseases White tail disease/Viral diseases White tail disease_aug_181.jpg,train_split/Viral diseases White tail disease/Viral diseases White tail disease_aug_181.jpg,Viral diseases White tail disease,White Tail Disease,6,current_freshwater-dcd23d995650,,White Tail Disease|current_freshwater,8
current_freshwater-ce66a65b7ada,current_freshwater,data/raw/current_freshwater/train_split/Viral diseases White tail disease/Viral diseases White tail disease_aug_2.jpg,train_split/Viral diseases White tail disease/Viral diseases White tail disease_aug_2.jpg,Viral diseases White tail disease,White Tail Disease,6,current_freshwater-ce66a65b7ada,,White Tail Disease|current_freshwater,8
current_freshwater-049590241d7a,current_freshwater,data/raw/current_freshwater/train_split/Viral diseases White tail disease/Viral diseases White tail disease_aug_219.jpg,train_split/Viral diseases White tail disease/Viral diseases White tail disease_aug_219.jpg,Viral diseases White tail disease,White Tail Disease,6,current_freshwater-049590241d7a,,White Tail Disease|current_freshwater,8
current_freshwater-4f1b095d3096,current_freshwater,data/raw/current_freshwater/train_split/Viral diseases White tail disease/Viral diseases White tail disease_aug_22.jpg,train_split/Viral diseases White tail disease/Viral diseases White tail disease_aug_22.jpg,Viral diseases White tail disease,White Tail Disease,6,current_freshwater-4f1b095d3096,,White Tail Disease|current_freshwater,8
current_freshwater-e75f49147544,current_freshwater,data/raw/current_freshwater/train_split/Viral diseases White tail disease/Viral diseases White tail disease_aug_247.jpg,train_split/Viral diseases White tail disease/Viral diseases White tail disease_aug_247.jpg,Viral diseases White tail disease,White Tail Disease,6,current_freshwater-e75f49147544,,White Tail Disease|current_freshwater,8
current_freshwater-d9d42dc6dfd1,current_freshwater,data/raw/current_freshwater/train_split/Viral diseases White tail disease/Viral diseases White tail disease_aug_259.jpg,train_split/Viral diseases White tail disease/Viral diseases White tail disease_aug_259.jpg,Viral diseases White tail disease,White Tail Disease,6,current_freshwater-d9d42dc6dfd1,,White Tail Disease|current_freshwater,8
current_freshwater-2fc6912a04af,current_freshwater,data/raw/current_freshwater/train_split/Viral diseases White tail disease/Viral diseases White tail disease_aug_295.jpg,train_split/Viral diseases White tail disease/Viral diseases White tail disease_aug_295.jpg,Viral diseases White tail disease,White Tail Disease,6,current_freshwater-2fc6912a04af,,White Tail Disease|current_freshwater,8
current_freshwater-5688cac8568e,current_freshwater,data/raw/current_freshwater/train_split/Viral diseases White tail disease/Viral diseases White tail disease_aug_313.jpg,train_split/Viral diseases White tail disease/Viral diseases White tail disease_aug_313.jpg,Viral diseases White tail disease,White Tail Disease,6,current_freshwater-5688cac8568e,,White Tail Disease|current_freshwater,8
current_freshwater-24b2b8963c5d,current_freshwater,data/raw/current_freshwater/train_split/Viral diseases White tail disease/Viral diseases White tail disease_aug_316.jpg,train_split/Viral diseases White tail disease/Viral diseases White tail disease_aug_316.jpg,Viral diseases White tail disease,White Tail Disease,6,current_freshwater-24b2b8963c5d,,White Tail Disease|current_freshwater,8
current_freshwater-0eea885c254b,current_freshwater,data/raw/current_freshwater/train_split/Viral diseases White tail disease/Viral diseases White tail disease_aug_71.jpg,train_split/Viral diseases White tail disease/Viral diseases White tail disease_aug_71.jpg,Viral diseases White tail disease,White Tail Disease,6,current_freshwater-0eea885c254b,,White Tail Disease|current_freshwater,8
roboflow-fb5ec4af195a,roboflow,data/raw/roboflow/train/Viral diseases White tail disease/Viral-diseases-White-tail-disease-10-_jpg.rf.2afdb7097d882987eb83ce6e320be489.jpg,train/Viral diseases White tail disease/Viral-diseases-White-tail-disease-10-_jpg.rf.2afdb7097d882987eb83ce6e320be489.jpg,Viral diseases White tail disease,White Tail Disease,6,roboflow-fb5ec4af195a,,White Tail Disease|roboflow,8
roboflow-983d784437b7,roboflow,data/raw/roboflow/train/Viral diseases White tail disease/Viral-diseases-White-tail-disease-3-_jpeg.rf.e59af1f5ce8cc6b4e1fe2728c01e2535.jpg,train/Viral diseases White tail disease/Viral-diseases-White-tail-disease-3-_jpeg.rf.e59af1f5ce8cc6b4e1fe2728c01e2535.jpg,Viral diseases White tail disease,White Tail Disease,6,current_freshwater-67fa59b87a2f,,White Tail Disease|current_freshwater,8
roboflow-cf07bea1043f,roboflow,data/raw/roboflow/train/Viral diseases White tail disease/Viral-diseases-White-tail-disease-6-_jpeg.rf.026ae3f809b9f06f729bffc356d5f27f.jpg,train/Viral diseases White tail disease/Viral-diseases-White-tail-disease-6-_jpeg.rf.026ae3f809b9f06f729bffc356d5f27f.jpg,Viral diseases White tail disease,White Tail Disease,6,roboflow-cf07bea1043f,,White Tail Disease|roboflow,8
roboflow-7492561bd3be,roboflow,data/raw/roboflow/valid/Viral diseases White tail disease/Viral-diseases-White-tail-disease-4-_png.rf.4ac9d33e555a4692bf75f4a360739344.jpg,valid/Viral diseases White tail disease/Viral-diseases-White-tail-disease-4-_png.rf.4ac9d33e555a4692bf75f4a360739344.jpg,Viral diseases White tail disease,White Tail Disease,6,current_freshwater-0a3f71b71458,,White Tail Disease|current_freshwater,8
current_freshwater-8c5606a8f6f5,current_freshwater,data/raw/current_freshwater/test_split/Healthy Fish_Healthy Fish_398.jpg,test_split/Healthy Fish_Healthy Fish_398.jpg,Healthy Fish,Healthy Fish,7,current_freshwater-8c5606a8f6f5,,Healthy Fish|current_freshwater,8
current_freshwater-bc338424fb13,current_freshwater,data/raw/current_freshwater/test_split/Healthy Fish_Healthy Fish_421.jpg,test_split/Healthy Fish_Healthy Fish_421.jpg,Healthy Fish,Healthy Fish,7,current_freshwater-bc338424fb13,,Healthy Fish|current_freshwater,8
current_freshwater-881475dfd680,current_freshwater,data/raw/current_freshwater/test_split/Healthy Fish_Healthy Fish_477.jpg,test_split/Healthy Fish_Healthy Fish_477.jpg,Healthy Fish,Healthy Fish,7,current_freshwater-881475dfd680,,Healthy Fish|current_freshwater,8
current_freshwater-4f9e87b0b734,current_freshwater,data/raw/current_freshwater/test_split/Healthy Fish_Healthy Fish_478.jpg,test_split/Healthy Fish_Healthy Fish_478.jpg,Healthy Fish,Healthy Fish,7,current_freshwater-4f9e87b0b734,,Healthy Fish|current_freshwater,8
current_freshwater-213aa751cd46,current_freshwater,data/raw/current_freshwater/train_split/Healthy Fish/Healthy Fish_1.jpg,train_split/Healthy Fish/Healthy Fish_1.jpg,Healthy Fish,Healthy Fish,7,current_freshwater-213aa751cd46,,Healthy Fish|current_freshwater,8
current_freshwater-075eb75583cf,current_freshwater,data/raw/current_freshwater/train_split/Healthy Fish/Healthy Fish_12.jpg,train_split/Healthy Fish/Healthy Fish_12.jpg,Healthy Fish,Healthy Fish,7,current_freshwater-075eb75583cf,,Healthy Fish|current_freshwater,8
current_freshwater-04688fa1e74e,current_freshwater,data/raw/current_freshwater/train_split/Healthy Fish/Healthy Fish_14.jpg,train_split/Healthy Fish/Healthy Fish_14.jpg,Healthy Fish,Healthy Fish,7,current_freshwater-04688fa1e74e,,Healthy Fish|current_freshwater,8
current_freshwater-e6846251e19e,current_freshwater,data/raw/current_freshwater/train_split/Healthy Fish/Healthy Fish_179.jpg,train_split/Healthy Fish/Healthy Fish_179.jpg,Healthy Fish,Healthy Fish,7,current_freshwater-e6846251e19e,,Healthy Fish|current_freshwater,8
current_freshwater-b29373f571d4,current_freshwater,data/raw/current_freshwater/train_split/Healthy Fish/Healthy Fish_212.jpg,train_split/Healthy Fish/Healthy Fish_212.jpg,Healthy Fish,Healthy Fish,7,current_freshwater-b29373f571d4,,Healthy Fish|current_freshwater,8
current_freshwater-4ef0c42c69be,current_freshwater,data/raw/current_freshwater/train_split/Healthy Fish/Healthy Fish_242.jpg,train_split/Healthy Fish/Healthy Fish_242.jpg,Healthy Fish,Healthy Fish,7,current_freshwater-4ef0c42c69be,,Healthy Fish|current_freshwater,8
current_freshwater-9a6f40bb557b,current_freshwater,data/raw/current_freshwater/train_split/Healthy Fish/Healthy Fish_320.jpg,train_split/Healthy Fish/Healthy Fish_320.jpg,Healthy Fish,Healthy Fish,7,current_freshwater-9a6f40bb557b,,Healthy Fish|current_freshwater,8
current_freshwater-86289eb35004,current_freshwater,data/raw/current_freshwater/train_split/Healthy Fish/Healthy Fish_338.jpg,train_split/Healthy Fish/Healthy Fish_338.jpg,Healthy Fish,Healthy Fish,7,current_freshwater-86289eb35004,,Healthy Fish|current_freshwater,8
current_freshwater-c8660e382538,current_freshwater,data/raw/current_freshwater/train_split/Healthy Fish/Healthy Fish_344.jpg,train_split/Healthy Fish/Healthy Fish_344.jpg,Healthy Fish,Healthy Fish,7,current_freshwater-ba64beb1e21f,,Healthy Fish|current_freshwater,8
current_freshwater-91880a9b3649,current_freshwater,data/raw/current_freshwater/train_split/Healthy Fish/Healthy Fish_409.jpg,train_split/Healthy Fish/Healthy Fish_409.jpg,Healthy Fish,Healthy Fish,7,current_freshwater-91880a9b3649,,Healthy Fish|current_freshwater,8
current_freshwater-0561f7c7c455,current_freshwater,data/raw/current_freshwater/train_split/Healthy Fish/Healthy Fish_415.jpg,train_split/Healthy Fish/Healthy Fish_415.jpg,Healthy Fish,Healthy Fish,7,current_freshwater-0561f7c7c455,,Healthy Fish|current_freshwater,8
current_freshwater-1dda90152816,current_freshwater,data/raw/current_freshwater/train_split/Healthy Fish/Healthy Fish_430.jpg,train_split/Healthy Fish/Healthy Fish_430.jpg,Healthy Fish,Healthy Fish,7,current_freshwater-1dda90152816,,Healthy Fish|current_freshwater,8
current_freshwater-dd84822cc89a,current_freshwater,data/raw/current_freshwater/train_split/Healthy Fish/Healthy Fish_437.jpg,train_split/Healthy Fish/Healthy Fish_437.jpg,Healthy Fish,Healthy Fish,7,current_freshwater-dd84822cc89a,,Healthy Fish|current_freshwater,8
current_freshwater-258195748839,current_freshwater,data/raw/current_freshwater/train_split/Healthy Fish/Healthy Fish_465.jpg,train_split/Healthy Fish/Healthy Fish_465.jpg,Healthy Fish,Healthy Fish,7,current_freshwater-258195748839,,Healthy Fish|current_freshwater,8
current_freshwater-745280c1052d,current_freshwater,data/raw/current_freshwater/train_split/Healthy Fish/Healthy Fish_aug_117.jpg,train_split/Healthy Fish/Healthy Fish_aug_117.jpg,Healthy Fish,Healthy Fish,7,current_freshwater-745280c1052d,,Healthy Fish|current_freshwater,8
current_freshwater-ba64beb1e21f,current_freshwater,data/raw/current_freshwater/train_split/Healthy Fish/Healthy Fish_aug_150.jpg,train_split/Healthy Fish/Healthy Fish_aug_150.jpg,Healthy Fish,Healthy Fish,7,current_freshwater-ba64beb1e21f,,Healthy Fish|current_freshwater,8
current_freshwater-e6be60131c1d,current_freshwater,data/raw/current_freshwater/train_split/Healthy Fish/Healthy Fish_aug_165.jpg,train_split/Healthy Fish/Healthy Fish_aug_165.jpg,Healthy Fish,Healthy Fish,7,current_freshwater-e6be60131c1d,,Healthy Fish|current_freshwater,8
current_freshwater-5e03b8828231,current_freshwater,data/raw/current_freshwater/train_split/Healthy Fish/Healthy Fish_aug_183.jpg,train_split/Healthy Fish/Healthy Fish_aug_183.jpg,Healthy Fish,Healthy Fish,7,current_freshwater-5e03b8828231,,Healthy Fish|current_freshwater,8
current_freshwater-d3eb3f537084,current_freshwater,data/raw/current_freshwater/train_split/Healthy Fish/Healthy Fish_aug_188.jpg,train_split/Healthy Fish/Healthy Fish_aug_188.jpg,Healthy Fish,Healthy Fish,7,current_freshwater-d3eb3f537084,,Healthy Fish|current_freshwater,8
current_freshwater-a33b295fb6c1,current_freshwater,data/raw/current_freshwater/train_split/Healthy Fish/Healthy Fish_aug_192.jpg,train_split/Healthy Fish/Healthy Fish_aug_192.jpg,Healthy Fish,Healthy Fish,7,current_freshwater-a33b295fb6c1,,Healthy Fish|current_freshwater,8
current_freshwater-0d6c38ffc1f7,current_freshwater,data/raw/current_freshwater/train_split/Healthy Fish/Healthy Fish_aug_2.jpg,train_split/Healthy Fish/Healthy Fish_aug_2.jpg,Healthy Fish,Healthy Fish,7,current_freshwater-0d6c38ffc1f7,,Healthy Fish|current_freshwater,8
current_freshwater-10d1aea90803,current_freshwater,data/raw/current_freshwater/train_split/Healthy Fish/Healthy Fish_aug_206.jpg,train_split/Healthy Fish/Healthy Fish_aug_206.jpg,Healthy Fish,Healthy Fish,7,current_freshwater-10d1aea90803,,Healthy Fish|current_freshwater,8
current_freshwater-461f7e46dd82,current_freshwater,data/raw/current_freshwater/train_split/Healthy Fish/Healthy Fish_aug_209.jpg,train_split/Healthy Fish/Healthy Fish_aug_209.jpg,Healthy Fish,Healthy Fish,7,current_freshwater-461f7e46dd82,,Healthy Fish|current_freshwater,8
current_freshwater-5e981fa323d2,current_freshwater,data/raw/current_freshwater/train_split/Healthy Fish/Healthy Fish_aug_62.jpg,train_split/Healthy Fish/Healthy Fish_aug_62.jpg,Healthy Fish,Healthy Fish,7,current_freshwater-5e981fa323d2,,Healthy Fish|current_freshwater,8
current_freshwater-158897ef2a5f,current_freshwater,data/raw/current_freshwater/train_split/Healthy Fish/Healthy Fish_aug_69.jpg,train_split/Healthy Fish/Healthy Fish_aug_69.jpg,Healthy Fish,Healthy Fish,7,current_freshwater-158897ef2a5f,,Healthy Fish|current_freshwater,8
current_freshwater-ebb8d8cee4f4,current_freshwater,data/raw/current_freshwater/train_split/Healthy Fish/Healthy Fish_aug_77.jpg,train_split/Healthy Fish/Healthy Fish_aug_77.jpg,Healthy Fish,Healthy Fish,7,current_freshwater-ebb8d8cee4f4,,Healthy Fish|current_freshwater,8
current_freshwater-e862c2a8b4aa,current_freshwater,data/raw/current_freshwater/train_split/Healthy Fish/Healthy Fish_aug_78.jpg,train_split/Healthy Fish/Healthy Fish_aug_78.jpg,Healthy Fish,Healthy Fish,7,current_freshwater-e862c2a8b4aa,,Healthy Fish|current_freshwater,8
current_freshwater-e1bb5796ef06,current_freshwater,data/raw/current_freshwater/train_split/Healthy Fish/Healthy Fish_aug_96.jpg,train_split/Healthy Fish/Healthy Fish_aug_96.jpg,Healthy Fish,Healthy Fish,7,current_freshwater-e1bb5796ef06,,Healthy Fish|current_freshwater,8
current_freshwater-f65f97ad744e,current_freshwater,data/raw/current_freshwater/train_split/Healthy Fish/Healthy Fish_aug_97.jpg,train_split/Healthy Fish/Healthy Fish_aug_97.jpg,Healthy Fish,Healthy Fish,7,current_freshwater-f65f97ad744e,,Healthy Fish|current_freshwater,8
kaptai-65cbe9d0cb31,kaptai,data/raw/kaptai/Healthy Fish/healthy (10).jpg,Healthy Fish/healthy (10).jpg,Healthy Fish,Healthy Fish,7,current_freshwater-0561f7c7c455,,Healthy Fish|current_freshwater,8
kaptai-41a17051b951,kaptai,data/raw/kaptai/Healthy Fish/healthy (16).jpg,Healthy Fish/healthy (16).jpg,Healthy Fish,Healthy Fish,7,current_freshwater-bc338424fb13,,Healthy Fish|current_freshwater,8
kaptai-f9e0430336be,kaptai,data/raw/kaptai/Healthy Fish/healthy (24).jpg,Healthy Fish/healthy (24).jpg,Healthy Fish,Healthy Fish,7,current_freshwater-1dda90152816,,Healthy Fish|current_freshwater,8
kaptai-4303e72dc03c,kaptai,data/raw/kaptai/Healthy Fish/healthy (30).jpg,Healthy Fish/healthy (30).jpg,Healthy Fish,Healthy Fish,7,current_freshwater-dd84822cc89a,,Healthy Fish|current_freshwater,8
roboflow-83af65d7131f,roboflow,data/raw/roboflow/train/Healthy Fish/Healthy-Fish-113-_jpg.rf.4c8037944dc1f82b11ccf849e6c01c01.jpg,train/Healthy Fish/Healthy-Fish-113-_jpg.rf.4c8037944dc1f82b11ccf849e6c01c01.jpg,Healthy Fish,Healthy Fish,7,current_freshwater-e6846251e19e,,Healthy Fish|current_freshwater,8
roboflow-0228bf9cbe34,roboflow,data/raw/roboflow/train/Healthy Fish/Healthy-Fish-13-_jpeg.rf.d87e973d1b227f03c79e5ee884a03792.jpg,train/Healthy Fish/Healthy-Fish-13-_jpeg.rf.d87e973d1b227f03c79e5ee884a03792.jpg,Healthy Fish,Healthy Fish,7,roboflow-0228bf9cbe34,,Healthy Fish|roboflow,8
roboflow-210fd1f4895e,roboflow,data/raw/roboflow/train/Healthy Fish/Healthy-Fish-134-_jpg.rf.a60e659bb7528121157a2b866d782f13.jpg,train/Healthy Fish/Healthy-Fish-134-_jpg.rf.a60e659bb7528121157a2b866d782f13.jpg,Healthy Fish,Healthy Fish,7,roboflow-210fd1f4895e,,Healthy Fish|roboflow,8
roboflow-5a4317e3086d,roboflow,data/raw/roboflow/train/Healthy Fish/Healthy-Fish-22-_jpg.rf.7f7bee312b339e376aa75528259b73f1.jpg,train/Healthy Fish/Healthy-Fish-22-_jpg.rf.7f7bee312b339e376aa75528259b73f1.jpg,Healthy Fish,Healthy Fish,7,roboflow-5a4317e3086d,,Healthy Fish|roboflow,8
roboflow-b7a87d82ca26,roboflow,data/raw/roboflow/train/Healthy Fish/Healthy-Fish-4-_jpeg.rf.0f0fa6323367dd8292c47a75ce07249f.jpg,train/Healthy Fish/Healthy-Fish-4-_jpeg.rf.0f0fa6323367dd8292c47a75ce07249f.jpg,Healthy Fish,Healthy Fish,7,roboflow-b7a87d82ca26,,Healthy Fish|roboflow,8
roboflow-612b041edab3,roboflow,data/raw/roboflow/train/Healthy Fish/Healthy-Fish-41-_jpg.rf.7c2558a4682d6dd97f5d6f92a3e102b4.jpg,train/Healthy Fish/Healthy-Fish-41-_jpg.rf.7c2558a4682d6dd97f5d6f92a3e102b4.jpg,Healthy Fish,Healthy Fish,7,roboflow-612b041edab3,,Healthy Fish|roboflow,8
roboflow-cb9f2c660857,roboflow,data/raw/roboflow/train/Healthy Fish/Healthy-Fish-46-_jpg.rf.bd3a1aba93c62326cc40856acd0f9ea3.jpg,train/Healthy Fish/Healthy-Fish-46-_jpg.rf.bd3a1aba93c62326cc40856acd0f9ea3.jpg,Healthy Fish,Healthy Fish,7,roboflow-cb9f2c660857,,Healthy Fish|roboflow,8
current_freshwater-003c91c1ec1c,current_freshwater,data/raw/current_freshwater/test_split/Bacterial Red disease_Bacterial Red disease_203.jpg,test_split/Bacterial Red disease_Bacterial Red disease_203.jpg,Bacterial Red disease,Bacterial Red Disease,0,current_freshwater-003c91c1ec1c,,Bacterial Red Disease|current_freshwater,9
current_freshwater-6d5e7febb6d1,current_freshwater,data/raw/current_freshwater/train_split/Bacterial Red disease/Bacterial Red disease_152.jpg,train_split/Bacterial Red disease/Bacterial Red disease_152.jpg,Bacterial Red disease,Bacterial Red Disease,0,current_freshwater-6d5e7febb6d1,,Bacterial Red Disease|current_freshwater,9
current_freshwater-65db4a3b23bf,current_freshwater,data/raw/current_freshwater/train_split/Bacterial Red disease/Bacterial Red disease_173.jpg,train_split/Bacterial Red disease/Bacterial Red disease_173.jpg,Bacterial Red disease,Bacterial Red Disease,0,current_freshwater-65db4a3b23bf,,Bacterial Red Disease|current_freshwater,9
current_freshwater-ff3f55a5d50c,current_freshwater,data/raw/current_freshwater/train_split/Bacterial Red disease/Bacterial Red disease_178.jpg,train_split/Bacterial Red disease/Bacterial Red disease_178.jpg,Bacterial Red disease,Bacterial Red Disease,0,current_freshwater-ff3f55a5d50c,,Bacterial Red Disease|current_freshwater,9
current_freshwater-af1070f7e4e9,current_freshwater,data/raw/current_freshwater/train_split/Bacterial Red disease/Bacterial Red disease_184.jpg,train_split/Bacterial Red disease/Bacterial Red disease_184.jpg,Bacterial Red disease,Bacterial Red Disease,0,current_freshwater-7175e9fee162,,Bacterial Red Disease|current_freshwater,9
current_freshwater-27aa397471c5,current_freshwater,data/raw/current_freshwater/train_split/Bacterial Red disease/Bacterial Red disease_194.jpg,train_split/Bacterial Red disease/Bacterial Red disease_194.jpg,Bacterial Red disease,Bacterial Red Disease,0,current_freshwater-27aa397471c5,,Bacterial Red Disease|current_freshwater,9
current_freshwater-e079021a7193,current_freshwater,data/raw/current_freshwater/train_split/Bacterial Red disease/Bacterial Red disease_234.jpg,train_split/Bacterial Red disease/Bacterial Red disease_234.jpg,Bacterial Red disease,Bacterial Red Disease,0,current_freshwater-e079021a7193,,Bacterial Red Disease|current_freshwater,9
current_freshwater-83749cd48aba,current_freshwater,data/raw/current_freshwater/train_split/Bacterial Red disease/Bacterial Red disease_26.jpg,train_split/Bacterial Red disease/Bacterial Red disease_26.jpg,Bacterial Red disease,Bacterial Red Disease,0,current_freshwater-83749cd48aba,,Bacterial Red Disease|current_freshwater,9
current_freshwater-393b6c22e961,current_freshwater,data/raw/current_freshwater/train_split/Bacterial Red disease/Bacterial Red disease_64.jpg,train_split/Bacterial Red disease/Bacterial Red disease_64.jpg,Bacterial Red disease,Bacterial Red Disease,0,current_freshwater-393b6c22e961,,Bacterial Red Disease|current_freshwater,9
current_freshwater-758dc1363887,current_freshwater,data/raw/current_freshwater/train_split/Bacterial Red disease/Bacterial Red disease_83.jpg,train_split/Bacterial Red disease/Bacterial Red disease_83.jpg,Bacterial Red disease,Bacterial Red Disease,0,current_freshwater-374a6851aac0,,Bacterial Red Disease|current_freshwater,9
current_freshwater-387fc3cbac35,current_freshwater,data/raw/current_freshwater/train_split/Bacterial Red disease/Bacterial Red disease_aug_11.jpg,train_split/Bacterial Red disease/Bacterial Red disease_aug_11.jpg,Bacterial Red disease,Bacterial Red Disease,0,current_freshwater-387fc3cbac35,,Bacterial Red Disease|current_freshwater,9
current_freshwater-e2e3cddfc5f7,current_freshwater,data/raw/current_freshwater/train_split/Bacterial Red disease/Bacterial Red disease_aug_122.jpg,train_split/Bacterial Red disease/Bacterial Red disease_aug_122.jpg,Bacterial Red disease,Bacterial Red Disease,0,current_freshwater-e2e3cddfc5f7,,Bacterial Red Disease|current_freshwater,9
current_freshwater-e43b421af178,current_freshwater,data/raw/current_freshwater/train_split/Bacterial Red disease/Bacterial Red disease_aug_124.jpg,train_split/Bacterial Red disease/Bacterial Red disease_aug_124.jpg,Bacterial Red disease,Bacterial Red Disease,0,current_freshwater-e43b421af178,,Bacterial Red Disease|current_freshwater,9
current_freshwater-9d9341ca2544,current_freshwater,data/raw/current_freshwater/train_split/Bacterial Red disease/Bacterial Red disease_aug_136.jpg,train_split/Bacterial Red disease/Bacterial Red disease_aug_136.jpg,Bacterial Red disease,Bacterial Red Disease,0,current_freshwater-9d9341ca2544,,Bacterial Red Disease|current_freshwater,9
current_freshwater-5853e2ed4007,current_freshwater,data/raw/current_freshwater/train_split/Bacterial Red disease/Bacterial Red disease_aug_157.jpg,train_split/Bacterial Red disease/Bacterial Red disease_aug_157.jpg,Bacterial Red disease,Bacterial Red Disease,0,current_freshwater-5853e2ed4007,,Bacterial Red Disease|current_freshwater,9
current_freshwater-fdd0cdcad6ab,current_freshwater,data/raw/current_freshwater/train_split/Bacterial Red disease/Bacterial Red disease_aug_163.jpg,train_split/Bacterial Red disease/Bacterial Red disease_aug_163.jpg,Bacterial Red disease,Bacterial Red Disease,0,current_freshwater-fdd0cdcad6ab,,Bacterial Red Disease|current_freshwater,9
current_freshwater-7175e9fee162,current_freshwater,data/raw/current_freshwater/train_split/Bacterial Red disease/Bacterial Red disease_aug_192.jpg,train_split/Bacterial Red disease/Bacterial Red disease_aug_192.jpg,Bacterial Red disease,Bacterial Red Disease,0,current_freshwater-7175e9fee162,,Bacterial Red Disease|current_freshwater,9
current_freshwater-57bb610101fb,current_freshwater,data/raw/current_freshwater/train_split/Bacterial Red disease/Bacterial Red disease_aug_194.jpg,train_split/Bacterial Red disease/Bacterial Red disease_aug_194.jpg,Bacterial Red disease,Bacterial Red Disease,0,current_freshwater-57bb610101fb,,Bacterial Red Disease|current_freshwater,9
current_freshwater-dfa819d778dc,current_freshwater,data/raw/current_freshwater/train_split/Bacterial Red disease/Bacterial Red disease_aug_218.jpg,train_split/Bacterial Red disease/Bacterial Red disease_aug_218.jpg,Bacterial Red disease,Bacterial Red Disease,0,current_freshwater-dfa819d778dc,,Bacterial Red Disease|current_freshwater,9
current_freshwater-796234e4aec1,current_freshwater,data/raw/current_freshwater/train_split/Bacterial Red disease/Bacterial Red disease_aug_241.jpg,train_split/Bacterial Red disease/Bacterial Red disease_aug_241.jpg,Bacterial Red disease,Bacterial Red Disease,0,current_freshwater-796234e4aec1,,Bacterial Red Disease|current_freshwater,9
current_freshwater-38bd532f6828,current_freshwater,data/raw/current_freshwater/train_split/Bacterial Red disease/Bacterial Red disease_aug_255.jpg,train_split/Bacterial Red disease/Bacterial Red disease_aug_255.jpg,Bacterial Red disease,Bacterial Red Disease,0,current_freshwater-38bd532f6828,,Bacterial Red Disease|current_freshwater,9
current_freshwater-0a82247f441a,current_freshwater,data/raw/current_freshwater/train_split/Bacterial Red disease/Bacterial Red disease_aug_269.jpg,train_split/Bacterial Red disease/Bacterial Red disease_aug_269.jpg,Bacterial Red disease,Bacterial Red Disease,0,current_freshwater-0a82247f441a,,Bacterial Red Disease|current_freshwater,9
current_freshwater-5b9d1ef3affd,current_freshwater,data/raw/current_freshwater/train_split/Bacterial Red disease/Bacterial Red disease_aug_276.jpg,train_split/Bacterial Red disease/Bacterial Red disease_aug_276.jpg,Bacterial Red disease,Bacterial Red Disease,0,current_freshwater-5b9d1ef3affd,,Bacterial Red Disease|current_freshwater,9
current_freshwater-2aeb3e3a85ff,current_freshwater,data/raw/current_freshwater/train_split/Bacterial Red disease/Bacterial Red disease_aug_285.jpg,train_split/Bacterial Red disease/Bacterial Red disease_aug_285.jpg,Bacterial Red disease,Bacterial Red Disease,0,current_freshwater-2aeb3e3a85ff,,Bacterial Red Disease|current_freshwater,9
current_freshwater-c6d34e103037,current_freshwater,data/raw/current_freshwater/train_split/Bacterial Red disease/Bacterial Red disease_aug_303.jpg,train_split/Bacterial Red disease/Bacterial Red disease_aug_303.jpg,Bacterial Red disease,Bacterial Red Disease,0,current_freshwater-c6d34e103037,,Bacterial Red Disease|current_freshwater,9
current_freshwater-374a6851aac0,current_freshwater,data/raw/current_freshwater/train_split/Bacterial Red disease/Bacterial Red disease_aug_313.jpg,train_split/Bacterial Red disease/Bacterial Red disease_aug_313.jpg,Bacterial Red disease,Bacterial Red Disease,0,current_freshwater-374a6851aac0,,Bacterial Red Disease|current_freshwater,9
current_freshwater-ca95e9ec2d0f,current_freshwater,data/raw/current_freshwater/train_split/Bacterial Red disease/Bacterial Red disease_aug_32.jpg,train_split/Bacterial Red disease/Bacterial Red disease_aug_32.jpg,Bacterial Red disease,Bacterial Red Disease,0,current_freshwater-9d9341ca2544,,Bacterial Red Disease|current_freshwater,9
current_freshwater-ce12ea2c7acc,current_freshwater,data/raw/current_freshwater/train_split/Bacterial Red disease/Bacterial Red disease_aug_321.jpg,train_split/Bacterial Red disease/Bacterial Red disease_aug_321.jpg,Bacterial Red disease,Bacterial Red Disease,0,current_freshwater-ce12ea2c7acc,,Bacterial Red Disease|current_freshwater,9
current_freshwater-ebcc780d67cd,current_freshwater,data/raw/current_freshwater/train_split/Bacterial Red disease/Bacterial Red disease_aug_327.jpg,train_split/Bacterial Red disease/Bacterial Red disease_aug_327.jpg,Bacterial Red disease,Bacterial Red Disease,0,current_freshwater-ebcc780d67cd,,Bacterial Red Disease|current_freshwater,9
current_freshwater-bca595e9e2e1,current_freshwater,data/raw/current_freshwater/train_split/Bacterial Red disease/Bacterial Red disease_aug_337.jpg,train_split/Bacterial Red disease/Bacterial Red disease_aug_337.jpg,Bacterial Red disease,Bacterial Red Disease,0,current_freshwater-bca595e9e2e1,,Bacterial Red Disease|current_freshwater,9
current_freshwater-40ffa0454cb8,current_freshwater,data/raw/current_freshwater/train_split/Bacterial Red disease/Bacterial Red disease_aug_4.jpg,train_split/Bacterial Red disease/Bacterial Red disease_aug_4.jpg,Bacterial Red disease,Bacterial Red Disease,0,current_freshwater-40ffa0454cb8,,Bacterial Red Disease|current_freshwater,9
current_freshwater-7470952cb9e0,current_freshwater,data/raw/current_freshwater/train_split/Bacterial Red disease/Bacterial Red disease_aug_7.jpg,train_split/Bacterial Red disease/Bacterial Red disease_aug_7.jpg,Bacterial Red disease,Bacterial Red Disease,0,current_freshwater-7470952cb9e0,,Bacterial Red Disease|current_freshwater,9
current_freshwater-8ab620c856ab,current_freshwater,data/raw/current_freshwater/train_split/Bacterial Red disease/Bacterial Red disease_aug_93.jpg,train_split/Bacterial Red disease/Bacterial Red disease_aug_93.jpg,Bacterial Red disease,Bacterial Red Disease,0,current_freshwater-8ab620c856ab,,Bacterial Red Disease|current_freshwater,9
roboflow-fd5b5c7d1afb,roboflow,data/raw/roboflow/train/Bacterial Red disease/Bacterial-Red-disease-28-_jpg.rf.d45d1afa3066ac923ada6a60a2e5c56a.jpg,train/Bacterial Red disease/Bacterial-Red-disease-28-_jpg.rf.d45d1afa3066ac923ada6a60a2e5c56a.jpg,Bacterial Red disease,Bacterial Red Disease,0,current_freshwater-83749cd48aba,,Bacterial Red Disease|current_freshwater,9
roboflow-667657946d14,roboflow,data/raw/roboflow/valid/Bacterial Red disease/Bacterial-Red-disease-2-_jpeg.rf.346f133dc50e20bfc35d836a07327ff2.jpg,valid/Bacterial Red disease/Bacterial-Red-disease-2-_jpeg.rf.346f133dc50e20bfc35d836a07327ff2.jpg,Bacterial Red disease,Bacterial Red Disease,0,roboflow-667657946d14,,Bacterial Red Disease|roboflow,9
current_freshwater-1bc9d7b72fcf,current_freshwater,data/raw/current_freshwater/test_split/Bacterial diseases - Aeromoniasis_Bacterial diseases - Aeromoniasis_115.png,test_split/Bacterial diseases - Aeromoniasis_Bacterial diseases - Aeromoniasis_115.png,Bacterial diseases - Aeromoniasis,Aeromoniasis,1,current_freshwater-1bc9d7b72fcf,,Aeromoniasis|current_freshwater,9
current_freshwater-346dab6a63d7,current_freshwater,data/raw/current_freshwater/test_split/Bacterial diseases - Aeromoniasis_Bacterial diseases - Aeromoniasis_121.jpg,test_split/Bacterial diseases - Aeromoniasis_Bacterial diseases - Aeromoniasis_121.jpg,Bacterial diseases - Aeromoniasis,Aeromoniasis,1,current_freshwater-346dab6a63d7,,Aeromoniasis|current_freshwater,9
current_freshwater-5f4b25263ed7,current_freshwater,data/raw/current_freshwater/test_split/Bacterial diseases - Aeromoniasis_Bacterial diseases - Aeromoniasis_134.jpg,test_split/Bacterial diseases - Aeromoniasis_Bacterial diseases - Aeromoniasis_134.jpg,Bacterial diseases - Aeromoniasis,Aeromoniasis,1,current_freshwater-5f4b25263ed7,,Aeromoniasis|current_freshwater,9
current_freshwater-077573059049,current_freshwater,data/raw/current_freshwater/test_split/Bacterial diseases - Aeromoniasis_Bacterial diseases - Aeromoniasis_185.jpg,test_split/Bacterial diseases - Aeromoniasis_Bacterial diseases - Aeromoniasis_185.jpg,Bacterial diseases - Aeromoniasis,Aeromoniasis,1,current_freshwater-077573059049,,Aeromoniasis|current_freshwater,9
current_freshwater-086a76400b22,current_freshwater,data/raw/current_freshwater/test_split/Bacterial diseases - Aeromoniasis_Bacterial diseases - Aeromoniasis_20.jpg,test_split/Bacterial diseases - Aeromoniasis_Bacterial diseases - Aeromoniasis_20.jpg,Bacterial diseases - Aeromoniasis,Aeromoniasis,1,current_freshwater-086a76400b22,,Aeromoniasis|current_freshwater,9
current_freshwater-f43ff66ace97,current_freshwater,data/raw/current_freshwater/test_split/Bacterial diseases - Aeromoniasis_Bacterial diseases - Aeromoniasis_22.jpg,test_split/Bacterial diseases - Aeromoniasis_Bacterial diseases - Aeromoniasis_22.jpg,Bacterial diseases - Aeromoniasis,Aeromoniasis,1,current_freshwater-f43ff66ace97,,Aeromoniasis|current_freshwater,9
current_freshwater-a4a34a873f85,current_freshwater,data/raw/current_freshwater/train_split/Bacterial diseases - Aeromoniasis/Bacterial diseases - Aeromoniasis_101.jpg,train_split/Bacterial diseases - Aeromoniasis/Bacterial diseases - Aeromoniasis_101.jpg,Bacterial diseases - Aeromoniasis,Aeromoniasis,1,current_freshwater-a4a34a873f85,,Aeromoniasis|current_freshwater,9
current_freshwater-579b4ffed033,current_freshwater,data/raw/current_freshwater/train_split/Bacterial diseases - Aeromoniasis/Bacterial diseases - Aeromoniasis_120.jpg,train_split/Bacterial diseases - Aeromoniasis/Bacterial diseases - Aeromoniasis_120.jpg,Bacterial diseases - Aeromoniasis,Aeromoniasis,1,current_freshwater-579b4ffed033,,Aeromoniasis|current_freshwater,9
current_freshwater-b44f2d50a49c,current_freshwater,data/raw/current_freshwater/train_split/Bacterial diseases - Aeromoniasis/Bacterial diseases - Aeromoniasis_125.jpg,train_split/Bacterial diseases - Aeromoniasis/Bacterial diseases - Aeromoniasis_125.jpg,Bacterial diseases - Aeromoniasis,Aeromoniasis,1,current_freshwater-b44f2d50a49c,,Aeromoniasis|current_freshwater,9
current_freshwater-caff24f9246d,current_freshwater,data/raw/current_freshwater/train_split/Bacterial diseases - Aeromoniasis/Bacterial diseases - Aeromoniasis_154.jpg,train_split/Bacterial diseases - Aeromoniasis/Bacterial diseases - Aeromoniasis_154.jpg,Bacterial diseases - Aeromoniasis,Aeromoniasis,1,current_freshwater-a6596594a793,,Aeromoniasis|current_freshwater,9
current_freshwater-f0e2cb07cccf,current_freshwater,data/raw/current_freshwater/train_split/Bacterial diseases - Aeromoniasis/Bacterial diseases - Aeromoniasis_160.jpg,train_split/Bacterial diseases - Aeromoniasis/Bacterial diseases - Aeromoniasis_160.jpg,Bacterial diseases - Aeromoniasis,Aeromoniasis,1,current_freshwater-f0e2cb07cccf,,Aeromoniasis|current_freshwater,9
current_freshwater-f657f25dce3a,current_freshwater,data/raw/current_freshwater/train_split/Bacterial diseases - Aeromoniasis/Bacterial diseases - Aeromoniasis_196.jpg,train_split/Bacterial diseases - Aeromoniasis/Bacterial diseases - Aeromoniasis_196.jpg,Bacterial diseases - Aeromoniasis,Aeromoniasis,1,current_freshwater-f657f25dce3a,,Aeromoniasis|current_freshwater,9
current_freshwater-fb67358740a0,current_freshwater,data/raw/current_freshwater/train_split/Bacterial diseases - Aeromoniasis/Bacterial diseases - Aeromoniasis_203.jpg,train_split/Bacterial diseases - Aeromoniasis/Bacterial diseases - Aeromoniasis_203.jpg,Bacterial diseases - Aeromoniasis,Aeromoniasis,1,current_freshwater-fb67358740a0,,Aeromoniasis|current_freshwater,9
current_freshwater-37f030c84ef3,current_freshwater,data/raw/current_freshwater/train_split/Bacterial diseases - Aeromoniasis/Bacterial diseases - Aeromoniasis_21.jpg,train_split/Bacterial diseases - Aeromoniasis/Bacterial diseases - Aeromoniasis_21.jpg,Bacterial diseases - Aeromoniasis,Aeromoniasis,1,current_freshwater-37f030c84ef3,,Aeromoniasis|current_freshwater,9
current_freshwater-ca335b9cd8ed,current_freshwater,data/raw/current_freshwater/train_split/Bacterial diseases - Aeromoniasis/Bacterial diseases - Aeromoniasis_214.jpg,train_split/Bacterial diseases - Aeromoniasis/Bacterial diseases - Aeromoniasis_214.jpg,Bacterial diseases - Aeromoniasis,Aeromoniasis,1,current_freshwater-ca335b9cd8ed,,Aeromoniasis|current_freshwater,9
current_freshwater-473ee504d667,current_freshwater,data/raw/current_freshwater/train_split/Bacterial diseases - Aeromoniasis/Bacterial diseases - Aeromoniasis_23.jpg,train_split/Bacterial diseases - Aeromoniasis/Bacterial diseases - Aeromoniasis_23.jpg,Bacterial diseases - Aeromoniasis,Aeromoniasis,1,current_freshwater-473ee504d667,,Aeromoniasis|current_freshwater,9
current_freshwater-eda2ae7545cb,current_freshwater,data/raw/current_freshwater/train_split/Bacterial diseases - Aeromoniasis/Bacterial diseases - Aeromoniasis_231.jpg,train_split/Bacterial diseases - Aeromoniasis/Bacterial diseases - Aeromoniasis_231.jpg,Bacterial diseases - Aeromoniasis,Aeromoniasis,1,current_freshwater-eda2ae7545cb,,Aeromoniasis|current_freshwater,9
current_freshwater-770b8b162107,current_freshwater,data/raw/current_freshwater/train_split/Bacterial diseases - Aeromoniasis/Bacterial diseases - Aeromoniasis_33.jpg,train_split/Bacterial diseases - Aeromoniasis/Bacterial diseases - Aeromoniasis_33.jpg,Bacterial diseases - Aeromoniasis,Aeromoniasis,1,current_freshwater-770b8b162107,,Aeromoniasis|current_freshwater,9
current_freshwater-2b327452979a,current_freshwater,data/raw/current_freshwater/train_split/Bacterial diseases - Aeromoniasis/Bacterial diseases - Aeromoniasis_38.jpg,train_split/Bacterial diseases - Aeromoniasis/Bacterial diseases - Aeromoniasis_38.jpg,Bacterial diseases - Aeromoniasis,Aeromoniasis,1,current_freshwater-2b327452979a,,Aeromoniasis|current_freshwater,9
current_freshwater-4303f4908b7c,current_freshwater,data/raw/current_freshwater/train_split/Bacterial diseases - Aeromoniasis/Bacterial diseases - Aeromoniasis_42.jpg,train_split/Bacterial diseases - Aeromoniasis/Bacterial diseases - Aeromoniasis_42.jpg,Bacterial diseases - Aeromoniasis,Aeromoniasis,1,current_freshwater-4303f4908b7c,,Aeromoniasis|current_freshwater,9
current_freshwater-3f170284fc47,current_freshwater,data/raw/current_freshwater/train_split/Bacterial diseases - Aeromoniasis/Bacterial diseases - Aeromoniasis_75.jpg,train_split/Bacterial diseases - Aeromoniasis/Bacterial diseases - Aeromoniasis_75.jpg,Bacterial diseases - Aeromoniasis,Aeromoniasis,1,current_freshwater-3f170284fc47,,Aeromoniasis|current_freshwater,9
current_freshwater-6306b7f7c00c,current_freshwater,data/raw/current_freshwater/train_split/Bacterial diseases - Aeromoniasis/Bacterial diseases - Aeromoniasis_77.jpg,train_split/Bacterial diseases - Aeromoniasis/Bacterial diseases - Aeromoniasis_77.jpg,Bacterial diseases - Aeromoniasis,Aeromoniasis,1,current_freshwater-6306b7f7c00c,,Aeromoniasis|current_freshwater,9
current_freshwater-b0aaa6547b8f,current_freshwater,data/raw/current_freshwater/train_split/Bacterial diseases - Aeromoniasis/Bacterial diseases - Aeromoniasis_aug_109.jpg,train_split/Bacterial diseases - Aeromoniasis/Bacterial diseases - Aeromoniasis_aug_109.jpg,Bacterial diseases - Aeromoniasis,Aeromoniasis,1,current_freshwater-b0aaa6547b8f,,Aeromoniasis|current_freshwater,9
current_freshwater-8d40e0d90d88,current_freshwater,data/raw/current_freshwater/train_split/Bacterial diseases - Aeromoniasis/Bacterial diseases - Aeromoniasis_aug_111.jpg,train_split/Bacterial diseases - Aeromoniasis/Bacterial diseases - Aeromoniasis_aug_111.jpg,Bacterial diseases - Aeromoniasis,Aeromoniasis,1,current_freshwater-770b8b162107,,Aeromoniasis|current_freshwater,9
current_freshwater-87f1d43239fc,current_freshwater,data/raw/current_freshwater/train_split/Bacterial diseases - Aeromoniasis/Bacterial diseases - Aeromoniasis_aug_114.jpg,train_split/Bacterial diseases - Aeromoniasis/Bacterial diseases - Aeromoniasis_aug_114.jpg,Bacterial diseases - Aeromoniasis,Aeromoniasis,1,current_freshwater-473ee504d667,,Aeromoniasis|current_freshwater,9
current_freshwater-cf63cefdd4b2,current_freshwater,data/raw/current_freshwater/train_split/Bacterial diseases - Aeromoniasis/Bacterial diseases - Aeromoniasis_aug_154.jpg,train_split/Bacterial diseases - Aeromoniasis/Bacterial diseases - Aeromoniasis_aug_154.jpg,Bacterial diseases - Aeromoniasis,Aeromoniasis,1,current_freshwater-077573059049,,Aeromoniasis|current_freshwater,9
current_freshwater-c51b51872030,current_freshwater,data/raw/current_freshwater/train_split/Bacterial diseases - Aeromoniasis/Bacterial diseases - Aeromoniasis_aug_184.jpg,train_split/Bacterial diseases - Aeromoniasis/Bacterial diseases - Aeromoniasis_aug_184.jpg,Bacterial diseases - Aeromoniasis,Aeromoniasis,1,current_freshwater-c51b51872030,,Aeromoniasis|current_freshwater,9
current_freshwater-a6596594a793,current_freshwater,data/raw/current_freshwater/train_split/Bacterial diseases - Aeromoniasis/Bacterial diseases - Aeromoniasis_aug_189.jpg,train_split/Bacterial diseases - Aeromoniasis/Bacterial diseases - Aeromoniasis_aug_189.jpg,Bacterial diseases - Aeromoniasis,Aeromoniasis,1,current_freshwater-a6596594a793,,Aeromoniasis|current_freshwater,9
current_freshwater-2c68744491cc,current_freshwater,data/raw/current_freshwater/train_split/Bacterial diseases - Aeromoniasis/Bacterial diseases - Aeromoniasis_aug_193.jpg,train_split/Bacterial diseases - Aeromoniasis/Bacterial diseases - Aeromoniasis_aug_193.jpg,Bacterial diseases - Aeromoniasis,Aeromoniasis,1,current_freshwater-2c68744491cc,,Aeromoniasis|current_freshwater,9
current_freshwater-88ed66a835ed,current_freshwater,data/raw/current_freshwater/train_split/Bacterial diseases - Aeromoniasis/Bacterial diseases - Aeromoniasis_aug_216.jpg,train_split/Bacterial diseases - Aeromoniasis/Bacterial diseases - Aeromoniasis_aug_216.jpg,Bacterial diseases - Aeromoniasis,Aeromoniasis,1,current_freshwater-88ed66a835ed,,Aeromoniasis|current_freshwater,9
current_freshwater-2e665c28b8d1,current_freshwater,data/raw/current_freshwater/train_split/Bacterial diseases - Aeromoniasis/Bacterial diseases - Aeromoniasis_aug_230.jpg,train_split/Bacterial diseases - Aeromoniasis/Bacterial diseases - Aeromoniasis_aug_230.jpg,Bacterial diseases - Aeromoniasis,Aeromoniasis,1,current_freshwater-2e665c28b8d1,,Aeromoniasis|current_freshwater,9
current_freshwater-fafad5b43dbf,current_freshwater,data/raw/current_freshwater/train_split/Bacterial diseases - Aeromoniasis/Bacterial diseases - Aeromoniasis_aug_3.jpg,train_split/Bacterial diseases - Aeromoniasis/Bacterial diseases - Aeromoniasis_aug_3.jpg,Bacterial diseases - Aeromoniasis,Aeromoniasis,1,current_freshwater-fafad5b43dbf,,Aeromoniasis|current_freshwater,9
current_freshwater-c39d6692cd73,current_freshwater,data/raw/current_freshwater/train_split/Bacterial diseases - Aeromoniasis/Bacterial diseases - Aeromoniasis_aug_53.jpg,train_split/Bacterial diseases - Aeromoniasis/Bacterial diseases - Aeromoniasis_aug_53.jpg,Bacterial diseases - Aeromoniasis,Aeromoniasis,1,current_freshwater-c39d6692cd73,,Aeromoniasis|current_freshwater,9
current_freshwater-f88bc6837c9b,current_freshwater,data/raw/current_freshwater/train_split/Bacterial diseases - Aeromoniasis/Bacterial diseases - Aeromoniasis_aug_55.jpg,train_split/Bacterial diseases - Aeromoniasis/Bacterial diseases - Aeromoniasis_aug_55.jpg,Bacterial diseases - Aeromoniasis,Aeromoniasis,1,current_freshwater-f88bc6837c9b,,Aeromoniasis|current_freshwater,9
current_freshwater-87da586f8455,current_freshwater,data/raw/current_freshwater/train_split/Bacterial diseases - Aeromoniasis/Bacterial diseases - Aeromoniasis_aug_59.jpg,train_split/Bacterial diseases - Aeromoniasis/Bacterial diseases - Aeromoniasis_aug_59.jpg,Bacterial diseases - Aeromoniasis,Aeromoniasis,1,current_freshwater-87da586f8455,,Aeromoniasis|current_freshwater,9
current_freshwater-ee435bd7bd55,current_freshwater,data/raw/current_freshwater/train_split/Bacterial diseases - Aeromoniasis/Bacterial diseases - Aeromoniasis_aug_63.jpg,train_split/Bacterial diseases - Aeromoniasis/Bacterial diseases - Aeromoniasis_aug_63.jpg,Bacterial diseases - Aeromoniasis,Aeromoniasis,1,current_freshwater-ee435bd7bd55,,Aeromoniasis|current_freshwater,9
roboflow-77451f557dc5,roboflow,data/raw/roboflow/train/Bacterial diseases - Aeromoniasis/Bacterial-diseases-Aeromoniasis-2-_jpg.rf.7da68fb610a6c08970b6cd9f9819b934.jpg,train/Bacterial diseases - Aeromoniasis/Bacterial-diseases-Aeromoniasis-2-_jpg.rf.7da68fb610a6c08970b6cd9f9819b934.jpg,Bacterial diseases - Aeromoniasis,Aeromoniasis,1,roboflow-77451f557dc5,,Aeromoniasis|roboflow,9
roboflow-423027c441d1,roboflow,data/raw/roboflow/train/Bacterial diseases - Aeromoniasis/Bacterial-diseases-Aeromoniasis-25-_jpg.rf.3c3eebae9bf54e107c95ad9c915ef4ad.jpg,train/Bacterial diseases - Aeromoniasis/Bacterial-diseases-Aeromoniasis-25-_jpg.rf.3c3eebae9bf54e107c95ad9c915ef4ad.jpg,Bacterial diseases - Aeromoniasis,Aeromoniasis,1,roboflow-423027c441d1,,Aeromoniasis|roboflow,9
current_freshwater-ae598659ab7c,current_freshwater,data/raw/current_freshwater/test_split/Bacterial gill disease_Bacterial gill disease_134.jpg,test_split/Bacterial gill disease_Bacterial gill disease_134.jpg,Bacterial gill disease,Bacterial Gill Disease,2,current_freshwater-ae598659ab7c,,Bacterial Gill Disease|current_freshwater,9
current_freshwater-68b42f69d072,current_freshwater,data/raw/current_freshwater/test_split/Bacterial gill disease_Bacterial gill disease_209.jpg,test_split/Bacterial gill disease_Bacterial gill disease_209.jpg,Bacterial gill disease,Bacterial Gill Disease,2,current_freshwater-68b42f69d072,,Bacterial Gill Disease|current_freshwater,9
current_freshwater-4ecd18f4af15,current_freshwater,data/raw/current_freshwater/test_split/Bacterial gill disease_Bacterial gill disease_219.jpg,test_split/Bacterial gill disease_Bacterial gill disease_219.jpg,Bacterial gill disease,Bacterial Gill Disease,2,current_freshwater-4ecd18f4af15,,Bacterial Gill Disease|current_freshwater,9
current_freshwater-feb7c1a335ce,current_freshwater,data/raw/current_freshwater/train_split/Bacterial gill disease/Bacterial gill disease_115.jpg,train_split/Bacterial gill disease/Bacterial gill disease_115.jpg,Bacterial gill disease,Bacterial Gill Disease,2,current_freshwater-feb7c1a335ce,,Bacterial Gill Disease|current_freshwater,9
current_freshwater-b8aabc9a7f54,current_freshwater,data/raw/current_freshwater/train_split/Bacterial gill disease/Bacterial gill disease_118.jpg,train_split/Bacterial gill disease/Bacterial gill disease_118.jpg,Bacterial gill disease,Bacterial Gill Disease,2,current_freshwater-b8aabc9a7f54,,Bacterial Gill Disease|current_freshwater,9
current_freshwater-ab56faecb0b5,current_freshwater,data/raw/current_freshwater/train_split/Bacterial gill disease/Bacterial gill disease_123.jpg,train_split/Bacterial gill disease/Bacterial gill disease_123.jpg,Bacterial gill disease,Bacterial Gill Disease,2,current_freshwater-ab56faecb0b5,,Bacterial Gill Disease|current_freshwater,9
current_freshwater-e57c5addf74c,current_freshwater,data/raw/current_freshwater/train_split/Bacterial gill disease/Bacterial gill disease_131.jpg,train_split/Bacterial gill disease/Bacterial gill disease_131.jpg,Bacterial gill disease,Bacterial Gill Disease,2,current_freshwater-e57c5addf74c,,Bacterial Gill Disease|current_freshwater,9
current_freshwater-4e532b305cf8,current_freshwater,data/raw/current_freshwater/train_split/Bacterial gill disease/Bacterial gill disease_142.jpg,train_split/Bacterial gill disease/Bacterial gill disease_142.jpg,Bacterial gill disease,Bacterial Gill Disease,2,current_freshwater-4e532b305cf8,,Bacterial Gill Disease|current_freshwater,9
current_freshwater-5bd3f1744e4a,current_freshwater,data/raw/current_freshwater/train_split/Bacterial gill disease/Bacterial gill disease_210.jpg,train_split/Bacterial gill disease/Bacterial gill disease_210.jpg,Bacterial gill disease,Bacterial Gill Disease,2,current_freshwater-5bd3f1744e4a,,Bacterial Gill Disease|current_freshwater,9
current_freshwater-34b503ec4e43,current_freshwater,data/raw/current_freshwater/train_split/Bacterial gill disease/Bacterial gill disease_298.jpg,train_split/Bacterial gill disease/Bacterial gill disease_298.jpg,Bacterial gill disease,Bacterial Gill Disease,2,current_freshwater-34b503ec4e43,,Bacterial Gill Disease|current_freshwater,9
current_freshwater-cfae8ccf54be,current_freshwater,data/raw/current_freshwater/train_split/Bacterial gill disease/Bacterial gill disease_32.jpg,train_split/Bacterial gill disease/Bacterial gill disease_32.jpg,Bacterial gill disease,Bacterial Gill Disease,2,current_freshwater-cfae8ccf54be,,Bacterial Gill Disease|current_freshwater,9
current_freshwater-86394f41e5b7,current_freshwater,data/raw/current_freshwater/train_split/Bacterial gill disease/Bacterial gill disease_358.jpg,train_split/Bacterial gill disease/Bacterial gill disease_358.jpg,Bacterial gill disease,Bacterial Gill Disease,2,current_freshwater-86394f41e5b7,,Bacterial Gill Disease|current_freshwater,9
current_freshwater-e6d22839a2f8,current_freshwater,data/raw/current_freshwater/train_split/Bacterial gill disease/Bacterial gill disease_39.jpg,train_split/Bacterial gill disease/Bacterial gill disease_39.jpg,Bacterial gill disease,Bacterial Gill Disease,2,current_freshwater-e6d22839a2f8,,Bacterial Gill Disease|current_freshwater,9
current_freshwater-5bae63c2ada8,current_freshwater,data/raw/current_freshwater/train_split/Bacterial gill disease/Bacterial gill disease_64.jpg,train_split/Bacterial gill disease/Bacterial gill disease_64.jpg,Bacterial gill disease,Bacterial Gill Disease,2,current_freshwater-5bae63c2ada8,,Bacterial Gill Disease|current_freshwater,9
current_freshwater-ded7434e629d,current_freshwater,data/raw/current_freshwater/train_split/Bacterial gill disease/Bacterial gill disease_85.jpg,train_split/Bacterial gill disease/Bacterial gill disease_85.jpg,Bacterial gill disease,Bacterial Gill Disease,2,current_freshwater-ded7434e629d,,Bacterial Gill Disease|current_freshwater,9
current_freshwater-2ce005ac85ef,current_freshwater,data/raw/current_freshwater/train_split/Bacterial gill disease/Bacterial gill disease_86.jpg,train_split/Bacterial gill disease/Bacterial gill disease_86.jpg,Bacterial gill disease,Bacterial Gill Disease,2,current_freshwater-2ce005ac85ef,,Bacterial Gill Disease|current_freshwater,9
current_freshwater-4213199807bc,current_freshwater,data/raw/current_freshwater/train_split/Bacterial gill disease/Bacterial gill disease_95.jpg,train_split/Bacterial gill disease/Bacterial gill disease_95.jpg,Bacterial gill disease,Bacterial Gill Disease,2,current_freshwater-4213199807bc,,Bacterial Gill Disease|current_freshwater,9
current_freshwater-782ee476de75,current_freshwater,data/raw/current_freshwater/train_split/Bacterial gill disease/Bacterial gill disease_99.jpg,train_split/Bacterial gill disease/Bacterial gill disease_99.jpg,Bacterial gill disease,Bacterial Gill Disease,2,current_freshwater-782ee476de75,,Bacterial Gill Disease|current_freshwater,9
current_freshwater-e9e96d20723a,current_freshwater,data/raw/current_freshwater/train_split/Bacterial gill disease/Bacterial gill disease_aug_114.jpg,train_split/Bacterial gill disease/Bacterial gill disease_aug_114.jpg,Bacterial gill disease,Bacterial Gill Disease,2,current_freshwater-e9e96d20723a,,Bacterial Gill Disease|current_freshwater,9
current_freshwater-f9d1c34f7c22,current_freshwater,data/raw/current_freshwater/train_split/Bacterial gill disease/Bacterial gill disease_aug_127.jpg,train_split/Bacterial gill disease/Bacterial gill disease_aug_127.jpg,Bacterial gill disease,Bacterial Gill Disease,2,current_freshwater-f04dc048e694,,Bacterial Gill Disease|current_freshwater,9
current_freshwater-a75aadc8cd89,current_freshwater,data/raw/current_freshwater/train_split/Bacterial gill disease/Bacterial gill disease_aug_141.jpg,train_split/Bacterial gill disease/Bacterial gill disease_aug_141.jpg,Bacterial gill disease,Bacterial Gill Disease,2,current_freshwater-782ee476de75,,Bacterial Gill Disease|current_freshwater,9
current_freshwater-2cc181ab90ae,current_freshwater,data/raw/current_freshwater/train_split/Bacterial gill disease/Bacterial gill disease_aug_191.jpg,train_split/Bacterial gill disease/Bacterial gill disease_aug_191.jpg,Bacterial gill disease,Bacterial Gill Disease,2,current_freshwater-2cc181ab90ae,,Bacterial Gill Disease|current_freshwater,9
current_freshwater-bc3f1cfe8d9d,current_freshwater,data/raw/current_freshwater/train_split/Bacterial gill disease/Bacterial gill disease_aug_194.jpg,train_split/Bacterial gill disease/Bacterial gill disease_aug_194.jpg,Bacterial gill disease,Bacterial Gill Disease,2,current_freshwater-bc3f1cfe8d9d,,Bacterial Gill Disease|current_freshwater,9
current_freshwater-06f0d53d58a8,current_freshwater,data/raw/current_freshwater/train_split/Bacterial gill disease/Bacterial gill disease_aug_216.jpg,train_split/Bacterial gill disease/Bacterial gill disease_aug_216.jpg,Bacterial gill disease,Bacterial Gill Disease,2,current_freshwater-06f0d53d58a8,,Bacterial Gill Disease|current_freshwater,9
current_freshwater-4393ab97c21b,current_freshwater,data/raw/current_freshwater/train_split/Bacterial gill disease/Bacterial gill disease_aug_228.jpg,train_split/Bacterial gill disease/Bacterial gill disease_aug_228.jpg,Bacterial gill disease,Bacterial Gill Disease,2,current_freshwater-4393ab97c21b,,Bacterial Gill Disease|current_freshwater,9
current_freshwater-0dbafe422a6e,current_freshwater,data/raw/current_freshwater/train_split/Bacterial gill disease/Bacterial gill disease_aug_248.jpg,train_split/Bacterial gill disease/Bacterial gill disease_aug_248.jpg,Bacterial gill disease,Bacterial Gill Disease,2,current_freshwater-0dbafe422a6e,,Bacterial Gill Disease|current_freshwater,9
current_freshwater-d489a462565e,current_freshwater,data/raw/current_freshwater/train_split/Bacterial gill disease/Bacterial gill disease_aug_33.jpg,train_split/Bacterial gill disease/Bacterial gill disease_aug_33.jpg,Bacterial gill disease,Bacterial Gill Disease,2,current_freshwater-d489a462565e,,Bacterial Gill Disease|current_freshwater,9
current_freshwater-d2a010aac2ca,current_freshwater,data/raw/current_freshwater/train_split/Bacterial gill disease/Bacterial gill disease_aug_37.jpg,train_split/Bacterial gill disease/Bacterial gill disease_aug_37.jpg,Bacterial gill disease,Bacterial Gill Disease,2,current_freshwater-d2a010aac2ca,,Bacterial Gill Disease|current_freshwater,9
current_freshwater-a9c56afa0845,current_freshwater,data/raw/current_freshwater/train_split/Bacterial gill disease/Bacterial gill disease_aug_41.jpg,train_split/Bacterial gill disease/Bacterial gill disease_aug_41.jpg,Bacterial gill disease,Bacterial Gill Disease,2,current_freshwater-a9c56afa0845,,Bacterial Gill Disease|current_freshwater,9
current_freshwater-0f233eb70292,current_freshwater,data/raw/current_freshwater/train_split/Bacterial gill disease/Bacterial gill disease_aug_45.jpg,train_split/Bacterial gill disease/Bacterial gill disease_aug_45.jpg,Bacterial gill disease,Bacterial Gill Disease,2,current_freshwater-0f233eb70292,,Bacterial Gill Disease|current_freshwater,9
current_freshwater-a57516bd751a,current_freshwater,data/raw/current_freshwater/train_split/Bacterial gill disease/Bacterial gill disease_aug_46.jpg,train_split/Bacterial gill disease/Bacterial gill disease_aug_46.jpg,Bacterial gill disease,Bacterial Gill Disease,2,current_freshwater-a57516bd751a,,Bacterial Gill Disease|current_freshwater,9
current_freshwater-da96861807ea,current_freshwater,data/raw/current_freshwater/train_split/Bacterial gill disease/Bacterial gill disease_aug_53.jpg,train_split/Bacterial gill disease/Bacterial gill disease_aug_53.jpg,Bacterial gill disease,Bacterial Gill Disease,2,current_freshwater-da96861807ea,,Bacterial Gill Disease|current_freshwater,9
current_freshwater-44829d6e8f1a,current_freshwater,data/raw/current_freshwater/train_split/Bacterial gill disease/Bacterial gill disease_aug_81.jpg,train_split/Bacterial gill disease/Bacterial gill disease_aug_81.jpg,Bacterial gill disease,Bacterial Gill Disease,2,current_freshwater-44829d6e8f1a,,Bacterial Gill Disease|current_freshwater,9
current_freshwater-ad763da0e756,current_freshwater,data/raw/current_freshwater/train_split/Bacterial gill disease/Bacterial gill disease_aug_99.jpg,train_split/Bacterial gill disease/Bacterial gill disease_aug_99.jpg,Bacterial gill disease,Bacterial Gill Disease,2,current_freshwater-5bd3f1744e4a,,Bacterial Gill Disease|current_freshwater,9
roboflow-0dad852182e6,roboflow,data/raw/roboflow/train/Bacterial gill disease/Bacterial-gill-disease-19-_jpg.rf.cd56bbcedfb5dcc23d44d579ca0f0e05.jpg,train/Bacterial gill disease/Bacterial-gill-disease-19-_jpg.rf.cd56bbcedfb5dcc23d44d579ca0f0e05.jpg,Bacterial gill disease,Bacterial Gill Disease,2,current_freshwater-cfae8ccf54be,,Bacterial Gill Disease|current_freshwater,9
roboflow-7ccdd0a240aa,roboflow,data/raw/roboflow/train/Bacterial gill disease/Bacterial-gill-disease-24-_jpg.rf.fb78d2d330939e85e8e6cc8ef676e997.jpg,train/Bacterial gill disease/Bacterial-gill-disease-24-_jpg.rf.fb78d2d330939e85e8e6cc8ef676e997.jpg,Bacterial gill disease,Bacterial Gill Disease,2,current_freshwater-e6d22839a2f8,,Bacterial Gill Disease|current_freshwater,9
roboflow-284afa641241,roboflow,data/raw/roboflow/train/Bacterial gill disease/Bacterial-gill-disease-28-_jpg.rf.8071cf860487ab10fc688cae768eda3b.jpg,train/Bacterial gill disease/Bacterial-gill-disease-28-_jpg.rf.8071cf860487ab10fc688cae768eda3b.jpg,Bacterial gill disease,Bacterial Gill Disease,2,roboflow-139fa7c43b76,,Bacterial Gill Disease|roboflow,9
roboflow-4b5fdf4f8ba4,roboflow,data/raw/roboflow/train/Bacterial gill disease/Bacterial-gill-disease-3-_jpeg.rf.b53494768713bc3c7da6ca163531e812.jpg,train/Bacterial gill disease/Bacterial-gill-disease-3-_jpeg.rf.b53494768713bc3c7da6ca163531e812.jpg,Bacterial gill disease,Bacterial Gill Disease,2,roboflow-4b5fdf4f8ba4,,Bacterial Gill Disease|roboflow,9
roboflow-139fa7c43b76,roboflow,data/raw/roboflow/train/Bacterial gill disease/Bacterial-gill-disease-34-_jpg.rf.479118133a0553d150cefe6c531e3d82.jpg,train/Bacterial gill disease/Bacterial-gill-disease-34-_jpg.rf.479118133a0553d150cefe6c531e3d82.jpg,Bacterial gill disease,Bacterial Gill Disease,2,roboflow-139fa7c43b76,,Bacterial Gill Disease|roboflow,9
current_freshwater-9ef68a4592c3,current_freshwater,data/raw/current_freshwater/test_split/EUS_EUS_141.jpg,test_split/EUS_EUS_141.jpg,EUS,EUS Disease,3,current_freshwater-9ef68a4592c3,,EUS Disease|current_freshwater,9
current_freshwater-04021cf48315,current_freshwater,data/raw/current_freshwater/test_split/EUS_EUS_157.jpg,test_split/EUS_EUS_157.jpg,EUS,EUS Disease,3,current_freshwater-04021cf48315,,EUS Disease|current_freshwater,9
current_freshwater-f5866beb58ec,current_freshwater,data/raw/current_freshwater/test_split/EUS_EUS_16.jpg,test_split/EUS_EUS_16.jpg,EUS,EUS Disease,3,current_freshwater-f5866beb58ec,,EUS Disease|current_freshwater,9
current_freshwater-a9bb1534b5eb,current_freshwater,data/raw/current_freshwater/train_split/EUS/EUS_103.jpg,train_split/EUS/EUS_103.jpg,EUS,EUS Disease,3,current_freshwater-52c37b2df21f,,EUS Disease|current_freshwater,9
current_freshwater-e8c35542533d,current_freshwater,data/raw/current_freshwater/train_split/EUS/EUS_110.jpg,train_split/EUS/EUS_110.jpg,EUS,EUS Disease,3,current_freshwater-e8c35542533d,,EUS Disease|current_freshwater,9
current_freshwater-29a8d33b7f1a,current_freshwater,data/raw/current_freshwater/train_split/EUS/EUS_12.jpg,train_split/EUS/EUS_12.jpg,EUS,EUS Disease,3,current_freshwater-29a8d33b7f1a,,EUS Disease|current_freshwater,9
current_freshwater-b70c9401e1ad,current_freshwater,data/raw/current_freshwater/train_split/EUS/EUS_152.jpg,train_split/EUS/EUS_152.jpg,EUS,EUS Disease,3,current_freshwater-b70c9401e1ad,,EUS Disease|current_freshwater,9
current_freshwater-6998fa4993b9,current_freshwater,data/raw/current_freshwater/train_split/EUS/EUS_17.jpg,train_split/EUS/EUS_17.jpg,EUS,EUS Disease,3,current_freshwater-6998fa4993b9,,EUS Disease|current_freshwater,9
current_freshwater-6b4fbc992536,current_freshwater,data/raw/current_freshwater/train_split/EUS/EUS_186.jpg,train_split/EUS/EUS_186.jpg,EUS,EUS Disease,3,current_freshwater-6b4fbc992536,,EUS Disease|current_freshwater,9
current_freshwater-c63ffd7e016c,current_freshwater,data/raw/current_freshwater/train_split/EUS/EUS_192.jpg,train_split/EUS/EUS_192.jpg,EUS,EUS Disease,3,current_freshwater-c63ffd7e016c,,EUS Disease|current_freshwater,9
current_freshwater-e7f6704204c6,current_freshwater,data/raw/current_freshwater/train_split/EUS/EUS_195.jpg,train_split/EUS/EUS_195.jpg,EUS,EUS Disease,3,current_freshwater-e7f6704204c6,,EUS Disease|current_freshwater,9
current_freshwater-f9b93229ede6,current_freshwater,data/raw/current_freshwater/train_split/EUS/EUS_202.jpg,train_split/EUS/EUS_202.jpg,EUS,EUS Disease,3,current_freshwater-f9b93229ede6,,EUS Disease|current_freshwater,9
current_freshwater-5bf10bba8991,current_freshwater,data/raw/current_freshwater/train_split/EUS/EUS_243.jpg,train_split/EUS/EUS_243.jpg,EUS,EUS Disease,3,current_freshwater-5bf10bba8991,,EUS Disease|current_freshwater,9
current_freshwater-aa1a10471a32,current_freshwater,data/raw/current_freshwater/train_split/EUS/EUS_259.jpg,train_split/EUS/EUS_259.jpg,EUS,EUS Disease,3,current_freshwater-aa1a10471a32,,EUS Disease|current_freshwater,9
current_freshwater-b75ffe8b1127,current_freshwater,data/raw/current_freshwater/train_split/EUS/EUS_266.jpg,train_split/EUS/EUS_266.jpg,EUS,EUS Disease,3,current_freshwater-0170a181a8c1,,EUS Disease|current_freshwater,9
current_freshwater-730ffe51a7e4,current_freshwater,data/raw/current_freshwater/train_split/EUS/EUS_276.jpg,train_split/EUS/EUS_276.jpg,EUS,EUS Disease,3,current_freshwater-730ffe51a7e4,,EUS Disease|current_freshwater,9
current_freshwater-51c8467de567,current_freshwater,data/raw/current_freshwater/train_split/EUS/EUS_279.jpg,train_split/EUS/EUS_279.jpg,EUS,EUS Disease,3,current_freshwater-51c8467de567,,EUS Disease|current_freshwater,9
current_freshwater-6c336ba4dd41,current_freshwater,data/raw/current_freshwater/train_split/EUS/EUS_281.jpg,train_split/EUS/EUS_281.jpg,EUS,EUS Disease,3,current_freshwater-6c336ba4dd41,,EUS Disease|current_freshwater,9
current_freshwater-b4ebaba2e756,current_freshwater,data/raw/current_freshwater/train_split/EUS/EUS_310.jpg,train_split/EUS/EUS_310.jpg,EUS,EUS Disease,3,current_freshwater-7b856cc35dec,,EUS Disease|current_freshwater,9
current_freshwater-600621ccf7ef,current_freshwater,data/raw/current_freshwater/train_split/EUS/EUS_317.jpg,train_split/EUS/EUS_317.jpg,EUS,EUS Disease,3,current_freshwater-600621ccf7ef,,EUS Disease|current_freshwater,9
current_freshwater-36fae8cb7afe,current_freshwater,data/raw/current_freshwater/train_split/EUS/EUS_335.jpg,train_split/EUS/EUS_335.jpg,EUS,EUS Disease,3,current_freshwater-36fae8cb7afe,,EUS Disease|current_freshwater,9
current_freshwater-704b2da86a19,current_freshwater,data/raw/current_freshwater/train_split/EUS/EUS_62.jpg,train_split/EUS/EUS_62.jpg,EUS,EUS Disease,3,current_freshwater-027e04dda09c,,EUS Disease|current_freshwater,9
current_freshwater-3bfdef66faea,current_freshwater,data/raw/current_freshwater/train_split/EUS/EUS_72.jpg,train_split/EUS/EUS_72.jpg,EUS,EUS Disease,3,current_freshwater-3bfdef66faea,,EUS Disease|current_freshwater,9
current_freshwater-949286fed338,current_freshwater,data/raw/current_freshwater/train_split/EUS/EUS_84.jpg,train_split/EUS/EUS_84.jpg,EUS,EUS Disease,3,current_freshwater-949286fed338,,EUS Disease|current_freshwater,9
current_freshwater-3f944376e6f2,current_freshwater,data/raw/current_freshwater/train_split/EUS/EUS_aug_110.jpg,train_split/EUS/EUS_aug_110.jpg,EUS,EUS Disease,3,current_freshwater-3f944376e6f2,,EUS Disease|current_freshwater,9
current_freshwater-6c40e7fdd676,current_freshwater,data/raw/current_freshwater/train_split/EUS/EUS_aug_118.jpg,train_split/EUS/EUS_aug_118.jpg,EUS,EUS Disease,3,current_freshwater-6c40e7fdd676,,EUS Disease|current_freshwater,9
current_freshwater-155f5a1ddcaf,current_freshwater,data/raw/current_freshwater/train_split/EUS/EUS_aug_139.jpg,train_split/EUS/EUS_aug_139.jpg,EUS,EUS Disease,3,current_freshwater-155f5a1ddcaf,,EUS Disease|current_freshwater,9
current_freshwater-027e04dda09c,current_freshwater,data/raw/current_freshwater/train_split/EUS/EUS_aug_146.jpg,train_split/EUS/EUS_aug_146.jpg,EUS,EUS Disease,3,current_freshwater-027e04dda09c,,EUS Disease|current_freshwater,9
current_freshwater-0e3d025d0d8a,current_freshwater,data/raw/current_freshwater/train_split/EUS/EUS_aug_169.jpg,train_split/EUS/EUS_aug_169.jpg,EUS,EUS Disease,3,current_freshwater-0e3d025d0d8a,,EUS Disease|current_freshwater,9
current_freshwater-fa5a34aa4951,current_freshwater,data/raw/current_freshwater/train_split/EUS/EUS_aug_4.jpg,train_split/EUS/EUS_aug_4.jpg,EUS,EUS Disease,3,current_freshwater-fa5a34aa4951,,EUS Disease|current_freshwater,9
current_freshwater-9f42d87a5652,current_freshwater,data/raw/current_freshwater/train_split/EUS/EUS_aug_64.jpg,train_split/EUS/EUS_aug_64.jpg,EUS,EUS Disease,3,current_freshwater-9f42d87a5652,,EUS Disease|current_freshwater,9
current_freshwater-735a9b51db6e,current_freshwater,data/raw/current_freshwater/train_split/EUS/EUS_aug_82.jpg,train_split/EUS/EUS_aug_82.jpg,EUS,EUS Disease,3,current_freshwater-735a9b51db6e,,EUS Disease|current_freshwater,9
current_freshwater-52c37b2df21f,current_freshwater,data/raw/current_freshwater/train_split/EUS/EUS_aug_92.jpg,train_split/EUS/EUS_aug_92.jpg,EUS,EUS Disease,3,current_freshwater-52c37b2df21f,,EUS Disease|current_freshwater,9
current_freshwater-7b856cc35dec,current_freshwater,data/raw/current_freshwater/train_split/EUS/EUS_aug_93.jpg,train_split/EUS/EUS_aug_93.jpg,EUS,EUS Disease,3,current_freshwater-7b856cc35dec,,EUS Disease|current_freshwater,9
kaptai-9b7cedbb985d,kaptai,data/raw/kaptai/EUS/4.jpg,EUS/4.jpg,EUS,EUS Disease,3,current_freshwater-29a8d33b7f1a,,EUS Disease|current_freshwater,9
kaptai-702bbdb049bf,kaptai,data/raw/kaptai/EUS/EUS  (8).jpg,EUS/EUS  (8).jpg,EUS,EUS Disease,3,kaptai-702bbdb049bf,,EUS Disease|kaptai,9
current_freshwater-57f431752e69,current_freshwater,data/raw/current_freshwater/test_split/Fungal diseases Saprolegniasis_Fungal diseases Saprolegniasis_144.jpg,test_split/Fungal diseases Saprolegniasis_Fungal diseases Saprolegniasis_144.jpg,Fungal diseases Saprolegniasis,Saprolegniasis,4,current_freshwater-57f431752e69,,Saprolegniasis|current_freshwater,9
current_freshwater-9668be6a09d5,current_freshwater,data/raw/current_freshwater/train_split/Fungal diseases Saprolegniasis/Fungal diseases Saprolegniasis_165.jpg,train_split/Fungal diseases Saprolegniasis/Fungal diseases Saprolegniasis_165.jpg,Fungal diseases Saprolegniasis,Saprolegniasis,4,current_freshwater-0676dd2ff084,,Saprolegniasis|current_freshwater,9
current_freshwater-b35f4870a2da,current_freshwater,data/raw/current_freshwater/train_split/Fungal diseases Saprolegniasis/Fungal diseases Saprolegniasis_175.jpg,train_split/Fungal diseases Saprolegniasis/Fungal diseases Saprolegniasis_175.jpg,Fungal diseases Saprolegniasis,Saprolegniasis,4,current_freshwater-5154f8d89c88,,Saprolegniasis|current_freshwater,9
current_freshwater-90fa768c586e,current_freshwater,data/raw/current_freshwater/train_split/Fungal diseases Saprolegniasis/Fungal diseases Saprolegniasis_247.jpg,train_split/Fungal diseases Saprolegniasis/Fungal diseases Saprolegniasis_247.jpg,Fungal diseases Saprolegniasis,Saprolegniasis,4,current_freshwater-5b5d0ec29110,,Saprolegniasis|current_freshwater,9
current_freshwater-574722c755a0,current_freshwater,data/raw/current_freshwater/train_split/Fungal diseases Saprolegniasis/Fungal diseases Saprolegniasis_83.jpg,train_split/Fungal diseases Saprolegniasis/Fungal diseases Saprolegniasis_83.jpg,Fungal diseases Saprolegniasis,Saprolegniasis,4,current_freshwater-574722c755a0,,Saprolegniasis|current_freshwater,9
current_freshwater-0852c649b088,current_freshwater,data/raw/current_freshwater/train_split/Fungal diseases Saprolegniasis/Fungal diseases Saprolegniasis_93.jpg,train_split/Fungal diseases Saprolegniasis/Fungal diseases Saprolegniasis_93.jpg,Fungal diseases Saprolegniasis,Saprolegniasis,4,current_freshwater-0852c649b088,,Saprolegniasis|current_freshwater,9
current_freshwater-f8291eb15306,current_freshwater,data/raw/current_freshwater/train_split/Fungal diseases Saprolegniasis/Fungal diseases Saprolegniasis_aug_164.jpg,train_split/Fungal diseases Saprolegniasis/Fungal diseases Saprolegniasis_aug_164.jpg,Fungal diseases Saprolegniasis,Saprolegniasis,4,current_freshwater-f8291eb15306,,Saprolegniasis|current_freshwater,9
current_freshwater-1e9b307ddf5c,current_freshwater,data/raw/current_freshwater/train_split/Fungal diseases Saprolegniasis/Fungal diseases Saprolegniasis_aug_187.jpg,train_split/Fungal diseases Saprolegniasis/Fungal diseases Saprolegniasis_aug_187.jpg,Fungal diseases Saprolegniasis,Saprolegniasis,4,current_freshwater-1e9b307ddf5c,,Saprolegniasis|current_freshwater,9
current_freshwater-27c658a09a00,current_freshwater,data/raw/current_freshwater/train_split/Fungal diseases Saprolegniasis/Fungal diseases Saprolegniasis_aug_189.jpg,train_split/Fungal diseases Saprolegniasis/Fungal diseases Saprolegniasis_aug_189.jpg,Fungal diseases Saprolegniasis,Saprolegniasis,4,current_freshwater-27c658a09a00,,Saprolegniasis|current_freshwater,9
current_freshwater-ac716c892d74,current_freshwater,data/raw/current_freshwater/train_split/Fungal diseases Saprolegniasis/Fungal diseases Saprolegniasis_aug_191.jpg,train_split/Fungal diseases Saprolegniasis/Fungal diseases Saprolegniasis_aug_191.jpg,Fungal diseases Saprolegniasis,Saprolegniasis,4,current_freshwater-ac716c892d74,,Saprolegniasis|current_freshwater,9
current_freshwater-54dc0d1fbe29,current_freshwater,data/raw/current_freshwater/train_split/Fungal diseases Saprolegniasis/Fungal diseases Saprolegniasis_aug_203.jpg,train_split/Fungal diseases Saprolegniasis/Fungal diseases Saprolegniasis_aug_203.jpg,Fungal diseases Saprolegniasis,Saprolegniasis,4,current_freshwater-0676dd2ff084,,Saprolegniasis|current_freshwater,9
current_freshwater-6c1a7d4b04b3,current_freshwater,data/raw/current_freshwater/train_split/Fungal diseases Saprolegniasis/Fungal diseases Saprolegniasis_aug_225.jpg,train_split/Fungal diseases Saprolegniasis/Fungal diseases Saprolegniasis_aug_225.jpg,Fungal diseases Saprolegniasis,Saprolegniasis,4,current_freshwater-112c9b379cf1,,Saprolegniasis|current_freshwater,9
current_freshwater-e4a1a7f9a395,current_freshwater,data/raw/current_freshwater/train_split/Fungal diseases Saprolegniasis/Fungal diseases Saprolegniasis_aug_227.jpg,train_split/Fungal diseases Saprolegniasis/Fungal diseases Saprolegniasis_aug_227.jpg,Fungal diseases Saprolegniasis,Saprolegniasis,4,current_freshwater-e4a1a7f9a395,,Saprolegniasis|current_freshwater,9
current_freshwater-c7744480dba4,current_freshwater,data/raw/current_freshwater/train_split/Fungal diseases Saprolegniasis/Fungal diseases Saprolegniasis_aug_249.jpg,train_split/Fungal diseases Saprolegniasis/Fungal diseases Saprolegniasis_aug_249.jpg,Fungal diseases Saprolegniasis,Saprolegniasis,4,current_freshwater-c7744480dba4,,Saprolegniasis|current_freshwater,9
current_freshwater-9d1d5c75193e,current_freshwater,data/raw/current_freshwater/train_split/Fungal diseases Saprolegniasis/Fungal diseases Saprolegniasis_aug_263.jpg,train_split/Fungal diseases Saprolegniasis/Fungal diseases Saprolegniasis_aug_263.jpg,Fungal diseases Saprolegniasis,Saprolegniasis,4,current_freshwater-9d1d5c75193e,,Saprolegniasis|current_freshwater,9
current_freshwater-5154f8d89c88,current_freshwater,data/raw/current_freshwater/train_split/Fungal diseases Saprolegniasis/Fungal diseases Saprolegniasis_aug_31.jpg,train_split/Fungal diseases Saprolegniasis/Fungal diseases Saprolegniasis_aug_31.jpg,Fungal diseases Saprolegniasis,Saprolegniasis,4,current_freshwater-5154f8d89c88,,Saprolegniasis|current_freshwater,9
current_freshwater-d4d635634623,current_freshwater,data/raw/current_freshwater/train_split/Fungal diseases Saprolegniasis/Fungal diseases Saprolegniasis_aug_314.jpg,train_split/Fungal diseases Saprolegniasis/Fungal diseases Saprolegniasis_aug_314.jpg,Fungal diseases Saprolegniasis,Saprolegniasis,4,current_freshwater-d4d635634623,,Saprolegniasis|current_freshwater,9
current_freshwater-4fdfa3637cfe,current_freshwater,data/raw/current_freshwater/train_split/Fungal diseases Saprolegniasis/Fungal diseases Saprolegniasis_aug_318.jpg,train_split/Fungal diseases Saprolegniasis/Fungal diseases Saprolegniasis_aug_318.jpg,Fungal diseases Saprolegniasis,Saprolegniasis,4,current_freshwater-4fdfa3637cfe,,Saprolegniasis|current_freshwater,9
current_freshwater-31e10ee24f2d,current_freshwater,data/raw/current_freshwater/train_split/Fungal diseases Saprolegniasis/Fungal diseases Saprolegniasis_aug_319.jpg,train_split/Fungal diseases Saprolegniasis/Fungal diseases Saprolegniasis_aug_319.jpg,Fungal diseases Saprolegniasis,Saprolegniasis,4,current_freshwater-31e10ee24f2d,,Saprolegniasis|current_freshwater,9
current_freshwater-e49a42b1659d,current_freshwater,data/raw/current_freshwater/train_split/Fungal diseases Saprolegniasis/Fungal diseases Saprolegniasis_aug_323.jpg,train_split/Fungal diseases Saprolegniasis/Fungal diseases Saprolegniasis_aug_323.jpg,Fungal diseases Saprolegniasis,Saprolegniasis,4,current_freshwater-e49a42b1659d,,Saprolegniasis|current_freshwater,9
current_freshwater-5b5d0ec29110,current_freshwater,data/raw/current_freshwater/train_split/Fungal diseases Saprolegniasis/Fungal diseases Saprolegniasis_aug_350.jpg,train_split/Fungal diseases Saprolegniasis/Fungal diseases Saprolegniasis_aug_350.jpg,Fungal diseases Saprolegniasis,Saprolegniasis,4,current_freshwater-5b5d0ec29110,,Saprolegniasis|current_freshwater,9
current_freshwater-0676dd2ff084,current_freshwater,data/raw/current_freshwater/train_split/Fungal diseases Saprolegniasis/Fungal diseases Saprolegniasis_aug_352.jpg,train_split/Fungal diseases Saprolegniasis/Fungal diseases Saprolegniasis_aug_352.jpg,Fungal diseases Saprolegniasis,Saprolegniasis,4,current_freshwater-0676dd2ff084,,Saprolegniasis|current_freshwater,9
current_freshwater-395dfa9a1e29,current_freshwater,data/raw/current_freshwater/train_split/Fungal diseases Saprolegniasis/Fungal diseases Saprolegniasis_aug_361.jpg,train_split/Fungal diseases Saprolegniasis/Fungal diseases Saprolegniasis_aug_361.jpg,Fungal diseases Saprolegniasis,Saprolegniasis,4,current_freshwater-395dfa9a1e29,,Saprolegniasis|current_freshwater,9
current_freshwater-41cccd017c34,current_freshwater,data/raw/current_freshwater/train_split/Fungal diseases Saprolegniasis/Fungal diseases Saprolegniasis_aug_368.jpg,train_split/Fungal diseases Saprolegniasis/Fungal diseases Saprolegniasis_aug_368.jpg,Fungal diseases Saprolegniasis,Saprolegniasis,4,current_freshwater-41cccd017c34,,Saprolegniasis|current_freshwater,9
current_freshwater-112c9b379cf1,current_freshwater,data/raw/current_freshwater/train_split/Fungal diseases Saprolegniasis/Fungal diseases Saprolegniasis_aug_380.jpg,train_split/Fungal diseases Saprolegniasis/Fungal diseases Saprolegniasis_aug_380.jpg,Fungal diseases Saprolegniasis,Saprolegniasis,4,current_freshwater-112c9b379cf1,,Saprolegniasis|current_freshwater,9
current_freshwater-a6c8eb03ae5c,current_freshwater,data/raw/current_freshwater/train_split/Fungal diseases Saprolegniasis/Fungal diseases Saprolegniasis_aug_39.jpg,train_split/Fungal diseases Saprolegniasis/Fungal diseases Saprolegniasis_aug_39.jpg,Fungal diseases Saprolegniasis,Saprolegniasis,4,current_freshwater-a6c8eb03ae5c,,Saprolegniasis|current_freshwater,9
current_freshwater-64696770eeca,current_freshwater,data/raw/current_freshwater/train_split/Fungal diseases Saprolegniasis/Fungal diseases Saprolegniasis_aug_46.jpg,train_split/Fungal diseases Saprolegniasis/Fungal diseases Saprolegniasis_aug_46.jpg,Fungal diseases Saprolegniasis,Saprolegniasis,4,current_freshwater-64696770eeca,,Saprolegniasis|current_freshwater,9
current_freshwater-f206809b84f4,current_freshwater,data/raw/current_freshwater/train_split/Fungal diseases Saprolegniasis/Fungal diseases Saprolegniasis_aug_60.jpg,train_split/Fungal diseases Saprolegniasis/Fungal diseases Saprolegniasis_aug_60.jpg,Fungal diseases Saprolegniasis,Saprolegniasis,4,current_freshwater-f206809b84f4,,Saprolegniasis|current_freshwater,9
current_freshwater-bfa8269e2aa5,current_freshwater,data/raw/current_freshwater/train_split/Fungal diseases Saprolegniasis/Fungal diseases Saprolegniasis_aug_64.jpg,train_split/Fungal diseases Saprolegniasis/Fungal diseases Saprolegniasis_aug_64.jpg,Fungal diseases Saprolegniasis,Saprolegniasis,4,current_freshwater-bfa8269e2aa5,,Saprolegniasis|current_freshwater,9
current_freshwater-cb63d357b733,current_freshwater,data/raw/current_freshwater/train_split/Fungal diseases Saprolegniasis/Fungal diseases Saprolegniasis_aug_69.jpg,train_split/Fungal diseases Saprolegniasis/Fungal diseases Saprolegniasis_aug_69.jpg,Fungal diseases Saprolegniasis,Saprolegniasis,4,current_freshwater-cb63d357b733,,Saprolegniasis|current_freshwater,9
current_freshwater-a2f3c07f7f45,current_freshwater,data/raw/current_freshwater/train_split/Fungal diseases Saprolegniasis/Fungal diseases Saprolegniasis_aug_70.jpg,train_split/Fungal diseases Saprolegniasis/Fungal diseases Saprolegniasis_aug_70.jpg,Fungal diseases Saprolegniasis,Saprolegniasis,4,current_freshwater-a2f3c07f7f45,,Saprolegniasis|current_freshwater,9
current_freshwater-a66e567dd59d,current_freshwater,data/raw/current_freshwater/train_split/Fungal diseases Saprolegniasis/Fungal diseases Saprolegniasis_aug_78.jpg,train_split/Fungal diseases Saprolegniasis/Fungal diseases Saprolegniasis_aug_78.jpg,Fungal diseases Saprolegniasis,Saprolegniasis,4,current_freshwater-a66e567dd59d,,Saprolegniasis|current_freshwater,9
roboflow-54c256f94e34,roboflow,data/raw/roboflow/train/Fungal diseases Saprolegniasis/Fungal-diseases-Saprolegniasis-16-_jpg.rf.091de5a0383dd800f0affa57b710cc21.jpg,train/Fungal diseases Saprolegniasis/Fungal-diseases-Saprolegniasis-16-_jpg.rf.091de5a0383dd800f0affa57b710cc21.jpg,Fungal diseases Saprolegniasis,Saprolegniasis,4,roboflow-54c256f94e34,,Saprolegniasis|roboflow,9
roboflow-6bda23ce1982,roboflow,data/raw/roboflow/train/Fungal diseases Saprolegniasis/Fungal-diseases-Saprolegniasis-18-_jpg.rf.11623cc24c461ea350a48cdc8f65350b.jpg,train/Fungal diseases Saprolegniasis/Fungal-diseases-Saprolegniasis-18-_jpg.rf.11623cc24c461ea350a48cdc8f65350b.jpg,Fungal diseases Saprolegniasis,Saprolegniasis,4,roboflow-6bda23ce1982,,Saprolegniasis|roboflow,9
roboflow-834ac29a59f9,roboflow,data/raw/roboflow/train/Fungal diseases Saprolegniasis/Fungal-diseases-Saprolegniasis-8-_jpg.rf.c536871cef83c159c98bfb8005b96f13.jpg,train/Fungal diseases Saprolegniasis/Fungal-diseases-Saprolegniasis-8-_jpg.rf.c536871cef83c159c98bfb8005b96f13.jpg,Fungal diseases Saprolegniasis,Saprolegniasis,4,current_freshwater-574722c755a0,,Saprolegniasis|current_freshwater,9
current_freshwater-2b080b105429,current_freshwater,data/raw/current_freshwater/test_split/Parasitic diseases_Parasitic diseases_12.jpg,test_split/Parasitic diseases_Parasitic diseases_12.jpg,Parasitic diseases,Parasitic Disease,5,current_freshwater-2b080b105429,,Parasitic Disease|current_freshwater,9
current_freshwater-2a79b079b90d,current_freshwater,data/raw/current_freshwater/test_split/Parasitic diseases_Parasitic diseases_194.jpg,test_split/Parasitic diseases_Parasitic diseases_194.jpg,Parasitic diseases,Parasitic Disease,5,current_freshwater-2a79b079b90d,,Parasitic Disease|current_freshwater,9
current_freshwater-decda33f0b7c,current_freshwater,data/raw/current_freshwater/test_split/Parasitic diseases_Parasitic diseases_201.jpg,test_split/Parasitic diseases_Parasitic diseases_201.jpg,Parasitic diseases,Parasitic Disease,5,current_freshwater-decda33f0b7c,,Parasitic Disease|current_freshwater,9
current_freshwater-3ca311151e40,current_freshwater,data/raw/current_freshwater/train_split/Parasitic diseases/Parasitic diseases_10.jpg,train_split/Parasitic diseases/Parasitic diseases_10.jpg,Parasitic diseases,Parasitic Disease,5,current_freshwater-3ca311151e40,,Parasitic Disease|current_freshwater,9
current_freshwater-279f837ec913,current_freshwater,data/raw/current_freshwater/train_split/Parasitic diseases/Parasitic diseases_115.jpg,train_split/Parasitic diseases/Parasitic diseases_115.jpg,Parasitic diseases,Parasitic Disease,5,current_freshwater-279f837ec913,,Parasitic Disease|current_freshwater,9
current_freshwater-5937943785ed,current_freshwater,data/raw/current_freshwater/train_split/Parasitic diseases/Parasitic diseases_118.jpg,train_split/Parasitic diseases/Parasitic diseases_118.jpg,Parasitic diseases,Parasitic Disease,5,current_freshwater-5937943785ed,,Parasitic Disease|current_freshwater,9
current_freshwater-bd7846fbac23,current_freshwater,data/raw/current_freshwater/train_split/Parasitic diseases/Parasitic diseases_216.jpg,train_split/Parasitic diseases/Parasitic diseases_216.jpg,Parasitic diseases,Parasitic Disease,5,current_freshwater-bd7846fbac23,,Parasitic Disease|current_freshwater,9
current_freshwater-9c1ce76ebaa2,current_freshwater,data/raw/current_freshwater/train_split/Parasitic diseases/Parasitic diseases_36.jpg,train_split/Parasitic diseases/Parasitic diseases_36.jpg,Parasitic diseases,Parasitic Disease,5,current_freshwater-9c1ce76ebaa2,,Parasitic Disease|current_freshwater,9
current_freshwater-d26c58255f55,current_freshwater,data/raw/current_freshwater/train_split/Parasitic diseases/Parasitic diseases_53.jpg,train_split/Parasitic diseases/Parasitic diseases_53.jpg,Parasitic diseases,Parasitic Disease,5,current_freshwater-d26c58255f55,,Parasitic Disease|current_freshwater,9
current_freshwater-c79abf783b97,current_freshwater,data/raw/current_freshwater/train_split/Parasitic diseases/Parasitic diseases_90.jpg,train_split/Parasitic diseases/Parasitic diseases_90.jpg,Parasitic diseases,Parasitic Disease,5,current_freshwater-c79abf783b97,,Parasitic Disease|current_freshwater,9
current_freshwater-f471192e5d56,current_freshwater,data/raw/current_freshwater/train_split/Parasitic diseases/Parasitic diseases_94.jpeg,train_split/Parasitic diseases/Parasitic diseases_94.jpeg,Parasitic diseases,Parasitic Disease,5,current_freshwater-f471192e5d56,,Parasitic Disease|current_freshwater,9
current_freshwater-824537b70895,current_freshwater,data/raw/current_freshwater/train_split/Parasitic diseases/Parasitic diseases_aug_0.jpg,train_split/Parasitic diseases/Parasitic diseases_aug_0.jpg,Parasitic diseases,Parasitic Disease,5,current_freshwater-824537b70895,,Parasitic Disease|current_freshwater,9
current_freshwater-4beb3506309d,current_freshwater,data/raw/current_freshwater/train_split/Parasitic diseases/Parasitic diseases_aug_100.jpg,train_split/Parasitic diseases/Parasitic diseases_aug_100.jpg,Parasitic diseases,Parasitic Disease,5,current_freshwater-4beb3506309d,,Parasitic Disease|current_freshwater,9
current_freshwater-9aaad80f0114,current_freshwater,data/raw/current_freshwater/train_split/Parasitic diseases/Parasitic diseases_aug_109.jpg,train_split/Parasitic diseases/Parasitic diseases_aug_109.jpg,Parasitic diseases,Parasitic Disease,5,current_freshwater-9aaad80f0114,,Parasitic Disease|current_freshwater,9
current_freshwater-46c9cc2dfa77,current_freshwater,data/raw/current_freshwater/train_split/Parasitic diseases/Parasitic diseases_aug_127.jpg,train_split/Parasitic diseases/Parasitic diseases_aug_127.jpg,Parasitic diseases,Parasitic Disease,5,current_freshwater-46c9cc2dfa77,,Parasitic Disease|current_freshwater,9
current_freshwater-b88849ee391c,current_freshwater,data/raw/current_freshwater/train_split/Parasitic diseases/Parasitic diseases_aug_141.jpg,train_split/Parasitic diseases/Parasitic diseases_aug_141.jpg,Parasitic diseases,Parasitic Disease,5,current_freshwater-b88849ee391c,,Parasitic Disease|current_freshwater,9
current_freshwater-ceb66d740d6c,current_freshwater,data/raw/current_freshwater/train_split/Parasitic diseases/Parasitic diseases_aug_147.jpg,train_split/Parasitic diseases/Parasitic diseases_aug_147.jpg,Parasitic diseases,Parasitic Disease,5,current_freshwater-ceb66d740d6c,,Parasitic Disease|current_freshwater,9
current_freshwater-4025588fb18a,current_freshwater,data/raw/current_freshwater/train_split/Parasitic diseases/Parasitic diseases_aug_148.jpg,train_split/Parasitic diseases/Parasitic diseases_aug_148.jpg,Parasitic diseases,Parasitic Disease,5,current_freshwater-4025588fb18a,,Parasitic Disease|current_freshwater,9
current_freshwater-f2485f67f9c8,current_freshwater,data/raw/current_freshwater/train_split/Parasitic diseases/Parasitic diseases_aug_149.jpg,train_split/Parasitic diseases/Parasitic diseases_aug_149.jpg,Parasitic diseases,Parasitic Disease,5,current_freshwater-f2485f67f9c8,,Parasitic Disease|current_freshwater,9
current_freshwater-a39c8a63b5cf,current_freshwater,data/raw/current_freshwater/train_split/Parasitic diseases/Parasitic diseases_aug_158.jpg,train_split/Parasitic diseases/Parasitic diseases_aug_158.jpg,Parasitic diseases,Parasitic Disease,5,current_freshwater-279f837ec913,,Parasitic Disease|current_freshwater,9
current_freshwater-6179f10ad45a,current_freshwater,data/raw/current_freshwater/train_split/Parasitic diseases/Parasitic diseases_aug_165.jpg,train_split/Parasitic diseases/Parasitic diseases_aug_165.jpg,Parasitic diseases,Parasitic Disease,5,current_freshwater-6179f10ad45a,,Parasitic Disease|current_freshwater,9
current_freshwater-73049e889644,current_freshwater,data/raw/current_freshwater/train_split/Parasitic diseases/Parasitic diseases_aug_176.jpg,train_split/Parasitic diseases/Parasitic diseases_aug_176.jpg,Parasitic diseases,Parasitic Disease,5,current_freshwater-73049e889644,,Parasitic Disease|current_freshwater,9
current_freshwater-654c27df82f0,current_freshwater,data/raw/current_freshwater/train_split/Parasitic diseases/Parasitic diseases_aug_196.jpg,train_split/Parasitic diseases/Parasitic diseases_aug_196.jpg,Parasitic diseases,Parasitic Disease,5,current_freshwater-654c27df82f0,,Parasitic Disease|current_freshwater,9
current_freshwater-91d586d15298,current_freshwater,data/raw/current_freshwater/train_split/Parasitic diseases/Parasitic diseases_aug_211.jpg,train_split/Parasitic diseases/Parasitic diseases_aug_211.jpg,Parasitic diseases,Parasitic Disease,5,current_freshwater-91d586d15298,,Parasitic Disease|current_freshwater,9
current_freshwater-d7d4ac343cf5,current_freshwater,data/raw/current_freshwater/train_split/Parasitic diseases/Parasitic diseases_aug_232.jpg,train_split/Parasitic diseases/Parasitic diseases_aug_232.jpg,Parasitic diseases,Parasitic Disease,5,current_freshwater-d7d4ac343cf5,,Parasitic Disease|current_freshwater,9
current_freshwater-b839b539bbb1,current_freshwater,data/raw/current_freshwater/train_split/Parasitic diseases/Parasitic diseases_aug_24.jpg,train_split/Parasitic diseases/Parasitic diseases_aug_24.jpg,Parasitic diseases,Parasitic Disease,5,current_freshwater-b839b539bbb1,,Parasitic Disease|current_freshwater,9
current_freshwater-7a1fdd52d855,current_freshwater,data/raw/current_freshwater/train_split/Parasitic diseases/Parasitic diseases_aug_261.jpg,train_split/Parasitic diseases/Parasitic diseases_aug_261.jpg,Parasitic diseases,Parasitic Disease,5,current_freshwater-7a1fdd52d855,,Parasitic Disease|current_freshwater,9
current_freshwater-3d4ba6d0fdd5,current_freshwater,data/raw/current_freshwater/train_split/Parasitic diseases/Parasitic diseases_aug_274.jpg,train_split/Parasitic diseases/Parasitic diseases_aug_274.jpg,Parasitic diseases,Parasitic Disease,5,current_freshwater-3d4ba6d0fdd5,,Parasitic Disease|current_freshwater,9
current_freshwater-cadad74dbb76,current_freshwater,data/raw/current_freshwater/train_split/Parasitic diseases/Parasitic diseases_aug_324.jpg,train_split/Parasitic diseases/Parasitic diseases_aug_324.jpg,Parasitic diseases,Parasitic Disease,5,current_freshwater-5937943785ed,,Parasitic Disease|current_freshwater,9
current_freshwater-2ca9a32595d5,current_freshwater,data/raw/current_freshwater/train_split/Parasitic diseases/Parasitic diseases_aug_70.jpg,train_split/Parasitic diseases/Parasitic diseases_aug_70.jpg,Parasitic diseases,Parasitic Disease,5,current_freshwater-2ca9a32595d5,,Parasitic Disease|current_freshwater,9
current_freshwater-3ca36f5992a6,current_freshwater,data/raw/current_freshwater/train_split/Parasitic diseases/Parasitic diseases_aug_75.jpg,train_split/Parasitic diseases/Parasitic diseases_aug_75.jpg,Parasitic diseases,Parasitic Disease,5,current_freshwater-3ca36f5992a6,,Parasitic Disease|current_freshwater,9
current_freshwater-d1da3318c818,current_freshwater,data/raw/current_freshwater/train_split/Parasitic diseases/Parasitic diseases_aug_85.jpg,train_split/Parasitic diseases/Parasitic diseases_aug_85.jpg,Parasitic diseases,Parasitic Disease,5,current_freshwater-d1da3318c818,,Parasitic Disease|current_freshwater,9
roboflow-8f4912ac7a66,roboflow,data/raw/roboflow/test/Parasitic diseases/Parasitic-diseases-15-_jpg.rf.cf15a9775d0682df5c5cb2b32eaea43d.jpg,test/Parasitic diseases/Parasitic-diseases-15-_jpg.rf.cf15a9775d0682df5c5cb2b32eaea43d.jpg,Parasitic diseases,Parasitic Disease,5,current_freshwater-3ca311151e40,,Parasitic Disease|current_freshwater,9
roboflow-8d23c7fb628c,roboflow,data/raw/roboflow/train/Parasitic diseases/Parasitic-diseases-11-_jpeg.rf.c0b099e4d10b0435436877cf05d5465e.jpg,train/Parasitic diseases/Parasitic-diseases-11-_jpeg.rf.c0b099e4d10b0435436877cf05d5465e.jpg,Parasitic diseases,Parasitic Disease,5,current_freshwater-f471192e5d56,,Parasitic Disease|current_freshwater,9
roboflow-9f608fce4203,roboflow,data/raw/roboflow/train/Parasitic diseases/Parasitic-diseases-16-_jpg.rf.47eaca643f85b514375d2c3538d956b4.jpg,train/Parasitic diseases/Parasitic-diseases-16-_jpg.rf.47eaca643f85b514375d2c3538d956b4.jpg,Parasitic diseases,Parasitic Disease,5,current_freshwater-2b080b105429,,Parasitic Disease|current_freshwater,9
roboflow-6b3bd80febf9,roboflow,data/raw/roboflow/valid/Parasitic diseases/Parasitic-diseases-6-_jpg.rf.a4116ea9b99ebfbfe1e52eaccd943ae0.jpg,valid/Parasitic diseases/Parasitic-diseases-6-_jpg.rf.a4116ea9b99ebfbfe1e52eaccd943ae0.jpg,Parasitic diseases,Parasitic Disease,5,roboflow-6b3bd80febf9,,Parasitic Disease|roboflow,9
current_freshwater-23b51f1f7c24,current_freshwater,data/raw/current_freshwater/test_split/Viral diseases White tail disease_Viral diseases White tail disease_40.jpg,test_split/Viral diseases White tail disease_Viral diseases White tail disease_40.jpg,Viral diseases White tail disease,White Tail Disease,6,current_freshwater-23b51f1f7c24,,White Tail Disease|current_freshwater,9
current_freshwater-0abdca9992c9,current_freshwater,data/raw/current_freshwater/test_split/Viral diseases White tail disease_Viral diseases White tail disease_77.jpg,test_split/Viral diseases White tail disease_Viral diseases White tail disease_77.jpg,Viral diseases White tail disease,White Tail Disease,6,current_freshwater-0abdca9992c9,,White Tail Disease|current_freshwater,9
current_freshwater-25f12ef1989e,current_freshwater,data/raw/current_freshwater/train_split/Viral diseases White tail disease/Viral diseases White tail disease_47.jpg,train_split/Viral diseases White tail disease/Viral diseases White tail disease_47.jpg,Viral diseases White tail disease,White Tail Disease,6,current_freshwater-25f12ef1989e,,White Tail Disease|current_freshwater,9
current_freshwater-9b018c894639,current_freshwater,data/raw/current_freshwater/train_split/Viral diseases White tail disease/Viral diseases White tail disease_48.jpg,train_split/Viral diseases White tail disease/Viral diseases White tail disease_48.jpg,Viral diseases White tail disease,White Tail Disease,6,current_freshwater-512ee86a1ddb,,White Tail Disease|current_freshwater,9
current_freshwater-b174ee6ccac7,current_freshwater,data/raw/current_freshwater/train_split/Viral diseases White tail disease/Viral diseases White tail disease_5.jpg,train_split/Viral diseases White tail disease/Viral diseases White tail disease_5.jpg,Viral diseases White tail disease,White Tail Disease,6,current_freshwater-b174ee6ccac7,,White Tail Disease|current_freshwater,9
current_freshwater-0900e7adad70,current_freshwater,data/raw/current_freshwater/train_split/Viral diseases White tail disease/Viral diseases White tail disease_55.png,train_split/Viral diseases White tail disease/Viral diseases White tail disease_55.png,Viral diseases White tail disease,White Tail Disease,6,current_freshwater-0900e7adad70,,White Tail Disease|current_freshwater,9
current_freshwater-fe1b3ca8c2d2,current_freshwater,data/raw/current_freshwater/train_split/Viral diseases White tail disease/Viral diseases White tail disease_60.jpg,train_split/Viral diseases White tail disease/Viral diseases White tail disease_60.jpg,Viral diseases White tail disease,White Tail Disease,6,current_freshwater-fe1b3ca8c2d2,,White Tail Disease|current_freshwater,9
current_freshwater-1f95264f6430,current_freshwater,data/raw/current_freshwater/train_split/Viral diseases White tail disease/Viral diseases White tail disease_67.jpg,train_split/Viral diseases White tail disease/Viral diseases White tail disease_67.jpg,Viral diseases White tail disease,White Tail Disease,6,current_freshwater-1f95264f6430,,White Tail Disease|current_freshwater,9
current_freshwater-9c6b5846b2ea,current_freshwater,data/raw/current_freshwater/train_split/Viral diseases White tail disease/Viral diseases White tail disease_88.jpg,train_split/Viral diseases White tail disease/Viral diseases White tail disease_88.jpg,Viral diseases White tail disease,White Tail Disease,6,current_freshwater-9c6b5846b2ea,,White Tail Disease|current_freshwater,9
current_freshwater-bfdf67b45b74,current_freshwater,data/raw/current_freshwater/train_split/Viral diseases White tail disease/Viral diseases White tail disease_aug_1.jpg,train_split/Viral diseases White tail disease/Viral diseases White tail disease_aug_1.jpg,Viral diseases White tail disease,White Tail Disease,6,current_freshwater-bfdf67b45b74,,White Tail Disease|current_freshwater,9
current_freshwater-065c941fd06f,current_freshwater,data/raw/current_freshwater/train_split/Viral diseases White tail disease/Viral diseases White tail disease_aug_106.jpg,train_split/Viral diseases White tail disease/Viral diseases White tail disease_aug_106.jpg,Viral diseases White tail disease,White Tail Disease,6,current_freshwater-065c941fd06f,,White Tail Disease|current_freshwater,9
current_freshwater-f1fe9b042a39,current_freshwater,data/raw/current_freshwater/train_split/Viral diseases White tail disease/Viral diseases White tail disease_aug_159.jpg,train_split/Viral diseases White tail disease/Viral diseases White tail disease_aug_159.jpg,Viral diseases White tail disease,White Tail Disease,6,current_freshwater-f1fe9b042a39,,White Tail Disease|current_freshwater,9
current_freshwater-576224bce041,current_freshwater,data/raw/current_freshwater/train_split/Viral diseases White tail disease/Viral diseases White tail disease_aug_160.jpg,train_split/Viral diseases White tail disease/Viral diseases White tail disease_aug_160.jpg,Viral diseases White tail disease,White Tail Disease,6,current_freshwater-576224bce041,,White Tail Disease|current_freshwater,9
current_freshwater-bda81ea4e888,current_freshwater,data/raw/current_freshwater/train_split/Viral diseases White tail disease/Viral diseases White tail disease_aug_171.jpg,train_split/Viral diseases White tail disease/Viral diseases White tail disease_aug_171.jpg,Viral diseases White tail disease,White Tail Disease,6,current_freshwater-bda81ea4e888,,White Tail Disease|current_freshwater,9
current_freshwater-b704796369c6,current_freshwater,data/raw/current_freshwater/train_split/Viral diseases White tail disease/Viral diseases White tail disease_aug_173.jpg,train_split/Viral diseases White tail disease/Viral diseases White tail disease_aug_173.jpg,Viral diseases White tail disease,White Tail Disease,6,current_freshwater-b704796369c6,,White Tail Disease|current_freshwater,9
current_freshwater-f846f6144686,current_freshwater,data/raw/current_freshwater/train_split/Viral diseases White tail disease/Viral diseases White tail disease_aug_182.jpg,train_split/Viral diseases White tail disease/Viral diseases White tail disease_aug_182.jpg,Viral diseases White tail disease,White Tail Disease,6,current_freshwater-f846f6144686,,White Tail Disease|current_freshwater,9
current_freshwater-81a13f62ac7d,current_freshwater,data/raw/current_freshwater/train_split/Viral diseases White tail disease/Viral diseases White tail disease_aug_199.jpg,train_split/Viral diseases White tail disease/Viral diseases White tail disease_aug_199.jpg,Viral diseases White tail disease,White Tail Disease,6,current_freshwater-81a13f62ac7d,,White Tail Disease|current_freshwater,9
current_freshwater-a83582e781f1,current_freshwater,data/raw/current_freshwater/train_split/Viral diseases White tail disease/Viral diseases White tail disease_aug_202.jpg,train_split/Viral diseases White tail disease/Viral diseases White tail disease_aug_202.jpg,Viral diseases White tail disease,White Tail Disease,6,current_freshwater-a83582e781f1,,White Tail Disease|current_freshwater,9
current_freshwater-0da3fb37ad85,current_freshwater,data/raw/current_freshwater/train_split/Viral diseases White tail disease/Viral diseases White tail disease_aug_239.jpg,train_split/Viral diseases White tail disease/Viral diseases White tail disease_aug_239.jpg,Viral diseases White tail disease,White Tail Disease,6,current_freshwater-0da3fb37ad85,,White Tail Disease|current_freshwater,9
current_freshwater-cb6bdd9c8f11,current_freshwater,data/raw/current_freshwater/train_split/Viral diseases White tail disease/Viral diseases White tail disease_aug_24.jpg,train_split/Viral diseases White tail disease/Viral diseases White tail disease_aug_24.jpg,Viral diseases White tail disease,White Tail Disease,6,current_freshwater-cb6bdd9c8f11,,White Tail Disease|current_freshwater,9
current_freshwater-62182a8d2169,current_freshwater,data/raw/current_freshwater/train_split/Viral diseases White tail disease/Viral diseases White tail disease_aug_254.jpg,train_split/Viral diseases White tail disease/Viral diseases White tail disease_aug_254.jpg,Viral diseases White tail disease,White Tail Disease,6,current_freshwater-1f95264f6430,,White Tail Disease|current_freshwater,9
current_freshwater-6fecb4da8efd,current_freshwater,data/raw/current_freshwater/train_split/Viral diseases White tail disease/Viral diseases White tail disease_aug_260.jpg,train_split/Viral diseases White tail disease/Viral diseases White tail disease_aug_260.jpg,Viral diseases White tail disease,White Tail Disease,6,current_freshwater-6fecb4da8efd,,White Tail Disease|current_freshwater,9
current_freshwater-b4d63d0eaf77,current_freshwater,data/raw/current_freshwater/train_split/Viral diseases White tail disease/Viral diseases White tail disease_aug_328.jpg,train_split/Viral diseases White tail disease/Viral diseases White tail disease_aug_328.jpg,Viral diseases White tail disease,White Tail Disease,6,current_freshwater-a83582e781f1,,White Tail Disease|current_freshwater,9
current_freshwater-27f4d287f833,current_freshwater,data/raw/current_freshwater/train_split/Viral diseases White tail disease/Viral diseases White tail disease_aug_335.jpg,train_split/Viral diseases White tail disease/Viral diseases White tail disease_aug_335.jpg,Viral diseases White tail disease,White Tail Disease,6,current_freshwater-27f4d287f833,,White Tail Disease|current_freshwater,9
current_freshwater-54714be81573,current_freshwater,data/raw/current_freshwater/train_split/Viral diseases White tail disease/Viral diseases White tail disease_aug_336.jpg,train_split/Viral diseases White tail disease/Viral diseases White tail disease_aug_336.jpg,Viral diseases White tail disease,White Tail Disease,6,current_freshwater-54714be81573,,White Tail Disease|current_freshwater,9
current_freshwater-512ee86a1ddb,current_freshwater,data/raw/current_freshwater/train_split/Viral diseases White tail disease/Viral diseases White tail disease_aug_345.jpg,train_split/Viral diseases White tail disease/Viral diseases White tail disease_aug_345.jpg,Viral diseases White tail disease,White Tail Disease,6,current_freshwater-512ee86a1ddb,,White Tail Disease|current_freshwater,9
current_freshwater-a52949bc90bb,current_freshwater,data/raw/current_freshwater/train_split/Viral diseases White tail disease/Viral diseases White tail disease_aug_35.jpg,train_split/Viral diseases White tail disease/Viral diseases White tail disease_aug_35.jpg,Viral diseases White tail disease,White Tail Disease,6,current_freshwater-a52949bc90bb,,White Tail Disease|current_freshwater,9
current_freshwater-43fa3d296f90,current_freshwater,data/raw/current_freshwater/train_split/Viral diseases White tail disease/Viral diseases White tail disease_aug_359.jpg,train_split/Viral diseases White tail disease/Viral diseases White tail disease_aug_359.jpg,Viral diseases White tail disease,White Tail Disease,6,current_freshwater-43fa3d296f90,,White Tail Disease|current_freshwater,9
current_freshwater-e903020a161e,current_freshwater,data/raw/current_freshwater/train_split/Viral diseases White tail disease/Viral diseases White tail disease_aug_365.jpg,train_split/Viral diseases White tail disease/Viral diseases White tail disease_aug_365.jpg,Viral diseases White tail disease,White Tail Disease,6,current_freshwater-e903020a161e,,White Tail Disease|current_freshwater,9
current_freshwater-22173d28ef1d,current_freshwater,data/raw/current_freshwater/train_split/Viral diseases White tail disease/Viral diseases White tail disease_aug_38.jpg,train_split/Viral diseases White tail disease/Viral diseases White tail disease_aug_38.jpg,Viral diseases White tail disease,White Tail Disease,6,current_freshwater-22173d28ef1d,,White Tail Disease|current_freshwater,9
current_freshwater-a2490a45e168,current_freshwater,data/raw/current_freshwater/train_split/Viral diseases White tail disease/Viral diseases White tail disease_aug_39.jpg,train_split/Viral diseases White tail disease/Viral diseases White tail disease_aug_39.jpg,Viral diseases White tail disease,White Tail Disease,6,current_freshwater-a2490a45e168,,White Tail Disease|current_freshwater,9
roboflow-537002292fc5,roboflow,data/raw/roboflow/train/Viral diseases White tail disease/Viral-diseases-White-tail-disease-11-_jpg.rf.05bcfcb4763e92124daaf543ee0eff32.jpg,train/Viral diseases White tail disease/Viral-diseases-White-tail-disease-11-_jpg.rf.05bcfcb4763e92124daaf543ee0eff32.jpg,Viral diseases White tail disease,White Tail Disease,6,current_freshwater-b174ee6ccac7,,White Tail Disease|current_freshwater,9
roboflow-072de1bd875e,roboflow,data/raw/roboflow/train/Viral diseases White tail disease/Viral-diseases-White-tail-disease-3-_jpg.rf.93093d778672d3a2bff11b74b95c9b08.jpg,train/Viral diseases White tail disease/Viral-diseases-White-tail-disease-3-_jpg.rf.93093d778672d3a2bff11b74b95c9b08.jpg,Viral diseases White tail disease,White Tail Disease,6,roboflow-072de1bd875e,,White Tail Disease|roboflow,9
roboflow-fefb927132b8,roboflow,data/raw/roboflow/valid/Viral diseases White tail disease/Viral-diseases-White-tail-disease-2-_png.rf.d8ce84fa93f7a2deb9249a88456d1626.jpg,valid/Viral diseases White tail disease/Viral-diseases-White-tail-disease-2-_png.rf.d8ce84fa93f7a2deb9249a88456d1626.jpg,Viral diseases White tail disease,White Tail Disease,6,current_freshwater-0900e7adad70,,White Tail Disease|current_freshwater,9
current_freshwater-32942955a0e7,current_freshwater,data/raw/current_freshwater/test_split/Healthy Fish_Healthy Fish_163.jpg,test_split/Healthy Fish_Healthy Fish_163.jpg,Healthy Fish,Healthy Fish,7,current_freshwater-32942955a0e7,,Healthy Fish|current_freshwater,9
current_freshwater-446d8dbd8437,current_freshwater,data/raw/current_freshwater/test_split/Healthy Fish_Healthy Fish_278.jpg,test_split/Healthy Fish_Healthy Fish_278.jpg,Healthy Fish,Healthy Fish,7,current_freshwater-446d8dbd8437,,Healthy Fish|current_freshwater,9
current_freshwater-cd24aba9f7e4,current_freshwater,data/raw/current_freshwater/test_split/Healthy Fish_Healthy Fish_474.jpg,test_split/Healthy Fish_Healthy Fish_474.jpg,Healthy Fish,Healthy Fish,7,current_freshwater-cd24aba9f7e4,,Healthy Fish|current_freshwater,9
current_freshwater-e963b9d72350,current_freshwater,data/raw/current_freshwater/train_split/Healthy Fish/Healthy Fish_157.jpg,train_split/Healthy Fish/Healthy Fish_157.jpg,Healthy Fish,Healthy Fish,7,current_freshwater-0cc6a2a28c8c,,Healthy Fish|current_freshwater,9
current_freshwater-c32efa440798,current_freshwater,data/raw/current_freshwater/train_split/Healthy Fish/Healthy Fish_177.jpg,train_split/Healthy Fish/Healthy Fish_177.jpg,Healthy Fish,Healthy Fish,7,current_freshwater-72015870b35d,,Healthy Fish|current_freshwater,9
current_freshwater-e83d105334c2,current_freshwater,data/raw/current_freshwater/train_split/Healthy Fish/Healthy Fish_190.jpg,train_split/Healthy Fish/Healthy Fish_190.jpg,Healthy Fish,Healthy Fish,7,current_freshwater-e83d105334c2,,Healthy Fish|current_freshwater,9
current_freshwater-3838dd26a63c,current_freshwater,data/raw/current_freshwater/train_split/Healthy Fish/Healthy Fish_194.jpg,train_split/Healthy Fish/Healthy Fish_194.jpg,Healthy Fish,Healthy Fish,7,current_freshwater-3838dd26a63c,,Healthy Fish|current_freshwater,9
current_freshwater-f3f34db65728,current_freshwater,data/raw/current_freshwater/train_split/Healthy Fish/Healthy Fish_217.jpg,train_split/Healthy Fish/Healthy Fish_217.jpg,Healthy Fish,Healthy Fish,7,current_freshwater-8a8a93eb32d3,,Healthy Fish|current_freshwater,9
current_freshwater-5fd4685daced,current_freshwater,data/raw/current_freshwater/train_split/Healthy Fish/Healthy Fish_226.jpg,train_split/Healthy Fish/Healthy Fish_226.jpg,Healthy Fish,Healthy Fish,7,current_freshwater-5fd4685daced,,Healthy Fish|current_freshwater,9
current_freshwater-044da289e645,current_freshwater,data/raw/current_freshwater/train_split/Healthy Fish/Healthy Fish_248.jpg,train_split/Healthy Fish/Healthy Fish_248.jpg,Healthy Fish,Healthy Fish,7,current_freshwater-044da289e645,,Healthy Fish|current_freshwater,9
current_freshwater-5c32b2f8dbd3,current_freshwater,data/raw/current_freshwater/train_split/Healthy Fish/Healthy Fish_280.jpg,train_split/Healthy Fish/Healthy Fish_280.jpg,Healthy Fish,Healthy Fish,7,current_freshwater-5c32b2f8dbd3,,Healthy Fish|current_freshwater,9
current_freshwater-3e77336bd765,current_freshwater,data/raw/current_freshwater/train_split/Healthy Fish/Healthy Fish_284.jpg,train_split/Healthy Fish/Healthy Fish_284.jpg,Healthy Fish,Healthy Fish,7,current_freshwater-3e77336bd765,,Healthy Fish|current_freshwater,9
current_freshwater-5982c62d5a86,current_freshwater,data/raw/current_freshwater/train_split/Healthy Fish/Healthy Fish_325.jpg,train_split/Healthy Fish/Healthy Fish_325.jpg,Healthy Fish,Healthy Fish,7,current_freshwater-5982c62d5a86,,Healthy Fish|current_freshwater,9
current_freshwater-a1bb31570d6f,current_freshwater,data/raw/current_freshwater/train_split/Healthy Fish/Healthy Fish_433.jpg,train_split/Healthy Fish/Healthy Fish_433.jpg,Healthy Fish,Healthy Fish,7,current_freshwater-a1bb31570d6f,,Healthy Fish|current_freshwater,9
current_freshwater-43d5196561a9,current_freshwater,data/raw/current_freshwater/train_split/Healthy Fish/Healthy Fish_442.jpg,train_split/Healthy Fish/Healthy Fish_442.jpg,Healthy Fish,Healthy Fish,7,current_freshwater-43d5196561a9,,Healthy Fish|current_freshwater,9
current_freshwater-c97f768a5218,current_freshwater,data/raw/current_freshwater/train_split/Healthy Fish/Healthy Fish_468.jpg,train_split/Healthy Fish/Healthy Fish_468.jpg,Healthy Fish,Healthy Fish,7,current_freshwater-c97f768a5218,,Healthy Fish|current_freshwater,9
current_freshwater-1a6da60b0935,current_freshwater,data/raw/current_freshwater/train_split/Healthy Fish/Healthy Fish_475.jpg,train_split/Healthy Fish/Healthy Fish_475.jpg,Healthy Fish,Healthy Fish,7,current_freshwater-1a6da60b0935,,Healthy Fish|current_freshwater,9
current_freshwater-a4efbc237cc3,current_freshwater,data/raw/current_freshwater/train_split/Healthy Fish/Healthy Fish_476.jpg,train_split/Healthy Fish/Healthy Fish_476.jpg,Healthy Fish,Healthy Fish,7,current_freshwater-a4efbc237cc3,,Healthy Fish|current_freshwater,9
current_freshwater-7b0ecca2760e,current_freshwater,data/raw/current_freshwater/train_split/Healthy Fish/Healthy Fish_485.jpg,train_split/Healthy Fish/Healthy Fish_485.jpg,Healthy Fish,Healthy Fish,7,current_freshwater-7b0ecca2760e,,Healthy Fish|current_freshwater,9
current_freshwater-72015870b35d,current_freshwater,data/raw/current_freshwater/train_split/Healthy Fish/Healthy Fish_aug_102.jpg,train_split/Healthy Fish/Healthy Fish_aug_102.jpg,Healthy Fish,Healthy Fish,7,current_freshwater-72015870b35d,,Healthy Fish|current_freshwater,9
current_freshwater-a971b6f17eb5,current_freshwater,data/raw/current_freshwater/train_split/Healthy Fish/Healthy Fish_aug_104.jpg,train_split/Healthy Fish/Healthy Fish_aug_104.jpg,Healthy Fish,Healthy Fish,7,current_freshwater-a971b6f17eb5,,Healthy Fish|current_freshwater,9
current_freshwater-8a8a93eb32d3,current_freshwater,data/raw/current_freshwater/train_split/Healthy Fish/Healthy Fish_aug_136.jpg,train_split/Healthy Fish/Healthy Fish_aug_136.jpg,Healthy Fish,Healthy Fish,7,current_freshwater-8a8a93eb32d3,,Healthy Fish|current_freshwater,9
current_freshwater-1602026054fa,current_freshwater,data/raw/current_freshwater/train_split/Healthy Fish/Healthy Fish_aug_138.jpg,train_split/Healthy Fish/Healthy Fish_aug_138.jpg,Healthy Fish,Healthy Fish,7,current_freshwater-1602026054fa,,Healthy Fish|current_freshwater,9
current_freshwater-f874e1dd3213,current_freshwater,data/raw/current_freshwater/train_split/Healthy Fish/Healthy Fish_aug_146.jpg,train_split/Healthy Fish/Healthy Fish_aug_146.jpg,Healthy Fish,Healthy Fish,7,current_freshwater-f874e1dd3213,,Healthy Fish|current_freshwater,9
current_freshwater-6b50e1f4ed7b,current_freshwater,data/raw/current_freshwater/train_split/Healthy Fish/Healthy Fish_aug_153.jpg,train_split/Healthy Fish/Healthy Fish_aug_153.jpg,Healthy Fish,Healthy Fish,7,current_freshwater-6b50e1f4ed7b,,Healthy Fish|current_freshwater,9
current_freshwater-c05b0133d9df,current_freshwater,data/raw/current_freshwater/train_split/Healthy Fish/Healthy Fish_aug_162.jpg,train_split/Healthy Fish/Healthy Fish_aug_162.jpg,Healthy Fish,Healthy Fish,7,current_freshwater-c05b0133d9df,,Healthy Fish|current_freshwater,9
current_freshwater-ad730bd2c933,current_freshwater,data/raw/current_freshwater/train_split/Healthy Fish/Healthy Fish_aug_166.jpg,train_split/Healthy Fish/Healthy Fish_aug_166.jpg,Healthy Fish,Healthy Fish,7,current_freshwater-ad730bd2c933,,Healthy Fish|current_freshwater,9
current_freshwater-b7afa9e83cc3,current_freshwater,data/raw/current_freshwater/train_split/Healthy Fish/Healthy Fish_aug_170.jpg,train_split/Healthy Fish/Healthy Fish_aug_170.jpg,Healthy Fish,Healthy Fish,7,current_freshwater-07fbd65dd2b3,,Healthy Fish|current_freshwater,9
current_freshwater-c671bc4ef5c9,current_freshwater,data/raw/current_freshwater/train_split/Healthy Fish/Healthy Fish_aug_235.jpg,train_split/Healthy Fish/Healthy Fish_aug_235.jpg,Healthy Fish,Healthy Fish,7,current_freshwater-c671bc4ef5c9,,Healthy Fish|current_freshwater,9
current_freshwater-07fbd65dd2b3,current_freshwater,data/raw/current_freshwater/train_split/Healthy Fish/Healthy Fish_aug_3.jpg,train_split/Healthy Fish/Healthy Fish_aug_3.jpg,Healthy Fish,Healthy Fish,7,current_freshwater-07fbd65dd2b3,,Healthy Fish|current_freshwater,9
current_freshwater-bd544fc252be,current_freshwater,data/raw/current_freshwater/train_split/Healthy Fish/Healthy Fish_aug_31.jpg,train_split/Healthy Fish/Healthy Fish_aug_31.jpg,Healthy Fish,Healthy Fish,7,current_freshwater-bd544fc252be,,Healthy Fish|current_freshwater,9
current_freshwater-0cc6a2a28c8c,current_freshwater,data/raw/current_freshwater/train_split/Healthy Fish/Healthy Fish_aug_40.jpg,train_split/Healthy Fish/Healthy Fish_aug_40.jpg,Healthy Fish,Healthy Fish,7,current_freshwater-0cc6a2a28c8c,,Healthy Fish|current_freshwater,9
current_freshwater-f4689f162e39,current_freshwater,data/raw/current_freshwater/train_split/Healthy Fish/Healthy Fish_aug_51.jpg,train_split/Healthy Fish/Healthy Fish_aug_51.jpg,Healthy Fish,Healthy Fish,7,current_freshwater-f4689f162e39,,Healthy Fish|current_freshwater,9
current_freshwater-e05155becc0b,current_freshwater,data/raw/current_freshwater/train_split/Healthy Fish/Healthy Fish_aug_57.jpg,train_split/Healthy Fish/Healthy Fish_aug_57.jpg,Healthy Fish,Healthy Fish,7,current_freshwater-e05155becc0b,,Healthy Fish|current_freshwater,9
current_freshwater-fd134f7fc174,current_freshwater,data/raw/current_freshwater/train_split/Healthy Fish/Healthy Fish_aug_68.jpg,train_split/Healthy Fish/Healthy Fish_aug_68.jpg,Healthy Fish,Healthy Fish,7,current_freshwater-fd134f7fc174,,Healthy Fish|current_freshwater,9
current_freshwater-9350914802fe,current_freshwater,data/raw/current_freshwater/train_split/Healthy Fish/Healthy Fish_aug_9.jpg,train_split/Healthy Fish/Healthy Fish_aug_9.jpg,Healthy Fish,Healthy Fish,7,current_freshwater-9350914802fe,,Healthy Fish|current_freshwater,9
kaptai-3baa78ab2fb8,kaptai,data/raw/kaptai/Healthy Fish/healthy (27).jpg,Healthy Fish/healthy (27).jpg,Healthy Fish,Healthy Fish,7,current_freshwater-a1bb31570d6f,,Healthy Fish|current_freshwater,9
kaptai-a1c1e04e29f4,kaptai,data/raw/kaptai/Healthy Fish/healthy (8).jpg,Healthy Fish/healthy (8).jpg,Healthy Fish,Healthy Fish,7,current_freshwater-43d5196561a9,,Healthy Fish|current_freshwater,9
roboflow-1b2dc8959da5,roboflow,data/raw/roboflow/train/Healthy Fish/Healthy-Fish-108-_jpg.rf.63b4d673044195f8a3e41647eaffd6b0.jpg,train/Healthy Fish/Healthy-Fish-108-_jpg.rf.63b4d673044195f8a3e41647eaffd6b0.jpg,Healthy Fish,Healthy Fish,7,roboflow-1b2dc8959da5,,Healthy Fish|roboflow,9
roboflow-4fac71e90eb9,roboflow,data/raw/roboflow/train/Healthy Fish/Healthy-Fish-155-_jpg.rf.d7dc433de5574981b828154caf192b8d.jpg,train/Healthy Fish/Healthy-Fish-155-_jpg.rf.d7dc433de5574981b828154caf192b8d.jpg,Healthy Fish,Healthy Fish,7,roboflow-4fac71e90eb9,,Healthy Fish|roboflow,9
roboflow-d9f577fa9fdd,roboflow,data/raw/roboflow/train/Healthy Fish/Healthy-Fish-36-_jpg.rf.7112d845f38b97491b577383daef5381.jpg,train/Healthy Fish/Healthy-Fish-36-_jpg.rf.7112d845f38b97491b577383daef5381.jpg,Healthy Fish,Healthy Fish,7,roboflow-d9f577fa9fdd,,Healthy Fish|roboflow,9
roboflow-c686497d194e,roboflow,data/raw/roboflow/train/Healthy Fish/Healthy-Fish-75-_jpg.rf.d10d904b3bdec47d34f4fb0a1a57d511.jpg,train/Healthy Fish/Healthy-Fish-75-_jpg.rf.d10d904b3bdec47d34f4fb0a1a57d511.jpg,Healthy Fish,Healthy Fish,7,roboflow-c686497d194e,,Healthy Fish|roboflow,9
roboflow-5387ee962673,roboflow,data/raw/roboflow/train/Healthy Fish/Healthy-Fish-83-_jpg.rf.6f0e8e8d2a95a2eb5a9d8df7a877e315.jpg,train/Healthy Fish/Healthy-Fish-83-_jpg.rf.6f0e8e8d2a95a2eb5a9d8df7a877e315.jpg,Healthy Fish,Healthy Fish,7,roboflow-5387ee962673,,Healthy Fish|roboflow,9
roboflow-6334226d0088,roboflow,data/raw/roboflow/valid/Healthy Fish/Healthy-Fish-40-_jpg.rf.1db6cdf6f72874ed79b914b2369f0aab.jpg,valid/Healthy Fish/Healthy-Fish-40-_jpg.rf.1db6cdf6f72874ed79b914b2369f0aab.jpg,Healthy Fish,Healthy Fish,7,roboflow-6334226d0088,,Healthy Fish|roboflow,9
current_freshwater-8c1b8968cdf9,current_freshwater,data/raw/current_freshwater/test_split/Bacterial Red disease_Bacterial Red disease_15.jpg,test_split/Bacterial Red disease_Bacterial Red disease_15.jpg,Bacterial Red disease,Bacterial Red Disease,0,current_freshwater-8c1b8968cdf9,,Bacterial Red Disease|current_freshwater,10
current_freshwater-e55e0af9827b,current_freshwater,data/raw/current_freshwater/test_split/Bacterial Red disease_Bacterial Red disease_165.jpg,test_split/Bacterial Red disease_Bacterial Red disease_165.jpg,Bacterial Red disease,Bacterial Red Disease,0,current_freshwater-e55e0af9827b,,Bacterial Red Disease|current_freshwater,10
current_freshwater-fe68b7a8a1e9,current_freshwater,data/raw/current_freshwater/test_split/Bacterial Red disease_Bacterial Red disease_224.jpg,test_split/Bacterial Red disease_Bacterial Red disease_224.jpg,Bacterial Red disease,Bacterial Red Disease,0,current_freshwater-fe68b7a8a1e9,,Bacterial Red Disease|current_freshwater,10
current_freshwater-802402e62191,current_freshwater,data/raw/current_freshwater/test_split/Bacterial Red disease_Bacterial Red disease_74.jpg,test_split/Bacterial Red disease_Bacterial Red disease_74.jpg,Bacterial Red disease,Bacterial Red Disease,0,current_freshwater-802402e62191,,Bacterial Red Disease|current_freshwater,10
current_freshwater-3b8d9cbe2212,current_freshwater,data/raw/current_freshwater/train_split/Bacterial Red disease/Bacterial Red disease_119.jpg,train_split/Bacterial Red disease/Bacterial Red disease_119.jpg,Bacterial Red disease,Bacterial Red Disease,0,current_freshwater-3b8d9cbe2212,,Bacterial Red Disease|current_freshwater,10
current_freshwater-62b30e3efa06,current_freshwater,data/raw/current_freshwater/train_split/Bacterial Red disease/Bacterial Red disease_131.jpg,train_split/Bacterial Red disease/Bacterial Red disease_131.jpg,Bacterial Red disease,Bacterial Red Disease,0,current_freshwater-2cc3960a1fb0,,Bacterial Red Disease|current_freshwater,10
current_freshwater-37ab19abbef2,current_freshwater,data/raw/current_freshwater/train_split/Bacterial Red disease/Bacterial Red disease_146.jpg,train_split/Bacterial Red disease/Bacterial Red disease_146.jpg,Bacterial Red disease,Bacterial Red Disease,0,current_freshwater-37ab19abbef2,,Bacterial Red Disease|current_freshwater,10
current_freshwater-88e643fbd759,current_freshwater,data/raw/current_freshwater/train_split/Bacterial Red disease/Bacterial Red disease_153.jpg,train_split/Bacterial Red disease/Bacterial Red disease_153.jpg,Bacterial Red disease,Bacterial Red Disease,0,current_freshwater-88e643fbd759,,Bacterial Red Disease|current_freshwater,10
current_freshwater-dc5928790f30,current_freshwater,data/raw/current_freshwater/train_split/Bacterial Red disease/Bacterial Red disease_156.jpg,train_split/Bacterial Red disease/Bacterial Red disease_156.jpg,Bacterial Red disease,Bacterial Red Disease,0,current_freshwater-dc5928790f30,,Bacterial Red Disease|current_freshwater,10
current_freshwater-10e95b3ec8b7,current_freshwater,data/raw/current_freshwater/train_split/Bacterial Red disease/Bacterial Red disease_208.jpg,train_split/Bacterial Red disease/Bacterial Red disease_208.jpg,Bacterial Red disease,Bacterial Red Disease,0,current_freshwater-10e95b3ec8b7,,Bacterial Red Disease|current_freshwater,10
current_freshwater-07b12d8e8948,current_freshwater,data/raw/current_freshwater/train_split/Bacterial Red disease/Bacterial Red disease_225.jpg,train_split/Bacterial Red disease/Bacterial Red disease_225.jpg,Bacterial Red disease,Bacterial Red Disease,0,current_freshwater-07b12d8e8948,,Bacterial Red Disease|current_freshwater,10
current_freshwater-90e52b5bebc3,current_freshwater,data/raw/current_freshwater/train_split/Bacterial Red disease/Bacterial Red disease_233.jpg,train_split/Bacterial Red disease/Bacterial Red disease_233.jpg,Bacterial Red disease,Bacterial Red Disease,0,current_freshwater-90e52b5bebc3,,Bacterial Red Disease|current_freshwater,10
current_freshwater-11d65299abcf,current_freshwater,data/raw/current_freshwater/train_split/Bacterial Red disease/Bacterial Red disease_235.jpg,train_split/Bacterial Red disease/Bacterial Red disease_235.jpg,Bacterial Red disease,Bacterial Red Disease,0,current_freshwater-11d65299abcf,,Bacterial Red Disease|current_freshwater,10
current_freshwater-c27a0bd60792,current_freshwater,data/raw/current_freshwater/train_split/Bacterial Red disease/Bacterial Red disease_25.jpg,train_split/Bacterial Red disease/Bacterial Red disease_25.jpg,Bacterial Red disease,Bacterial Red Disease,0,current_freshwater-c27a0bd60792,,Bacterial Red Disease|current_freshwater,10
current_freshwater-177e6c836256,current_freshwater,data/raw/current_freshwater/train_split/Bacterial Red disease/Bacterial Red disease_49.jpg,train_split/Bacterial Red disease/Bacterial Red disease_49.jpg,Bacterial Red disease,Bacterial Red Disease,0,current_freshwater-177e6c836256,,Bacterial Red Disease|current_freshwater,10
current_freshwater-69df76dd945a,current_freshwater,data/raw/current_freshwater/train_split/Bacterial Red disease/Bacterial Red disease_aug_19.jpg,train_split/Bacterial Red disease/Bacterial Red disease_aug_19.jpg,Bacterial Red disease,Bacterial Red Disease,0,current_freshwater-69df76dd945a,,Bacterial Red Disease|current_freshwater,10
current_freshwater-c36f6fd29b98,current_freshwater,data/raw/current_freshwater/train_split/Bacterial Red disease/Bacterial Red disease_aug_193.jpg,train_split/Bacterial Red disease/Bacterial Red disease_aug_193.jpg,Bacterial Red disease,Bacterial Red Disease,0,current_freshwater-c36f6fd29b98,,Bacterial Red Disease|current_freshwater,10
current_freshwater-2cc3960a1fb0,current_freshwater,data/raw/current_freshwater/train_split/Bacterial Red disease/Bacterial Red disease_aug_195.jpg,train_split/Bacterial Red disease/Bacterial Red disease_aug_195.jpg,Bacterial Red disease,Bacterial Red Disease,0,current_freshwater-2cc3960a1fb0,,Bacterial Red Disease|current_freshwater,10
current_freshwater-bb6d024beb2f,current_freshwater,data/raw/current_freshwater/train_split/Bacterial Red disease/Bacterial Red disease_aug_216.jpg,train_split/Bacterial Red disease/Bacterial Red disease_aug_216.jpg,Bacterial Red disease,Bacterial Red Disease,0,current_freshwater-bb6d024beb2f,,Bacterial Red Disease|current_freshwater,10
current_freshwater-dda5584d861f,current_freshwater,data/raw/current_freshwater/train_split/Bacterial Red disease/Bacterial Red disease_aug_233.jpg,train_split/Bacterial Red disease/Bacterial Red disease_aug_233.jpg,Bacterial Red disease,Bacterial Red Disease,0,current_freshwater-dda5584d861f,,Bacterial Red Disease|current_freshwater,10
current_freshwater-662b93d0c3b2,current_freshwater,data/raw/current_freshwater/train_split/Bacterial Red disease/Bacterial Red disease_aug_237.jpg,train_split/Bacterial Red disease/Bacterial Red disease_aug_237.jpg,Bacterial Red disease,Bacterial Red Disease,0,current_freshwater-662b93d0c3b2,,Bacterial Red Disease|current_freshwater,10
current_freshwater-cc7cfa585a53,current_freshwater,data/raw/current_freshwater/train_split/Bacterial Red disease/Bacterial Red disease_aug_243.jpg,train_split/Bacterial Red disease/Bacterial Red disease_aug_243.jpg,Bacterial Red disease,Bacterial Red Disease,0,current_freshwater-cc7cfa585a53,,Bacterial Red Disease|current_freshwater,10
current_freshwater-69471f1c30f5,current_freshwater,data/raw/current_freshwater/train_split/Bacterial Red disease/Bacterial Red disease_aug_252.jpg,train_split/Bacterial Red disease/Bacterial Red disease_aug_252.jpg,Bacterial Red disease,Bacterial Red Disease,0,current_freshwater-07b12d8e8948,,Bacterial Red Disease|current_freshwater,10
current_freshwater-97fdad2dc333,current_freshwater,data/raw/current_freshwater/train_split/Bacterial Red disease/Bacterial Red disease_aug_261.jpg,train_split/Bacterial Red disease/Bacterial Red disease_aug_261.jpg,Bacterial Red disease,Bacterial Red Disease,0,current_freshwater-18afafb9af1d,,Bacterial Red Disease|current_freshwater,10
current_freshwater-e451ec040738,current_freshwater,data/raw/current_freshwater/train_split/Bacterial Red disease/Bacterial Red disease_aug_267.jpg,train_split/Bacterial Red disease/Bacterial Red disease_aug_267.jpg,Bacterial Red disease,Bacterial Red Disease,0,current_freshwater-e451ec040738,,Bacterial Red Disease|current_freshwater,10
current_freshwater-63e088f8d1c8,current_freshwater,data/raw/current_freshwater/train_split/Bacterial Red disease/Bacterial Red disease_aug_268.jpg,train_split/Bacterial Red disease/Bacterial Red disease_aug_268.jpg,Bacterial Red disease,Bacterial Red Disease,0,current_freshwater-3063d9e66e67,,Bacterial Red Disease|current_freshwater,10
current_freshwater-d8eadb75d627,current_freshwater,data/raw/current_freshwater/train_split/Bacterial Red disease/Bacterial Red disease_aug_292.jpg,train_split/Bacterial Red disease/Bacterial Red disease_aug_292.jpg,Bacterial Red disease,Bacterial Red Disease,0,current_freshwater-d8eadb75d627,,Bacterial Red Disease|current_freshwater,10
current_freshwater-4742b1307e5f,current_freshwater,data/raw/current_freshwater/train_split/Bacterial Red disease/Bacterial Red disease_aug_30.jpg,train_split/Bacterial Red disease/Bacterial Red disease_aug_30.jpg,Bacterial Red disease,Bacterial Red Disease,0,current_freshwater-4742b1307e5f,,Bacterial Red Disease|current_freshwater,10
current_freshwater-7abdc2193cd5,current_freshwater,data/raw/current_freshwater/train_split/Bacterial Red disease/Bacterial Red disease_aug_300.jpg,train_split/Bacterial Red disease/Bacterial Red disease_aug_300.jpg,Bacterial Red disease,Bacterial Red Disease,0,current_freshwater-7abdc2193cd5,,Bacterial Red Disease|current_freshwater,10
current_freshwater-2a9c41517aec,current_freshwater,data/raw/current_freshwater/train_split/Bacterial Red disease/Bacterial Red disease_aug_302.jpg,train_split/Bacterial Red disease/Bacterial Red disease_aug_302.jpg,Bacterial Red disease,Bacterial Red Disease,0,current_freshwater-2a9c41517aec,,Bacterial Red Disease|current_freshwater,10
current_freshwater-cf240787091a,current_freshwater,data/raw/current_freshwater/train_split/Bacterial Red disease/Bacterial Red disease_aug_345.jpg,train_split/Bacterial Red disease/Bacterial Red disease_aug_345.jpg,Bacterial Red disease,Bacterial Red Disease,0,current_freshwater-cf240787091a,,Bacterial Red Disease|current_freshwater,10
current_freshwater-55a912ce8c73,current_freshwater,data/raw/current_freshwater/train_split/Bacterial Red disease/Bacterial Red disease_aug_79.jpg,train_split/Bacterial Red disease/Bacterial Red disease_aug_79.jpg,Bacterial Red disease,Bacterial Red Disease,0,current_freshwater-55a912ce8c73,,Bacterial Red Disease|current_freshwater,10
current_freshwater-5610b8a8eb14,current_freshwater,data/raw/current_freshwater/train_split/Bacterial Red disease/Bacterial Red disease_aug_8.jpg,train_split/Bacterial Red disease/Bacterial Red disease_aug_8.jpg,Bacterial Red disease,Bacterial Red Disease,0,current_freshwater-3b8d9cbe2212,,Bacterial Red Disease|current_freshwater,10
roboflow-e45bacc8a2a6,roboflow,data/raw/roboflow/train/Bacterial Red disease/Bacterial-Red-disease-11-_jpg.rf.3451232ecdb5a4f6ac3df79256355a24.jpg,train/Bacterial Red disease/Bacterial-Red-disease-11-_jpg.rf.3451232ecdb5a4f6ac3df79256355a24.jpg,Bacterial Red disease,Bacterial Red Disease,0,kaptai-d774a47098e5,,Bacterial Red Disease|roboflow,10
roboflow-9d89e82eeeb8,roboflow,data/raw/roboflow/train/Bacterial Red disease/Bacterial-Red-disease-25-_jpg.rf.5f23712ffab812b16c33aed23fff8ec7.jpg,train/Bacterial Red disease/Bacterial-Red-disease-25-_jpg.rf.5f23712ffab812b16c33aed23fff8ec7.jpg,Bacterial Red disease,Bacterial Red Disease,0,current_freshwater-c27a0bd60792,,Bacterial Red Disease|current_freshwater,10
current_freshwater-16fa95689261,current_freshwater,data/raw/current_freshwater/test_split/Bacterial diseases - Aeromoniasis_Bacterial diseases - Aeromoniasis_103.jpg,test_split/Bacterial diseases - Aeromoniasis_Bacterial diseases - Aeromoniasis_103.jpg,Bacterial diseases - Aeromoniasis,Aeromoniasis,1,current_freshwater-16fa95689261,,Aeromoniasis|current_freshwater,10
current_freshwater-f9c10d0c4f01,current_freshwater,data/raw/current_freshwater/test_split/Bacterial diseases - Aeromoniasis_Bacterial diseases - Aeromoniasis_65.jpg,test_split/Bacterial diseases - Aeromoniasis_Bacterial diseases - Aeromoniasis_65.jpg,Bacterial diseases - Aeromoniasis,Aeromoniasis,1,current_freshwater-f9c10d0c4f01,,Aeromoniasis|current_freshwater,10
current_freshwater-6371db191db0,current_freshwater,data/raw/current_freshwater/train_split/Bacterial diseases - Aeromoniasis/Bacterial diseases - Aeromoniasis_100.jpg,train_split/Bacterial diseases - Aeromoniasis/Bacterial diseases - Aeromoniasis_100.jpg,Bacterial diseases - Aeromoniasis,Aeromoniasis,1,current_freshwater-6371db191db0,,Aeromoniasis|current_freshwater,10
current_freshwater-46e68957ee41,current_freshwater,data/raw/current_freshwater/train_split/Bacterial diseases - Aeromoniasis/Bacterial diseases - Aeromoniasis_102.jpg,train_split/Bacterial diseases - Aeromoniasis/Bacterial diseases - Aeromoniasis_102.jpg,Bacterial diseases - Aeromoniasis,Aeromoniasis,1,current_freshwater-46e68957ee41,,Aeromoniasis|current_freshwater,10
current_freshwater-837616ad366e,current_freshwater,data/raw/current_freshwater/train_split/Bacterial diseases - Aeromoniasis/Bacterial diseases - Aeromoniasis_110.jpg,train_split/Bacterial diseases - Aeromoniasis/Bacterial diseases - Aeromoniasis_110.jpg,Bacterial diseases - Aeromoniasis,Aeromoniasis,1,current_freshwater-837616ad366e,,Aeromoniasis|current_freshwater,10
current_freshwater-a30d2a49bbf2,current_freshwater,data/raw/current_freshwater/train_split/Bacterial diseases - Aeromoniasis/Bacterial diseases - Aeromoniasis_14.jpg,train_split/Bacterial diseases - Aeromoniasis/Bacterial diseases - Aeromoniasis_14.jpg,Bacterial diseases - Aeromoniasis,Aeromoniasis,1,current_freshwater-a30d2a49bbf2,,Aeromoniasis|current_freshwater,10
current_freshwater-d04e24b5dbd9,current_freshwater,data/raw/current_freshwater/train_split/Bacterial diseases - Aeromoniasis/Bacterial diseases - Aeromoniasis_147.jpg,train_split/Bacterial diseases - Aeromoniasis/Bacterial diseases - Aeromoniasis_147.jpg,Bacterial diseases - Aeromoniasis,Aeromoniasis,1,current_freshwater-d04e24b5dbd9,,Aeromoniasis|current_freshwater,10
current_freshwater-48720fc57cad,current_freshwater,data/raw/current_freshwater/train_split/Bacterial diseases - Aeromoniasis/Bacterial diseases - Aeromoniasis_206.jpg,train_split/Bacterial diseases - Aeromoniasis/Bacterial diseases - Aeromoniasis_206.jpg,Bacterial diseases - Aeromoniasis,Aeromoniasis,1,current_freshwater-48720fc57cad,,Aeromoniasis|current_freshwater,10
current_freshwater-0282a95e3965,current_freshwater,data/raw/current_freshwater/train_split/Bacterial diseases - Aeromoniasis/Bacterial diseases - Aeromoniasis_32.jpg,train_split/Bacterial diseases - Aeromoniasis/Bacterial diseases - Aeromoniasis_32.jpg,Bacterial diseases - Aeromoniasis,Aeromoniasis,1,current_freshwater-0282a95e3965,,Aeromoniasis|current_freshwater,10
current_freshwater-eac7918b0483,current_freshwater,data/raw/current_freshwater/train_split/Bacterial diseases - Aeromoniasis/Bacterial diseases - Aeromoniasis_63.jpg,train_split/Bacterial diseases - Aeromoniasis/Bacterial diseases - Aeromoniasis_63.jpg,Bacterial diseases - Aeromoniasis,Aeromoniasis,1,current_freshwater-eac7918b0483,,Aeromoniasis|current_freshwater,10
current_freshwater-0215632a659c,current_freshwater,data/raw/current_freshwater/train_split/Bacterial diseases - Aeromoniasis/Bacterial diseases - Aeromoniasis_98.jpg,train_split/Bacterial diseases - Aeromoniasis/Bacterial diseases - Aeromoniasis_98.jpg,Bacterial diseases - Aeromoniasis,Aeromoniasis,1,current_freshwater-0215632a659c,,Aeromoniasis|current_freshwater,10
current_freshwater-5c520216d39f,current_freshwater,data/raw/current_freshwater/train_split/Bacterial diseases - Aeromoniasis/Bacterial diseases - Aeromoniasis_aug_100.jpg,train_split/Bacterial diseases - Aeromoniasis/Bacterial diseases - Aeromoniasis_aug_100.jpg,Bacterial diseases - Aeromoniasis,Aeromoniasis,1,current_freshwater-5c520216d39f,,Aeromoniasis|current_freshwater,10
current_freshwater-3ab69bdefcf5,current_freshwater,data/raw/current_freshwater/train_split/Bacterial diseases - Aeromoniasis/Bacterial diseases - Aeromoniasis_aug_11.jpg,train_split/Bacterial diseases - Aeromoniasis/Bacterial diseases - Aeromoniasis_aug_11.jpg,Bacterial diseases - Aeromoniasis,Aeromoniasis,1,current_freshwater-3ab69bdefcf5,,Aeromoniasis|current_freshwater,10
current_freshwater-e2553df184d9,current_freshwater,data/raw/current_freshwater/train_split/Bacterial diseases - Aeromoniasis/Bacterial diseases - Aeromoniasis_aug_112.jpg,train_split/Bacterial diseases - Aeromoniasis/Bacterial diseases - Aeromoniasis_aug_112.jpg,Bacterial diseases - Aeromoniasis,Aeromoniasis,1,current_freshwater-e2553df184d9,,Aeromoniasis|current_freshwater,10
current_freshwater-6d84823aca39,current_freshwater,data/raw/current_freshwater/train_split/Bacterial diseases - Aeromoniasis/Bacterial diseases - Aeromoniasis_aug_122.jpg,train_split/Bacterial diseases - Aeromoniasis/Bacterial diseases - Aeromoniasis_aug_122.jpg,Bacterial diseases - Aeromoniasis,Aeromoniasis,1,current_freshwater-0282a95e3965,,Aeromoniasis|current_freshwater,10
current_freshwater-87b3edbb2776,current_freshwater,data/raw/current_freshwater/train_split/Bacterial diseases - Aeromoniasis/Bacterial diseases - Aeromoniasis_aug_13.jpg,train_split/Bacterial diseases - Aeromoniasis/Bacterial diseases - Aeromoniasis_aug_13.jpg,Bacterial diseases - Aeromoniasis,Aeromoniasis,1,current_freshwater-87b3edbb2776,,Aeromoniasis|current_freshwater,10
current_freshwater-58337e8169c2,current_freshwater,data/raw/current_freshwater/train_split/Bacterial diseases - Aeromoniasis/Bacterial diseases - Aeromoniasis_aug_131.jpg,train_split/Bacterial diseases - Aeromoniasis/Bacterial diseases - Aeromoniasis_aug_131.jpg,Bacterial diseases - Aeromoniasis,Aeromoniasis,1,current_freshwater-58337e8169c2,,Aeromoniasis|current_freshwater,10
current_freshwater-eb09fe706f16,current_freshwater,data/raw/current_freshwater/train_split/Bacterial diseases - Aeromoniasis/Bacterial diseases - Aeromoniasis_aug_138.jpg,train_split/Bacterial diseases - Aeromoniasis/Bacterial diseases - Aeromoniasis_aug_138.jpg,Bacterial diseases - Aeromoniasis,Aeromoniasis,1,current_freshwater-837616ad366e,,Aeromoniasis|current_freshwater,10
current_freshwater-c7dcba787a2b,current_freshwater,data/raw/current_freshwater/train_split/Bacterial diseases - Aeromoniasis/Bacterial diseases - Aeromoniasis_aug_144.jpg,train_split/Bacterial diseases - Aeromoniasis/Bacterial diseases - Aeromoniasis_aug_144.jpg,Bacterial diseases - Aeromoniasis,Aeromoniasis,1,current_freshwater-c7dcba787a2b,,Aeromoniasis|current_freshwater,10
current_freshwater-a85c4ba53aa6,current_freshwater,data/raw/current_freshwater/train_split/Bacterial diseases - Aeromoniasis/Bacterial diseases - Aeromoniasis_aug_173.jpg,train_split/Bacterial diseases - Aeromoniasis/Bacterial diseases - Aeromoniasis_aug_173.jpg,Bacterial diseases - Aeromoniasis,Aeromoniasis,1,current_freshwater-a85c4ba53aa6,,Aeromoniasis|current_freshwater,10
current_freshwater-e5fcb7f769fe,current_freshwater,data/raw/current_freshwater/train_split/Bacterial diseases - Aeromoniasis/Bacterial diseases - Aeromoniasis_aug_185.jpg,train_split/Bacterial diseases - Aeromoniasis/Bacterial diseases - Aeromoniasis_aug_185.jpg,Bacterial diseases - Aeromoniasis,Aeromoniasis,1,current_freshwater-e5fcb7f769fe,,Aeromoniasis|current_freshwater,10
current_freshwater-cd116f42678b,current_freshwater,data/raw/current_freshwater/train_split/Bacterial diseases - Aeromoniasis/Bacterial diseases - Aeromoniasis_aug_202.jpg,train_split/Bacterial diseases - Aeromoniasis/Bacterial diseases - Aeromoniasis_aug_202.jpg,Bacterial diseases - Aeromoniasis,Aeromoniasis,1,current_freshwater-cd116f42678b,,Aeromoniasis|current_freshwater,10
current_freshwater-fefda773315f,current_freshwater,data/raw/current_freshwater/train_split/Bacterial diseases - Aeromoniasis/Bacterial diseases - Aeromoniasis_aug_204.jpg,train_split/Bacterial diseases - Aeromoniasis/Bacterial diseases - Aeromoniasis_aug_204.jpg,Bacterial diseases - Aeromoniasis,Aeromoniasis,1,current_freshwater-fefda773315f,,Aeromoniasis|current_freshwater,10
current_freshwater-44651fd2a029,current_freshwater,data/raw/current_freshwater/train_split/Bacterial diseases - Aeromoniasis/Bacterial diseases - Aeromoniasis_aug_206.jpg,train_split/Bacterial diseases - Aeromoniasis/Bacterial diseases - Aeromoniasis_aug_206.jpg,Bacterial diseases - Aeromoniasis,Aeromoniasis,1,current_freshwater-44651fd2a029,,Aeromoniasis|current_freshwater,10
current_freshwater-2aff2ca0d5c1,current_freshwater,data/raw/current_freshwater/train_split/Bacterial diseases - Aeromoniasis/Bacterial diseases - Aeromoniasis_aug_21.jpg,train_split/Bacterial diseases - Aeromoniasis/Bacterial diseases - Aeromoniasis_aug_21.jpg,Bacterial diseases - Aeromoniasis,Aeromoniasis,1,current_freshwater-2aff2ca0d5c1,,Aeromoniasis|current_freshwater,10
current_freshwater-e1a682d1d527,current_freshwater,data/raw/current_freshwater/train_split/Bacterial diseases - Aeromoniasis/Bacterial diseases - Aeromoniasis_aug_212.jpg,train_split/Bacterial diseases - Aeromoniasis/Bacterial diseases - Aeromoniasis_aug_212.jpg,Bacterial diseases - Aeromoniasis,Aeromoniasis,1,current_freshwater-e1a682d1d527,,Aeromoniasis|current_freshwater,10
current_freshwater-a1f1d78beca7,current_freshwater,data/raw/current_freshwater/train_split/Bacterial diseases - Aeromoniasis/Bacterial diseases - Aeromoniasis_aug_213.jpg,train_split/Bacterial diseases - Aeromoniasis/Bacterial diseases - Aeromoniasis_aug_213.jpg,Bacterial diseases - Aeromoniasis,Aeromoniasis,1,current_freshwater-a1f1d78beca7,,Aeromoniasis|current_freshwater,10
current_freshwater-85f9a4e5bdf6,current_freshwater,data/raw/current_freshwater/train_split/Bacterial diseases - Aeromoniasis/Bacterial diseases - Aeromoniasis_aug_264.jpg,train_split/Bacterial diseases - Aeromoniasis/Bacterial diseases - Aeromoniasis_aug_264.jpg,Bacterial diseases - Aeromoniasis,Aeromoniasis,1,current_freshwater-85f9a4e5bdf6,,Aeromoniasis|current_freshwater,10
current_freshwater-eb21955755b0,current_freshwater,data/raw/current_freshwater/train_split/Bacterial diseases - Aeromoniasis/Bacterial diseases - Aeromoniasis_aug_40.jpg,train_split/Bacterial diseases - Aeromoniasis/Bacterial diseases - Aeromoniasis_aug_40.jpg,Bacterial diseases - Aeromoniasis,Aeromoniasis,1,current_freshwater-eb21955755b0,,Aeromoniasis|current_freshwater,10
current_freshwater-3ad56790d65a,current_freshwater,data/raw/current_freshwater/train_split/Bacterial diseases - Aeromoniasis/Bacterial diseases - Aeromoniasis_aug_45.jpg,train_split/Bacterial diseases - Aeromoniasis/Bacterial diseases - Aeromoniasis_aug_45.jpg,Bacterial diseases - Aeromoniasis,Aeromoniasis,1,current_freshwater-3ad56790d65a,,Aeromoniasis|current_freshwater,10
current_freshwater-e34f7c4704ce,current_freshwater,data/raw/current_freshwater/train_split/Bacterial diseases - Aeromoniasis/Bacterial diseases - Aeromoniasis_aug_47.jpg,train_split/Bacterial diseases - Aeromoniasis/Bacterial diseases - Aeromoniasis_aug_47.jpg,Bacterial diseases - Aeromoniasis,Aeromoniasis,1,current_freshwater-e34f7c4704ce,,Aeromoniasis|current_freshwater,10
current_freshwater-dfa95ae3c758,current_freshwater,data/raw/current_freshwater/train_split/Bacterial diseases - Aeromoniasis/Bacterial diseases - Aeromoniasis_aug_70.jpg,train_split/Bacterial diseases - Aeromoniasis/Bacterial diseases - Aeromoniasis_aug_70.jpg,Bacterial diseases - Aeromoniasis,Aeromoniasis,1,current_freshwater-dfa95ae3c758,,Aeromoniasis|current_freshwater,10
current_freshwater-dfba1e0ff6d5,current_freshwater,data/raw/current_freshwater/train_split/Bacterial diseases - Aeromoniasis/Bacterial diseases - Aeromoniasis_aug_92.jpg,train_split/Bacterial diseases - Aeromoniasis/Bacterial diseases - Aeromoniasis_aug_92.jpg,Bacterial diseases - Aeromoniasis,Aeromoniasis,1,current_freshwater-dfba1e0ff6d5,,Aeromoniasis|current_freshwater,10
current_freshwater-252d9688ca79,current_freshwater,data/raw/current_freshwater/train_split/Bacterial diseases - Aeromoniasis/Bacterial diseases - Aeromoniasis_aug_95.jpg,train_split/Bacterial diseases - Aeromoniasis/Bacterial diseases - Aeromoniasis_aug_95.jpg,Bacterial diseases - Aeromoniasis,Aeromoniasis,1,current_freshwater-252d9688ca79,,Aeromoniasis|current_freshwater,10
roboflow-a1caeaf746a5,roboflow,data/raw/roboflow/train/Bacterial diseases - Aeromoniasis/Bacterial-diseases-Aeromoniasis-1-_jpeg.rf.d3b4fac83bbd35935a63c592ba5f9c09.jpg,train/Bacterial diseases - Aeromoniasis/Bacterial-diseases-Aeromoniasis-1-_jpeg.rf.d3b4fac83bbd35935a63c592ba5f9c09.jpg,Bacterial diseases - Aeromoniasis,Aeromoniasis,1,roboflow-a1caeaf746a5,,Aeromoniasis|roboflow,10
roboflow-29edb41c4a93,roboflow,data/raw/roboflow/train/Bacterial diseases - Aeromoniasis/Bacterial-diseases-Aeromoniasis-10-_jpg.rf.0e7d43cf3e0c8cf73b87abdfacf98e6b.jpg,train/Bacterial diseases - Aeromoniasis/Bacterial-diseases-Aeromoniasis-10-_jpg.rf.0e7d43cf3e0c8cf73b87abdfacf98e6b.jpg,Bacterial diseases - Aeromoniasis,Aeromoniasis,1,current_freshwater-87b3edbb2776,,Aeromoniasis|current_freshwater,10
roboflow-8b44c1ee8c8d,roboflow,data/raw/roboflow/valid/Bacterial diseases - Aeromoniasis/Bacterial-diseases-Aeromoniasis-20-_jpg.rf.c4ff04c1a591a591ae993b6bedb1b7a2.jpg,valid/Bacterial diseases - Aeromoniasis/Bacterial-diseases-Aeromoniasis-20-_jpg.rf.c4ff04c1a591a591ae993b6bedb1b7a2.jpg,Bacterial diseases - Aeromoniasis,Aeromoniasis,1,current_freshwater-16fa95689261,,Aeromoniasis|current_freshwater,10
current_freshwater-4b00da603391,current_freshwater,data/raw/current_freshwater/test_split/Bacterial gill disease_Bacterial gill disease_228.jpg,test_split/Bacterial gill disease_Bacterial gill disease_228.jpg,Bacterial gill disease,Bacterial Gill Disease,2,current_freshwater-4b00da603391,,Bacterial Gill Disease|current_freshwater,10
current_freshwater-39ef349e510a,current_freshwater,data/raw/current_freshwater/test_split/Bacterial gill disease_Bacterial gill disease_23.jpg,test_split/Bacterial gill disease_Bacterial gill disease_23.jpg,Bacterial gill disease,Bacterial Gill Disease,2,current_freshwater-39ef349e510a,,Bacterial Gill Disease|current_freshwater,10
current_freshwater-289919bcd0e0,current_freshwater,data/raw/current_freshwater/test_split/Bacterial gill disease_Bacterial gill disease_276.jpg,test_split/Bacterial gill disease_Bacterial gill disease_276.jpg,Bacterial gill disease,Bacterial Gill Disease,2,current_freshwater-289919bcd0e0,,Bacterial Gill Disease|current_freshwater,10
current_freshwater-12ccdabe8292,current_freshwater,data/raw/current_freshwater/train_split/Bacterial gill disease/Bacterial gill disease_11.jpg,train_split/Bacterial gill disease/Bacterial gill disease_11.jpg,Bacterial gill disease,Bacterial Gill Disease,2,current_freshwater-12ccdabe8292,,Bacterial Gill Disease|current_freshwater,10
current_freshwater-d5ae9dd9d545,current_freshwater,data/raw/current_freshwater/train_split/Bacterial gill disease/Bacterial gill disease_124.jpg,train_split/Bacterial gill disease/Bacterial gill disease_124.jpg,Bacterial gill disease,Bacterial Gill Disease,2,current_freshwater-d5ae9dd9d545,,Bacterial Gill Disease|current_freshwater,10
current_freshwater-5dd395a70c7f,current_freshwater,data/raw/current_freshwater/train_split/Bacterial gill disease/Bacterial gill disease_135.jpg,train_split/Bacterial gill disease/Bacterial gill disease_135.jpg,Bacterial gill disease,Bacterial Gill Disease,2,current_freshwater-5dd395a70c7f,,Bacterial Gill Disease|current_freshwater,10
current_freshwater-eaa8e710176e,current_freshwater,data/raw/current_freshwater/train_split/Bacterial gill disease/Bacterial gill disease_157.jpg,train_split/Bacterial gill disease/Bacterial gill disease_157.jpg,Bacterial gill disease,Bacterial Gill Disease,2,current_freshwater-eaa8e710176e,,Bacterial Gill Disease|current_freshwater,10
current_freshwater-053e7c0bee1f,current_freshwater,data/raw/current_freshwater/train_split/Bacterial gill disease/Bacterial gill disease_162.jpg,train_split/Bacterial gill disease/Bacterial gill disease_162.jpg,Bacterial gill disease,Bacterial Gill Disease,2,current_freshwater-053e7c0bee1f,,Bacterial Gill Disease|current_freshwater,10
current_freshwater-930232c66c91,current_freshwater,data/raw/current_freshwater/train_split/Bacterial gill disease/Bacterial gill disease_227.jpg,train_split/Bacterial gill disease/Bacterial gill disease_227.jpg,Bacterial gill disease,Bacterial Gill Disease,2,current_freshwater-930232c66c91,,Bacterial Gill Disease|current_freshwater,10
current_freshwater-5b887a7e1d95,current_freshwater,data/raw/current_freshwater/train_split/Bacterial gill disease/Bacterial gill disease_239.jpg,train_split/Bacterial gill disease/Bacterial gill disease_239.jpg,Bacterial gill disease,Bacterial Gill Disease,2,current_freshwater-5b887a7e1d95,,Bacterial Gill Disease|current_freshwater,10
current_freshwater-cf91e8fa75bc,current_freshwater,data/raw/current_freshwater/train_split/Bacterial gill disease/Bacterial gill disease_262.jpg,train_split/Bacterial gill disease/Bacterial gill disease_262.jpg,Bacterial gill disease,Bacterial Gill Disease,2,current_freshwater-5df4af1314fa,,Bacterial Gill Disease|current_freshwater,10
current_freshwater-bbe0bce23552,current_freshwater,data/raw/current_freshwater/train_split/Bacterial gill disease/Bacterial gill disease_381.jpg,train_split/Bacterial gill disease/Bacterial gill disease_381.jpg,Bacterial gill disease,Bacterial Gill Disease,2,current_freshwater-bbe0bce23552,,Bacterial Gill Disease|current_freshwater,10
current_freshwater-b32af36d9e9c,current_freshwater,data/raw/current_freshwater/train_split/Bacterial gill disease/Bacterial gill disease_403.jpg,train_split/Bacterial gill disease/Bacterial gill disease_403.jpg,Bacterial gill disease,Bacterial Gill Disease,2,current_freshwater-b32af36d9e9c,,Bacterial Gill Disease|current_freshwater,10
current_freshwater-9c08ff412a6d,current_freshwater,data/raw/current_freshwater/train_split/Bacterial gill disease/Bacterial gill disease_80.jpg,train_split/Bacterial gill disease/Bacterial gill disease_80.jpg,Bacterial gill disease,Bacterial Gill Disease,2,current_freshwater-9c08ff412a6d,,Bacterial Gill Disease|current_freshwater,10
current_freshwater-76df0af50ba1,current_freshwater,data/raw/current_freshwater/train_split/Bacterial gill disease/Bacterial gill disease_9.png,train_split/Bacterial gill disease/Bacterial gill disease_9.png,Bacterial gill disease,Bacterial Gill Disease,2,current_freshwater-76df0af50ba1,,Bacterial Gill Disease|current_freshwater,10
current_freshwater-5ed3c8764437,current_freshwater,data/raw/current_freshwater/train_split/Bacterial gill disease/Bacterial gill disease_aug_1.jpg,train_split/Bacterial gill disease/Bacterial gill disease_aug_1.jpg,Bacterial gill disease,Bacterial Gill Disease,2,current_freshwater-5ed3c8764437,,Bacterial Gill Disease|current_freshwater,10
current_freshwater-dd8dc6617431,current_freshwater,data/raw/current_freshwater/train_split/Bacterial gill disease/Bacterial gill disease_aug_123.jpg,train_split/Bacterial gill disease/Bacterial gill disease_aug_123.jpg,Bacterial gill disease,Bacterial Gill Disease,2,current_freshwater-dd8dc6617431,,Bacterial Gill Disease|current_freshwater,10
current_freshwater-120ae2d99f11,current_freshwater,data/raw/current_freshwater/train_split/Bacterial gill disease/Bacterial gill disease_aug_129.jpg,train_split/Bacterial gill disease/Bacterial gill disease_aug_129.jpg,Bacterial gill disease,Bacterial Gill Disease,2,current_freshwater-120ae2d99f11,,Bacterial Gill Disease|current_freshwater,10
current_freshwater-5df4af1314fa,current_freshwater,data/raw/current_freshwater/train_split/Bacterial gill disease/Bacterial gill disease_aug_135.jpg,train_split/Bacterial gill disease/Bacterial gill disease_aug_135.jpg,Bacterial gill disease,Bacterial Gill Disease,2,current_freshwater-5df4af1314fa,,Bacterial Gill Disease|current_freshwater,10
current_freshwater-d8a6d8e8ba92,current_freshwater,data/raw/current_freshwater/train_split/Bacterial gill disease/Bacterial gill disease_aug_137.jpg,train_split/Bacterial gill disease/Bacterial gill disease_aug_137.jpg,Bacterial gill disease,Bacterial Gill Disease,2,current_freshwater-bbe0bce23552,,Bacterial Gill Disease|current_freshwater,10
current_freshwater-83e33c1d10dc,current_freshwater,data/raw/current_freshwater/train_split/Bacterial gill disease/Bacterial gill disease_aug_165.jpg,train_split/Bacterial gill disease/Bacterial gill disease_aug_165.jpg,Bacterial gill disease,Bacterial Gill Disease,2,current_freshwater-83e33c1d10dc,,Bacterial Gill Disease|current_freshwater,10
current_freshwater-1f6e8d6207ee,current_freshwater,data/raw/current_freshwater/train_split/Bacterial gill disease/Bacterial gill disease_aug_206.jpg,train_split/Bacterial gill disease/Bacterial gill disease_aug_206.jpg,Bacterial gill disease,Bacterial Gill Disease,2,current_freshwater-1f6e8d6207ee,,Bacterial Gill Disease|current_freshwater,10
current_freshwater-f5924887db55,current_freshwater,data/raw/current_freshwater/train_split/Bacterial gill disease/Bacterial gill disease_aug_208.jpg,train_split/Bacterial gill disease/Bacterial gill disease_aug_208.jpg,Bacterial gill disease,Bacterial Gill Disease,2,current_freshwater-76df0af50ba1,,Bacterial Gill Disease|current_freshwater,10
current_freshwater-9370f2c2904b,current_freshwater,data/raw/current_freshwater/train_split/Bacterial gill disease/Bacterial gill disease_aug_212.jpg,train_split/Bacterial gill disease/Bacterial gill disease_aug_212.jpg,Bacterial gill disease,Bacterial Gill Disease,2,current_freshwater-9370f2c2904b,,Bacterial Gill Disease|current_freshwater,10
current_freshwater-50b3b46b1609,current_freshwater,data/raw/current_freshwater/train_split/Bacterial gill disease/Bacterial gill disease_aug_222.jpg,train_split/Bacterial gill disease/Bacterial gill disease_aug_222.jpg,Bacterial gill disease,Bacterial Gill Disease,2,current_freshwater-50b3b46b1609,,Bacterial Gill Disease|current_freshwater,10
current_freshwater-d056984152ae,current_freshwater,data/raw/current_freshwater/train_split/Bacterial gill disease/Bacterial gill disease_aug_243.jpg,train_split/Bacterial gill disease/Bacterial gill disease_aug_243.jpg,Bacterial gill disease,Bacterial Gill Disease,2,current_freshwater-d056984152ae,,Bacterial Gill Disease|current_freshwater,10
current_freshwater-a1a91ad62eea,current_freshwater,data/raw/current_freshwater/train_split/Bacterial gill disease/Bacterial gill disease_aug_249.jpg,train_split/Bacterial gill disease/Bacterial gill disease_aug_249.jpg,Bacterial gill disease,Bacterial Gill Disease,2,current_freshwater-a1a91ad62eea,,Bacterial Gill Disease|current_freshwater,10
current_freshwater-72c8ee696d01,current_freshwater,data/raw/current_freshwater/train_split/Bacterial gill disease/Bacterial gill disease_aug_34.jpg,train_split/Bacterial gill disease/Bacterial gill disease_aug_34.jpg,Bacterial gill disease,Bacterial Gill Disease,2,current_freshwater-72c8ee696d01,,Bacterial Gill Disease|current_freshwater,10
current_freshwater-2fbc2af712d8,current_freshwater,data/raw/current_freshwater/train_split/Bacterial gill disease/Bacterial gill disease_aug_43.jpg,train_split/Bacterial gill disease/Bacterial gill disease_aug_43.jpg,Bacterial gill disease,Bacterial Gill Disease,2,current_freshwater-2fbc2af712d8,,Bacterial Gill Disease|current_freshwater,10
current_freshwater-76f6ba60056b,current_freshwater,data/raw/current_freshwater/train_split/Bacterial gill disease/Bacterial gill disease_aug_47.jpg,train_split/Bacterial gill disease/Bacterial gill disease_aug_47.jpg,Bacterial gill disease,Bacterial Gill Disease,2,current_freshwater-76f6ba60056b,,Bacterial Gill Disease|current_freshwater,10
current_freshwater-cb9199499c1f,current_freshwater,data/raw/current_freshwater/train_split/Bacterial gill disease/Bacterial gill disease_aug_5.jpg,train_split/Bacterial gill disease/Bacterial gill disease_aug_5.jpg,Bacterial gill disease,Bacterial Gill Disease,2,current_freshwater-cb9199499c1f,,Bacterial Gill Disease|current_freshwater,10
current_freshwater-5472511d76f4,current_freshwater,data/raw/current_freshwater/train_split/Bacterial gill disease/Bacterial gill disease_aug_66.jpg,train_split/Bacterial gill disease/Bacterial gill disease_aug_66.jpg,Bacterial gill disease,Bacterial Gill Disease,2,current_freshwater-5472511d76f4,,Bacterial Gill Disease|current_freshwater,10
current_freshwater-f6872efb4558,current_freshwater,data/raw/current_freshwater/train_split/Bacterial gill disease/Bacterial gill disease_aug_72.jpg,train_split/Bacterial gill disease/Bacterial gill disease_aug_72.jpg,Bacterial gill disease,Bacterial Gill Disease,2,current_freshwater-f6872efb4558,,Bacterial Gill Disease|current_freshwater,10
current_freshwater-1206d17b3031,current_freshwater,data/raw/current_freshwater/train_split/Bacterial gill disease/Bacterial gill disease_aug_83.jpg,train_split/Bacterial gill disease/Bacterial gill disease_aug_83.jpg,Bacterial gill disease,Bacterial Gill Disease,2,current_freshwater-1206d17b3031,,Bacterial Gill Disease|current_freshwater,10
current_freshwater-76fc1bc7675c,current_freshwater,data/raw/current_freshwater/train_split/Bacterial gill disease/Bacterial gill disease_aug_89.jpg,train_split/Bacterial gill disease/Bacterial gill disease_aug_89.jpg,Bacterial gill disease,Bacterial Gill Disease,2,current_freshwater-76fc1bc7675c,,Bacterial Gill Disease|current_freshwater,10
roboflow-79f9b12ecb8e,roboflow,data/raw/roboflow/test/Bacterial gill disease/Bacterial-gill-disease-2-_jpeg.rf.15a682acdbb6568bbc8560622ebab06f.jpg,test/Bacterial gill disease/Bacterial-gill-disease-2-_jpeg.rf.15a682acdbb6568bbc8560622ebab06f.jpg,Bacterial gill disease,Bacterial Gill Disease,2,roboflow-79f9b12ecb8e,,Bacterial Gill Disease|roboflow,10
roboflow-544baf903566,roboflow,data/raw/roboflow/train/Bacterial gill disease/Bacterial-gill-disease-10-_jpg.rf.3f5b700b6e0a760cf308807a25530c1e.jpg,train/Bacterial gill disease/Bacterial-gill-disease-10-_jpg.rf.3f5b700b6e0a760cf308807a25530c1e.jpg,Bacterial gill disease,Bacterial Gill Disease,2,current_freshwater-9c08ff412a6d,,Bacterial Gill Disease|current_freshwater,10
roboflow-9742e09b8998,roboflow,data/raw/roboflow/train/Bacterial gill disease/Bacterial-gill-disease-13-_jpg.rf.e9fe9fa90418e3c6943d582d537d5c98.jpg,train/Bacterial gill disease/Bacterial-gill-disease-13-_jpg.rf.e9fe9fa90418e3c6943d582d537d5c98.jpg,Bacterial gill disease,Bacterial Gill Disease,2,roboflow-9742e09b8998,,Bacterial Gill Disease|roboflow,10
roboflow-e0717e40c825,roboflow,data/raw/roboflow/train/Bacterial gill disease/Bacterial-gill-disease-9-_jpg.rf.ef6ee5d0a0ca379b99b9f39b31353b52.jpg,train/Bacterial gill disease/Bacterial-gill-disease-9-_jpg.rf.ef6ee5d0a0ca379b99b9f39b31353b52.jpg,Bacterial gill disease,Bacterial Gill Disease,2,roboflow-e0717e40c825,,Bacterial Gill Disease|roboflow,10
current_freshwater-f8e2fda495e9,current_freshwater,data/raw/current_freshwater/test_split/EUS_EUS_178.jpg,test_split/EUS_EUS_178.jpg,EUS,EUS Disease,3,current_freshwater-f8e2fda495e9,,EUS Disease|current_freshwater,10
current_freshwater-737a74c8a006,current_freshwater,data/raw/current_freshwater/test_split/EUS_EUS_337.jpg,test_split/EUS_EUS_337.jpg,EUS,EUS Disease,3,current_freshwater-737a74c8a006,,EUS Disease|current_freshwater,10
current_freshwater-0e15633e8838,current_freshwater,data/raw/current_freshwater/test_split/EUS_EUS_64.jpg,test_split/EUS_EUS_64.jpg,EUS,EUS Disease,3,current_freshwater-0e15633e8838,,EUS Disease|current_freshwater,10
current_freshwater-e189556a44e9,current_freshwater,data/raw/current_freshwater/test_split/EUS_EUS_73.jpg,test_split/EUS_EUS_73.jpg,EUS,EUS Disease,3,current_freshwater-e189556a44e9,,EUS Disease|current_freshwater,10
current_freshwater-5427c0ff9ad1,current_freshwater,data/raw/current_freshwater/train_split/EUS/EUS_140.jpg,train_split/EUS/EUS_140.jpg,EUS,EUS Disease,3,current_freshwater-5427c0ff9ad1,,EUS Disease|current_freshwater,10
current_freshwater-3f1114207888,current_freshwater,data/raw/current_freshwater/train_split/EUS/EUS_149.jpg,train_split/EUS/EUS_149.jpg,EUS,EUS Disease,3,current_freshwater-3f1114207888,,EUS Disease|current_freshwater,10
current_freshwater-c06aea709869,current_freshwater,data/raw/current_freshwater/train_split/EUS/EUS_171.jpg,train_split/EUS/EUS_171.jpg,EUS,EUS Disease,3,current_freshwater-c06aea709869,,EUS Disease|current_freshwater,10
current_freshwater-6119480597b7,current_freshwater,data/raw/current_freshwater/train_split/EUS/EUS_180.jpg,train_split/EUS/EUS_180.jpg,EUS,EUS Disease,3,current_freshwater-6119480597b7,,EUS Disease|current_freshwater,10
current_freshwater-73707dc57460,current_freshwater,data/raw/current_freshwater/train_split/EUS/EUS_189.jpg,train_split/EUS/EUS_189.jpg,EUS,EUS Disease,3,current_freshwater-73707dc57460,,EUS Disease|current_freshwater,10
current_freshwater-29f025525f28,current_freshwater,data/raw/current_freshwater/train_split/EUS/EUS_194.jpg,train_split/EUS/EUS_194.jpg,EUS,EUS Disease,3,current_freshwater-29f025525f28,,EUS Disease|current_freshwater,10
current_freshwater-95aa518b4dd4,current_freshwater,data/raw/current_freshwater/train_split/EUS/EUS_248.jpg,train_split/EUS/EUS_248.jpg,EUS,EUS Disease,3,current_freshwater-95aa518b4dd4,,EUS Disease|current_freshwater,10
current_freshwater-8b3ee0d8d665,current_freshwater,data/raw/current_freshwater/train_split/EUS/EUS_258.jpg,train_split/EUS/EUS_258.jpg,EUS,EUS Disease,3,current_freshwater-38599d4f88a0,,EUS Disease|current_freshwater,10
current_freshwater-742be29b13a9,current_freshwater,data/raw/current_freshwater/train_split/EUS/EUS_284.jpg,train_split/EUS/EUS_284.jpg,EUS,EUS Disease,3,current_freshwater-742be29b13a9,,EUS Disease|current_freshwater,10
current_freshwater-d78aa3ed5f93,current_freshwater,data/raw/current_freshwater/train_split/EUS/EUS_295.jpg,train_split/EUS/EUS_295.jpg,EUS,EUS Disease,3,current_freshwater-d78aa3ed5f93,,EUS Disease|current_freshwater,10
current_freshwater-4eeb15b5489e,current_freshwater,data/raw/current_freshwater/train_split/EUS/EUS_3.jpg,train_split/EUS/EUS_3.jpg,EUS,EUS Disease,3,current_freshwater-4eeb15b5489e,,EUS Disease|current_freshwater,10
current_freshwater-299f09e9613c,current_freshwater,data/raw/current_freshwater/train_split/EUS/EUS_302.jpg,train_split/EUS/EUS_302.jpg,EUS,EUS Disease,3,current_freshwater-299f09e9613c,,EUS Disease|current_freshwater,10
current_freshwater-551f38f9abdd,current_freshwater,data/raw/current_freshwater/train_split/EUS/EUS_303.jpg,train_split/EUS/EUS_303.jpg,EUS,EUS Disease,3,current_freshwater-551f38f9abdd,,EUS Disease|current_freshwater,10
current_freshwater-3e5c46e53a87,current_freshwater,data/raw/current_freshwater/train_split/EUS/EUS_325.jpg,train_split/EUS/EUS_325.jpg,EUS,EUS Disease,3,current_freshwater-3e5c46e53a87,,EUS Disease|current_freshwater,10
current_freshwater-ed749a71a46c,current_freshwater,data/raw/current_freshwater/train_split/EUS/EUS_326.jpg,train_split/EUS/EUS_326.jpg,EUS,EUS Disease,3,current_freshwater-ed749a71a46c,,EUS Disease|current_freshwater,10
current_freshwater-72479600ac81,current_freshwater,data/raw/current_freshwater/train_split/EUS/EUS_88.jpg,train_split/EUS/EUS_88.jpg,EUS,EUS Disease,3,current_freshwater-72479600ac81,,EUS Disease|current_freshwater,10
current_freshwater-555d751ed2e1,current_freshwater,data/raw/current_freshwater/train_split/EUS/EUS_92.jpg,train_split/EUS/EUS_92.jpg,EUS,EUS Disease,3,current_freshwater-555d751ed2e1,,EUS Disease|current_freshwater,10
current_freshwater-e5f12d86a65a,current_freshwater,data/raw/current_freshwater/train_split/EUS/EUS_aug_0.jpg,train_split/EUS/EUS_aug_0.jpg,EUS,EUS Disease,3,current_freshwater-6119480597b7,,EUS Disease|current_freshwater,10
current_freshwater-c766eed586ba,current_freshwater,data/raw/current_freshwater/train_split/EUS/EUS_aug_107.jpg,train_split/EUS/EUS_aug_107.jpg,EUS,EUS Disease,3,current_freshwater-c766eed586ba,,EUS Disease|current_freshwater,10
current_freshwater-407235321e24,current_freshwater,data/raw/current_freshwater/train_split/EUS/EUS_aug_137.jpg,train_split/EUS/EUS_aug_137.jpg,EUS,EUS Disease,3,current_freshwater-407235321e24,,EUS Disease|current_freshwater,10
current_freshwater-c815dd7c7789,current_freshwater,data/raw/current_freshwater/train_split/EUS/EUS_aug_155.jpg,train_split/EUS/EUS_aug_155.jpg,EUS,EUS Disease,3,current_freshwater-c815dd7c7789,,EUS Disease|current_freshwater,10
current_freshwater-1a4b52d60fda,current_freshwater,data/raw/current_freshwater/train_split/EUS/EUS_aug_159.jpg,train_split/EUS/EUS_aug_159.jpg,EUS,EUS Disease,3,current_freshwater-1a4b52d60fda,,EUS Disease|current_freshwater,10
current_freshwater-68e20cc828c9,current_freshwater,data/raw/current_freshwater/train_split/EUS/EUS_aug_163.jpg,train_split/EUS/EUS_aug_163.jpg,EUS,EUS Disease,3,current_freshwater-38599d4f88a0,,EUS Disease|current_freshwater,10
current_freshwater-ff64a35742d3,current_freshwater,data/raw/current_freshwater/train_split/EUS/EUS_aug_176.jpg,train_split/EUS/EUS_aug_176.jpg,EUS,EUS Disease,3,current_freshwater-ff64a35742d3,,EUS Disease|current_freshwater,10
current_freshwater-3c3e6ac8d9b3,current_freshwater,data/raw/current_freshwater/train_split/EUS/EUS_aug_19.jpg,train_split/EUS/EUS_aug_19.jpg,EUS,EUS Disease,3,current_freshwater-3c3e6ac8d9b3,,EUS Disease|current_freshwater,10
current_freshwater-52cfe0a459dc,current_freshwater,data/raw/current_freshwater/train_split/EUS/EUS_aug_21.jpg,train_split/EUS/EUS_aug_21.jpg,EUS,EUS Disease,3,current_freshwater-52cfe0a459dc,,EUS Disease|current_freshwater,10
current_freshwater-86fa680f2f7e,current_freshwater,data/raw/current_freshwater/train_split/EUS/EUS_aug_22.jpg,train_split/EUS/EUS_aug_22.jpg,EUS,EUS Disease,3,current_freshwater-86fa680f2f7e,,EUS Disease|current_freshwater,10
current_freshwater-4975363718c1,current_freshwater,data/raw/current_freshwater/train_split/EUS/EUS_aug_220.jpg,train_split/EUS/EUS_aug_220.jpg,EUS,EUS Disease,3,current_freshwater-4975363718c1,,EUS Disease|current_freshwater,10
current_freshwater-6cfa2bfcc582,current_freshwater,data/raw/current_freshwater/train_split/EUS/EUS_aug_52.jpg,train_split/EUS/EUS_aug_52.jpg,EUS,EUS Disease,3,current_freshwater-6cfa2bfcc582,,EUS Disease|current_freshwater,10
current_freshwater-1b6b8913578b,current_freshwater,data/raw/current_freshwater/train_split/EUS/EUS_aug_96.jpg,train_split/EUS/EUS_aug_96.jpg,EUS,EUS Disease,3,current_freshwater-1b6b8913578b,,EUS Disease|current_freshwater,10
kaptai-2038e99a747c,kaptai,data/raw/kaptai/EUS/11.jpg,EUS/11.jpg,EUS,EUS Disease,3,current_freshwater-4eeb15b5489e,,EUS Disease|current_freshwater,10
kaptai-cd05e2489223,kaptai,data/raw/kaptai/EUS/20.jpg,EUS/20.jpg,EUS,EUS Disease,3,kaptai-cd05e2489223,,EUS Disease|kaptai,10
current_freshwater-7649d02e2954,current_freshwater,data/raw/current_freshwater/train_split/Fungal diseases Saprolegniasis/Fungal diseases Saprolegniasis_119.jpg,train_split/Fungal diseases Saprolegniasis/Fungal diseases Saprolegniasis_119.jpg,Fungal diseases Saprolegniasis,Saprolegniasis,4,current_freshwater-7649d02e2954,,Saprolegniasis|current_freshwater,10
current_freshwater-08f1399fc1ae,current_freshwater,data/raw/current_freshwater/train_split/Fungal diseases Saprolegniasis/Fungal diseases Saprolegniasis_2.jpg,train_split/Fungal diseases Saprolegniasis/Fungal diseases Saprolegniasis_2.jpg,Fungal diseases Saprolegniasis,Saprolegniasis,4,current_freshwater-08f1399fc1ae,,Saprolegniasis|current_freshwater,10
current_freshwater-51df89927adb,current_freshwater,data/raw/current_freshwater/train_split/Fungal diseases Saprolegniasis/Fungal diseases Saprolegniasis_37.jpg,train_split/Fungal diseases Saprolegniasis/Fungal diseases Saprolegniasis_37.jpg,Fungal diseases Saprolegniasis,Saprolegniasis,4,current_freshwater-51df89927adb,,Saprolegniasis|current_freshwater,10
current_freshwater-a149a2687aa5,current_freshwater,data/raw/current_freshwater/train_split/Fungal diseases Saprolegniasis/Fungal diseases Saprolegniasis_67.jpg,train_split/Fungal diseases Saprolegniasis/Fungal diseases Saprolegniasis_67.jpg,Fungal diseases Saprolegniasis,Saprolegniasis,4,current_freshwater-a149a2687aa5,,Saprolegniasis|current_freshwater,10
current_freshwater-375dfaca9849,current_freshwater,data/raw/current_freshwater/train_split/Fungal diseases Saprolegniasis/Fungal diseases Saprolegniasis_69.jpg,train_split/Fungal diseases Saprolegniasis/Fungal diseases Saprolegniasis_69.jpg,Fungal diseases Saprolegniasis,Saprolegniasis,4,current_freshwater-00b7e16b1be1,,Saprolegniasis|current_freshwater,10
current_freshwater-1fcda5259350,current_freshwater,data/raw/current_freshwater/train_split/Fungal diseases Saprolegniasis/Fungal diseases Saprolegniasis_70.jpg,train_split/Fungal diseases Saprolegniasis/Fungal diseases Saprolegniasis_70.jpg,Fungal diseases Saprolegniasis,Saprolegniasis,4,current_freshwater-1fcda5259350,,Saprolegniasis|current_freshwater,10
current_freshwater-418ad5348973,current_freshwater,data/raw/current_freshwater/train_split/Fungal diseases Saprolegniasis/Fungal diseases Saprolegniasis_76.jpg,train_split/Fungal diseases Saprolegniasis/Fungal diseases Saprolegniasis_76.jpg,Fungal diseases Saprolegniasis,Saprolegniasis,4,current_freshwater-418ad5348973,,Saprolegniasis|current_freshwater,10
current_freshwater-932cdb807661,current_freshwater,data/raw/current_freshwater/train_split/Fungal diseases Saprolegniasis/Fungal diseases Saprolegniasis_87.jpg,train_split/Fungal diseases Saprolegniasis/Fungal diseases Saprolegniasis_87.jpg,Fungal diseases Saprolegniasis,Saprolegniasis,4,current_freshwater-932cdb807661,,Saprolegniasis|current_freshwater,10
current_freshwater-92b9f9ddde12,current_freshwater,data/raw/current_freshwater/train_split/Fungal diseases Saprolegniasis/Fungal diseases Saprolegniasis_aug_114.jpg,train_split/Fungal diseases Saprolegniasis/Fungal diseases Saprolegniasis_aug_114.jpg,Fungal diseases Saprolegniasis,Saprolegniasis,4,current_freshwater-92b9f9ddde12,,Saprolegniasis|current_freshwater,10
current_freshwater-9b25f17bdd8d,current_freshwater,data/raw/current_freshwater/train_split/Fungal diseases Saprolegniasis/Fungal diseases Saprolegniasis_aug_123.jpg,train_split/Fungal diseases Saprolegniasis/Fungal diseases Saprolegniasis_aug_123.jpg,Fungal diseases Saprolegniasis,Saprolegniasis,4,current_freshwater-51df89927adb,,Saprolegniasis|current_freshwater,10
current_freshwater-f3b8de880bf1,current_freshwater,data/raw/current_freshwater/train_split/Fungal diseases Saprolegniasis/Fungal diseases Saprolegniasis_aug_133.jpg,train_split/Fungal diseases Saprolegniasis/Fungal diseases Saprolegniasis_aug_133.jpg,Fungal diseases Saprolegniasis,Saprolegniasis,4,current_freshwater-f3b8de880bf1,,Saprolegniasis|current_freshwater,10
current_freshwater-70e0dc7ff0b6,current_freshwater,data/raw/current_freshwater/train_split/Fungal diseases Saprolegniasis/Fungal diseases Saprolegniasis_aug_159.jpg,train_split/Fungal diseases Saprolegniasis/Fungal diseases Saprolegniasis_aug_159.jpg,Fungal diseases Saprolegniasis,Saprolegniasis,4,current_freshwater-70e0dc7ff0b6,,Saprolegniasis|current_freshwater,10
current_freshwater-5d2c0f173ef4,current_freshwater,data/raw/current_freshwater/train_split/Fungal diseases Saprolegniasis/Fungal diseases Saprolegniasis_aug_162.jpg,train_split/Fungal diseases Saprolegniasis/Fungal diseases Saprolegniasis_aug_162.jpg,Fungal diseases Saprolegniasis,Saprolegniasis,4,current_freshwater-5d2c0f173ef4,,Saprolegniasis|current_freshwater,10
current_freshwater-1cf79ecc0aa8,current_freshwater,data/raw/current_freshwater/train_split/Fungal diseases Saprolegniasis/Fungal diseases Saprolegniasis_aug_179.jpg,train_split/Fungal diseases Saprolegniasis/Fungal diseases Saprolegniasis_aug_179.jpg,Fungal diseases Saprolegniasis,Saprolegniasis,4,current_freshwater-1cf79ecc0aa8,,Saprolegniasis|current_freshwater,10
current_freshwater-72be833aaa99,current_freshwater,data/raw/current_freshwater/train_split/Fungal diseases Saprolegniasis/Fungal diseases Saprolegniasis_aug_198.jpg,train_split/Fungal diseases Saprolegniasis/Fungal diseases Saprolegniasis_aug_198.jpg,Fungal diseases Saprolegniasis,Saprolegniasis,4,current_freshwater-1fcda5259350,,Saprolegniasis|current_freshwater,10
current_freshwater-f141c9a3663a,current_freshwater,data/raw/current_freshwater/train_split/Fungal diseases Saprolegniasis/Fungal diseases Saprolegniasis_aug_20.jpg,train_split/Fungal diseases Saprolegniasis/Fungal diseases Saprolegniasis_aug_20.jpg,Fungal diseases Saprolegniasis,Saprolegniasis,4,current_freshwater-f141c9a3663a,,Saprolegniasis|current_freshwater,10
current_freshwater-92c48b9d2495,current_freshwater,data/raw/current_freshwater/train_split/Fungal diseases Saprolegniasis/Fungal diseases Saprolegniasis_aug_205.jpg,train_split/Fungal diseases Saprolegniasis/Fungal diseases Saprolegniasis_aug_205.jpg,Fungal diseases Saprolegniasis,Saprolegniasis,4,current_freshwater-92c48b9d2495,,Saprolegniasis|current_freshwater,10
current_freshwater-104fec8db8b6,current_freshwater,data/raw/current_freshwater/train_split/Fungal diseases Saprolegniasis/Fungal diseases Saprolegniasis_aug_226.jpg,train_split/Fungal diseases Saprolegniasis/Fungal diseases Saprolegniasis_aug_226.jpg,Fungal diseases Saprolegniasis,Saprolegniasis,4,current_freshwater-104fec8db8b6,,Saprolegniasis|current_freshwater,10
current_freshwater-7308119c1f4b,current_freshwater,data/raw/current_freshwater/train_split/Fungal diseases Saprolegniasis/Fungal diseases Saprolegniasis_aug_255.jpg,train_split/Fungal diseases Saprolegniasis/Fungal diseases Saprolegniasis_aug_255.jpg,Fungal diseases Saprolegniasis,Saprolegniasis,4,current_freshwater-7308119c1f4b,,Saprolegniasis|current_freshwater,10
current_freshwater-31e3aba52433,current_freshwater,data/raw/current_freshwater/train_split/Fungal diseases Saprolegniasis/Fungal diseases Saprolegniasis_aug_287.jpg,train_split/Fungal diseases Saprolegniasis/Fungal diseases Saprolegniasis_aug_287.jpg,Fungal diseases Saprolegniasis,Saprolegniasis,4,current_freshwater-31e3aba52433,,Saprolegniasis|current_freshwater,10
current_freshwater-f4179ce7d679,current_freshwater,data/raw/current_freshwater/train_split/Fungal diseases Saprolegniasis/Fungal diseases Saprolegniasis_aug_301.jpg,train_split/Fungal diseases Saprolegniasis/Fungal diseases Saprolegniasis_aug_301.jpg,Fungal diseases Saprolegniasis,Saprolegniasis,4,current_freshwater-00b7e16b1be1,,Saprolegniasis|current_freshwater,10
current_freshwater-aadaa39af666,current_freshwater,data/raw/current_freshwater/train_split/Fungal diseases Saprolegniasis/Fungal diseases Saprolegniasis_aug_304.jpg,train_split/Fungal diseases Saprolegniasis/Fungal diseases Saprolegniasis_aug_304.jpg,Fungal diseases Saprolegniasis,Saprolegniasis,4,current_freshwater-aadaa39af666,,Saprolegniasis|current_freshwater,10
current_freshwater-fb46bd32a23c,current_freshwater,data/raw/current_freshwater/train_split/Fungal diseases Saprolegniasis/Fungal diseases Saprolegniasis_aug_315.jpg,train_split/Fungal diseases Saprolegniasis/Fungal diseases Saprolegniasis_aug_315.jpg,Fungal diseases Saprolegniasis,Saprolegniasis,4,current_freshwater-fb46bd32a23c,,Saprolegniasis|current_freshwater,10
current_freshwater-ed73faf593f1,current_freshwater,data/raw/current_freshwater/train_split/Fungal diseases Saprolegniasis/Fungal diseases Saprolegniasis_aug_322.jpg,train_split/Fungal diseases Saprolegniasis/Fungal diseases Saprolegniasis_aug_322.jpg,Fungal diseases Saprolegniasis,Saprolegniasis,4,current_freshwater-ed73faf593f1,,Saprolegniasis|current_freshwater,10
current_freshwater-92e3dd862e3a,current_freshwater,data/raw/current_freshwater/train_split/Fungal diseases Saprolegniasis/Fungal diseases Saprolegniasis_aug_335.jpg,train_split/Fungal diseases Saprolegniasis/Fungal diseases Saprolegniasis_aug_335.jpg,Fungal diseases Saprolegniasis,Saprolegniasis,4,current_freshwater-92e3dd862e3a,,Saprolegniasis|current_freshwater,10
current_freshwater-7ec51a34d071,current_freshwater,data/raw/current_freshwater/train_split/Fungal diseases Saprolegniasis/Fungal diseases Saprolegniasis_aug_356.jpg,train_split/Fungal diseases Saprolegniasis/Fungal diseases Saprolegniasis_aug_356.jpg,Fungal diseases Saprolegniasis,Saprolegniasis,4,current_freshwater-7ec51a34d071,,Saprolegniasis|current_freshwater,10
current_freshwater-b5442c197a3f,current_freshwater,data/raw/current_freshwater/train_split/Fungal diseases Saprolegniasis/Fungal diseases Saprolegniasis_aug_360.jpg,train_split/Fungal diseases Saprolegniasis/Fungal diseases Saprolegniasis_aug_360.jpg,Fungal diseases Saprolegniasis,Saprolegniasis,4,current_freshwater-b5442c197a3f,,Saprolegniasis|current_freshwater,10
current_freshwater-a86f49953e63,current_freshwater,data/raw/current_freshwater/train_split/Fungal diseases Saprolegniasis/Fungal diseases Saprolegniasis_aug_373.jpg,train_split/Fungal diseases Saprolegniasis/Fungal diseases Saprolegniasis_aug_373.jpg,Fungal diseases Saprolegniasis,Saprolegniasis,4,current_freshwater-a86f49953e63,,Saprolegniasis|current_freshwater,10
current_freshwater-b2092638e7eb,current_freshwater,data/raw/current_freshwater/train_split/Fungal diseases Saprolegniasis/Fungal diseases Saprolegniasis_aug_378.jpg,train_split/Fungal diseases Saprolegniasis/Fungal diseases Saprolegniasis_aug_378.jpg,Fungal diseases Saprolegniasis,Saprolegniasis,4,current_freshwater-5d2c0f173ef4,,Saprolegniasis|current_freshwater,10
current_freshwater-65a7d3bf158b,current_freshwater,data/raw/current_freshwater/train_split/Fungal diseases Saprolegniasis/Fungal diseases Saprolegniasis_aug_386.jpg,train_split/Fungal diseases Saprolegniasis/Fungal diseases Saprolegniasis_aug_386.jpg,Fungal diseases Saprolegniasis,Saprolegniasis,4,current_freshwater-65a7d3bf158b,,Saprolegniasis|current_freshwater,10
current_freshwater-2e64e629bd33,current_freshwater,data/raw/current_freshwater/train_split/Fungal diseases Saprolegniasis/Fungal diseases Saprolegniasis_aug_5.jpg,train_split/Fungal diseases Saprolegniasis/Fungal diseases Saprolegniasis_aug_5.jpg,Fungal diseases Saprolegniasis,Saprolegniasis,4,current_freshwater-2e64e629bd33,,Saprolegniasis|current_freshwater,10
roboflow-9e5338f2b17e,roboflow,data/raw/roboflow/train/Fungal diseases Saprolegniasis/Fungal-diseases-Saprolegniasis-2-_jpg.rf.e0b3a95a3d203ca7e3cec08bf27cea94.jpg,train/Fungal diseases Saprolegniasis/Fungal-diseases-Saprolegniasis-2-_jpg.rf.e0b3a95a3d203ca7e3cec08bf27cea94.jpg,Fungal diseases Saprolegniasis,Saprolegniasis,4,current_freshwater-08f1399fc1ae,,Saprolegniasis|current_freshwater,10
roboflow-616a423a5570,roboflow,data/raw/roboflow/train/Fungal diseases Saprolegniasis/Fungal-diseases-Saprolegniasis-26-_jpg.rf.01a2a52f9ccf79e81d13ac454933c3f7.jpg,train/Fungal diseases Saprolegniasis/Fungal-diseases-Saprolegniasis-26-_jpg.rf.01a2a52f9ccf79e81d13ac454933c3f7.jpg,Fungal diseases Saprolegniasis,Saprolegniasis,4,current_freshwater-51df89927adb,,Saprolegniasis|current_freshwater,10
roboflow-f1450c80ea58,roboflow,data/raw/roboflow/valid/Fungal diseases Saprolegniasis/Fungal-diseases-Saprolegniasis-12-_jpeg.rf.70c4c6c0181b18f11448801ece1c5981.jpg,valid/Fungal diseases Saprolegniasis/Fungal-diseases-Saprolegniasis-12-_jpeg.rf.70c4c6c0181b18f11448801ece1c5981.jpg,Fungal diseases Saprolegniasis,Saprolegniasis,4,roboflow-f1450c80ea58,,Saprolegniasis|roboflow,10
current_freshwater-67f0f6744c5d,current_freshwater,data/raw/current_freshwater/test_split/Parasitic diseases_Parasitic diseases_48.jpg,test_split/Parasitic diseases_Parasitic diseases_48.jpg,Parasitic diseases,Parasitic Disease,5,current_freshwater-0547be0b2b49,,Parasitic Disease|current_freshwater,10
current_freshwater-3dbc8f3d4be6,current_freshwater,data/raw/current_freshwater/train_split/Parasitic diseases/Parasitic diseases_106.jpg,train_split/Parasitic diseases/Parasitic diseases_106.jpg,Parasitic diseases,Parasitic Disease,5,current_freshwater-3dbc8f3d4be6,,Parasitic Disease|current_freshwater,10
current_freshwater-3750f614bfa1,current_freshwater,data/raw/current_freshwater/train_split/Parasitic diseases/Parasitic diseases_156.jpg,train_split/Parasitic diseases/Parasitic diseases_156.jpg,Parasitic diseases,Parasitic Disease,5,current_freshwater-3750f614bfa1,,Parasitic Disease|current_freshwater,10
current_freshwater-d086957fabb5,current_freshwater,data/raw/current_freshwater/train_split/Parasitic diseases/Parasitic diseases_195.jpg,train_split/Parasitic diseases/Parasitic diseases_195.jpg,Parasitic diseases,Parasitic Disease,5,current_freshwater-0082b6b8ee98,,Parasitic Disease|current_freshwater,10
current_freshwater-250f6f764d91,current_freshwater,data/raw/current_freshwater/train_split/Parasitic diseases/Parasitic diseases_198.jpg,train_split/Parasitic diseases/Parasitic diseases_198.jpg,Parasitic diseases,Parasitic Disease,5,current_freshwater-250f6f764d91,,Parasitic Disease|current_freshwater,10
current_freshwater-ba8d73725956,current_freshwater,data/raw/current_freshwater/train_split/Parasitic diseases/Parasitic diseases_206.jpg,train_split/Parasitic diseases/Parasitic diseases_206.jpg,Parasitic diseases,Parasitic Disease,5,current_freshwater-ba8d73725956,,Parasitic Disease|current_freshwater,10
current_freshwater-25ac92c1ce00,current_freshwater,data/raw/current_freshwater/train_split/Parasitic diseases/Parasitic diseases_244.jpg,train_split/Parasitic diseases/Parasitic diseases_244.jpg,Parasitic diseases,Parasitic Disease,5,current_freshwater-25ac92c1ce00,,Parasitic Disease|current_freshwater,10
current_freshwater-a8c13b7f1bfc,current_freshwater,data/raw/current_freshwater/train_split/Parasitic diseases/Parasitic diseases_26.jpg,train_split/Parasitic diseases/Parasitic diseases_26.jpg,Parasitic diseases,Parasitic Disease,5,current_freshwater-a8c13b7f1bfc,,Parasitic Disease|current_freshwater,10
current_freshwater-c0fd173d66d6,current_freshwater,data/raw/current_freshwater/train_split/Parasitic diseases/Parasitic diseases_32.png,train_split/Parasitic diseases/Parasitic diseases_32.png,Parasitic diseases,Parasitic Disease,5,current_freshwater-c0fd173d66d6,,Parasitic Disease|current_freshwater,10
current_freshwater-816447db5c83,current_freshwater,data/raw/current_freshwater/train_split/Parasitic diseases/Parasitic diseases_35.jpg,train_split/Parasitic diseases/Parasitic diseases_35.jpg,Parasitic diseases,Parasitic Disease,5,current_freshwater-816447db5c83,,Parasitic Disease|current_freshwater,10
current_freshwater-a500c40bd3b4,current_freshwater,data/raw/current_freshwater/train_split/Parasitic diseases/Parasitic diseases_46.jpg,train_split/Parasitic diseases/Parasitic diseases_46.jpg,Parasitic diseases,Parasitic Disease,5,current_freshwater-a500c40bd3b4,,Parasitic Disease|current_freshwater,10
current_freshwater-7edc2f74ce84,current_freshwater,data/raw/current_freshwater/train_split/Parasitic diseases/Parasitic diseases_5.jpg,train_split/Parasitic diseases/Parasitic diseases_5.jpg,Parasitic diseases,Parasitic Disease,5,current_freshwater-7edc2f74ce84,,Parasitic Disease|current_freshwater,10
current_freshwater-9b0403ea875b,current_freshwater,data/raw/current_freshwater/train_split/Parasitic diseases/Parasitic diseases_56.jpg,train_split/Parasitic diseases/Parasitic diseases_56.jpg,Parasitic diseases,Parasitic Disease,5,current_freshwater-9b0403ea875b,,Parasitic Disease|current_freshwater,10
current_freshwater-7f6070aad262,current_freshwater,data/raw/current_freshwater/train_split/Parasitic diseases/Parasitic diseases_80.jpg,train_split/Parasitic diseases/Parasitic diseases_80.jpg,Parasitic diseases,Parasitic Disease,5,current_freshwater-7f6070aad262,,Parasitic Disease|current_freshwater,10
current_freshwater-0547be0b2b49,current_freshwater,data/raw/current_freshwater/train_split/Parasitic diseases/Parasitic diseases_aug_102.jpg,train_split/Parasitic diseases/Parasitic diseases_aug_102.jpg,Parasitic diseases,Parasitic Disease,5,current_freshwater-0547be0b2b49,,Parasitic Disease|current_freshwater,10
current_freshwater-bf5f9a7c3b31,current_freshwater,data/raw/current_freshwater/train_split/Parasitic diseases/Parasitic diseases_aug_112.jpg,train_split/Parasitic diseases/Parasitic diseases_aug_112.jpg,Parasitic diseases,Parasitic Disease,5,current_freshwater-7f6070aad262,,Parasitic Disease|current_freshwater,10
current_freshwater-359c81a6932e,current_freshwater,data/raw/current_freshwater/train_split/Parasitic diseases/Parasitic diseases_aug_115.jpg,train_split/Parasitic diseases/Parasitic diseases_aug_115.jpg,Parasitic diseases,Parasitic Disease,5,current_freshwater-359c81a6932e,,Parasitic Disease|current_freshwater,10
current_freshwater-e1a0647e7790,current_freshwater,data/raw/current_freshwater/train_split/Parasitic diseases/Parasitic diseases_aug_144.jpg,train_split/Parasitic diseases/Parasitic diseases_aug_144.jpg,Parasitic diseases,Parasitic Disease,5,current_freshwater-e1a0647e7790,,Parasitic Disease|current_freshwater,10
current_freshwater-4d509acc7594,current_freshwater,data/raw/current_freshwater/train_split/Parasitic diseases/Parasitic diseases_aug_167.jpg,train_split/Parasitic diseases/Parasitic diseases_aug_167.jpg,Parasitic diseases,Parasitic Disease,5,current_freshwater-4d509acc7594,,Parasitic Disease|current_freshwater,10
current_freshwater-49550657c8a1,current_freshwater,data/raw/current_freshwater/train_split/Parasitic diseases/Parasitic diseases_aug_186.jpg,train_split/Parasitic diseases/Parasitic diseases_aug_186.jpg,Parasitic diseases,Parasitic Disease,5,current_freshwater-49550657c8a1,,Parasitic Disease|current_freshwater,10
current_freshwater-adb5c97e0b97,current_freshwater,data/raw/current_freshwater/train_split/Parasitic diseases/Parasitic diseases_aug_195.jpg,train_split/Parasitic diseases/Parasitic diseases_aug_195.jpg,Parasitic diseases,Parasitic Disease,5,current_freshwater-adb5c97e0b97,,Parasitic Disease|current_freshwater,10
current_freshwater-cbd3312a7727,current_freshwater,data/raw/current_freshwater/train_split/Parasitic diseases/Parasitic diseases_aug_199.jpg,train_split/Parasitic diseases/Parasitic diseases_aug_199.jpg,Parasitic diseases,Parasitic Disease,5,current_freshwater-cbd3312a7727,,Parasitic Disease|current_freshwater,10
current_freshwater-185147d7c7b0,current_freshwater,data/raw/current_freshwater/train_split/Parasitic diseases/Parasitic diseases_aug_222.jpg,train_split/Parasitic diseases/Parasitic diseases_aug_222.jpg,Parasitic diseases,Parasitic Disease,5,current_freshwater-185147d7c7b0,,Parasitic Disease|current_freshwater,10
current_freshwater-cb1279679d4e,current_freshwater,data/raw/current_freshwater/train_split/Parasitic diseases/Parasitic diseases_aug_245.jpg,train_split/Parasitic diseases/Parasitic diseases_aug_245.jpg,Parasitic diseases,Parasitic Disease,5,current_freshwater-cb1279679d4e,,Parasitic Disease|current_freshwater,10
current_freshwater-515156ffdaa6,current_freshwater,data/raw/current_freshwater/train_split/Parasitic diseases/Parasitic diseases_aug_248.jpg,train_split/Parasitic diseases/Parasitic diseases_aug_248.jpg,Parasitic diseases,Parasitic Disease,5,current_freshwater-515156ffdaa6,,Parasitic Disease|current_freshwater,10
current_freshwater-cfa1f1b1e328,current_freshwater,data/raw/current_freshwater/train_split/Parasitic diseases/Parasitic diseases_aug_268.jpg,train_split/Parasitic diseases/Parasitic diseases_aug_268.jpg,Parasitic diseases,Parasitic Disease,5,current_freshwater-cfa1f1b1e328,,Parasitic Disease|current_freshwater,10
current_freshwater-465a80f0591b,current_freshwater,data/raw/current_freshwater/train_split/Parasitic diseases/Parasitic diseases_aug_272.jpg,train_split/Parasitic diseases/Parasitic diseases_aug_272.jpg,Parasitic diseases,Parasitic Disease,5,current_freshwater-465a80f0591b,,Parasitic Disease|current_freshwater,10
current_freshwater-e270df47f0ce,current_freshwater,data/raw/current_freshwater/train_split/Parasitic diseases/Parasitic diseases_aug_286.jpg,train_split/Parasitic diseases/Parasitic diseases_aug_286.jpg,Parasitic diseases,Parasitic Disease,5,current_freshwater-e270df47f0ce,,Parasitic Disease|current_freshwater,10
current_freshwater-152b26e2af72,current_freshwater,data/raw/current_freshwater/train_split/Parasitic diseases/Parasitic diseases_aug_301.jpg,train_split/Parasitic diseases/Parasitic diseases_aug_301.jpg,Parasitic diseases,Parasitic Disease,5,current_freshwater-152b26e2af72,,Parasitic Disease|current_freshwater,10
current_freshwater-71f9881a727e,current_freshwater,data/raw/current_freshwater/train_split/Parasitic diseases/Parasitic diseases_aug_31.jpg,train_split/Parasitic diseases/Parasitic diseases_aug_31.jpg,Parasitic diseases,Parasitic Disease,5,current_freshwater-71f9881a727e,,Parasitic Disease|current_freshwater,10
current_freshwater-95bcb37dbe0e,current_freshwater,data/raw/current_freshwater/train_split/Parasitic diseases/Parasitic diseases_aug_47.jpg,train_split/Parasitic diseases/Parasitic diseases_aug_47.jpg,Parasitic diseases,Parasitic Disease,5,current_freshwater-95bcb37dbe0e,,Parasitic Disease|current_freshwater,10
current_freshwater-a59f81ab0daa,current_freshwater,data/raw/current_freshwater/train_split/Parasitic diseases/Parasitic diseases_aug_69.jpg,train_split/Parasitic diseases/Parasitic diseases_aug_69.jpg,Parasitic diseases,Parasitic Disease,5,current_freshwater-a59f81ab0daa,,Parasitic Disease|current_freshwater,10
current_freshwater-0082b6b8ee98,current_freshwater,data/raw/current_freshwater/train_split/Parasitic diseases/Parasitic diseases_aug_83.jpg,train_split/Parasitic diseases/Parasitic diseases_aug_83.jpg,Parasitic diseases,Parasitic Disease,5,current_freshwater-0082b6b8ee98,,Parasitic Disease|current_freshwater,10
roboflow-751ff5cc2e15,roboflow,data/raw/roboflow/train/Parasitic diseases/Parasitic-diseases-1-_jpg.rf.64be9511484472fd986a6d6a13e60f12.jpg,train/Parasitic diseases/Parasitic-diseases-1-_jpg.rf.64be9511484472fd986a6d6a13e60f12.jpg,Parasitic diseases,Parasitic Disease,5,roboflow-751ff5cc2e15,,Parasitic Disease|roboflow,10
roboflow-0a57fbd58acd,roboflow,data/raw/roboflow/train/Parasitic diseases/Parasitic-diseases-2-_png.rf.d69a2439935376edecd81bb226ca16c4.jpg,train/Parasitic diseases/Parasitic-diseases-2-_png.rf.d69a2439935376edecd81bb226ca16c4.jpg,Parasitic diseases,Parasitic Disease,5,current_freshwater-c0fd173d66d6,,Parasitic Disease|current_freshwater,10
roboflow-9d0f42079f1e,roboflow,data/raw/roboflow/train/Parasitic diseases/Parasitic-diseases-24-_jpg.rf.c9ee999c0d1247da8fd1cbd4c510768f.jpg,train/Parasitic diseases/Parasitic-diseases-24-_jpg.rf.c9ee999c0d1247da8fd1cbd4c510768f.jpg,Parasitic diseases,Parasitic Disease,5,current_freshwater-a8c13b7f1bfc,,Parasitic Disease|current_freshwater,10
current_freshwater-54e431e39840,current_freshwater,data/raw/current_freshwater/test_split/Viral diseases White tail disease_Viral diseases White tail disease_27.jpg,test_split/Viral diseases White tail disease_Viral diseases White tail disease_27.jpg,Viral diseases White tail disease,White Tail Disease,6,current_freshwater-54e431e39840,,White Tail Disease|current_freshwater,10
current_freshwater-74619c42c08d,current_freshwater,data/raw/current_freshwater/train_split/Viral diseases White tail disease/Viral diseases White tail disease_155.jpg,train_split/Viral diseases White tail disease/Viral diseases White tail disease_155.jpg,Viral diseases White tail disease,White Tail Disease,6,current_freshwater-74619c42c08d,,White Tail Disease|current_freshwater,10
current_freshwater-cdca0eddf957,current_freshwater,data/raw/current_freshwater/train_split/Viral diseases White tail disease/Viral diseases White tail disease_180.jpg,train_split/Viral diseases White tail disease/Viral diseases White tail disease_180.jpg,Viral diseases White tail disease,White Tail Disease,6,current_freshwater-cdca0eddf957,,White Tail Disease|current_freshwater,10
current_freshwater-8d11d82e6ac9,current_freshwater,data/raw/current_freshwater/train_split/Viral diseases White tail disease/Viral diseases White tail disease_208.jpg,train_split/Viral diseases White tail disease/Viral diseases White tail disease_208.jpg,Viral diseases White tail disease,White Tail Disease,6,current_freshwater-2d57b186b7b5,,White Tail Disease|current_freshwater,10
current_freshwater-d756ca5573b4,current_freshwater,data/raw/current_freshwater/train_split/Viral diseases White tail disease/Viral diseases White tail disease_242.jpg,train_split/Viral diseases White tail disease/Viral diseases White tail disease_242.jpg,Viral diseases White tail disease,White Tail Disease,6,current_freshwater-d756ca5573b4,,White Tail Disease|current_freshwater,10
current_freshwater-7d27f79538d0,current_freshwater,data/raw/current_freshwater/train_split/Viral diseases White tail disease/Viral diseases White tail disease_26.jpg,train_split/Viral diseases White tail disease/Viral diseases White tail disease_26.jpg,Viral diseases White tail disease,White Tail Disease,6,current_freshwater-7d27f79538d0,,White Tail Disease|current_freshwater,10
current_freshwater-3d2602588846,current_freshwater,data/raw/current_freshwater/train_split/Viral diseases White tail disease/Viral diseases White tail disease_41.jpg,train_split/Viral diseases White tail disease/Viral diseases White tail disease_41.jpg,Viral diseases White tail disease,White Tail Disease,6,current_freshwater-3d2602588846,,White Tail Disease|current_freshwater,10
current_freshwater-c40d7f664743,current_freshwater,data/raw/current_freshwater/train_split/Viral diseases White tail disease/Viral diseases White tail disease_aug_116.jpg,train_split/Viral diseases White tail disease/Viral diseases White tail disease_aug_116.jpg,Viral diseases White tail disease,White Tail Disease,6,current_freshwater-c40d7f664743,,White Tail Disease|current_freshwater,10
current_freshwater-5320bf6fa042,current_freshwater,data/raw/current_freshwater/train_split/Viral diseases White tail disease/Viral diseases White tail disease_aug_144.jpg,train_split/Viral diseases White tail disease/Viral diseases White tail disease_aug_144.jpg,Viral diseases White tail disease,White Tail Disease,6,current_freshwater-5320bf6fa042,,White Tail Disease|current_freshwater,10
current_freshwater-5adbd63af5ff,current_freshwater,data/raw/current_freshwater/train_split/Viral diseases White tail disease/Viral diseases White tail disease_aug_17.jpg,train_split/Viral diseases White tail disease/Viral diseases White tail disease_aug_17.jpg,Viral diseases White tail disease,White Tail Disease,6,current_freshwater-3d2602588846,,White Tail Disease|current_freshwater,10
current_freshwater-ec8aac4ae611,current_freshwater,data/raw/current_freshwater/train_split/Viral diseases White tail disease/Viral diseases White tail disease_aug_176.jpg,train_split/Viral diseases White tail disease/Viral diseases White tail disease_aug_176.jpg,Viral diseases White tail disease,White Tail Disease,6,current_freshwater-ec8aac4ae611,,White Tail Disease|current_freshwater,10
current_freshwater-16af967f2278,current_freshwater,data/raw/current_freshwater/train_split/Viral diseases White tail disease/Viral diseases White tail disease_aug_206.jpg,train_split/Viral diseases White tail disease/Viral diseases White tail disease_aug_206.jpg,Viral diseases White tail disease,White Tail Disease,6,current_freshwater-16af967f2278,,White Tail Disease|current_freshwater,10
current_freshwater-6b0890a97e75,current_freshwater,data/raw/current_freshwater/train_split/Viral diseases White tail disease/Viral diseases White tail disease_aug_240.jpg,train_split/Viral diseases White tail disease/Viral diseases White tail disease_aug_240.jpg,Viral diseases White tail disease,White Tail Disease,6,current_freshwater-6b0890a97e75,,White Tail Disease|current_freshwater,10
current_freshwater-e70cc4acab48,current_freshwater,data/raw/current_freshwater/train_split/Viral diseases White tail disease/Viral diseases White tail disease_aug_248.jpg,train_split/Viral diseases White tail disease/Viral diseases White tail disease_aug_248.jpg,Viral diseases White tail disease,White Tail Disease,6,current_freshwater-e70cc4acab48,,White Tail Disease|current_freshwater,10
current_freshwater-c7eb8ccaefe4,current_freshwater,data/raw/current_freshwater/train_split/Viral diseases White tail disease/Viral diseases White tail disease_aug_250.jpg,train_split/Viral diseases White tail disease/Viral diseases White tail disease_aug_250.jpg,Viral diseases White tail disease,White Tail Disease,6,current_freshwater-16af967f2278,,White Tail Disease|current_freshwater,10
current_freshwater-50d519ce2da4,current_freshwater,data/raw/current_freshwater/train_split/Viral diseases White tail disease/Viral diseases White tail disease_aug_263.jpg,train_split/Viral diseases White tail disease/Viral diseases White tail disease_aug_263.jpg,Viral diseases White tail disease,White Tail Disease,6,current_freshwater-50d519ce2da4,,White Tail Disease|current_freshwater,10
current_freshwater-b2a279dffc24,current_freshwater,data/raw/current_freshwater/train_split/Viral diseases White tail disease/Viral diseases White tail disease_aug_276.jpg,train_split/Viral diseases White tail disease/Viral diseases White tail disease_aug_276.jpg,Viral diseases White tail disease,White Tail Disease,6,current_freshwater-b2a279dffc24,,White Tail Disease|current_freshwater,10
current_freshwater-592b01d36a0f,current_freshwater,data/raw/current_freshwater/train_split/Viral diseases White tail disease/Viral diseases White tail disease_aug_279.jpg,train_split/Viral diseases White tail disease/Viral diseases White tail disease_aug_279.jpg,Viral diseases White tail disease,White Tail Disease,6,current_freshwater-592b01d36a0f,,White Tail Disease|current_freshwater,10
current_freshwater-b01a38534c6c,current_freshwater,data/raw/current_freshwater/train_split/Viral diseases White tail disease/Viral diseases White tail disease_aug_280.jpg,train_split/Viral diseases White tail disease/Viral diseases White tail disease_aug_280.jpg,Viral diseases White tail disease,White Tail Disease,6,current_freshwater-b01a38534c6c,,White Tail Disease|current_freshwater,10
current_freshwater-d50129db0655,current_freshwater,data/raw/current_freshwater/train_split/Viral diseases White tail disease/Viral diseases White tail disease_aug_291.jpg,train_split/Viral diseases White tail disease/Viral diseases White tail disease_aug_291.jpg,Viral diseases White tail disease,White Tail Disease,6,current_freshwater-d50129db0655,,White Tail Disease|current_freshwater,10
current_freshwater-2d57b186b7b5,current_freshwater,data/raw/current_freshwater/train_split/Viral diseases White tail disease/Viral diseases White tail disease_aug_297.jpg,train_split/Viral diseases White tail disease/Viral diseases White tail disease_aug_297.jpg,Viral diseases White tail disease,White Tail Disease,6,current_freshwater-2d57b186b7b5,,White Tail Disease|current_freshwater,10
current_freshwater-7d342b36145f,current_freshwater,data/raw/current_freshwater/train_split/Viral diseases White tail disease/Viral diseases White tail disease_aug_300.jpg,train_split/Viral diseases White tail disease/Viral diseases White tail disease_aug_300.jpg,Viral diseases White tail disease,White Tail Disease,6,current_freshwater-7d342b36145f,,White Tail Disease|current_freshwater,10
current_freshwater-e04797075f90,current_freshwater,data/raw/current_freshwater/train_split/Viral diseases White tail disease/Viral diseases White tail disease_aug_315.jpg,train_split/Viral diseases White tail disease/Viral diseases White tail disease_aug_315.jpg,Viral diseases White tail disease,White Tail Disease,6,current_freshwater-e04797075f90,,White Tail Disease|current_freshwater,10
current_freshwater-fc4402b1f0c4,current_freshwater,data/raw/current_freshwater/train_split/Viral diseases White tail disease/Viral diseases White tail disease_aug_351.jpg,train_split/Viral diseases White tail disease/Viral diseases White tail disease_aug_351.jpg,Viral diseases White tail disease,White Tail Disease,6,current_freshwater-fc4402b1f0c4,,White Tail Disease|current_freshwater,10
current_freshwater-9a9e1c9bc2d8,current_freshwater,data/raw/current_freshwater/train_split/Viral diseases White tail disease/Viral diseases White tail disease_aug_43.jpg,train_split/Viral diseases White tail disease/Viral diseases White tail disease_aug_43.jpg,Viral diseases White tail disease,White Tail Disease,6,current_freshwater-9a9e1c9bc2d8,,White Tail Disease|current_freshwater,10
current_freshwater-f6258a851a32,current_freshwater,data/raw/current_freshwater/train_split/Viral diseases White tail disease/Viral diseases White tail disease_aug_50.jpg,train_split/Viral diseases White tail disease/Viral diseases White tail disease_aug_50.jpg,Viral diseases White tail disease,White Tail Disease,6,current_freshwater-f6258a851a32,,White Tail Disease|current_freshwater,10
current_freshwater-6ae5ff63315f,current_freshwater,data/raw/current_freshwater/train_split/Viral diseases White tail disease/Viral diseases White tail disease_aug_69.jpg,train_split/Viral diseases White tail disease/Viral diseases White tail disease_aug_69.jpg,Viral diseases White tail disease,White Tail Disease,6,current_freshwater-6ae5ff63315f,,White Tail Disease|current_freshwater,10
current_freshwater-2ab386e3ebb2,current_freshwater,data/raw/current_freshwater/train_split/Viral diseases White tail disease/Viral diseases White tail disease_aug_72.jpg,train_split/Viral diseases White tail disease/Viral diseases White tail disease_aug_72.jpg,Viral diseases White tail disease,White Tail Disease,6,current_freshwater-2ab386e3ebb2,,White Tail Disease|current_freshwater,10
current_freshwater-a137f4e923a7,current_freshwater,data/raw/current_freshwater/train_split/Viral diseases White tail disease/Viral diseases White tail disease_aug_89.jpg,train_split/Viral diseases White tail disease/Viral diseases White tail disease_aug_89.jpg,Viral diseases White tail disease,White Tail Disease,6,current_freshwater-a137f4e923a7,,White Tail Disease|current_freshwater,10
current_freshwater-ad3fd1ff7169,current_freshwater,data/raw/current_freshwater/train_split/Viral diseases White tail disease/Viral diseases White tail disease_aug_9.jpg,train_split/Viral diseases White tail disease/Viral diseases White tail disease_aug_9.jpg,Viral diseases White tail disease,White Tail Disease,6,current_freshwater-ad3fd1ff7169,,White Tail Disease|current_freshwater,10
current_freshwater-6a18b31eb27e,current_freshwater,data/raw/current_freshwater/train_split/Viral diseases White tail disease/Viral diseases White tail disease_aug_97.jpg,train_split/Viral diseases White tail disease/Viral diseases White tail disease_aug_97.jpg,Viral diseases White tail disease,White Tail Disease,6,current_freshwater-6a18b31eb27e,,White Tail Disease|current_freshwater,10
roboflow-fbfe8da98b8c,roboflow,data/raw/roboflow/train/Viral diseases White tail disease/Viral-diseases-White-tail-disease-18-_jpg.rf.1cbbe5871a13da0a8a032fab81ddc8dd.jpg,train/Viral diseases White tail disease/Viral-diseases-White-tail-disease-18-_jpg.rf.1cbbe5871a13da0a8a032fab81ddc8dd.jpg,Viral diseases White tail disease,White Tail Disease,6,roboflow-fbfe8da98b8c,,White Tail Disease|roboflow,10
roboflow-7bc52fb414ff,roboflow,data/raw/roboflow/train/Viral diseases White tail disease/Viral-diseases-White-tail-disease-25-_jpg.rf.435c39a4d352c217fc3193d9ceaef910.jpg,train/Viral diseases White tail disease/Viral-diseases-White-tail-disease-25-_jpg.rf.435c39a4d352c217fc3193d9ceaef910.jpg,Viral diseases White tail disease,White Tail Disease,6,current_freshwater-7d27f79538d0,,White Tail Disease|current_freshwater,10
roboflow-cf3f7e7da7db,roboflow,data/raw/roboflow/train/Viral diseases White tail disease/Viral-diseases-White-tail-disease-26-_jpg.rf.27f0e0b57f652ff4b031968b800bca72.jpg,train/Viral diseases White tail disease/Viral-diseases-White-tail-disease-26-_jpg.rf.27f0e0b57f652ff4b031968b800bca72.jpg,Viral diseases White tail disease,White Tail Disease,6,current_freshwater-54e431e39840,,White Tail Disease|current_freshwater,10
current_freshwater-4a1e345cd016,current_freshwater,data/raw/current_freshwater/test_split/Healthy Fish_Healthy Fish_302.jpg,test_split/Healthy Fish_Healthy Fish_302.jpg,Healthy Fish,Healthy Fish,7,current_freshwater-4a1e345cd016,,Healthy Fish|current_freshwater,10
current_freshwater-2373adb35aa6,current_freshwater,data/raw/current_freshwater/test_split/Healthy Fish_Healthy Fish_340.jpg,test_split/Healthy Fish_Healthy Fish_340.jpg,Healthy Fish,Healthy Fish,7,current_freshwater-0af1f970f8e9,,Healthy Fish|current_freshwater,10
current_freshwater-a3fa6ba1a634,current_freshwater,data/raw/current_freshwater/test_split/Healthy Fish_Healthy Fish_385.jpg,test_split/Healthy Fish_Healthy Fish_385.jpg,Healthy Fish,Healthy Fish,7,current_freshwater-a3fa6ba1a634,,Healthy Fish|current_freshwater,10
current_freshwater-12653e257c40,current_freshwater,data/raw/current_freshwater/train_split/Healthy Fish/Healthy Fish_152.jpg,train_split/Healthy Fish/Healthy Fish_152.jpg,Healthy Fish,Healthy Fish,7,current_freshwater-12653e257c40,,Healthy Fish|current_freshwater,10
current_freshwater-5752b13f9806,current_freshwater,data/raw/current_freshwater/train_split/Healthy Fish/Healthy Fish_156.jpg,train_split/Healthy Fish/Healthy Fish_156.jpg,Healthy Fish,Healthy Fish,7,current_freshwater-5752b13f9806,,Healthy Fish|current_freshwater,10
current_freshwater-20cba71a8f4b,current_freshwater,data/raw/current_freshwater/train_split/Healthy Fish/Healthy Fish_161.jpg,train_split/Healthy Fish/Healthy Fish_161.jpg,Healthy Fish,Healthy Fish,7,current_freshwater-20cba71a8f4b,,Healthy Fish|current_freshwater,10
current_freshwater-cb0e09fe70d8,current_freshwater,data/raw/current_freshwater/train_split/Healthy Fish/Healthy Fish_210.jpg,train_split/Healthy Fish/Healthy Fish_210.jpg,Healthy Fish,Healthy Fish,7,current_freshwater-cb0e09fe70d8,,Healthy Fish|current_freshwater,10
current_freshwater-9ab0a334ddd2,current_freshwater,data/raw/current_freshwater/train_split/Healthy Fish/Healthy Fish_230.jpg,train_split/Healthy Fish/Healthy Fish_230.jpg,Healthy Fish,Healthy Fish,7,current_freshwater-9ab0a334ddd2,,Healthy Fish|current_freshwater,10
current_freshwater-067e63dcf2eb,current_freshwater,data/raw/current_freshwater/train_split/Healthy Fish/Healthy Fish_290.jpg,train_split/Healthy Fish/Healthy Fish_290.jpg,Healthy Fish,Healthy Fish,7,current_freshwater-067e63dcf2eb,,Healthy Fish|current_freshwater,10
current_freshwater-7f90c687ba12,current_freshwater,data/raw/current_freshwater/train_split/Healthy Fish/Healthy Fish_299.jpg,train_split/Healthy Fish/Healthy Fish_299.jpg,Healthy Fish,Healthy Fish,7,current_freshwater-7f90c687ba12,,Healthy Fish|current_freshwater,10
current_freshwater-524ec248f016,current_freshwater,data/raw/current_freshwater/train_split/Healthy Fish/Healthy Fish_327.jpg,train_split/Healthy Fish/Healthy Fish_327.jpg,Healthy Fish,Healthy Fish,7,current_freshwater-524ec248f016,,Healthy Fish|current_freshwater,10
current_freshwater-ef5ec2a50698,current_freshwater,data/raw/current_freshwater/train_split/Healthy Fish/Healthy Fish_347.jpg,train_split/Healthy Fish/Healthy Fish_347.jpg,Healthy Fish,Healthy Fish,7,current_freshwater-ef5ec2a50698,,Healthy Fish|current_freshwater,10
current_freshwater-b02035a7bf5b,current_freshwater,data/raw/current_freshwater/train_split/Healthy Fish/Healthy Fish_355.jpg,train_split/Healthy Fish/Healthy Fish_355.jpg,Healthy Fish,Healthy Fish,7,current_freshwater-b02035a7bf5b,,Healthy Fish|current_freshwater,10
current_freshwater-6a84848f689d,current_freshwater,data/raw/current_freshwater/train_split/Healthy Fish/Healthy Fish_357.jpg,train_split/Healthy Fish/Healthy Fish_357.jpg,Healthy Fish,Healthy Fish,7,current_freshwater-6a84848f689d,,Healthy Fish|current_freshwater,10
current_freshwater-a99468363edb,current_freshwater,data/raw/current_freshwater/train_split/Healthy Fish/Healthy Fish_418.jpg,train_split/Healthy Fish/Healthy Fish_418.jpg,Healthy Fish,Healthy Fish,7,current_freshwater-a99468363edb,,Healthy Fish|current_freshwater,10
current_freshwater-39925987e19f,current_freshwater,data/raw/current_freshwater/train_split/Healthy Fish/Healthy Fish_423.jpg,train_split/Healthy Fish/Healthy Fish_423.jpg,Healthy Fish,Healthy Fish,7,current_freshwater-39925987e19f,,Healthy Fish|current_freshwater,10
current_freshwater-6e2c1c421ef1,current_freshwater,data/raw/current_freshwater/train_split/Healthy Fish/Healthy Fish_445.jpg,train_split/Healthy Fish/Healthy Fish_445.jpg,Healthy Fish,Healthy Fish,7,current_freshwater-6e2c1c421ef1,,Healthy Fish|current_freshwater,10
current_freshwater-c917ce9e11bd,current_freshwater,data/raw/current_freshwater/train_split/Healthy Fish/Healthy Fish_aug_123.jpg,train_split/Healthy Fish/Healthy Fish_aug_123.jpg,Healthy Fish,Healthy Fish,7,current_freshwater-c917ce9e11bd,,Healthy Fish|current_freshwater,10
current_freshwater-6b78a9c3652c,current_freshwater,data/raw/current_freshwater/train_split/Healthy Fish/Healthy Fish_aug_13.jpg,train_split/Healthy Fish/Healthy Fish_aug_13.jpg,Healthy Fish,Healthy Fish,7,current_freshwater-6b78a9c3652c,,Healthy Fish|current_freshwater,10
current_freshwater-81f33989ccee,current_freshwater,data/raw/current_freshwater/train_split/Healthy Fish/Healthy Fish_aug_131.jpg,train_split/Healthy Fish/Healthy Fish_aug_131.jpg,Healthy Fish,Healthy Fish,7,current_freshwater-81f33989ccee,,Healthy Fish|current_freshwater,10
current_freshwater-9904ff324508,current_freshwater,data/raw/current_freshwater/train_split/Healthy Fish/Healthy Fish_aug_134.jpg,train_split/Healthy Fish/Healthy Fish_aug_134.jpg,Healthy Fish,Healthy Fish,7,current_freshwater-9904ff324508,,Healthy Fish|current_freshwater,10
current_freshwater-eeeb2d47e30f,current_freshwater,data/raw/current_freshwater/train_split/Healthy Fish/Healthy Fish_aug_156.jpg,train_split/Healthy Fish/Healthy Fish_aug_156.jpg,Healthy Fish,Healthy Fish,7,current_freshwater-eeeb2d47e30f,,Healthy Fish|current_freshwater,10
current_freshwater-afdeb71342c1,current_freshwater,data/raw/current_freshwater/train_split/Healthy Fish/Healthy Fish_aug_17.jpg,train_split/Healthy Fish/Healthy Fish_aug_17.jpg,Healthy Fish,Healthy Fish,7,current_freshwater-af337f026f9e,,Healthy Fish|current_freshwater,10
current_freshwater-b73804ab229a,current_freshwater,data/raw/current_freshwater/train_split/Healthy Fish/Healthy Fish_aug_176.jpg,train_split/Healthy Fish/Healthy Fish_aug_176.jpg,Healthy Fish,Healthy Fish,7,current_freshwater-b73804ab229a,,Healthy Fish|current_freshwater,10
current_freshwater-3c12cca16c60,current_freshwater,data/raw/current_freshwater/train_split/Healthy Fish/Healthy Fish_aug_195.jpg,train_split/Healthy Fish/Healthy Fish_aug_195.jpg,Healthy Fish,Healthy Fish,7,current_freshwater-3c12cca16c60,,Healthy Fish|current_freshwater,10
current_freshwater-4531b8359df6,current_freshwater,data/raw/current_freshwater/train_split/Healthy Fish/Healthy Fish_aug_196.jpg,train_split/Healthy Fish/Healthy Fish_aug_196.jpg,Healthy Fish,Healthy Fish,7,current_freshwater-4531b8359df6,,Healthy Fish|current_freshwater,10
current_freshwater-5a3cf9dfae90,current_freshwater,data/raw/current_freshwater/train_split/Healthy Fish/Healthy Fish_aug_202.jpg,train_split/Healthy Fish/Healthy Fish_aug_202.jpg,Healthy Fish,Healthy Fish,7,current_freshwater-5a3cf9dfae90,,Healthy Fish|current_freshwater,10
current_freshwater-f67b4f4eccf8,current_freshwater,data/raw/current_freshwater/train_split/Healthy Fish/Healthy Fish_aug_210.jpg,train_split/Healthy Fish/Healthy Fish_aug_210.jpg,Healthy Fish,Healthy Fish,7,current_freshwater-f67b4f4eccf8,,Healthy Fish|current_freshwater,10
current_freshwater-d81334d332eb,current_freshwater,data/raw/current_freshwater/train_split/Healthy Fish/Healthy Fish_aug_212.jpg,train_split/Healthy Fish/Healthy Fish_aug_212.jpg,Healthy Fish,Healthy Fish,7,current_freshwater-4a1e345cd016,,Healthy Fish|current_freshwater,10
current_freshwater-9a47dbbfdb46,current_freshwater,data/raw/current_freshwater/train_split/Healthy Fish/Healthy Fish_aug_214.jpg,train_split/Healthy Fish/Healthy Fish_aug_214.jpg,Healthy Fish,Healthy Fish,7,current_freshwater-9a47dbbfdb46,,Healthy Fish|current_freshwater,10
current_freshwater-dfb7df6d9e6b,current_freshwater,data/raw/current_freshwater/train_split/Healthy Fish/Healthy Fish_aug_230.jpg,train_split/Healthy Fish/Healthy Fish_aug_230.jpg,Healthy Fish,Healthy Fish,7,current_freshwater-dfb7df6d9e6b,,Healthy Fish|current_freshwater,10
current_freshwater-f164c92f9649,current_freshwater,data/raw/current_freshwater/train_split/Healthy Fish/Healthy Fish_aug_70.jpg,train_split/Healthy Fish/Healthy Fish_aug_70.jpg,Healthy Fish,Healthy Fish,7,current_freshwater-f164c92f9649,,Healthy Fish|current_freshwater,10
current_freshwater-af0ae4f2058d,current_freshwater,data/raw/current_freshwater/train_split/Healthy Fish/Healthy Fish_aug_72.jpg,train_split/Healthy Fish/Healthy Fish_aug_72.jpg,Healthy Fish,Healthy Fish,7,current_freshwater-af0ae4f2058d,,Healthy Fish|current_freshwater,10
current_freshwater-ac9ec86eb058,current_freshwater,data/raw/current_freshwater/train_split/Healthy Fish/Healthy Fish_aug_83.jpg,train_split/Healthy Fish/Healthy Fish_aug_83.jpg,Healthy Fish,Healthy Fish,7,current_freshwater-ac9ec86eb058,,Healthy Fish|current_freshwater,10
current_freshwater-0af1f970f8e9,current_freshwater,data/raw/current_freshwater/train_split/Healthy Fish/Healthy Fish_aug_91.jpg,train_split/Healthy Fish/Healthy Fish_aug_91.jpg,Healthy Fish,Healthy Fish,7,current_freshwater-0af1f970f8e9,,Healthy Fish|current_freshwater,10
kaptai-e1ba822e90ec,kaptai,data/raw/kaptai/Healthy Fish/healthy (13).jpg,Healthy Fish/healthy (13).jpg,Healthy Fish,Healthy Fish,7,current_freshwater-a99468363edb,,Healthy Fish|current_freshwater,10
kaptai-c935e967acf9,kaptai,data/raw/kaptai/Healthy Fish/healthy (18).jpg,Healthy Fish/healthy (18).jpg,Healthy Fish,Healthy Fish,7,current_freshwater-39925987e19f,,Healthy Fish|current_freshwater,10
roboflow-8f4c31ea2efc,roboflow,data/raw/roboflow/test/Healthy Fish/Healthy-Fish-4-_png.rf.e453b9af054f8e74b815a0b99e763a3f.jpg,test/Healthy Fish/Healthy-Fish-4-_png.rf.e453b9af054f8e74b815a0b99e763a3f.jpg,Healthy Fish,Healthy Fish,7,roboflow-8f4c31ea2efc,,Healthy Fish|roboflow,10
roboflow-c59246f62abb,roboflow,data/raw/roboflow/train/Healthy Fish/Healthy-Fish-114-_jpg.rf.e82db336ce12539b5e07288cacd7cb24.jpg,train/Healthy Fish/Healthy-Fish-114-_jpg.rf.e82db336ce12539b5e07288cacd7cb24.jpg,Healthy Fish,Healthy Fish,7,roboflow-c59246f62abb,,Healthy Fish|roboflow,10
roboflow-1ccdc934f242,roboflow,data/raw/roboflow/train/Healthy Fish/Healthy-Fish-53-_jpg.rf.5e588dfdd9601a90bb069695bab7faa1.jpg,train/Healthy Fish/Healthy-Fish-53-_jpg.rf.5e588dfdd9601a90bb069695bab7faa1.jpg,Healthy Fish,Healthy Fish,7,current_freshwater-cb0e09fe70d8,,Healthy Fish|current_freshwater,10
roboflow-ff3b8e609ef7,roboflow,data/raw/roboflow/train/Healthy Fish/Healthy-Fish-54-_jpg.rf.8f9a6856798c1ddaf212babb92d75e01.jpg,train/Healthy Fish/Healthy-Fish-54-_jpg.rf.8f9a6856798c1ddaf212babb92d75e01.jpg,Healthy Fish,Healthy Fish,7,roboflow-ff3b8e609ef7,,Healthy Fish|roboflow,10
roboflow-8755bf16bf72,roboflow,data/raw/roboflow/train/Healthy Fish/Healthy-Fish-6-_jpeg.rf.7d05f4fa9222d308e247fc37add548bf.jpg,train/Healthy Fish/Healthy-Fish-6-_jpeg.rf.7d05f4fa9222d308e247fc37add548bf.jpg,Healthy Fish,Healthy Fish,7,roboflow-8755bf16bf72,,Healthy Fish|roboflow,10
roboflow-b72cf99fbb3a,roboflow,data/raw/roboflow/train/Healthy Fish/Healthy-Fish-8-_jpeg.rf.d48397998d57f3f8170b094f5c1e272a.jpg,train/Healthy Fish/Healthy-Fish-8-_jpeg.rf.d48397998d57f3f8170b094f5c1e272a.jpg,Healthy Fish,Healthy Fish,7,roboflow-b72cf99fbb3a,,Healthy Fish|roboflow,10
roboflow-147c24ebcedb,roboflow,data/raw/roboflow/valid/Healthy Fish/Healthy-Fish-38-_jpg.rf.73710f96dee2283e1368d35ca34e5de7.jpg,valid/Healthy Fish/Healthy-Fish-38-_jpg.rf.73710f96dee2283e1368d35ca34e5de7.jpg,Healthy Fish,Healthy Fish,7,roboflow-147c24ebcedb,,Healthy Fish|roboflow,10
