filepath,label,class_name,split
data/original/aquahealth/test_split/Bacterial Red disease_Bacterial Red disease_1.jpeg,0,Bacterial Red Disease,train
data/original/aquahealth/test_split/Bacterial Red disease_Bacterial Red disease_12.jpg,0,Bacterial Red Disease,train
data/original/aquahealth/test_split/Bacterial Red disease_Bacterial Red disease_15.jpg,0,Bacterial Red Disease,train
data/original/aquahealth/test_split/Bacterial Red disease_Bacterial Red disease_155.jpg,0,Bacterial Red Disease,train
data/original/aquahealth/test_split/Bacterial Red disease_Bacterial Red disease_16.jpg,0,Bacterial Red Disease,train
data/original/aquahealth/test_split/Bacterial Red disease_Bacterial Red disease_165.jpg,0,Bacterial Red Disease,train
data/original/aquahealth/test_split/Bacterial Red disease_Bacterial Red disease_180.jpg,0,Bacterial Red Disease,train
data/original/aquahealth/test_split/Bacterial Red disease_Bacterial Red disease_186.jpg,0,Bacterial Red Disease,train
data/original/aquahealth/test_split/Bacterial Red disease_Bacterial Red disease_203.jpg,0,Bacterial Red Disease,train
data/original/aquahealth/test_split/Bacterial Red disease_Bacterial Red disease_210.jpg,0,Bacterial Red Disease,train
data/original/aquahealth/test_split/Bacterial Red disease_Bacterial Red disease_212.jpg,0,Bacterial Red Disease,train
data/original/aquahealth/test_split/Bacterial Red disease_Bacterial Red disease_221.jpg,0,Bacterial Red Disease,train
data/original/aquahealth/test_split/Bacterial Red disease_Bacterial Red disease_65.jpg,0,Bacterial Red Disease,train
data/original/aquahealth/test_split/Bacterial Red disease_Bacterial Red disease_67.jpg,0,Bacterial Red Disease,train
data/original/aquahealth/test_split/Bacterial Red disease_Bacterial Red disease_73.jpg,0,Bacterial Red Disease,train
data/original/aquahealth/test_split/Bacterial Red disease_Bacterial Red disease_74.jpg,0,Bacterial Red Disease,train
data/original/aquahealth/test_split/Bacterial Red disease_Bacterial Red disease_79.jpeg,0,Bacterial Red Disease,train
data/original/aquahealth/test_split/Bacterial Red disease_Bacterial Red disease_81.jpg,0,Bacterial Red Disease,train
data/original/aquahealth/train_split/Bacterial Red disease/Bacterial Red disease_101.jpg,0,Bacterial Red Disease,train
data/original/aquahealth/train_split/Bacterial Red disease/Bacterial Red disease_102.jpg,0,Bacterial Red Disease,train
data/original/aquahealth/train_split/Bacterial Red disease/Bacterial Red disease_11.jpg,0,Bacterial Red Disease,train
data/original/aquahealth/train_split/Bacterial Red disease/Bacterial Red disease_112.jpg,0,Bacterial Red Disease,train
data/original/aquahealth/train_split/Bacterial Red disease/Bacterial Red disease_114.jpg,0,Bacterial Red Disease,train
data/original/aquahealth/train_split/Bacterial Red disease/Bacterial Red disease_115.jpg,0,Bacterial Red Disease,train
data/original/aquahealth/train_split/Bacterial Red disease/Bacterial Red disease_116.jpg,0,Bacterial Red Disease,train
data/original/aquahealth/train_split/Bacterial Red disease/Bacterial Red disease_119.jpg,0,Bacterial Red Disease,train
data/original/aquahealth/train_split/Bacterial Red disease/Bacterial Red disease_123.jpg,0,Bacterial Red Disease,train
data/original/aquahealth/train_split/Bacterial Red disease/Bacterial Red disease_125.jpg,0,Bacterial Red Disease,train
data/original/aquahealth/train_split/Bacterial Red disease/Bacterial Red disease_127.jpg,0,Bacterial Red Disease,train
data/original/aquahealth/train_split/Bacterial Red disease/Bacterial Red disease_13.jpg,0,Bacterial Red Disease,train
data/original/aquahealth/train_split/Bacterial Red disease/Bacterial Red disease_131.jpg,0,Bacterial Red Disease,train
data/original/aquahealth/train_split/Bacterial Red disease/Bacterial Red disease_135.jpg,0,Bacterial Red Disease,train
data/original/aquahealth/train_split/Bacterial Red disease/Bacterial Red disease_136.jpg,0,Bacterial Red Disease,train
data/original/aquahealth/train_split/Bacterial Red disease/Bacterial Red disease_145.jpg,0,Bacterial Red Disease,train
data/original/aquahealth/train_split/Bacterial Red disease/Bacterial Red disease_146.jpg,0,Bacterial Red Disease,train
data/original/aquahealth/train_split/Bacterial Red disease/Bacterial Red disease_148.jpg,0,Bacterial Red Disease,train
data/original/aquahealth/train_split/Bacterial Red disease/Bacterial Red disease_150.jpg,0,Bacterial Red Disease,train
data/original/aquahealth/train_split/Bacterial Red disease/Bacterial Red disease_151.jpg,0,Bacterial Red Disease,train
data/original/aquahealth/train_split/Bacterial Red disease/Bacterial Red disease_153.jpg,0,Bacterial Red Disease,train
data/original/aquahealth/train_split/Bacterial Red disease/Bacterial Red disease_154.jpg,0,Bacterial Red Disease,train
data/original/aquahealth/train_split/Bacterial Red disease/Bacterial Red disease_156.jpg,0,Bacterial Red Disease,train
data/original/aquahealth/train_split/Bacterial Red disease/Bacterial Red disease_158.jpg,0,Bacterial Red Disease,train
data/original/aquahealth/train_split/Bacterial Red disease/Bacterial Red disease_160.jpg,0,Bacterial Red Disease,train
data/original/aquahealth/train_split/Bacterial Red disease/Bacterial Red disease_176.jpg,0,Bacterial Red Disease,train
data/original/aquahealth/train_split/Bacterial Red disease/Bacterial Red disease_178.jpg,0,Bacterial Red Disease,train
data/original/aquahealth/train_split/Bacterial Red disease/Bacterial Red disease_18.jpg,0,Bacterial Red Disease,train
data/original/aquahealth/train_split/Bacterial Red disease/Bacterial Red disease_181.jpg,0,Bacterial Red Disease,train
data/original/aquahealth/train_split/Bacterial Red disease/Bacterial Red disease_182.jpg,0,Bacterial Red Disease,train
data/original/aquahealth/train_split/Bacterial Red disease/Bacterial Red disease_184.jpg,0,Bacterial Red Disease,train
data/original/aquahealth/train_split/Bacterial Red disease/Bacterial Red disease_185.jpg,0,Bacterial Red Disease,train
data/original/aquahealth/train_split/Bacterial Red disease/Bacterial Red disease_19.jpg,0,Bacterial Red Disease,train
data/original/aquahealth/train_split/Bacterial Red disease/Bacterial Red disease_193.jpg,0,Bacterial Red Disease,train
data/original/aquahealth/train_split/Bacterial Red disease/Bacterial Red disease_194.jpg,0,Bacterial Red Disease,train
data/original/aquahealth/train_split/Bacterial Red disease/Bacterial Red disease_196.jpg,0,Bacterial Red Disease,train
data/original/aquahealth/train_split/Bacterial Red disease/Bacterial Red disease_198.jpg,0,Bacterial Red Disease,train
data/original/aquahealth/train_split/Bacterial Red disease/Bacterial Red disease_199.jpg,0,Bacterial Red Disease,train
data/original/aquahealth/train_split/Bacterial Red disease/Bacterial Red disease_200.jpg,0,Bacterial Red Disease,train
data/original/aquahealth/train_split/Bacterial Red disease/Bacterial Red disease_201.jpg,0,Bacterial Red Disease,train
data/original/aquahealth/train_split/Bacterial Red disease/Bacterial Red disease_202.jpg,0,Bacterial Red Disease,train
data/original/aquahealth/train_split/Bacterial Red disease/Bacterial Red disease_206.jpg,0,Bacterial Red Disease,train
data/original/aquahealth/train_split/Bacterial Red disease/Bacterial Red disease_208.jpg,0,Bacterial Red Disease,train
data/original/aquahealth/train_split/Bacterial Red disease/Bacterial Red disease_209.jpg,0,Bacterial Red Disease,train
data/original/aquahealth/train_split/Bacterial Red disease/Bacterial Red disease_217.jpg,0,Bacterial Red Disease,train
data/original/aquahealth/train_split/Bacterial Red disease/Bacterial Red disease_218.jpg,0,Bacterial Red Disease,train
data/original/aquahealth/train_split/Bacterial Red disease/Bacterial Red disease_219.jpg,0,Bacterial Red Disease,train
data/original/aquahealth/train_split/Bacterial Red disease/Bacterial Red disease_22.png,0,Bacterial Red Disease,train
data/original/aquahealth/train_split/Bacterial Red disease/Bacterial Red disease_222.jpg,0,Bacterial Red Disease,train
data/original/aquahealth/train_split/Bacterial Red disease/Bacterial Red disease_223.jpg,0,Bacterial Red Disease,train
data/original/aquahealth/train_split/Bacterial Red disease/Bacterial Red disease_225.jpg,0,Bacterial Red Disease,train
data/original/aquahealth/train_split/Bacterial Red disease/Bacterial Red disease_233.jpg,0,Bacterial Red Disease,train
data/original/aquahealth/train_split/Bacterial Red disease/Bacterial Red disease_234.jpg,0,Bacterial Red Disease,train
data/original/aquahealth/train_split/Bacterial Red disease/Bacterial Red disease_235.jpg,0,Bacterial Red Disease,train
data/original/aquahealth/train_split/Bacterial Red disease/Bacterial Red disease_237.jpg,0,Bacterial Red Disease,train
data/original/aquahealth/train_split/Bacterial Red disease/Bacterial Red disease_25.jpg,0,Bacterial Red Disease,train
data/original/aquahealth/train_split/Bacterial Red disease/Bacterial Red disease_251.jpg,0,Bacterial Red Disease,train
data/original/aquahealth/train_split/Bacterial Red disease/Bacterial Red disease_26.jpg,0,Bacterial Red Disease,train
data/original/aquahealth/train_split/Bacterial Red disease/Bacterial Red disease_28.jpg,0,Bacterial Red Disease,train
data/original/aquahealth/train_split/Bacterial Red disease/Bacterial Red disease_29.jpg,0,Bacterial Red Disease,train
data/original/aquahealth/train_split/Bacterial Red disease/Bacterial Red disease_3.png,0,Bacterial Red Disease,train
data/original/aquahealth/train_split/Bacterial Red disease/Bacterial Red disease_30.jpg,0,Bacterial Red Disease,train
data/original/aquahealth/train_split/Bacterial Red disease/Bacterial Red disease_32.png,0,Bacterial Red Disease,train
data/original/aquahealth/train_split/Bacterial Red disease/Bacterial Red disease_33.jpg,0,Bacterial Red Disease,train
data/original/aquahealth/train_split/Bacterial Red disease/Bacterial Red disease_34.jpg,0,Bacterial Red Disease,train
data/original/aquahealth/train_split/Bacterial Red disease/Bacterial Red disease_35.jpg,0,Bacterial Red Disease,train
data/original/aquahealth/train_split/Bacterial Red disease/Bacterial Red disease_37.jpg,0,Bacterial Red Disease,train
data/original/aquahealth/train_split/Bacterial Red disease/Bacterial Red disease_38.jpg,0,Bacterial Red Disease,train
data/original/aquahealth/train_split/Bacterial Red disease/Bacterial Red disease_43.jpg,0,Bacterial Red Disease,train
data/original/aquahealth/train_split/Bacterial Red disease/Bacterial Red disease_44.png,0,Bacterial Red Disease,train
data/original/aquahealth/train_split/Bacterial Red disease/Bacterial Red disease_45.jpg,0,Bacterial Red Disease,train
data/original/aquahealth/train_split/Bacterial Red disease/Bacterial Red disease_5.jpg,0,Bacterial Red Disease,train
data/original/aquahealth/train_split/Bacterial Red disease/Bacterial Red disease_52.jpg,0,Bacterial Red Disease,train
data/original/aquahealth/train_split/Bacterial Red disease/Bacterial Red disease_56.png,0,Bacterial Red Disease,train
data/original/aquahealth/train_split/Bacterial Red disease/Bacterial Red disease_62.jpg,0,Bacterial Red Disease,train
data/original/aquahealth/train_split/Bacterial Red disease/Bacterial Red disease_63.jpg,0,Bacterial Red Disease,train
data/original/aquahealth/train_split/Bacterial Red disease/Bacterial Red disease_64.jpg,0,Bacterial Red Disease,train
data/original/aquahealth/train_split/Bacterial Red disease/Bacterial Red disease_68.png,0,Bacterial Red Disease,train
data/original/aquahealth/train_split/Bacterial Red disease/Bacterial Red disease_71.jpg,0,Bacterial Red Disease,train
data/original/aquahealth/train_split/Bacterial Red disease/Bacterial Red disease_72.jpg,0,Bacterial Red Disease,train
data/original/aquahealth/train_split/Bacterial Red disease/Bacterial Red disease_75.jpg,0,Bacterial Red Disease,train
data/original/aquahealth/train_split/Bacterial Red disease/Bacterial Red disease_80.jpg,0,Bacterial Red Disease,train
data/original/aquahealth/train_split/Bacterial Red disease/Bacterial Red disease_84.jpg,0,Bacterial Red Disease,train
data/original/aquahealth/train_split/Bacterial Red disease/Bacterial Red disease_88.jpg,0,Bacterial Red Disease,train
data/original/aquahealth/train_split/Bacterial Red disease/Bacterial Red disease_91.jpg,0,Bacterial Red Disease,train
data/original/aquahealth/train_split/Bacterial Red disease/Bacterial Red disease_97.jpg,0,Bacterial Red Disease,train
data/original/aquahealth/train_split/Bacterial Red disease/Bacterial Red disease_98.jpg,0,Bacterial Red Disease,train
data/original/aquahealth/train_split/Bacterial Red disease/Bacterial Red disease_aug_0.jpg,0,Bacterial Red Disease,train
data/original/aquahealth/train_split/Bacterial Red disease/Bacterial Red disease_aug_100.jpg,0,Bacterial Red Disease,train
data/original/aquahealth/train_split/Bacterial Red disease/Bacterial Red disease_aug_102.jpg,0,Bacterial Red Disease,train
data/original/aquahealth/train_split/Bacterial Red disease/Bacterial Red disease_aug_103.jpg,0,Bacterial Red Disease,train
data/original/aquahealth/train_split/Bacterial Red disease/Bacterial Red disease_aug_104.jpg,0,Bacterial Red Disease,train
data/original/aquahealth/train_split/Bacterial Red disease/Bacterial Red disease_aug_106.jpg,0,Bacterial Red Disease,train
data/original/aquahealth/train_split/Bacterial Red disease/Bacterial Red disease_aug_110.jpg,0,Bacterial Red Disease,train
data/original/aquahealth/train_split/Bacterial Red disease/Bacterial Red disease_aug_114.jpg,0,Bacterial Red Disease,train
data/original/aquahealth/train_split/Bacterial Red disease/Bacterial Red disease_aug_116.jpg,0,Bacterial Red Disease,train
data/original/aquahealth/train_split/Bacterial Red disease/Bacterial Red disease_aug_117.jpg,0,Bacterial Red Disease,train
data/original/aquahealth/train_split/Bacterial Red disease/Bacterial Red disease_aug_118.jpg,0,Bacterial Red Disease,train
data/original/aquahealth/train_split/Bacterial Red disease/Bacterial Red disease_aug_119.jpg,0,Bacterial Red Disease,train
data/original/aquahealth/train_split/Bacterial Red disease/Bacterial Red disease_aug_12.jpg,0,Bacterial Red Disease,train
data/original/aquahealth/train_split/Bacterial Red disease/Bacterial Red disease_aug_121.jpg,0,Bacterial Red Disease,train
data/original/aquahealth/train_split/Bacterial Red disease/Bacterial Red disease_aug_122.jpg,0,Bacterial Red Disease,train
data/original/aquahealth/train_split/Bacterial Red disease/Bacterial Red disease_aug_123.jpg,0,Bacterial Red Disease,train
data/original/aquahealth/train_split/Bacterial Red disease/Bacterial Red disease_aug_125.jpg,0,Bacterial Red Disease,train
data/original/aquahealth/train_split/Bacterial Red disease/Bacterial Red disease_aug_126.jpg,0,Bacterial Red Disease,train
data/original/aquahealth/train_split/Bacterial Red disease/Bacterial Red disease_aug_127.jpg,0,Bacterial Red Disease,train
data/original/aquahealth/train_split/Bacterial Red disease/Bacterial Red disease_aug_128.jpg,0,Bacterial Red Disease,train
data/original/aquahealth/train_split/Bacterial Red disease/Bacterial Red disease_aug_13.jpg,0,Bacterial Red Disease,train
data/original/aquahealth/train_split/Bacterial Red disease/Bacterial Red disease_aug_130.jpg,0,Bacterial Red Disease,train
data/original/aquahealth/train_split/Bacterial Red disease/Bacterial Red disease_aug_131.jpg,0,Bacterial Red Disease,train
data/original/aquahealth/train_split/Bacterial Red disease/Bacterial Red disease_aug_133.jpg,0,Bacterial Red Disease,train
data/original/aquahealth/train_split/Bacterial Red disease/Bacterial Red disease_aug_134.jpg,0,Bacterial Red Disease,train
data/original/aquahealth/train_split/Bacterial Red disease/Bacterial Red disease_aug_136.jpg,0,Bacterial Red Disease,train
data/original/aquahealth/train_split/Bacterial Red disease/Bacterial Red disease_aug_138.jpg,0,Bacterial Red Disease,train
data/original/aquahealth/train_split/Bacterial Red disease/Bacterial Red disease_aug_139.jpg,0,Bacterial Red Disease,train
data/original/aquahealth/train_split/Bacterial Red disease/Bacterial Red disease_aug_140.jpg,0,Bacterial Red Disease,train
data/original/aquahealth/train_split/Bacterial Red disease/Bacterial Red disease_aug_141.jpg,0,Bacterial Red Disease,train
data/original/aquahealth/train_split/Bacterial Red disease/Bacterial Red disease_aug_142.jpg,0,Bacterial Red Disease,train
data/original/aquahealth/train_split/Bacterial Red disease/Bacterial Red disease_aug_144.jpg,0,Bacterial Red Disease,train
data/original/aquahealth/train_split/Bacterial Red disease/Bacterial Red disease_aug_147.jpg,0,Bacterial Red Disease,train
data/original/aquahealth/train_split/Bacterial Red disease/Bacterial Red disease_aug_148.jpg,0,Bacterial Red Disease,train
data/original/aquahealth/train_split/Bacterial Red disease/Bacterial Red disease_aug_150.jpg,0,Bacterial Red Disease,train
data/original/aquahealth/train_split/Bacterial Red disease/Bacterial Red disease_aug_151.jpg,0,Bacterial Red Disease,train
data/original/aquahealth/train_split/Bacterial Red disease/Bacterial Red disease_aug_152.jpg,0,Bacterial Red Disease,train
data/original/aquahealth/train_split/Bacterial Red disease/Bacterial Red disease_aug_153.jpg,0,Bacterial Red Disease,train
data/original/aquahealth/train_split/Bacterial Red disease/Bacterial Red disease_aug_154.jpg,0,Bacterial Red Disease,train
data/original/aquahealth/train_split/Bacterial Red disease/Bacterial Red disease_aug_155.jpg,0,Bacterial Red Disease,train
data/original/aquahealth/train_split/Bacterial Red disease/Bacterial Red disease_aug_157.jpg,0,Bacterial Red Disease,train
data/original/aquahealth/train_split/Bacterial Red disease/Bacterial Red disease_aug_158.jpg,0,Bacterial Red Disease,train
data/original/aquahealth/train_split/Bacterial Red disease/Bacterial Red disease_aug_159.jpg,0,Bacterial Red Disease,train
data/original/aquahealth/train_split/Bacterial Red disease/Bacterial Red disease_aug_160.jpg,0,Bacterial Red Disease,train
data/original/aquahealth/train_split/Bacterial Red disease/Bacterial Red disease_aug_163.jpg,0,Bacterial Red Disease,train
data/original/aquahealth/train_split/Bacterial Red disease/Bacterial Red disease_aug_165.jpg,0,Bacterial Red Disease,train
data/original/aquahealth/train_split/Bacterial Red disease/Bacterial Red disease_aug_166.jpg,0,Bacterial Red Disease,train
data/original/aquahealth/train_split/Bacterial Red disease/Bacterial Red disease_aug_167.jpg,0,Bacterial Red Disease,train
data/original/aquahealth/train_split/Bacterial Red disease/Bacterial Red disease_aug_170.jpg,0,Bacterial Red Disease,train
data/original/aquahealth/train_split/Bacterial Red disease/Bacterial Red disease_aug_172.jpg,0,Bacterial Red Disease,train
data/original/aquahealth/train_split/Bacterial Red disease/Bacterial Red disease_aug_173.jpg,0,Bacterial Red Disease,train
data/original/aquahealth/train_split/Bacterial Red disease/Bacterial Red disease_aug_174.jpg,0,Bacterial Red Disease,train
data/original/aquahealth/train_split/Bacterial Red disease/Bacterial Red disease_aug_178.jpg,0,Bacterial Red Disease,train
data/original/aquahealth/train_split/Bacterial Red disease/Bacterial Red disease_aug_180.jpg,0,Bacterial Red Disease,train
data/original/aquahealth/train_split/Bacterial Red disease/Bacterial Red disease_aug_181.jpg,0,Bacterial Red Disease,train
data/original/aquahealth/train_split/Bacterial Red disease/Bacterial Red disease_aug_183.jpg,0,Bacterial Red Disease,train
data/original/aquahealth/train_split/Bacterial Red disease/Bacterial Red disease_aug_184.jpg,0,Bacterial Red Disease,train
data/original/aquahealth/train_split/Bacterial Red disease/Bacterial Red disease_aug_185.jpg,0,Bacterial Red Disease,train
data/original/aquahealth/train_split/Bacterial Red disease/Bacterial Red disease_aug_192.jpg,0,Bacterial Red Disease,train
data/original/aquahealth/train_split/Bacterial Red disease/Bacterial Red disease_aug_193.jpg,0,Bacterial Red Disease,train
data/original/aquahealth/train_split/Bacterial Red disease/Bacterial Red disease_aug_195.jpg,0,Bacterial Red Disease,train
data/original/aquahealth/train_split/Bacterial Red disease/Bacterial Red disease_aug_196.jpg,0,Bacterial Red Disease,train
data/original/aquahealth/train_split/Bacterial Red disease/Bacterial Red disease_aug_200.jpg,0,Bacterial Red Disease,train
data/original/aquahealth/train_split/Bacterial Red disease/Bacterial Red disease_aug_201.jpg,0,Bacterial Red Disease,train
data/original/aquahealth/train_split/Bacterial Red disease/Bacterial Red disease_aug_203.jpg,0,Bacterial Red Disease,train
data/original/aquahealth/train_split/Bacterial Red disease/Bacterial Red disease_aug_206.jpg,0,Bacterial Red Disease,train
data/original/aquahealth/train_split/Bacterial Red disease/Bacterial Red disease_aug_208.jpg,0,Bacterial Red Disease,train
data/original/aquahealth/train_split/Bacterial Red disease/Bacterial Red disease_aug_211.jpg,0,Bacterial Red Disease,train
data/original/aquahealth/train_split/Bacterial Red disease/Bacterial Red disease_aug_212.jpg,0,Bacterial Red Disease,train
data/original/aquahealth/train_split/Bacterial Red disease/Bacterial Red disease_aug_216.jpg,0,Bacterial Red Disease,train
data/original/aquahealth/train_split/Bacterial Red disease/Bacterial Red disease_aug_217.jpg,0,Bacterial Red Disease,train
data/original/aquahealth/train_split/Bacterial Red disease/Bacterial Red disease_aug_218.jpg,0,Bacterial Red Disease,train
data/original/aquahealth/train_split/Bacterial Red disease/Bacterial Red disease_aug_219.jpg,0,Bacterial Red Disease,train
data/original/aquahealth/train_split/Bacterial Red disease/Bacterial Red disease_aug_220.jpg,0,Bacterial Red Disease,train
data/original/aquahealth/train_split/Bacterial Red disease/Bacterial Red disease_aug_221.jpg,0,Bacterial Red Disease,train
data/original/aquahealth/train_split/Bacterial Red disease/Bacterial Red disease_aug_223.jpg,0,Bacterial Red Disease,train
data/original/aquahealth/train_split/Bacterial Red disease/Bacterial Red disease_aug_224.jpg,0,Bacterial Red Disease,train
data/original/aquahealth/train_split/Bacterial Red disease/Bacterial Red disease_aug_229.jpg,0,Bacterial Red Disease,train
data/original/aquahealth/train_split/Bacterial Red disease/Bacterial Red disease_aug_232.jpg,0,Bacterial Red Disease,train
data/original/aquahealth/train_split/Bacterial Red disease/Bacterial Red disease_aug_233.jpg,0,Bacterial Red Disease,train
data/original/aquahealth/train_split/Bacterial Red disease/Bacterial Red disease_aug_235.jpg,0,Bacterial Red Disease,train
data/original/aquahealth/train_split/Bacterial Red disease/Bacterial Red disease_aug_237.jpg,0,Bacterial Red Disease,train
data/original/aquahealth/train_split/Bacterial Red disease/Bacterial Red disease_aug_24.jpg,0,Bacterial Red Disease,train
data/original/aquahealth/train_split/Bacterial Red disease/Bacterial Red disease_aug_240.jpg,0,Bacterial Red Disease,train
data/original/aquahealth/train_split/Bacterial Red disease/Bacterial Red disease_aug_241.jpg,0,Bacterial Red Disease,train
data/original/aquahealth/train_split/Bacterial Red disease/Bacterial Red disease_aug_243.jpg,0,Bacterial Red Disease,train
data/original/aquahealth/train_split/Bacterial Red disease/Bacterial Red disease_aug_244.jpg,0,Bacterial Red Disease,train
data/original/aquahealth/train_split/Bacterial Red disease/Bacterial Red disease_aug_245.jpg,0,Bacterial Red Disease,train
data/original/aquahealth/train_split/Bacterial Red disease/Bacterial Red disease_aug_246.jpg,0,Bacterial Red Disease,train
data/original/aquahealth/train_split/Bacterial Red disease/Bacterial Red disease_aug_247.jpg,0,Bacterial Red Disease,train
data/original/aquahealth/train_split/Bacterial Red disease/Bacterial Red disease_aug_248.jpg,0,Bacterial Red Disease,train
data/original/aquahealth/train_split/Bacterial Red disease/Bacterial Red disease_aug_25.jpg,0,Bacterial Red Disease,train
data/original/aquahealth/train_split/Bacterial Red disease/Bacterial Red disease_aug_250.jpg,0,Bacterial Red Disease,train
data/original/aquahealth/train_split/Bacterial Red disease/Bacterial Red disease_aug_252.jpg,0,Bacterial Red Disease,train
data/original/aquahealth/train_split/Bacterial Red disease/Bacterial Red disease_aug_254.jpg,0,Bacterial Red Disease,train
data/original/aquahealth/train_split/Bacterial Red disease/Bacterial Red disease_aug_255.jpg,0,Bacterial Red Disease,train
data/original/aquahealth/train_split/Bacterial Red disease/Bacterial Red disease_aug_256.jpg,0,Bacterial Red Disease,train
data/original/aquahealth/train_split/Bacterial Red disease/Bacterial Red disease_aug_257.jpg,0,Bacterial Red Disease,train
data/original/aquahealth/train_split/Bacterial Red disease/Bacterial Red disease_aug_261.jpg,0,Bacterial Red Disease,train
data/original/aquahealth/train_split/Bacterial Red disease/Bacterial Red disease_aug_262.jpg,0,Bacterial Red Disease,train
data/original/aquahealth/train_split/Bacterial Red disease/Bacterial Red disease_aug_265.jpg,0,Bacterial Red Disease,train
data/original/aquahealth/train_split/Bacterial Red disease/Bacterial Red disease_aug_267.jpg,0,Bacterial Red Disease,train
data/original/aquahealth/train_split/Bacterial Red disease/Bacterial Red disease_aug_268.jpg,0,Bacterial Red Disease,train
data/original/aquahealth/train_split/Bacterial Red disease/Bacterial Red disease_aug_272.jpg,0,Bacterial Red Disease,train
data/original/aquahealth/train_split/Bacterial Red disease/Bacterial Red disease_aug_273.jpg,0,Bacterial Red Disease,train
data/original/aquahealth/train_split/Bacterial Red disease/Bacterial Red disease_aug_275.jpg,0,Bacterial Red Disease,train
data/original/aquahealth/train_split/Bacterial Red disease/Bacterial Red disease_aug_28.jpg,0,Bacterial Red Disease,train
data/original/aquahealth/train_split/Bacterial Red disease/Bacterial Red disease_aug_281.jpg,0,Bacterial Red Disease,train
data/original/aquahealth/train_split/Bacterial Red disease/Bacterial Red disease_aug_282.jpg,0,Bacterial Red Disease,train
data/original/aquahealth/train_split/Bacterial Red disease/Bacterial Red disease_aug_285.jpg,0,Bacterial Red Disease,train
data/original/aquahealth/train_split/Bacterial Red disease/Bacterial Red disease_aug_286.jpg,0,Bacterial Red Disease,train
data/original/aquahealth/train_split/Bacterial Red disease/Bacterial Red disease_aug_287.jpg,0,Bacterial Red Disease,train
data/original/aquahealth/train_split/Bacterial Red disease/Bacterial Red disease_aug_288.jpg,0,Bacterial Red Disease,train
data/original/aquahealth/train_split/Bacterial Red disease/Bacterial Red disease_aug_289.jpg,0,Bacterial Red Disease,train
data/original/aquahealth/train_split/Bacterial Red disease/Bacterial Red disease_aug_291.jpg,0,Bacterial Red Disease,train
data/original/aquahealth/train_split/Bacterial Red disease/Bacterial Red disease_aug_292.jpg,0,Bacterial Red Disease,train
data/original/aquahealth/train_split/Bacterial Red disease/Bacterial Red disease_aug_293.jpg,0,Bacterial Red Disease,train
data/original/aquahealth/train_split/Bacterial Red disease/Bacterial Red disease_aug_294.jpg,0,Bacterial Red Disease,train
data/original/aquahealth/train_split/Bacterial Red disease/Bacterial Red disease_aug_297.jpg,0,Bacterial Red Disease,train
data/original/aquahealth/train_split/Bacterial Red disease/Bacterial Red disease_aug_298.jpg,0,Bacterial Red Disease,train
data/original/aquahealth/train_split/Bacterial Red disease/Bacterial Red disease_aug_30.jpg,0,Bacterial Red Disease,train
data/original/aquahealth/train_split/Bacterial Red disease/Bacterial Red disease_aug_300.jpg,0,Bacterial Red Disease,train
data/original/aquahealth/train_split/Bacterial Red disease/Bacterial Red disease_aug_302.jpg,0,Bacterial Red Disease,train
data/original/aquahealth/train_split/Bacterial Red disease/Bacterial Red disease_aug_303.jpg,0,Bacterial Red Disease,train
data/original/aquahealth/train_split/Bacterial Red disease/Bacterial Red disease_aug_304.jpg,0,Bacterial Red Disease,train
data/original/aquahealth/train_split/Bacterial Red disease/Bacterial Red disease_aug_306.jpg,0,Bacterial Red Disease,train
data/original/aquahealth/train_split/Bacterial Red disease/Bacterial Red disease_aug_307.jpg,0,Bacterial Red Disease,train
data/original/aquahealth/train_split/Bacterial Red disease/Bacterial Red disease_aug_31.jpg,0,Bacterial Red Disease,train
data/original/aquahealth/train_split/Bacterial Red disease/Bacterial Red disease_aug_314.jpg,0,Bacterial Red Disease,train
data/original/aquahealth/train_split/Bacterial Red disease/Bacterial Red disease_aug_315.jpg,0,Bacterial Red Disease,train
data/original/aquahealth/train_split/Bacterial Red disease/Bacterial Red disease_aug_317.jpg,0,Bacterial Red Disease,train
data/original/aquahealth/train_split/Bacterial Red disease/Bacterial Red disease_aug_319.jpg,0,Bacterial Red Disease,train
data/original/aquahealth/train_split/Bacterial Red disease/Bacterial Red disease_aug_32.jpg,0,Bacterial Red Disease,train
data/original/aquahealth/train_split/Bacterial Red disease/Bacterial Red disease_aug_320.jpg,0,Bacterial Red Disease,train
data/original/aquahealth/train_split/Bacterial Red disease/Bacterial Red disease_aug_321.jpg,0,Bacterial Red Disease,train
data/original/aquahealth/train_split/Bacterial Red disease/Bacterial Red disease_aug_322.jpg,0,Bacterial Red Disease,train
data/original/aquahealth/train_split/Bacterial Red disease/Bacterial Red disease_aug_323.jpg,0,Bacterial Red Disease,train
data/original/aquahealth/train_split/Bacterial Red disease/Bacterial Red disease_aug_324.jpg,0,Bacterial Red Disease,train
data/original/aquahealth/train_split/Bacterial Red disease/Bacterial Red disease_aug_328.jpg,0,Bacterial Red Disease,train
data/original/aquahealth/train_split/Bacterial Red disease/Bacterial Red disease_aug_329.jpg,0,Bacterial Red Disease,train
data/original/aquahealth/train_split/Bacterial Red disease/Bacterial Red disease_aug_33.jpg,0,Bacterial Red Disease,train
data/original/aquahealth/train_split/Bacterial Red disease/Bacterial Red disease_aug_330.jpg,0,Bacterial Red Disease,train
data/original/aquahealth/train_split/Bacterial Red disease/Bacterial Red disease_aug_331.jpg,0,Bacterial Red Disease,train
data/original/aquahealth/train_split/Bacterial Red disease/Bacterial Red disease_aug_332.jpg,0,Bacterial Red Disease,train
data/original/aquahealth/train_split/Bacterial Red disease/Bacterial Red disease_aug_333.jpg,0,Bacterial Red Disease,train
data/original/aquahealth/train_split/Bacterial Red disease/Bacterial Red disease_aug_334.jpg,0,Bacterial Red Disease,train
data/original/aquahealth/train_split/Bacterial Red disease/Bacterial Red disease_aug_336.jpg,0,Bacterial Red Disease,train
data/original/aquahealth/train_split/Bacterial Red disease/Bacterial Red disease_aug_338.jpg,0,Bacterial Red Disease,train
data/original/aquahealth/train_split/Bacterial Red disease/Bacterial Red disease_aug_34.jpg,0,Bacterial Red Disease,train
data/original/aquahealth/train_split/Bacterial Red disease/Bacterial Red disease_aug_342.jpg,0,Bacterial Red Disease,train
data/original/aquahealth/train_split/Bacterial Red disease/Bacterial Red disease_aug_343.jpg,0,Bacterial Red Disease,train
data/original/aquahealth/train_split/Bacterial Red disease/Bacterial Red disease_aug_36.jpg,0,Bacterial Red Disease,train
data/original/aquahealth/train_split/Bacterial Red disease/Bacterial Red disease_aug_37.jpg,0,Bacterial Red Disease,train
data/original/aquahealth/train_split/Bacterial Red disease/Bacterial Red disease_aug_38.jpg,0,Bacterial Red Disease,train
data/original/aquahealth/train_split/Bacterial Red disease/Bacterial Red disease_aug_39.jpg,0,Bacterial Red Disease,train
data/original/aquahealth/train_split/Bacterial Red disease/Bacterial Red disease_aug_4.jpg,0,Bacterial Red Disease,train
data/original/aquahealth/train_split/Bacterial Red disease/Bacterial Red disease_aug_40.jpg,0,Bacterial Red Disease,train
data/original/aquahealth/train_split/Bacterial Red disease/Bacterial Red disease_aug_42.jpg,0,Bacterial Red Disease,train
data/original/aquahealth/train_split/Bacterial Red disease/Bacterial Red disease_aug_43.jpg,0,Bacterial Red Disease,train
data/original/aquahealth/train_split/Bacterial Red disease/Bacterial Red disease_aug_44.jpg,0,Bacterial Red Disease,train
data/original/aquahealth/train_split/Bacterial Red disease/Bacterial Red disease_aug_47.jpg,0,Bacterial Red Disease,train
data/original/aquahealth/train_split/Bacterial Red disease/Bacterial Red disease_aug_48.jpg,0,Bacterial Red Disease,train
data/original/aquahealth/train_split/Bacterial Red disease/Bacterial Red disease_aug_49.jpg,0,Bacterial Red Disease,train
data/original/aquahealth/train_split/Bacterial Red disease/Bacterial Red disease_aug_50.jpg,0,Bacterial Red Disease,train
data/original/aquahealth/train_split/Bacterial Red disease/Bacterial Red disease_aug_51.jpg,0,Bacterial Red Disease,train
data/original/aquahealth/train_split/Bacterial Red disease/Bacterial Red disease_aug_52.jpg,0,Bacterial Red Disease,train
data/original/aquahealth/train_split/Bacterial Red disease/Bacterial Red disease_aug_53.jpg,0,Bacterial Red Disease,train
data/original/aquahealth/train_split/Bacterial Red disease/Bacterial Red disease_aug_55.jpg,0,Bacterial Red Disease,train
data/original/aquahealth/train_split/Bacterial Red disease/Bacterial Red disease_aug_58.jpg,0,Bacterial Red Disease,train
data/original/aquahealth/train_split/Bacterial Red disease/Bacterial Red disease_aug_6.jpg,0,Bacterial Red Disease,train
data/original/aquahealth/train_split/Bacterial Red disease/Bacterial Red disease_aug_60.jpg,0,Bacterial Red Disease,train
data/original/aquahealth/train_split/Bacterial Red disease/Bacterial Red disease_aug_67.jpg,0,Bacterial Red Disease,train
data/original/aquahealth/train_split/Bacterial Red disease/Bacterial Red disease_aug_7.jpg,0,Bacterial Red Disease,train
data/original/aquahealth/train_split/Bacterial Red disease/Bacterial Red disease_aug_70.jpg,0,Bacterial Red Disease,train
data/original/aquahealth/train_split/Bacterial Red disease/Bacterial Red disease_aug_71.jpg,0,Bacterial Red Disease,train
data/original/aquahealth/train_split/Bacterial Red disease/Bacterial Red disease_aug_74.jpg,0,Bacterial Red Disease,train
data/original/aquahealth/train_split/Bacterial Red disease/Bacterial Red disease_aug_79.jpg,0,Bacterial Red Disease,train
data/original/aquahealth/train_split/Bacterial Red disease/Bacterial Red disease_aug_8.jpg,0,Bacterial Red Disease,train
data/original/aquahealth/train_split/Bacterial Red disease/Bacterial Red disease_aug_86.jpg,0,Bacterial Red Disease,train
data/original/aquahealth/train_split/Bacterial Red disease/Bacterial Red disease_aug_88.jpg,0,Bacterial Red Disease,train
data/original/aquahealth/train_split/Bacterial Red disease/Bacterial Red disease_aug_9.jpg,0,Bacterial Red Disease,train
data/original/aquahealth/train_split/Bacterial Red disease/Bacterial Red disease_aug_91.jpg,0,Bacterial Red Disease,train
data/original/aquahealth/train_split/Bacterial Red disease/Bacterial Red disease_aug_92.jpg,0,Bacterial Red Disease,train
data/original/aquahealth/train_split/Bacterial Red disease/Bacterial Red disease_aug_94.jpg,0,Bacterial Red Disease,train
data/original/aquahealth/train_split/Bacterial Red disease/Bacterial Red disease_aug_95.jpg,0,Bacterial Red Disease,train
data/original/aquahealth/train_split/Bacterial Red disease/Bacterial Red disease_aug_99.jpg,0,Bacterial Red Disease,train
data/original/aquahealth/test_split/Bacterial diseases - Aeromoniasis_Bacterial diseases - Aeromoniasis_103.jpg,1,Aeromoniasis,train
data/original/aquahealth/test_split/Bacterial diseases - Aeromoniasis_Bacterial diseases - Aeromoniasis_112.jpg,1,Aeromoniasis,train
data/original/aquahealth/test_split/Bacterial diseases - Aeromoniasis_Bacterial diseases - Aeromoniasis_113.jpg,1,Aeromoniasis,train
data/original/aquahealth/test_split/Bacterial diseases - Aeromoniasis_Bacterial diseases - Aeromoniasis_115.png,1,Aeromoniasis,train
data/original/aquahealth/test_split/Bacterial diseases - Aeromoniasis_Bacterial diseases - Aeromoniasis_121.jpg,1,Aeromoniasis,train
data/original/aquahealth/test_split/Bacterial diseases - Aeromoniasis_Bacterial diseases - Aeromoniasis_133.jpg,1,Aeromoniasis,train
data/original/aquahealth/test_split/Bacterial diseases - Aeromoniasis_Bacterial diseases - Aeromoniasis_134.jpg,1,Aeromoniasis,train
data/original/aquahealth/test_split/Bacterial diseases - Aeromoniasis_Bacterial diseases - Aeromoniasis_138.jpg,1,Aeromoniasis,train
data/original/aquahealth/test_split/Bacterial diseases - Aeromoniasis_Bacterial diseases - Aeromoniasis_141.jpg,1,Aeromoniasis,train
data/original/aquahealth/test_split/Bacterial diseases - Aeromoniasis_Bacterial diseases - Aeromoniasis_146.jpg,1,Aeromoniasis,train
data/original/aquahealth/test_split/Bacterial diseases - Aeromoniasis_Bacterial diseases - Aeromoniasis_149.jpg,1,Aeromoniasis,train
data/original/aquahealth/test_split/Bacterial diseases - Aeromoniasis_Bacterial diseases - Aeromoniasis_153.jpg,1,Aeromoniasis,train
data/original/aquahealth/test_split/Bacterial diseases - Aeromoniasis_Bacterial diseases - Aeromoniasis_171.jpg,1,Aeromoniasis,train
data/original/aquahealth/test_split/Bacterial diseases - Aeromoniasis_Bacterial diseases - Aeromoniasis_180.jpg,1,Aeromoniasis,train
data/original/aquahealth/test_split/Bacterial diseases - Aeromoniasis_Bacterial diseases - Aeromoniasis_20.jpg,1,Aeromoniasis,train
data/original/aquahealth/test_split/Bacterial diseases - Aeromoniasis_Bacterial diseases - Aeromoniasis_202.jpg,1,Aeromoniasis,train
data/original/aquahealth/test_split/Bacterial diseases - Aeromoniasis_Bacterial diseases - Aeromoniasis_208.jpg,1,Aeromoniasis,train
data/original/aquahealth/test_split/Bacterial diseases - Aeromoniasis_Bacterial diseases - Aeromoniasis_210.jpg,1,Aeromoniasis,train
data/original/aquahealth/test_split/Bacterial diseases - Aeromoniasis_Bacterial diseases - Aeromoniasis_212.jpg,1,Aeromoniasis,train
data/original/aquahealth/test_split/Bacterial diseases - Aeromoniasis_Bacterial diseases - Aeromoniasis_213.jpg,1,Aeromoniasis,train
data/original/aquahealth/test_split/Bacterial diseases - Aeromoniasis_Bacterial diseases - Aeromoniasis_217.jpg,1,Aeromoniasis,train
data/original/aquahealth/test_split/Bacterial diseases - Aeromoniasis_Bacterial diseases - Aeromoniasis_22.jpg,1,Aeromoniasis,train
data/original/aquahealth/test_split/Bacterial diseases - Aeromoniasis_Bacterial diseases - Aeromoniasis_225.jpg,1,Aeromoniasis,train
data/original/aquahealth/test_split/Bacterial diseases - Aeromoniasis_Bacterial diseases - Aeromoniasis_234.jpg,1,Aeromoniasis,train
data/original/aquahealth/test_split/Bacterial diseases - Aeromoniasis_Bacterial diseases - Aeromoniasis_235.jpg,1,Aeromoniasis,train
data/original/aquahealth/test_split/Bacterial diseases - Aeromoniasis_Bacterial diseases - Aeromoniasis_240.jpg,1,Aeromoniasis,train
data/original/aquahealth/test_split/Bacterial diseases - Aeromoniasis_Bacterial diseases - Aeromoniasis_249.jpg,1,Aeromoniasis,train
data/original/aquahealth/test_split/Bacterial diseases - Aeromoniasis_Bacterial diseases - Aeromoniasis_43.jpg,1,Aeromoniasis,train
data/original/aquahealth/test_split/Bacterial diseases - Aeromoniasis_Bacterial diseases - Aeromoniasis_49.jpg,1,Aeromoniasis,train
data/original/aquahealth/test_split/Bacterial diseases - Aeromoniasis_Bacterial diseases - Aeromoniasis_58.jpg,1,Aeromoniasis,train
data/original/aquahealth/test_split/Bacterial diseases - Aeromoniasis_Bacterial diseases - Aeromoniasis_62.jpg,1,Aeromoniasis,train
data/original/aquahealth/test_split/Bacterial diseases - Aeromoniasis_Bacterial diseases - Aeromoniasis_65.jpg,1,Aeromoniasis,train
data/original/aquahealth/test_split/Bacterial diseases - Aeromoniasis_Bacterial diseases - Aeromoniasis_69.jpg,1,Aeromoniasis,train
data/original/aquahealth/test_split/Bacterial diseases - Aeromoniasis_Bacterial diseases - Aeromoniasis_90.jpg,1,Aeromoniasis,train
data/original/aquahealth/test_split/Bacterial diseases - Aeromoniasis_Bacterial diseases - Aeromoniasis_92.jpg,1,Aeromoniasis,train
data/original/aquahealth/train_split/Bacterial diseases - Aeromoniasis/Bacterial diseases - Aeromoniasis_100.jpg,1,Aeromoniasis,train
data/original/aquahealth/train_split/Bacterial diseases - Aeromoniasis/Bacterial diseases - Aeromoniasis_102.jpg,1,Aeromoniasis,train
data/original/aquahealth/train_split/Bacterial diseases - Aeromoniasis/Bacterial diseases - Aeromoniasis_104.jpg,1,Aeromoniasis,train
data/original/aquahealth/train_split/Bacterial diseases - Aeromoniasis/Bacterial diseases - Aeromoniasis_105.jpg,1,Aeromoniasis,train
data/original/aquahealth/train_split/Bacterial diseases - Aeromoniasis/Bacterial diseases - Aeromoniasis_106.jpg,1,Aeromoniasis,train
data/original/aquahealth/train_split/Bacterial diseases - Aeromoniasis/Bacterial diseases - Aeromoniasis_107.jpg,1,Aeromoniasis,train
data/original/aquahealth/train_split/Bacterial diseases - Aeromoniasis/Bacterial diseases - Aeromoniasis_109.jpg,1,Aeromoniasis,train
data/original/aquahealth/train_split/Bacterial diseases - Aeromoniasis/Bacterial diseases - Aeromoniasis_111.jpg,1,Aeromoniasis,train
data/original/aquahealth/train_split/Bacterial diseases - Aeromoniasis/Bacterial diseases - Aeromoniasis_117.jpg,1,Aeromoniasis,train
data/original/aquahealth/train_split/Bacterial diseases - Aeromoniasis/Bacterial diseases - Aeromoniasis_119.jpg,1,Aeromoniasis,train
data/original/aquahealth/train_split/Bacterial diseases - Aeromoniasis/Bacterial diseases - Aeromoniasis_12.jpg,1,Aeromoniasis,train
data/original/aquahealth/train_split/Bacterial diseases - Aeromoniasis/Bacterial diseases - Aeromoniasis_123.jpg,1,Aeromoniasis,train
data/original/aquahealth/train_split/Bacterial diseases - Aeromoniasis/Bacterial diseases - Aeromoniasis_125.jpg,1,Aeromoniasis,train
data/original/aquahealth/train_split/Bacterial diseases - Aeromoniasis/Bacterial diseases - Aeromoniasis_126.jpg,1,Aeromoniasis,train
data/original/aquahealth/train_split/Bacterial diseases - Aeromoniasis/Bacterial diseases - Aeromoniasis_127.jpg,1,Aeromoniasis,train
data/original/aquahealth/train_split/Bacterial diseases - Aeromoniasis/Bacterial diseases - Aeromoniasis_128.jpg,1,Aeromoniasis,train
data/original/aquahealth/train_split/Bacterial diseases - Aeromoniasis/Bacterial diseases - Aeromoniasis_13.jpg,1,Aeromoniasis,train
data/original/aquahealth/train_split/Bacterial diseases - Aeromoniasis/Bacterial diseases - Aeromoniasis_130.jpg,1,Aeromoniasis,train
data/original/aquahealth/train_split/Bacterial diseases - Aeromoniasis/Bacterial diseases - Aeromoniasis_131.jpg,1,Aeromoniasis,train
data/original/aquahealth/train_split/Bacterial diseases - Aeromoniasis/Bacterial diseases - Aeromoniasis_135.jpg,1,Aeromoniasis,train
data/original/aquahealth/train_split/Bacterial diseases - Aeromoniasis/Bacterial diseases - Aeromoniasis_137.jpg,1,Aeromoniasis,train
data/original/aquahealth/train_split/Bacterial diseases - Aeromoniasis/Bacterial diseases - Aeromoniasis_139.jpg,1,Aeromoniasis,train
data/original/aquahealth/train_split/Bacterial diseases - Aeromoniasis/Bacterial diseases - Aeromoniasis_140.jpg,1,Aeromoniasis,train
data/original/aquahealth/train_split/Bacterial diseases - Aeromoniasis/Bacterial diseases - Aeromoniasis_142.jpg,1,Aeromoniasis,train
data/original/aquahealth/train_split/Bacterial diseases - Aeromoniasis/Bacterial diseases - Aeromoniasis_143.jpg,1,Aeromoniasis,train
data/original/aquahealth/train_split/Bacterial diseases - Aeromoniasis/Bacterial diseases - Aeromoniasis_145.jpg,1,Aeromoniasis,train
data/original/aquahealth/train_split/Bacterial diseases - Aeromoniasis/Bacterial diseases - Aeromoniasis_147.jpg,1,Aeromoniasis,train
data/original/aquahealth/train_split/Bacterial diseases - Aeromoniasis/Bacterial diseases - Aeromoniasis_15.jpg,1,Aeromoniasis,train
data/original/aquahealth/train_split/Bacterial diseases - Aeromoniasis/Bacterial diseases - Aeromoniasis_150.jpg,1,Aeromoniasis,train
data/original/aquahealth/train_split/Bacterial diseases - Aeromoniasis/Bacterial diseases - Aeromoniasis_151.jpg,1,Aeromoniasis,train
data/original/aquahealth/train_split/Bacterial diseases - Aeromoniasis/Bacterial diseases - Aeromoniasis_155.jpg,1,Aeromoniasis,train
data/original/aquahealth/train_split/Bacterial diseases - Aeromoniasis/Bacterial diseases - Aeromoniasis_160.jpg,1,Aeromoniasis,train
data/original/aquahealth/train_split/Bacterial diseases - Aeromoniasis/Bacterial diseases - Aeromoniasis_167.jpg,1,Aeromoniasis,train
data/original/aquahealth/train_split/Bacterial diseases - Aeromoniasis/Bacterial diseases - Aeromoniasis_169.jpg,1,Aeromoniasis,train
data/original/aquahealth/train_split/Bacterial diseases - Aeromoniasis/Bacterial diseases - Aeromoniasis_170.jpg,1,Aeromoniasis,train
data/original/aquahealth/train_split/Bacterial diseases - Aeromoniasis/Bacterial diseases - Aeromoniasis_173.jpg,1,Aeromoniasis,train
data/original/aquahealth/train_split/Bacterial diseases - Aeromoniasis/Bacterial diseases - Aeromoniasis_174.jpg,1,Aeromoniasis,train
data/original/aquahealth/train_split/Bacterial diseases - Aeromoniasis/Bacterial diseases - Aeromoniasis_175.jpg,1,Aeromoniasis,train
data/original/aquahealth/train_split/Bacterial diseases - Aeromoniasis/Bacterial diseases - Aeromoniasis_177.jpg,1,Aeromoniasis,train
data/original/aquahealth/train_split/Bacterial diseases - Aeromoniasis/Bacterial diseases - Aeromoniasis_178.jpeg,1,Aeromoniasis,train
data/original/aquahealth/train_split/Bacterial diseases - Aeromoniasis/Bacterial diseases - Aeromoniasis_186.jpg,1,Aeromoniasis,train
data/original/aquahealth/train_split/Bacterial diseases - Aeromoniasis/Bacterial diseases - Aeromoniasis_188.jpg,1,Aeromoniasis,train
data/original/aquahealth/train_split/Bacterial diseases - Aeromoniasis/Bacterial diseases - Aeromoniasis_189.jpeg,1,Aeromoniasis,train
data/original/aquahealth/train_split/Bacterial diseases - Aeromoniasis/Bacterial diseases - Aeromoniasis_19.jpg,1,Aeromoniasis,train
data/original/aquahealth/train_split/Bacterial diseases - Aeromoniasis/Bacterial diseases - Aeromoniasis_192.jpg,1,Aeromoniasis,train
data/original/aquahealth/train_split/Bacterial diseases - Aeromoniasis/Bacterial diseases - Aeromoniasis_193.jpg,1,Aeromoniasis,train
data/original/aquahealth/train_split/Bacterial diseases - Aeromoniasis/Bacterial diseases - Aeromoniasis_194.jpg,1,Aeromoniasis,train
data/original/aquahealth/train_split/Bacterial diseases - Aeromoniasis/Bacterial diseases - Aeromoniasis_195.jpg,1,Aeromoniasis,train
data/original/aquahealth/train_split/Bacterial diseases - Aeromoniasis/Bacterial diseases - Aeromoniasis_196.jpg,1,Aeromoniasis,train
data/original/aquahealth/train_split/Bacterial diseases - Aeromoniasis/Bacterial diseases - Aeromoniasis_197.jpg,1,Aeromoniasis,train
data/original/aquahealth/train_split/Bacterial diseases - Aeromoniasis/Bacterial diseases - Aeromoniasis_198.jpg,1,Aeromoniasis,train
data/original/aquahealth/train_split/Bacterial diseases - Aeromoniasis/Bacterial diseases - Aeromoniasis_199.jpg,1,Aeromoniasis,train
data/original/aquahealth/train_split/Bacterial diseases - Aeromoniasis/Bacterial diseases - Aeromoniasis_200.jpeg,1,Aeromoniasis,train
data/original/aquahealth/train_split/Bacterial diseases - Aeromoniasis/Bacterial diseases - Aeromoniasis_201.jpg,1,Aeromoniasis,train
data/original/aquahealth/train_split/Bacterial diseases - Aeromoniasis/Bacterial diseases - Aeromoniasis_203.jpg,1,Aeromoniasis,train
data/original/aquahealth/train_split/Bacterial diseases - Aeromoniasis/Bacterial diseases - Aeromoniasis_204.jpg,1,Aeromoniasis,train
data/original/aquahealth/train_split/Bacterial diseases - Aeromoniasis/Bacterial diseases - Aeromoniasis_205.jpg,1,Aeromoniasis,train
data/original/aquahealth/train_split/Bacterial diseases - Aeromoniasis/Bacterial diseases - Aeromoniasis_206.jpg,1,Aeromoniasis,train
data/original/aquahealth/train_split/Bacterial diseases - Aeromoniasis/Bacterial diseases - Aeromoniasis_207.jpg,1,Aeromoniasis,train
data/original/aquahealth/train_split/Bacterial diseases - Aeromoniasis/Bacterial diseases - Aeromoniasis_21.jpg,1,Aeromoniasis,train
data/original/aquahealth/train_split/Bacterial diseases - Aeromoniasis/Bacterial diseases - Aeromoniasis_214.jpg,1,Aeromoniasis,train
data/original/aquahealth/train_split/Bacterial diseases - Aeromoniasis/Bacterial diseases - Aeromoniasis_218.jpg,1,Aeromoniasis,train
data/original/aquahealth/train_split/Bacterial diseases - Aeromoniasis/Bacterial diseases - Aeromoniasis_219.jpg,1,Aeromoniasis,train
data/original/aquahealth/train_split/Bacterial diseases - Aeromoniasis/Bacterial diseases - Aeromoniasis_220.jpg,1,Aeromoniasis,train
data/original/aquahealth/train_split/Bacterial diseases - Aeromoniasis/Bacterial diseases - Aeromoniasis_221.jpg,1,Aeromoniasis,train
data/original/aquahealth/train_split/Bacterial diseases - Aeromoniasis/Bacterial diseases - Aeromoniasis_222.jpg,1,Aeromoniasis,train
data/original/aquahealth/train_split/Bacterial diseases - Aeromoniasis/Bacterial diseases - Aeromoniasis_223.jpg,1,Aeromoniasis,train
data/original/aquahealth/train_split/Bacterial diseases - Aeromoniasis/Bacterial diseases - Aeromoniasis_224.jpg,1,Aeromoniasis,train
data/original/aquahealth/train_split/Bacterial diseases - Aeromoniasis/Bacterial diseases - Aeromoniasis_226.jpg,1,Aeromoniasis,train
data/original/aquahealth/train_split/Bacterial diseases - Aeromoniasis/Bacterial diseases - Aeromoniasis_227.jpg,1,Aeromoniasis,train
data/original/aquahealth/train_split/Bacterial diseases - Aeromoniasis/Bacterial diseases - Aeromoniasis_228.jpg,1,Aeromoniasis,train
data/original/aquahealth/train_split/Bacterial diseases - Aeromoniasis/Bacterial diseases - Aeromoniasis_229.jpg,1,Aeromoniasis,train
data/original/aquahealth/train_split/Bacterial diseases - Aeromoniasis/Bacterial diseases - Aeromoniasis_23.jpg,1,Aeromoniasis,train
data/original/aquahealth/train_split/Bacterial diseases - Aeromoniasis/Bacterial diseases - Aeromoniasis_230.jpg,1,Aeromoniasis,train
data/original/aquahealth/train_split/Bacterial diseases - Aeromoniasis/Bacterial diseases - Aeromoniasis_233.jpg,1,Aeromoniasis,train
data/original/aquahealth/train_split/Bacterial diseases - Aeromoniasis/Bacterial diseases - Aeromoniasis_236.jpg,1,Aeromoniasis,train
data/original/aquahealth/train_split/Bacterial diseases - Aeromoniasis/Bacterial diseases - Aeromoniasis_237.jpg,1,Aeromoniasis,train
data/original/aquahealth/train_split/Bacterial diseases - Aeromoniasis/Bacterial diseases - Aeromoniasis_238.jpg,1,Aeromoniasis,train
data/original/aquahealth/train_split/Bacterial diseases - Aeromoniasis/Bacterial diseases - Aeromoniasis_241.jpg,1,Aeromoniasis,train
data/original/aquahealth/train_split/Bacterial diseases - Aeromoniasis/Bacterial diseases - Aeromoniasis_243.jpg,1,Aeromoniasis,train
data/original/aquahealth/train_split/Bacterial diseases - Aeromoniasis/Bacterial diseases - Aeromoniasis_244.jpg,1,Aeromoniasis,train
data/original/aquahealth/train_split/Bacterial diseases - Aeromoniasis/Bacterial diseases - Aeromoniasis_245.jpg,1,Aeromoniasis,train
data/original/aquahealth/train_split/Bacterial diseases - Aeromoniasis/Bacterial diseases - Aeromoniasis_25.jpg,1,Aeromoniasis,train
data/original/aquahealth/train_split/Bacterial diseases - Aeromoniasis/Bacterial diseases - Aeromoniasis_250.jpg,1,Aeromoniasis,train
data/original/aquahealth/train_split/Bacterial diseases - Aeromoniasis/Bacterial diseases - Aeromoniasis_26.jpg,1,Aeromoniasis,train
data/original/aquahealth/train_split/Bacterial diseases - Aeromoniasis/Bacterial diseases - Aeromoniasis_28.jpg,1,Aeromoniasis,train
data/original/aquahealth/train_split/Bacterial diseases - Aeromoniasis/Bacterial diseases - Aeromoniasis_29.jpg,1,Aeromoniasis,train
data/original/aquahealth/train_split/Bacterial diseases - Aeromoniasis/Bacterial diseases - Aeromoniasis_3.png,1,Aeromoniasis,train
data/original/aquahealth/train_split/Bacterial diseases - Aeromoniasis/Bacterial diseases - Aeromoniasis_30.jpg,1,Aeromoniasis,train
data/original/aquahealth/train_split/Bacterial diseases - Aeromoniasis/Bacterial diseases - Aeromoniasis_32.jpg,1,Aeromoniasis,train
data/original/aquahealth/train_split/Bacterial diseases - Aeromoniasis/Bacterial diseases - Aeromoniasis_33.jpg,1,Aeromoniasis,train
data/original/aquahealth/train_split/Bacterial diseases - Aeromoniasis/Bacterial diseases - Aeromoniasis_34.jpg,1,Aeromoniasis,train
data/original/aquahealth/train_split/Bacterial diseases - Aeromoniasis/Bacterial diseases - Aeromoniasis_38.jpg,1,Aeromoniasis,train
data/original/aquahealth/train_split/Bacterial diseases - Aeromoniasis/Bacterial diseases - Aeromoniasis_39.jpg,1,Aeromoniasis,train
data/original/aquahealth/train_split/Bacterial diseases - Aeromoniasis/Bacterial diseases - Aeromoniasis_40.jpg,1,Aeromoniasis,train
data/original/aquahealth/train_split/Bacterial diseases - Aeromoniasis/Bacterial diseases - Aeromoniasis_41.jpg,1,Aeromoniasis,train
data/original/aquahealth/train_split/Bacterial diseases - Aeromoniasis/Bacterial diseases - Aeromoniasis_44.jpg,1,Aeromoniasis,train
data/original/aquahealth/train_split/Bacterial diseases - Aeromoniasis/Bacterial diseases - Aeromoniasis_5.jpg,1,Aeromoniasis,train
data/original/aquahealth/train_split/Bacterial diseases - Aeromoniasis/Bacterial diseases - Aeromoniasis_52.jpg,1,Aeromoniasis,train
data/original/aquahealth/train_split/Bacterial diseases - Aeromoniasis/Bacterial diseases - Aeromoniasis_54.jpg,1,Aeromoniasis,train
data/original/aquahealth/train_split/Bacterial diseases - Aeromoniasis/Bacterial diseases - Aeromoniasis_57.jpg,1,Aeromoniasis,train
data/original/aquahealth/train_split/Bacterial diseases - Aeromoniasis/Bacterial diseases - Aeromoniasis_59.jpg,1,Aeromoniasis,train
data/original/aquahealth/train_split/Bacterial diseases - Aeromoniasis/Bacterial diseases - Aeromoniasis_60.jpg,1,Aeromoniasis,train
data/original/aquahealth/train_split/Bacterial diseases - Aeromoniasis/Bacterial diseases - Aeromoniasis_64.jpg,1,Aeromoniasis,train
data/original/aquahealth/train_split/Bacterial diseases - Aeromoniasis/Bacterial diseases - Aeromoniasis_66.jpg,1,Aeromoniasis,train
data/original/aquahealth/train_split/Bacterial diseases - Aeromoniasis/Bacterial diseases - Aeromoniasis_67.jpg,1,Aeromoniasis,train
data/original/aquahealth/train_split/Bacterial diseases - Aeromoniasis/Bacterial diseases - Aeromoniasis_71.jpg,1,Aeromoniasis,train
data/original/aquahealth/train_split/Bacterial diseases - Aeromoniasis/Bacterial diseases - Aeromoniasis_74.jpg,1,Aeromoniasis,train
data/original/aquahealth/train_split/Bacterial diseases - Aeromoniasis/Bacterial diseases - Aeromoniasis_75.jpg,1,Aeromoniasis,train
data/original/aquahealth/train_split/Bacterial diseases - Aeromoniasis/Bacterial diseases - Aeromoniasis_76.jpg,1,Aeromoniasis,train
data/original/aquahealth/train_split/Bacterial diseases - Aeromoniasis/Bacterial diseases - Aeromoniasis_77.jpg,1,Aeromoniasis,train
data/original/aquahealth/train_split/Bacterial diseases - Aeromoniasis/Bacterial diseases - Aeromoniasis_78.jpg,1,Aeromoniasis,train
data/original/aquahealth/train_split/Bacterial diseases - Aeromoniasis/Bacterial diseases - Aeromoniasis_79.jpg,1,Aeromoniasis,train
data/original/aquahealth/train_split/Bacterial diseases - Aeromoniasis/Bacterial diseases - Aeromoniasis_80.jpg,1,Aeromoniasis,train
data/original/aquahealth/train_split/Bacterial diseases - Aeromoniasis/Bacterial diseases - Aeromoniasis_83.jpg,1,Aeromoniasis,train
data/original/aquahealth/train_split/Bacterial diseases - Aeromoniasis/Bacterial diseases - Aeromoniasis_84.jpg,1,Aeromoniasis,train
data/original/aquahealth/train_split/Bacterial diseases - Aeromoniasis/Bacterial diseases - Aeromoniasis_85.jpg,1,Aeromoniasis,train
data/original/aquahealth/train_split/Bacterial diseases - Aeromoniasis/Bacterial diseases - Aeromoniasis_88.jpg,1,Aeromoniasis,train
data/original/aquahealth/train_split/Bacterial diseases - Aeromoniasis/Bacterial diseases - Aeromoniasis_89.jpg,1,Aeromoniasis,train
data/original/aquahealth/train_split/Bacterial diseases - Aeromoniasis/Bacterial diseases - Aeromoniasis_9.jpg,1,Aeromoniasis,train
data/original/aquahealth/train_split/Bacterial diseases - Aeromoniasis/Bacterial diseases - Aeromoniasis_93.jpg,1,Aeromoniasis,train
data/original/aquahealth/train_split/Bacterial diseases - Aeromoniasis/Bacterial diseases - Aeromoniasis_94.jpg,1,Aeromoniasis,train
data/original/aquahealth/train_split/Bacterial diseases - Aeromoniasis/Bacterial diseases - Aeromoniasis_97.jpg,1,Aeromoniasis,train
data/original/aquahealth/train_split/Bacterial diseases - Aeromoniasis/Bacterial diseases - Aeromoniasis_98.jpg,1,Aeromoniasis,train
data/original/aquahealth/train_split/Bacterial diseases - Aeromoniasis/Bacterial diseases - Aeromoniasis_aug_0.jpg,1,Aeromoniasis,train
data/original/aquahealth/train_split/Bacterial diseases - Aeromoniasis/Bacterial diseases - Aeromoniasis_aug_1.jpg,1,Aeromoniasis,train
data/original/aquahealth/train_split/Bacterial diseases - Aeromoniasis/Bacterial diseases - Aeromoniasis_aug_100.jpg,1,Aeromoniasis,train
data/original/aquahealth/train_split/Bacterial diseases - Aeromoniasis/Bacterial diseases - Aeromoniasis_aug_101.jpg,1,Aeromoniasis,train
data/original/aquahealth/train_split/Bacterial diseases - Aeromoniasis/Bacterial diseases - Aeromoniasis_aug_107.jpg,1,Aeromoniasis,train
data/original/aquahealth/train_split/Bacterial diseases - Aeromoniasis/Bacterial diseases - Aeromoniasis_aug_11.jpg,1,Aeromoniasis,train
data/original/aquahealth/train_split/Bacterial diseases - Aeromoniasis/Bacterial diseases - Aeromoniasis_aug_110.jpg,1,Aeromoniasis,train
data/original/aquahealth/train_split/Bacterial diseases - Aeromoniasis/Bacterial diseases - Aeromoniasis_aug_111.jpg,1,Aeromoniasis,train
data/original/aquahealth/train_split/Bacterial diseases - Aeromoniasis/Bacterial diseases - Aeromoniasis_aug_112.jpg,1,Aeromoniasis,train
data/original/aquahealth/train_split/Bacterial diseases - Aeromoniasis/Bacterial diseases - Aeromoniasis_aug_113.jpg,1,Aeromoniasis,train
data/original/aquahealth/train_split/Bacterial diseases - Aeromoniasis/Bacterial diseases - Aeromoniasis_aug_114.jpg,1,Aeromoniasis,train
data/original/aquahealth/train_split/Bacterial diseases - Aeromoniasis/Bacterial diseases - Aeromoniasis_aug_116.jpg,1,Aeromoniasis,train
data/original/aquahealth/train_split/Bacterial diseases - Aeromoniasis/Bacterial diseases - Aeromoniasis_aug_119.jpg,1,Aeromoniasis,train
data/original/aquahealth/train_split/Bacterial diseases - Aeromoniasis/Bacterial diseases - Aeromoniasis_aug_121.jpg,1,Aeromoniasis,train
data/original/aquahealth/train_split/Bacterial diseases - Aeromoniasis/Bacterial diseases - Aeromoniasis_aug_122.jpg,1,Aeromoniasis,train
data/original/aquahealth/train_split/Bacterial diseases - Aeromoniasis/Bacterial diseases - Aeromoniasis_aug_123.jpg,1,Aeromoniasis,train
data/original/aquahealth/train_split/Bacterial diseases - Aeromoniasis/Bacterial diseases - Aeromoniasis_aug_124.jpg,1,Aeromoniasis,train
data/original/aquahealth/train_split/Bacterial diseases - Aeromoniasis/Bacterial diseases - Aeromoniasis_aug_125.jpg,1,Aeromoniasis,train
data/original/aquahealth/train_split/Bacterial diseases - Aeromoniasis/Bacterial diseases - Aeromoniasis_aug_126.jpg,1,Aeromoniasis,train
data/original/aquahealth/train_split/Bacterial diseases - Aeromoniasis/Bacterial diseases - Aeromoniasis_aug_128.jpg,1,Aeromoniasis,train
data/original/aquahealth/train_split/Bacterial diseases - Aeromoniasis/Bacterial diseases - Aeromoniasis_aug_13.jpg,1,Aeromoniasis,train
data/original/aquahealth/train_split/Bacterial diseases - Aeromoniasis/Bacterial diseases - Aeromoniasis_aug_130.jpg,1,Aeromoniasis,train
data/original/aquahealth/train_split/Bacterial diseases - Aeromoniasis/Bacterial diseases - Aeromoniasis_aug_131.jpg,1,Aeromoniasis,train
data/original/aquahealth/train_split/Bacterial diseases - Aeromoniasis/Bacterial diseases - Aeromoniasis_aug_135.jpg,1,Aeromoniasis,train
data/original/aquahealth/train_split/Bacterial diseases - Aeromoniasis/Bacterial diseases - Aeromoniasis_aug_136.jpg,1,Aeromoniasis,train
data/original/aquahealth/train_split/Bacterial diseases - Aeromoniasis/Bacterial diseases - Aeromoniasis_aug_137.jpg,1,Aeromoniasis,train
data/original/aquahealth/train_split/Bacterial diseases - Aeromoniasis/Bacterial diseases - Aeromoniasis_aug_139.jpg,1,Aeromoniasis,train
data/original/aquahealth/train_split/Bacterial diseases - Aeromoniasis/Bacterial diseases - Aeromoniasis_aug_14.jpg,1,Aeromoniasis,train
data/original/aquahealth/train_split/Bacterial diseases - Aeromoniasis/Bacterial diseases - Aeromoniasis_aug_140.jpg,1,Aeromoniasis,train
data/original/aquahealth/train_split/Bacterial diseases - Aeromoniasis/Bacterial diseases - Aeromoniasis_aug_142.jpg,1,Aeromoniasis,train
data/original/aquahealth/train_split/Bacterial diseases - Aeromoniasis/Bacterial diseases - Aeromoniasis_aug_145.jpg,1,Aeromoniasis,train
data/original/aquahealth/train_split/Bacterial diseases - Aeromoniasis/Bacterial diseases - Aeromoniasis_aug_146.jpg,1,Aeromoniasis,train
data/original/aquahealth/train_split/Bacterial diseases - Aeromoniasis/Bacterial diseases - Aeromoniasis_aug_147.jpg,1,Aeromoniasis,train
data/original/aquahealth/train_split/Bacterial diseases - Aeromoniasis/Bacterial diseases - Aeromoniasis_aug_149.jpg,1,Aeromoniasis,train
data/original/aquahealth/train_split/Bacterial diseases - Aeromoniasis/Bacterial diseases - Aeromoniasis_aug_15.jpg,1,Aeromoniasis,train
data/original/aquahealth/train_split/Bacterial diseases - Aeromoniasis/Bacterial diseases - Aeromoniasis_aug_151.jpg,1,Aeromoniasis,train
data/original/aquahealth/train_split/Bacterial diseases - Aeromoniasis/Bacterial diseases - Aeromoniasis_aug_153.jpg,1,Aeromoniasis,train
data/original/aquahealth/train_split/Bacterial diseases - Aeromoniasis/Bacterial diseases - Aeromoniasis_aug_157.jpg,1,Aeromoniasis,train
data/original/aquahealth/train_split/Bacterial diseases - Aeromoniasis/Bacterial diseases - Aeromoniasis_aug_158.jpg,1,Aeromoniasis,train
data/original/aquahealth/train_split/Bacterial diseases - Aeromoniasis/Bacterial diseases - Aeromoniasis_aug_16.jpg,1,Aeromoniasis,train
data/original/aquahealth/train_split/Bacterial diseases - Aeromoniasis/Bacterial diseases - Aeromoniasis_aug_160.jpg,1,Aeromoniasis,train
data/original/aquahealth/train_split/Bacterial diseases - Aeromoniasis/Bacterial diseases - Aeromoniasis_aug_161.jpg,1,Aeromoniasis,train
data/original/aquahealth/train_split/Bacterial diseases - Aeromoniasis/Bacterial diseases - Aeromoniasis_aug_163.jpg,1,Aeromoniasis,train
data/original/aquahealth/train_split/Bacterial diseases - Aeromoniasis/Bacterial diseases - Aeromoniasis_aug_165.jpg,1,Aeromoniasis,train
data/original/aquahealth/train_split/Bacterial diseases - Aeromoniasis/Bacterial diseases - Aeromoniasis_aug_166.jpg,1,Aeromoniasis,train
data/original/aquahealth/train_split/Bacterial diseases - Aeromoniasis/Bacterial diseases - Aeromoniasis_aug_170.jpg,1,Aeromoniasis,train
data/original/aquahealth/train_split/Bacterial diseases - Aeromoniasis/Bacterial diseases - Aeromoniasis_aug_171.jpg,1,Aeromoniasis,train
data/original/aquahealth/train_split/Bacterial diseases - Aeromoniasis/Bacterial diseases - Aeromoniasis_aug_173.jpg,1,Aeromoniasis,train
data/original/aquahealth/train_split/Bacterial diseases - Aeromoniasis/Bacterial diseases - Aeromoniasis_aug_176.jpg,1,Aeromoniasis,train
data/original/aquahealth/train_split/Bacterial diseases - Aeromoniasis/Bacterial diseases - Aeromoniasis_aug_177.jpg,1,Aeromoniasis,train
data/original/aquahealth/train_split/Bacterial diseases - Aeromoniasis/Bacterial diseases - Aeromoniasis_aug_178.jpg,1,Aeromoniasis,train
data/original/aquahealth/train_split/Bacterial diseases - Aeromoniasis/Bacterial diseases - Aeromoniasis_aug_179.jpg,1,Aeromoniasis,train
data/original/aquahealth/train_split/Bacterial diseases - Aeromoniasis/Bacterial diseases - Aeromoniasis_aug_18.jpg,1,Aeromoniasis,train
data/original/aquahealth/train_split/Bacterial diseases - Aeromoniasis/Bacterial diseases - Aeromoniasis_aug_183.jpg,1,Aeromoniasis,train
data/original/aquahealth/train_split/Bacterial diseases - Aeromoniasis/Bacterial diseases - Aeromoniasis_aug_185.jpg,1,Aeromoniasis,train
data/original/aquahealth/train_split/Bacterial diseases - Aeromoniasis/Bacterial diseases - Aeromoniasis_aug_187.jpg,1,Aeromoniasis,train
data/original/aquahealth/train_split/Bacterial diseases - Aeromoniasis/Bacterial diseases - Aeromoniasis_aug_190.jpg,1,Aeromoniasis,train
data/original/aquahealth/train_split/Bacterial diseases - Aeromoniasis/Bacterial diseases - Aeromoniasis_aug_192.jpg,1,Aeromoniasis,train
data/original/aquahealth/train_split/Bacterial diseases - Aeromoniasis/Bacterial diseases - Aeromoniasis_aug_193.jpg,1,Aeromoniasis,train
data/original/aquahealth/train_split/Bacterial diseases - Aeromoniasis/Bacterial diseases - Aeromoniasis_aug_194.jpg,1,Aeromoniasis,train
data/original/aquahealth/train_split/Bacterial diseases - Aeromoniasis/Bacterial diseases - Aeromoniasis_aug_197.jpg,1,Aeromoniasis,train
data/original/aquahealth/train_split/Bacterial diseases - Aeromoniasis/Bacterial diseases - Aeromoniasis_aug_198.jpg,1,Aeromoniasis,train
data/original/aquahealth/train_split/Bacterial diseases - Aeromoniasis/Bacterial diseases - Aeromoniasis_aug_2.jpg,1,Aeromoniasis,train
data/original/aquahealth/train_split/Bacterial diseases - Aeromoniasis/Bacterial diseases - Aeromoniasis_aug_20.jpg,1,Aeromoniasis,train
data/original/aquahealth/train_split/Bacterial diseases - Aeromoniasis/Bacterial diseases - Aeromoniasis_aug_201.jpg,1,Aeromoniasis,train
data/original/aquahealth/train_split/Bacterial diseases - Aeromoniasis/Bacterial diseases - Aeromoniasis_aug_202.jpg,1,Aeromoniasis,train
data/original/aquahealth/train_split/Bacterial diseases - Aeromoniasis/Bacterial diseases - Aeromoniasis_aug_203.jpg,1,Aeromoniasis,train
data/original/aquahealth/train_split/Bacterial diseases - Aeromoniasis/Bacterial diseases - Aeromoniasis_aug_204.jpg,1,Aeromoniasis,train
data/original/aquahealth/train_split/Bacterial diseases - Aeromoniasis/Bacterial diseases - Aeromoniasis_aug_206.jpg,1,Aeromoniasis,train
data/original/aquahealth/train_split/Bacterial diseases - Aeromoniasis/Bacterial diseases - Aeromoniasis_aug_207.jpg,1,Aeromoniasis,train
data/original/aquahealth/train_split/Bacterial diseases - Aeromoniasis/Bacterial diseases - Aeromoniasis_aug_209.jpg,1,Aeromoniasis,train
data/original/aquahealth/train_split/Bacterial diseases - Aeromoniasis/Bacterial diseases - Aeromoniasis_aug_21.jpg,1,Aeromoniasis,train
data/original/aquahealth/train_split/Bacterial diseases - Aeromoniasis/Bacterial diseases - Aeromoniasis_aug_213.jpg,1,Aeromoniasis,train
data/original/aquahealth/train_split/Bacterial diseases - Aeromoniasis/Bacterial diseases - Aeromoniasis_aug_214.jpg,1,Aeromoniasis,train
data/original/aquahealth/train_split/Bacterial diseases - Aeromoniasis/Bacterial diseases - Aeromoniasis_aug_215.jpg,1,Aeromoniasis,train
data/original/aquahealth/train_split/Bacterial diseases - Aeromoniasis/Bacterial diseases - Aeromoniasis_aug_216.jpg,1,Aeromoniasis,train
data/original/aquahealth/train_split/Bacterial diseases - Aeromoniasis/Bacterial diseases - Aeromoniasis_aug_219.jpg,1,Aeromoniasis,train
data/original/aquahealth/train_split/Bacterial diseases - Aeromoniasis/Bacterial diseases - Aeromoniasis_aug_223.jpg,1,Aeromoniasis,train
data/original/aquahealth/train_split/Bacterial diseases - Aeromoniasis/Bacterial diseases - Aeromoniasis_aug_224.jpg,1,Aeromoniasis,train
data/original/aquahealth/train_split/Bacterial diseases - Aeromoniasis/Bacterial diseases - Aeromoniasis_aug_225.jpg,1,Aeromoniasis,train
data/original/aquahealth/train_split/Bacterial diseases - Aeromoniasis/Bacterial diseases - Aeromoniasis_aug_23.jpg,1,Aeromoniasis,train
data/original/aquahealth/train_split/Bacterial diseases - Aeromoniasis/Bacterial diseases - Aeromoniasis_aug_231.jpg,1,Aeromoniasis,train
data/original/aquahealth/train_split/Bacterial diseases - Aeromoniasis/Bacterial diseases - Aeromoniasis_aug_233.jpg,1,Aeromoniasis,train
data/original/aquahealth/train_split/Bacterial diseases - Aeromoniasis/Bacterial diseases - Aeromoniasis_aug_234.jpg,1,Aeromoniasis,train
data/original/aquahealth/train_split/Bacterial diseases - Aeromoniasis/Bacterial diseases - Aeromoniasis_aug_235.jpg,1,Aeromoniasis,train
data/original/aquahealth/train_split/Bacterial diseases - Aeromoniasis/Bacterial diseases - Aeromoniasis_aug_237.jpg,1,Aeromoniasis,train
data/original/aquahealth/train_split/Bacterial diseases - Aeromoniasis/Bacterial diseases - Aeromoniasis_aug_243.jpg,1,Aeromoniasis,train
data/original/aquahealth/train_split/Bacterial diseases - Aeromoniasis/Bacterial diseases - Aeromoniasis_aug_244.jpg,1,Aeromoniasis,train
data/original/aquahealth/train_split/Bacterial diseases - Aeromoniasis/Bacterial diseases - Aeromoniasis_aug_245.jpg,1,Aeromoniasis,train
data/original/aquahealth/train_split/Bacterial diseases - Aeromoniasis/Bacterial diseases - Aeromoniasis_aug_247.jpg,1,Aeromoniasis,train
data/original/aquahealth/train_split/Bacterial diseases - Aeromoniasis/Bacterial diseases - Aeromoniasis_aug_250.jpg,1,Aeromoniasis,train
data/original/aquahealth/train_split/Bacterial diseases - Aeromoniasis/Bacterial diseases - Aeromoniasis_aug_251.jpg,1,Aeromoniasis,train
data/original/aquahealth/train_split/Bacterial diseases - Aeromoniasis/Bacterial diseases - Aeromoniasis_aug_256.jpg,1,Aeromoniasis,train
data/original/aquahealth/train_split/Bacterial diseases - Aeromoniasis/Bacterial diseases - Aeromoniasis_aug_257.jpg,1,Aeromoniasis,train
data/original/aquahealth/train_split/Bacterial diseases - Aeromoniasis/Bacterial diseases - Aeromoniasis_aug_258.jpg,1,Aeromoniasis,train
data/original/aquahealth/train_split/Bacterial diseases - Aeromoniasis/Bacterial diseases - Aeromoniasis_aug_260.jpg,1,Aeromoniasis,train
data/original/aquahealth/train_split/Bacterial diseases - Aeromoniasis/Bacterial diseases - Aeromoniasis_aug_261.jpg,1,Aeromoniasis,train
data/original/aquahealth/train_split/Bacterial diseases - Aeromoniasis/Bacterial diseases - Aeromoniasis_aug_262.jpg,1,Aeromoniasis,train
data/original/aquahealth/train_split/Bacterial diseases - Aeromoniasis/Bacterial diseases - Aeromoniasis_aug_263.jpg,1,Aeromoniasis,train
data/original/aquahealth/train_split/Bacterial diseases - Aeromoniasis/Bacterial diseases - Aeromoniasis_aug_264.jpg,1,Aeromoniasis,train
data/original/aquahealth/train_split/Bacterial diseases - Aeromoniasis/Bacterial diseases - Aeromoniasis_aug_265.jpg,1,Aeromoniasis,train
data/original/aquahealth/train_split/Bacterial diseases - Aeromoniasis/Bacterial diseases - Aeromoniasis_aug_266.jpg,1,Aeromoniasis,train
data/original/aquahealth/train_split/Bacterial diseases - Aeromoniasis/Bacterial diseases - Aeromoniasis_aug_270.jpg,1,Aeromoniasis,train
data/original/aquahealth/train_split/Bacterial diseases - Aeromoniasis/Bacterial diseases - Aeromoniasis_aug_272.jpg,1,Aeromoniasis,train
data/original/aquahealth/train_split/Bacterial diseases - Aeromoniasis/Bacterial diseases - Aeromoniasis_aug_273.jpg,1,Aeromoniasis,train
data/original/aquahealth/train_split/Bacterial diseases - Aeromoniasis/Bacterial diseases - Aeromoniasis_aug_274.jpg,1,Aeromoniasis,train
data/original/aquahealth/train_split/Bacterial diseases - Aeromoniasis/Bacterial diseases - Aeromoniasis_aug_275.jpg,1,Aeromoniasis,train
data/original/aquahealth/train_split/Bacterial diseases - Aeromoniasis/Bacterial diseases - Aeromoniasis_aug_28.jpg,1,Aeromoniasis,train
data/original/aquahealth/train_split/Bacterial diseases - Aeromoniasis/Bacterial diseases - Aeromoniasis_aug_29.jpg,1,Aeromoniasis,train
data/original/aquahealth/train_split/Bacterial diseases - Aeromoniasis/Bacterial diseases - Aeromoniasis_aug_3.jpg,1,Aeromoniasis,train
data/original/aquahealth/train_split/Bacterial diseases - Aeromoniasis/Bacterial diseases - Aeromoniasis_aug_31.jpg,1,Aeromoniasis,train
data/original/aquahealth/train_split/Bacterial diseases - Aeromoniasis/Bacterial diseases - Aeromoniasis_aug_34.jpg,1,Aeromoniasis,train
data/original/aquahealth/train_split/Bacterial diseases - Aeromoniasis/Bacterial diseases - Aeromoniasis_aug_36.jpg,1,Aeromoniasis,train
data/original/aquahealth/train_split/Bacterial diseases - Aeromoniasis/Bacterial diseases - Aeromoniasis_aug_37.jpg,1,Aeromoniasis,train
data/original/aquahealth/train_split/Bacterial diseases - Aeromoniasis/Bacterial diseases - Aeromoniasis_aug_4.jpg,1,Aeromoniasis,train
data/original/aquahealth/train_split/Bacterial diseases - Aeromoniasis/Bacterial diseases - Aeromoniasis_aug_41.jpg,1,Aeromoniasis,train
data/original/aquahealth/train_split/Bacterial diseases - Aeromoniasis/Bacterial diseases - Aeromoniasis_aug_43.jpg,1,Aeromoniasis,train
data/original/aquahealth/train_split/Bacterial diseases - Aeromoniasis/Bacterial diseases - Aeromoniasis_aug_44.jpg,1,Aeromoniasis,train
data/original/aquahealth/train_split/Bacterial diseases - Aeromoniasis/Bacterial diseases - Aeromoniasis_aug_46.jpg,1,Aeromoniasis,train
data/original/aquahealth/train_split/Bacterial diseases - Aeromoniasis/Bacterial diseases - Aeromoniasis_aug_48.jpg,1,Aeromoniasis,train
data/original/aquahealth/train_split/Bacterial diseases - Aeromoniasis/Bacterial diseases - Aeromoniasis_aug_50.jpg,1,Aeromoniasis,train
data/original/aquahealth/train_split/Bacterial diseases - Aeromoniasis/Bacterial diseases - Aeromoniasis_aug_52.jpg,1,Aeromoniasis,train
data/original/aquahealth/train_split/Bacterial diseases - Aeromoniasis/Bacterial diseases - Aeromoniasis_aug_53.jpg,1,Aeromoniasis,train
data/original/aquahealth/train_split/Bacterial diseases - Aeromoniasis/Bacterial diseases - Aeromoniasis_aug_54.jpg,1,Aeromoniasis,train
data/original/aquahealth/train_split/Bacterial diseases - Aeromoniasis/Bacterial diseases - Aeromoniasis_aug_55.jpg,1,Aeromoniasis,train
data/original/aquahealth/train_split/Bacterial diseases - Aeromoniasis/Bacterial diseases - Aeromoniasis_aug_56.jpg,1,Aeromoniasis,train
data/original/aquahealth/train_split/Bacterial diseases - Aeromoniasis/Bacterial diseases - Aeromoniasis_aug_57.jpg,1,Aeromoniasis,train
data/original/aquahealth/train_split/Bacterial diseases - Aeromoniasis/Bacterial diseases - Aeromoniasis_aug_59.jpg,1,Aeromoniasis,train
data/original/aquahealth/train_split/Bacterial diseases - Aeromoniasis/Bacterial diseases - Aeromoniasis_aug_60.jpg,1,Aeromoniasis,train
data/original/aquahealth/train_split/Bacterial diseases - Aeromoniasis/Bacterial diseases - Aeromoniasis_aug_63.jpg,1,Aeromoniasis,train
data/original/aquahealth/train_split/Bacterial diseases - Aeromoniasis/Bacterial diseases - Aeromoniasis_aug_65.jpg,1,Aeromoniasis,train
data/original/aquahealth/train_split/Bacterial diseases - Aeromoniasis/Bacterial diseases - Aeromoniasis_aug_66.jpg,1,Aeromoniasis,train
data/original/aquahealth/train_split/Bacterial diseases - Aeromoniasis/Bacterial diseases - Aeromoniasis_aug_68.jpg,1,Aeromoniasis,train
data/original/aquahealth/train_split/Bacterial diseases - Aeromoniasis/Bacterial diseases - Aeromoniasis_aug_69.jpg,1,Aeromoniasis,train
data/original/aquahealth/train_split/Bacterial diseases - Aeromoniasis/Bacterial diseases - Aeromoniasis_aug_7.jpg,1,Aeromoniasis,train
data/original/aquahealth/train_split/Bacterial diseases - Aeromoniasis/Bacterial diseases - Aeromoniasis_aug_70.jpg,1,Aeromoniasis,train
data/original/aquahealth/train_split/Bacterial diseases - Aeromoniasis/Bacterial diseases - Aeromoniasis_aug_73.jpg,1,Aeromoniasis,train
data/original/aquahealth/train_split/Bacterial diseases - Aeromoniasis/Bacterial diseases - Aeromoniasis_aug_74.jpg,1,Aeromoniasis,train
data/original/aquahealth/train_split/Bacterial diseases - Aeromoniasis/Bacterial diseases - Aeromoniasis_aug_75.jpg,1,Aeromoniasis,train
data/original/aquahealth/train_split/Bacterial diseases - Aeromoniasis/Bacterial diseases - Aeromoniasis_aug_76.jpg,1,Aeromoniasis,train
data/original/aquahealth/train_split/Bacterial diseases - Aeromoniasis/Bacterial diseases - Aeromoniasis_aug_77.jpg,1,Aeromoniasis,train
data/original/aquahealth/train_split/Bacterial diseases - Aeromoniasis/Bacterial diseases - Aeromoniasis_aug_79.jpg,1,Aeromoniasis,train
data/original/aquahealth/train_split/Bacterial diseases - Aeromoniasis/Bacterial diseases - Aeromoniasis_aug_85.jpg,1,Aeromoniasis,train
data/original/aquahealth/train_split/Bacterial diseases - Aeromoniasis/Bacterial diseases - Aeromoniasis_aug_86.jpg,1,Aeromoniasis,train
data/original/aquahealth/train_split/Bacterial diseases - Aeromoniasis/Bacterial diseases - Aeromoniasis_aug_89.jpg,1,Aeromoniasis,train
data/original/aquahealth/train_split/Bacterial diseases - Aeromoniasis/Bacterial diseases - Aeromoniasis_aug_91.jpg,1,Aeromoniasis,train
data/original/aquahealth/train_split/Bacterial diseases - Aeromoniasis/Bacterial diseases - Aeromoniasis_aug_93.jpg,1,Aeromoniasis,train
data/original/aquahealth/train_split/Bacterial diseases - Aeromoniasis/Bacterial diseases - Aeromoniasis_aug_94.jpg,1,Aeromoniasis,train
data/original/aquahealth/train_split/Bacterial diseases - Aeromoniasis/Bacterial diseases - Aeromoniasis_aug_95.jpg,1,Aeromoniasis,train
data/original/aquahealth/train_split/Bacterial diseases - Aeromoniasis/Bacterial diseases - Aeromoniasis_aug_97.jpg,1,Aeromoniasis,train
data/original/aquahealth/train_split/Bacterial diseases - Aeromoniasis/Bacterial diseases - Aeromoniasis_aug_99.jpg,1,Aeromoniasis,train
data/original/aquahealth/test_split/Bacterial gill disease_Bacterial gill disease_13.jpg,2,Bacterial Gill Disease,train
data/original/aquahealth/test_split/Bacterial gill disease_Bacterial gill disease_134.jpg,2,Bacterial Gill Disease,train
data/original/aquahealth/test_split/Bacterial gill disease_Bacterial gill disease_15.jpg,2,Bacterial Gill Disease,train
data/original/aquahealth/test_split/Bacterial gill disease_Bacterial gill disease_158.jpg,2,Bacterial Gill Disease,train
data/original/aquahealth/test_split/Bacterial gill disease_Bacterial gill disease_161.jpg,2,Bacterial Gill Disease,train
data/original/aquahealth/test_split/Bacterial gill disease_Bacterial gill disease_169.jpg,2,Bacterial Gill Disease,train
data/original/aquahealth/test_split/Bacterial gill disease_Bacterial gill disease_172.jpg,2,Bacterial Gill Disease,train
data/original/aquahealth/test_split/Bacterial gill disease_Bacterial gill disease_176.jpg,2,Bacterial Gill Disease,train
data/original/aquahealth/test_split/Bacterial gill disease_Bacterial gill disease_178.jpg,2,Bacterial Gill Disease,train
data/original/aquahealth/test_split/Bacterial gill disease_Bacterial gill disease_209.jpg,2,Bacterial Gill Disease,train
data/original/aquahealth/test_split/Bacterial gill disease_Bacterial gill disease_211.jpg,2,Bacterial Gill Disease,train
data/original/aquahealth/test_split/Bacterial gill disease_Bacterial gill disease_219.jpg,2,Bacterial Gill Disease,train
data/original/aquahealth/test_split/Bacterial gill disease_Bacterial gill disease_22.jpeg,2,Bacterial Gill Disease,train
data/original/aquahealth/test_split/Bacterial gill disease_Bacterial gill disease_26.jpeg,2,Bacterial Gill Disease,train
data/original/aquahealth/test_split/Bacterial gill disease_Bacterial gill disease_275.jpg,2,Bacterial Gill Disease,train
data/original/aquahealth/test_split/Bacterial gill disease_Bacterial gill disease_276.jpg,2,Bacterial Gill Disease,train
data/original/aquahealth/test_split/Bacterial gill disease_Bacterial gill disease_305.jpg,2,Bacterial Gill Disease,train
data/original/aquahealth/test_split/Bacterial gill disease_Bacterial gill disease_316.jpg,2,Bacterial Gill Disease,train
data/original/aquahealth/test_split/Bacterial gill disease_Bacterial gill disease_36.jpg,2,Bacterial Gill Disease,train
data/original/aquahealth/test_split/Bacterial gill disease_Bacterial gill disease_362.jpg,2,Bacterial Gill Disease,train
data/original/aquahealth/test_split/Bacterial gill disease_Bacterial gill disease_364.jpg,2,Bacterial Gill Disease,train
data/original/aquahealth/test_split/Bacterial gill disease_Bacterial gill disease_37.jpg,2,Bacterial Gill Disease,train
data/original/aquahealth/test_split/Bacterial gill disease_Bacterial gill disease_376.jpg,2,Bacterial Gill Disease,train
data/original/aquahealth/test_split/Bacterial gill disease_Bacterial gill disease_406.jpg,2,Bacterial Gill Disease,train
data/original/aquahealth/test_split/Bacterial gill disease_Bacterial gill disease_48.jpg,2,Bacterial Gill Disease,train
data/original/aquahealth/test_split/Bacterial gill disease_Bacterial gill disease_59.jpg,2,Bacterial Gill Disease,train
data/original/aquahealth/test_split/Bacterial gill disease_Bacterial gill disease_61.jpg,2,Bacterial Gill Disease,train
data/original/aquahealth/test_split/Bacterial gill disease_Bacterial gill disease_67.jpg,2,Bacterial Gill Disease,train
data/original/aquahealth/test_split/Bacterial gill disease_Bacterial gill disease_75.jpg,2,Bacterial Gill Disease,train
data/original/aquahealth/test_split/Bacterial gill disease_Bacterial gill disease_79.jpeg,2,Bacterial Gill Disease,train
data/original/aquahealth/train_split/Bacterial gill disease/Bacterial gill disease_101.jpg,2,Bacterial Gill Disease,train
data/original/aquahealth/train_split/Bacterial gill disease/Bacterial gill disease_103.jpg,2,Bacterial Gill Disease,train
data/original/aquahealth/train_split/Bacterial gill disease/Bacterial gill disease_11.jpg,2,Bacterial Gill Disease,train
data/original/aquahealth/train_split/Bacterial gill disease/Bacterial gill disease_112.jpg,2,Bacterial Gill Disease,train
data/original/aquahealth/train_split/Bacterial gill disease/Bacterial gill disease_115.jpg,2,Bacterial Gill Disease,train
data/original/aquahealth/train_split/Bacterial gill disease/Bacterial gill disease_116.jpg,2,Bacterial Gill Disease,train
data/original/aquahealth/train_split/Bacterial gill disease/Bacterial gill disease_117.jpg,2,Bacterial Gill Disease,train
data/original/aquahealth/train_split/Bacterial gill disease/Bacterial gill disease_119.jpg,2,Bacterial Gill Disease,train
data/original/aquahealth/train_split/Bacterial gill disease/Bacterial gill disease_12.jpg,2,Bacterial Gill Disease,train
data/original/aquahealth/train_split/Bacterial gill disease/Bacterial gill disease_120.jpg,2,Bacterial Gill Disease,train
data/original/aquahealth/train_split/Bacterial gill disease/Bacterial gill disease_121.jpg,2,Bacterial Gill Disease,train
data/original/aquahealth/train_split/Bacterial gill disease/Bacterial gill disease_122.jpg,2,Bacterial Gill Disease,train
data/original/aquahealth/train_split/Bacterial gill disease/Bacterial gill disease_123.jpg,2,Bacterial Gill Disease,train
data/original/aquahealth/train_split/Bacterial gill disease/Bacterial gill disease_124.jpg,2,Bacterial Gill Disease,train
data/original/aquahealth/train_split/Bacterial gill disease/Bacterial gill disease_127.jpg,2,Bacterial Gill Disease,train
data/original/aquahealth/train_split/Bacterial gill disease/Bacterial gill disease_136.jpg,2,Bacterial Gill Disease,train
data/original/aquahealth/train_split/Bacterial gill disease/Bacterial gill disease_137.jpg,2,Bacterial Gill Disease,train
data/original/aquahealth/train_split/Bacterial gill disease/Bacterial gill disease_138.jpg,2,Bacterial Gill Disease,train
data/original/aquahealth/train_split/Bacterial gill disease/Bacterial gill disease_139.jpg,2,Bacterial Gill Disease,train
data/original/aquahealth/train_split/Bacterial gill disease/Bacterial gill disease_141.jpg,2,Bacterial Gill Disease,train
data/original/aquahealth/train_split/Bacterial gill disease/Bacterial gill disease_142.jpg,2,Bacterial Gill Disease,train
data/original/aquahealth/train_split/Bacterial gill disease/Bacterial gill disease_143.jpg,2,Bacterial Gill Disease,train
data/original/aquahealth/train_split/Bacterial gill disease/Bacterial gill disease_145.jpg,2,Bacterial Gill Disease,train
data/original/aquahealth/train_split/Bacterial gill disease/Bacterial gill disease_146.jpg,2,Bacterial Gill Disease,train
data/original/aquahealth/train_split/Bacterial gill disease/Bacterial gill disease_151.jpg,2,Bacterial Gill Disease,train
data/original/aquahealth/train_split/Bacterial gill disease/Bacterial gill disease_152.jpg,2,Bacterial Gill Disease,train
data/original/aquahealth/train_split/Bacterial gill disease/Bacterial gill disease_153.jpg,2,Bacterial Gill Disease,train
data/original/aquahealth/train_split/Bacterial gill disease/Bacterial gill disease_154.jpg,2,Bacterial Gill Disease,train
data/original/aquahealth/train_split/Bacterial gill disease/Bacterial gill disease_155.jpg,2,Bacterial Gill Disease,train
data/original/aquahealth/train_split/Bacterial gill disease/Bacterial gill disease_156.jpg,2,Bacterial Gill Disease,train
data/original/aquahealth/train_split/Bacterial gill disease/Bacterial gill disease_157.jpg,2,Bacterial Gill Disease,train
data/original/aquahealth/train_split/Bacterial gill disease/Bacterial gill disease_16.jpg,2,Bacterial Gill Disease,train
data/original/aquahealth/train_split/Bacterial gill disease/Bacterial gill disease_160.jpg,2,Bacterial Gill Disease,train
data/original/aquahealth/train_split/Bacterial gill disease/Bacterial gill disease_163.jpg,2,Bacterial Gill Disease,train
data/original/aquahealth/train_split/Bacterial gill disease/Bacterial gill disease_164.jpg,2,Bacterial Gill Disease,train
data/original/aquahealth/train_split/Bacterial gill disease/Bacterial gill disease_166.jpg,2,Bacterial Gill Disease,train
data/original/aquahealth/train_split/Bacterial gill disease/Bacterial gill disease_17.jpg,2,Bacterial Gill Disease,train
data/original/aquahealth/train_split/Bacterial gill disease/Bacterial gill disease_171.jpg,2,Bacterial Gill Disease,train
data/original/aquahealth/train_split/Bacterial gill disease/Bacterial gill disease_173.jpg,2,Bacterial Gill Disease,train
data/original/aquahealth/train_split/Bacterial gill disease/Bacterial gill disease_174.jpg,2,Bacterial Gill Disease,train
data/original/aquahealth/train_split/Bacterial gill disease/Bacterial gill disease_177.jpg,2,Bacterial Gill Disease,train
data/original/aquahealth/train_split/Bacterial gill disease/Bacterial gill disease_18.jpg,2,Bacterial Gill Disease,train
data/original/aquahealth/train_split/Bacterial gill disease/Bacterial gill disease_180.jpg,2,Bacterial Gill Disease,train
data/original/aquahealth/train_split/Bacterial gill disease/Bacterial gill disease_183.jpg,2,Bacterial Gill Disease,train
data/original/aquahealth/train_split/Bacterial gill disease/Bacterial gill disease_184.jpg,2,Bacterial Gill Disease,train
data/original/aquahealth/train_split/Bacterial gill disease/Bacterial gill disease_186.jpg,2,Bacterial Gill Disease,train
data/original/aquahealth/train_split/Bacterial gill disease/Bacterial gill disease_192.jpg,2,Bacterial Gill Disease,train
data/original/aquahealth/train_split/Bacterial gill disease/Bacterial gill disease_193.jpg,2,Bacterial Gill Disease,train
data/original/aquahealth/train_split/Bacterial gill disease/Bacterial gill disease_195.jpg,2,Bacterial Gill Disease,train
data/original/aquahealth/train_split/Bacterial gill disease/Bacterial gill disease_196.jpg,2,Bacterial Gill Disease,train
data/original/aquahealth/train_split/Bacterial gill disease/Bacterial gill disease_198.jpg,2,Bacterial Gill Disease,train
data/original/aquahealth/train_split/Bacterial gill disease/Bacterial gill disease_199.jpg,2,Bacterial Gill Disease,train
data/original/aquahealth/train_split/Bacterial gill disease/Bacterial gill disease_20.jpeg,2,Bacterial Gill Disease,train
data/original/aquahealth/train_split/Bacterial gill disease/Bacterial gill disease_208.jpg,2,Bacterial Gill Disease,train
data/original/aquahealth/train_split/Bacterial gill disease/Bacterial gill disease_210.jpg,2,Bacterial Gill Disease,train
data/original/aquahealth/train_split/Bacterial gill disease/Bacterial gill disease_212.jpg,2,Bacterial Gill Disease,train
data/original/aquahealth/train_split/Bacterial gill disease/Bacterial gill disease_215.jpg,2,Bacterial Gill Disease,train
data/original/aquahealth/train_split/Bacterial gill disease/Bacterial gill disease_217.jpg,2,Bacterial Gill Disease,train
data/original/aquahealth/train_split/Bacterial gill disease/Bacterial gill disease_220.jpg,2,Bacterial Gill Disease,train
data/original/aquahealth/train_split/Bacterial gill disease/Bacterial gill disease_222.jpg,2,Bacterial Gill Disease,train
data/original/aquahealth/train_split/Bacterial gill disease/Bacterial gill disease_223.jpg,2,Bacterial Gill Disease,train
data/original/aquahealth/train_split/Bacterial gill disease/Bacterial gill disease_225.jpg,2,Bacterial Gill Disease,train
data/original/aquahealth/train_split/Bacterial gill disease/Bacterial gill disease_226.jpg,2,Bacterial Gill Disease,train
data/original/aquahealth/train_split/Bacterial gill disease/Bacterial gill disease_227.jpg,2,Bacterial Gill Disease,train
data/original/aquahealth/train_split/Bacterial gill disease/Bacterial gill disease_238.jpg,2,Bacterial Gill Disease,train
data/original/aquahealth/train_split/Bacterial gill disease/Bacterial gill disease_239.jpg,2,Bacterial Gill Disease,train
data/original/aquahealth/train_split/Bacterial gill disease/Bacterial gill disease_241.jpg,2,Bacterial Gill Disease,train
data/original/aquahealth/train_split/Bacterial gill disease/Bacterial gill disease_242.jpg,2,Bacterial Gill Disease,train
data/original/aquahealth/train_split/Bacterial gill disease/Bacterial gill disease_243.jpg,2,Bacterial Gill Disease,train
data/original/aquahealth/train_split/Bacterial gill disease/Bacterial gill disease_249.jpg,2,Bacterial Gill Disease,train
data/original/aquahealth/train_split/Bacterial gill disease/Bacterial gill disease_255.jpg,2,Bacterial Gill Disease,train
data/original/aquahealth/train_split/Bacterial gill disease/Bacterial gill disease_256.jpg,2,Bacterial Gill Disease,train
data/original/aquahealth/train_split/Bacterial gill disease/Bacterial gill disease_259.jpg,2,Bacterial Gill Disease,train
data/original/aquahealth/train_split/Bacterial gill disease/Bacterial gill disease_261.jpg,2,Bacterial Gill Disease,train
data/original/aquahealth/train_split/Bacterial gill disease/Bacterial gill disease_262.jpg,2,Bacterial Gill Disease,train
data/original/aquahealth/train_split/Bacterial gill disease/Bacterial gill disease_263.jpg,2,Bacterial Gill Disease,train
data/original/aquahealth/train_split/Bacterial gill disease/Bacterial gill disease_265.jpg,2,Bacterial Gill Disease,train
data/original/aquahealth/train_split/Bacterial gill disease/Bacterial gill disease_268.jpg,2,Bacterial Gill Disease,train
data/original/aquahealth/train_split/Bacterial gill disease/Bacterial gill disease_27.jpg,2,Bacterial Gill Disease,train
data/original/aquahealth/train_split/Bacterial gill disease/Bacterial gill disease_270.jpg,2,Bacterial Gill Disease,train
data/original/aquahealth/train_split/Bacterial gill disease/Bacterial gill disease_271.jpg,2,Bacterial Gill Disease,train
data/original/aquahealth/train_split/Bacterial gill disease/Bacterial gill disease_272.jpg,2,Bacterial Gill Disease,train
data/original/aquahealth/train_split/Bacterial gill disease/Bacterial gill disease_273.jpg,2,Bacterial Gill Disease,train
data/original/aquahealth/train_split/Bacterial gill disease/Bacterial gill disease_274.jpg,2,Bacterial Gill Disease,train
data/original/aquahealth/train_split/Bacterial gill disease/Bacterial gill disease_277.jpg,2,Bacterial Gill Disease,train
data/original/aquahealth/train_split/Bacterial gill disease/Bacterial gill disease_278.jpg,2,Bacterial Gill Disease,train
data/original/aquahealth/train_split/Bacterial gill disease/Bacterial gill disease_280.jpg,2,Bacterial Gill Disease,train
data/original/aquahealth/train_split/Bacterial gill disease/Bacterial gill disease_298.jpg,2,Bacterial Gill Disease,train
data/original/aquahealth/train_split/Bacterial gill disease/Bacterial gill disease_34.jpg,2,Bacterial Gill Disease,train
data/original/aquahealth/train_split/Bacterial gill disease/Bacterial gill disease_359.jpg,2,Bacterial Gill Disease,train
data/original/aquahealth/train_split/Bacterial gill disease/Bacterial gill disease_360.jpg,2,Bacterial Gill Disease,train
data/original/aquahealth/train_split/Bacterial gill disease/Bacterial gill disease_361.jpg,2,Bacterial Gill Disease,train
data/original/aquahealth/train_split/Bacterial gill disease/Bacterial gill disease_363.jpg,2,Bacterial Gill Disease,train
data/original/aquahealth/train_split/Bacterial gill disease/Bacterial gill disease_368.jpg,2,Bacterial Gill Disease,train
data/original/aquahealth/train_split/Bacterial gill disease/Bacterial gill disease_373.jpg,2,Bacterial Gill Disease,train
data/original/aquahealth/train_split/Bacterial gill disease/Bacterial gill disease_375.jpg,2,Bacterial Gill Disease,train
data/original/aquahealth/train_split/Bacterial gill disease/Bacterial gill disease_377.jpg,2,Bacterial Gill Disease,train
data/original/aquahealth/train_split/Bacterial gill disease/Bacterial gill disease_392.jpg,2,Bacterial Gill Disease,train
data/original/aquahealth/train_split/Bacterial gill disease/Bacterial gill disease_393.jpg,2,Bacterial Gill Disease,train
data/original/aquahealth/train_split/Bacterial gill disease/Bacterial gill disease_40.jpg,2,Bacterial Gill Disease,train
data/original/aquahealth/train_split/Bacterial gill disease/Bacterial gill disease_405.jpg,2,Bacterial Gill Disease,train
data/original/aquahealth/train_split/Bacterial gill disease/Bacterial gill disease_42.jpg,2,Bacterial Gill Disease,train
data/original/aquahealth/train_split/Bacterial gill disease/Bacterial gill disease_43.jpeg,2,Bacterial Gill Disease,train
data/original/aquahealth/train_split/Bacterial gill disease/Bacterial gill disease_45.jpg,2,Bacterial Gill Disease,train
data/original/aquahealth/train_split/Bacterial gill disease/Bacterial gill disease_46.jpg,2,Bacterial Gill Disease,train
data/original/aquahealth/train_split/Bacterial gill disease/Bacterial gill disease_47.jpg,2,Bacterial Gill Disease,train
data/original/aquahealth/train_split/Bacterial gill disease/Bacterial gill disease_51.png,2,Bacterial Gill Disease,train
data/original/aquahealth/train_split/Bacterial gill disease/Bacterial gill disease_52.jpg,2,Bacterial Gill Disease,train
data/original/aquahealth/train_split/Bacterial gill disease/Bacterial gill disease_53.jpg,2,Bacterial Gill Disease,train
data/original/aquahealth/train_split/Bacterial gill disease/Bacterial gill disease_54.jpg,2,Bacterial Gill Disease,train
data/original/aquahealth/train_split/Bacterial gill disease/Bacterial gill disease_56.jpg,2,Bacterial Gill Disease,train
data/original/aquahealth/train_split/Bacterial gill disease/Bacterial gill disease_60.jpg,2,Bacterial Gill Disease,train
data/original/aquahealth/train_split/Bacterial gill disease/Bacterial gill disease_64.jpg,2,Bacterial Gill Disease,train
data/original/aquahealth/train_split/Bacterial gill disease/Bacterial gill disease_65.jpg,2,Bacterial Gill Disease,train
data/original/aquahealth/train_split/Bacterial gill disease/Bacterial gill disease_70.jpg,2,Bacterial Gill Disease,train
data/original/aquahealth/train_split/Bacterial gill disease/Bacterial gill disease_78.jpg,2,Bacterial Gill Disease,train
data/original/aquahealth/train_split/Bacterial gill disease/Bacterial gill disease_8.jpg,2,Bacterial Gill Disease,train
data/original/aquahealth/train_split/Bacterial gill disease/Bacterial gill disease_80.jpg,2,Bacterial Gill Disease,train
data/original/aquahealth/train_split/Bacterial gill disease/Bacterial gill disease_81.jpg,2,Bacterial Gill Disease,train
data/original/aquahealth/train_split/Bacterial gill disease/Bacterial gill disease_82.jpg,2,Bacterial Gill Disease,train
data/original/aquahealth/train_split/Bacterial gill disease/Bacterial gill disease_83.jpg,2,Bacterial Gill Disease,train
data/original/aquahealth/train_split/Bacterial gill disease/Bacterial gill disease_84.jpg,2,Bacterial Gill Disease,train
data/original/aquahealth/train_split/Bacterial gill disease/Bacterial gill disease_85.jpg,2,Bacterial Gill Disease,train
data/original/aquahealth/train_split/Bacterial gill disease/Bacterial gill disease_9.png,2,Bacterial Gill Disease,train
data/original/aquahealth/train_split/Bacterial gill disease/Bacterial gill disease_92.jpg,2,Bacterial Gill Disease,train
data/original/aquahealth/train_split/Bacterial gill disease/Bacterial gill disease_95.jpg,2,Bacterial Gill Disease,train
data/original/aquahealth/train_split/Bacterial gill disease/Bacterial gill disease_96.jpg,2,Bacterial Gill Disease,train
data/original/aquahealth/train_split/Bacterial gill disease/Bacterial gill disease_97.jpg,2,Bacterial Gill Disease,train
data/original/aquahealth/train_split/Bacterial gill disease/Bacterial gill disease_99.jpg,2,Bacterial Gill Disease,train
data/original/aquahealth/train_split/Bacterial gill disease/Bacterial gill disease_aug_0.jpg,2,Bacterial Gill Disease,train
data/original/aquahealth/train_split/Bacterial gill disease/Bacterial gill disease_aug_1.jpg,2,Bacterial Gill Disease,train
data/original/aquahealth/train_split/Bacterial gill disease/Bacterial gill disease_aug_10.jpg,2,Bacterial Gill Disease,train
data/original/aquahealth/train_split/Bacterial gill disease/Bacterial gill disease_aug_100.jpg,2,Bacterial Gill Disease,train
data/original/aquahealth/train_split/Bacterial gill disease/Bacterial gill disease_aug_103.jpg,2,Bacterial Gill Disease,train
data/original/aquahealth/train_split/Bacterial gill disease/Bacterial gill disease_aug_104.jpg,2,Bacterial Gill Disease,train
data/original/aquahealth/train_split/Bacterial gill disease/Bacterial gill disease_aug_105.jpg,2,Bacterial Gill Disease,train
data/original/aquahealth/train_split/Bacterial gill disease/Bacterial gill disease_aug_106.jpg,2,Bacterial Gill Disease,train
data/original/aquahealth/train_split/Bacterial gill disease/Bacterial gill disease_aug_108.jpg,2,Bacterial Gill Disease,train
data/original/aquahealth/train_split/Bacterial gill disease/Bacterial gill disease_aug_109.jpg,2,Bacterial Gill Disease,train
data/original/aquahealth/train_split/Bacterial gill disease/Bacterial gill disease_aug_11.jpg,2,Bacterial Gill Disease,train
data/original/aquahealth/train_split/Bacterial gill disease/Bacterial gill disease_aug_112.jpg,2,Bacterial Gill Disease,train
data/original/aquahealth/train_split/Bacterial gill disease/Bacterial gill disease_aug_114.jpg,2,Bacterial Gill Disease,train
data/original/aquahealth/train_split/Bacterial gill disease/Bacterial gill disease_aug_117.jpg,2,Bacterial Gill Disease,train
data/original/aquahealth/train_split/Bacterial gill disease/Bacterial gill disease_aug_119.jpg,2,Bacterial Gill Disease,train
data/original/aquahealth/train_split/Bacterial gill disease/Bacterial gill disease_aug_120.jpg,2,Bacterial Gill Disease,train
data/original/aquahealth/train_split/Bacterial gill disease/Bacterial gill disease_aug_123.jpg,2,Bacterial Gill Disease,train
data/original/aquahealth/train_split/Bacterial gill disease/Bacterial gill disease_aug_125.jpg,2,Bacterial Gill Disease,train
data/original/aquahealth/train_split/Bacterial gill disease/Bacterial gill disease_aug_128.jpg,2,Bacterial Gill Disease,train
data/original/aquahealth/train_split/Bacterial gill disease/Bacterial gill disease_aug_129.jpg,2,Bacterial Gill Disease,train
data/original/aquahealth/train_split/Bacterial gill disease/Bacterial gill disease_aug_13.jpg,2,Bacterial Gill Disease,train
data/original/aquahealth/train_split/Bacterial gill disease/Bacterial gill disease_aug_131.jpg,2,Bacterial Gill Disease,train
data/original/aquahealth/train_split/Bacterial gill disease/Bacterial gill disease_aug_132.jpg,2,Bacterial Gill Disease,train
data/original/aquahealth/train_split/Bacterial gill disease/Bacterial gill disease_aug_134.jpg,2,Bacterial Gill Disease,train
data/original/aquahealth/train_split/Bacterial gill disease/Bacterial gill disease_aug_135.jpg,2,Bacterial Gill Disease,train
data/original/aquahealth/train_split/Bacterial gill disease/Bacterial gill disease_aug_136.jpg,2,Bacterial Gill Disease,train
data/original/aquahealth/train_split/Bacterial gill disease/Bacterial gill disease_aug_139.jpg,2,Bacterial Gill Disease,train
data/original/aquahealth/train_split/Bacterial gill disease/Bacterial gill disease_aug_14.jpg,2,Bacterial Gill Disease,train
data/original/aquahealth/train_split/Bacterial gill disease/Bacterial gill disease_aug_141.jpg,2,Bacterial Gill Disease,train
data/original/aquahealth/train_split/Bacterial gill disease/Bacterial gill disease_aug_142.jpg,2,Bacterial Gill Disease,train
data/original/aquahealth/train_split/Bacterial gill disease/Bacterial gill disease_aug_143.jpg,2,Bacterial Gill Disease,train
data/original/aquahealth/train_split/Bacterial gill disease/Bacterial gill disease_aug_146.jpg,2,Bacterial Gill Disease,train
data/original/aquahealth/train_split/Bacterial gill disease/Bacterial gill disease_aug_148.jpg,2,Bacterial Gill Disease,train
data/original/aquahealth/train_split/Bacterial gill disease/Bacterial gill disease_aug_149.jpg,2,Bacterial Gill Disease,train
data/original/aquahealth/train_split/Bacterial gill disease/Bacterial gill disease_aug_15.jpg,2,Bacterial Gill Disease,train
data/original/aquahealth/train_split/Bacterial gill disease/Bacterial gill disease_aug_150.jpg,2,Bacterial Gill Disease,train
data/original/aquahealth/train_split/Bacterial gill disease/Bacterial gill disease_aug_151.jpg,2,Bacterial Gill Disease,train
data/original/aquahealth/train_split/Bacterial gill disease/Bacterial gill disease_aug_152.jpg,2,Bacterial Gill Disease,train
data/original/aquahealth/train_split/Bacterial gill disease/Bacterial gill disease_aug_154.jpg,2,Bacterial Gill Disease,train
data/original/aquahealth/train_split/Bacterial gill disease/Bacterial gill disease_aug_157.jpg,2,Bacterial Gill Disease,train
data/original/aquahealth/train_split/Bacterial gill disease/Bacterial gill disease_aug_16.jpg,2,Bacterial Gill Disease,train
data/original/aquahealth/train_split/Bacterial gill disease/Bacterial gill disease_aug_160.jpg,2,Bacterial Gill Disease,train
data/original/aquahealth/train_split/Bacterial gill disease/Bacterial gill disease_aug_161.jpg,2,Bacterial Gill Disease,train
data/original/aquahealth/train_split/Bacterial gill disease/Bacterial gill disease_aug_163.jpg,2,Bacterial Gill Disease,train
data/original/aquahealth/train_split/Bacterial gill disease/Bacterial gill disease_aug_165.jpg,2,Bacterial Gill Disease,train
data/original/aquahealth/train_split/Bacterial gill disease/Bacterial gill disease_aug_167.jpg,2,Bacterial Gill Disease,train
data/original/aquahealth/train_split/Bacterial gill disease/Bacterial gill disease_aug_168.jpg,2,Bacterial Gill Disease,train
data/original/aquahealth/train_split/Bacterial gill disease/Bacterial gill disease_aug_169.jpg,2,Bacterial Gill Disease,train
data/original/aquahealth/train_split/Bacterial gill disease/Bacterial gill disease_aug_17.jpg,2,Bacterial Gill Disease,train
data/original/aquahealth/train_split/Bacterial gill disease/Bacterial gill disease_aug_171.jpg,2,Bacterial Gill Disease,train
data/original/aquahealth/train_split/Bacterial gill disease/Bacterial gill disease_aug_173.jpg,2,Bacterial Gill Disease,train
data/original/aquahealth/train_split/Bacterial gill disease/Bacterial gill disease_aug_174.jpg,2,Bacterial Gill Disease,train
data/original/aquahealth/train_split/Bacterial gill disease/Bacterial gill disease_aug_176.jpg,2,Bacterial Gill Disease,train
data/original/aquahealth/train_split/Bacterial gill disease/Bacterial gill disease_aug_177.jpg,2,Bacterial Gill Disease,train
data/original/aquahealth/train_split/Bacterial gill disease/Bacterial gill disease_aug_178.jpg,2,Bacterial Gill Disease,train
data/original/aquahealth/train_split/Bacterial gill disease/Bacterial gill disease_aug_179.jpg,2,Bacterial Gill Disease,train
data/original/aquahealth/train_split/Bacterial gill disease/Bacterial gill disease_aug_181.jpg,2,Bacterial Gill Disease,train
data/original/aquahealth/train_split/Bacterial gill disease/Bacterial gill disease_aug_183.jpg,2,Bacterial Gill Disease,train
data/original/aquahealth/train_split/Bacterial gill disease/Bacterial gill disease_aug_187.jpg,2,Bacterial Gill Disease,train
data/original/aquahealth/train_split/Bacterial gill disease/Bacterial gill disease_aug_191.jpg,2,Bacterial Gill Disease,train
data/original/aquahealth/train_split/Bacterial gill disease/Bacterial gill disease_aug_192.jpg,2,Bacterial Gill Disease,train
data/original/aquahealth/train_split/Bacterial gill disease/Bacterial gill disease_aug_193.jpg,2,Bacterial Gill Disease,train
data/original/aquahealth/train_split/Bacterial gill disease/Bacterial gill disease_aug_194.jpg,2,Bacterial Gill Disease,train
data/original/aquahealth/train_split/Bacterial gill disease/Bacterial gill disease_aug_198.jpg,2,Bacterial Gill Disease,train
data/original/aquahealth/train_split/Bacterial gill disease/Bacterial gill disease_aug_199.jpg,2,Bacterial Gill Disease,train
data/original/aquahealth/train_split/Bacterial gill disease/Bacterial gill disease_aug_201.jpg,2,Bacterial Gill Disease,train
data/original/aquahealth/train_split/Bacterial gill disease/Bacterial gill disease_aug_202.jpg,2,Bacterial Gill Disease,train
data/original/aquahealth/train_split/Bacterial gill disease/Bacterial gill disease_aug_203.jpg,2,Bacterial Gill Disease,train
data/original/aquahealth/train_split/Bacterial gill disease/Bacterial gill disease_aug_205.jpg,2,Bacterial Gill Disease,train
data/original/aquahealth/train_split/Bacterial gill disease/Bacterial gill disease_aug_206.jpg,2,Bacterial Gill Disease,train
data/original/aquahealth/train_split/Bacterial gill disease/Bacterial gill disease_aug_208.jpg,2,Bacterial Gill Disease,train
data/original/aquahealth/train_split/Bacterial gill disease/Bacterial gill disease_aug_210.jpg,2,Bacterial Gill Disease,train
data/original/aquahealth/train_split/Bacterial gill disease/Bacterial gill disease_aug_212.jpg,2,Bacterial Gill Disease,train
data/original/aquahealth/train_split/Bacterial gill disease/Bacterial gill disease_aug_213.jpg,2,Bacterial Gill Disease,train
data/original/aquahealth/train_split/Bacterial gill disease/Bacterial gill disease_aug_216.jpg,2,Bacterial Gill Disease,train
data/original/aquahealth/train_split/Bacterial gill disease/Bacterial gill disease_aug_220.jpg,2,Bacterial Gill Disease,train
data/original/aquahealth/train_split/Bacterial gill disease/Bacterial gill disease_aug_221.jpg,2,Bacterial Gill Disease,train
data/original/aquahealth/train_split/Bacterial gill disease/Bacterial gill disease_aug_222.jpg,2,Bacterial Gill Disease,train
data/original/aquahealth/train_split/Bacterial gill disease/Bacterial gill disease_aug_225.jpg,2,Bacterial Gill Disease,train
data/original/aquahealth/train_split/Bacterial gill disease/Bacterial gill disease_aug_226.jpg,2,Bacterial Gill Disease,train
data/original/aquahealth/train_split/Bacterial gill disease/Bacterial gill disease_aug_227.jpg,2,Bacterial Gill Disease,train
data/original/aquahealth/train_split/Bacterial gill disease/Bacterial gill disease_aug_228.jpg,2,Bacterial Gill Disease,train
data/original/aquahealth/train_split/Bacterial gill disease/Bacterial gill disease_aug_23.jpg,2,Bacterial Gill Disease,train
data/original/aquahealth/train_split/Bacterial gill disease/Bacterial gill disease_aug_230.jpg,2,Bacterial Gill Disease,train
data/original/aquahealth/train_split/Bacterial gill disease/Bacterial gill disease_aug_231.jpg,2,Bacterial Gill Disease,train
data/original/aquahealth/train_split/Bacterial gill disease/Bacterial gill disease_aug_232.jpg,2,Bacterial Gill Disease,train
data/original/aquahealth/train_split/Bacterial gill disease/Bacterial gill disease_aug_233.jpg,2,Bacterial Gill Disease,train
data/original/aquahealth/train_split/Bacterial gill disease/Bacterial gill disease_aug_234.jpg,2,Bacterial Gill Disease,train
data/original/aquahealth/train_split/Bacterial gill disease/Bacterial gill disease_aug_235.jpg,2,Bacterial Gill Disease,train
data/original/aquahealth/train_split/Bacterial gill disease/Bacterial gill disease_aug_236.jpg,2,Bacterial Gill Disease,train
data/original/aquahealth/train_split/Bacterial gill disease/Bacterial gill disease_aug_238.jpg,2,Bacterial Gill Disease,train
data/original/aquahealth/train_split/Bacterial gill disease/Bacterial gill disease_aug_24.jpg,2,Bacterial Gill Disease,train
data/original/aquahealth/train_split/Bacterial gill disease/Bacterial gill disease_aug_241.jpg,2,Bacterial Gill Disease,train
data/original/aquahealth/train_split/Bacterial gill disease/Bacterial gill disease_aug_242.jpg,2,Bacterial Gill Disease,train
data/original/aquahealth/train_split/Bacterial gill disease/Bacterial gill disease_aug_246.jpg,2,Bacterial Gill Disease,train
data/original/aquahealth/train_split/Bacterial gill disease/Bacterial gill disease_aug_247.jpg,2,Bacterial Gill Disease,train
data/original/aquahealth/train_split/Bacterial gill disease/Bacterial gill disease_aug_248.jpg,2,Bacterial Gill Disease,train
data/original/aquahealth/train_split/Bacterial gill disease/Bacterial gill disease_aug_250.jpg,2,Bacterial Gill Disease,train
data/original/aquahealth/train_split/Bacterial gill disease/Bacterial gill disease_aug_251.jpg,2,Bacterial Gill Disease,train
data/original/aquahealth/train_split/Bacterial gill disease/Bacterial gill disease_aug_253.jpg,2,Bacterial Gill Disease,train
data/original/aquahealth/train_split/Bacterial gill disease/Bacterial gill disease_aug_255.jpg,2,Bacterial Gill Disease,train
data/original/aquahealth/train_split/Bacterial gill disease/Bacterial gill disease_aug_27.jpg,2,Bacterial Gill Disease,train
data/original/aquahealth/train_split/Bacterial gill disease/Bacterial gill disease_aug_3.jpg,2,Bacterial Gill Disease,train
data/original/aquahealth/train_split/Bacterial gill disease/Bacterial gill disease_aug_31.jpg,2,Bacterial Gill Disease,train
data/original/aquahealth/train_split/Bacterial gill disease/Bacterial gill disease_aug_33.jpg,2,Bacterial Gill Disease,train
data/original/aquahealth/train_split/Bacterial gill disease/Bacterial gill disease_aug_34.jpg,2,Bacterial Gill Disease,train
data/original/aquahealth/train_split/Bacterial gill disease/Bacterial gill disease_aug_36.jpg,2,Bacterial Gill Disease,train
data/original/aquahealth/train_split/Bacterial gill disease/Bacterial gill disease_aug_38.jpg,2,Bacterial Gill Disease,train
data/original/aquahealth/train_split/Bacterial gill disease/Bacterial gill disease_aug_39.jpg,2,Bacterial Gill Disease,train
data/original/aquahealth/train_split/Bacterial gill disease/Bacterial gill disease_aug_40.jpg,2,Bacterial Gill Disease,train
data/original/aquahealth/train_split/Bacterial gill disease/Bacterial gill disease_aug_41.jpg,2,Bacterial Gill Disease,train
data/original/aquahealth/train_split/Bacterial gill disease/Bacterial gill disease_aug_42.jpg,2,Bacterial Gill Disease,train
data/original/aquahealth/train_split/Bacterial gill disease/Bacterial gill disease_aug_44.jpg,2,Bacterial Gill Disease,train
data/original/aquahealth/train_split/Bacterial gill disease/Bacterial gill disease_aug_46.jpg,2,Bacterial Gill Disease,train
data/original/aquahealth/train_split/Bacterial gill disease/Bacterial gill disease_aug_47.jpg,2,Bacterial Gill Disease,train
data/original/aquahealth/train_split/Bacterial gill disease/Bacterial gill disease_aug_48.jpg,2,Bacterial Gill Disease,train
data/original/aquahealth/train_split/Bacterial gill disease/Bacterial gill disease_aug_49.jpg,2,Bacterial Gill Disease,train
data/original/aquahealth/train_split/Bacterial gill disease/Bacterial gill disease_aug_5.jpg,2,Bacterial Gill Disease,train
data/original/aquahealth/train_split/Bacterial gill disease/Bacterial gill disease_aug_51.jpg,2,Bacterial Gill Disease,train
data/original/aquahealth/train_split/Bacterial gill disease/Bacterial gill disease_aug_52.jpg,2,Bacterial Gill Disease,train
data/original/aquahealth/train_split/Bacterial gill disease/Bacterial gill disease_aug_54.jpg,2,Bacterial Gill Disease,train
data/original/aquahealth/train_split/Bacterial gill disease/Bacterial gill disease_aug_55.jpg,2,Bacterial Gill Disease,train
data/original/aquahealth/train_split/Bacterial gill disease/Bacterial gill disease_aug_56.jpg,2,Bacterial Gill Disease,train
data/original/aquahealth/train_split/Bacterial gill disease/Bacterial gill disease_aug_58.jpg,2,Bacterial Gill Disease,train
data/original/aquahealth/train_split/Bacterial gill disease/Bacterial gill disease_aug_6.jpg,2,Bacterial Gill Disease,train
data/original/aquahealth/train_split/Bacterial gill disease/Bacterial gill disease_aug_60.jpg,2,Bacterial Gill Disease,train
data/original/aquahealth/train_split/Bacterial gill disease/Bacterial gill disease_aug_61.jpg,2,Bacterial Gill Disease,train
data/original/aquahealth/train_split/Bacterial gill disease/Bacterial gill disease_aug_62.jpg,2,Bacterial Gill Disease,train
data/original/aquahealth/train_split/Bacterial gill disease/Bacterial gill disease_aug_65.jpg,2,Bacterial Gill Disease,train
data/original/aquahealth/train_split/Bacterial gill disease/Bacterial gill disease_aug_66.jpg,2,Bacterial Gill Disease,train
data/original/aquahealth/train_split/Bacterial gill disease/Bacterial gill disease_aug_69.jpg,2,Bacterial Gill Disease,train
data/original/aquahealth/train_split/Bacterial gill disease/Bacterial gill disease_aug_71.jpg,2,Bacterial Gill Disease,train
data/original/aquahealth/train_split/Bacterial gill disease/Bacterial gill disease_aug_72.jpg,2,Bacterial Gill Disease,train
data/original/aquahealth/train_split/Bacterial gill disease/Bacterial gill disease_aug_74.jpg,2,Bacterial Gill Disease,train
data/original/aquahealth/train_split/Bacterial gill disease/Bacterial gill disease_aug_76.jpg,2,Bacterial Gill Disease,train
data/original/aquahealth/train_split/Bacterial gill disease/Bacterial gill disease_aug_77.jpg,2,Bacterial Gill Disease,train
data/original/aquahealth/train_split/Bacterial gill disease/Bacterial gill disease_aug_78.jpg,2,Bacterial Gill Disease,train
data/original/aquahealth/train_split/Bacterial gill disease/Bacterial gill disease_aug_8.jpg,2,Bacterial Gill Disease,train
data/original/aquahealth/train_split/Bacterial gill disease/Bacterial gill disease_aug_81.jpg,2,Bacterial Gill Disease,train
data/original/aquahealth/train_split/Bacterial gill disease/Bacterial gill disease_aug_82.jpg,2,Bacterial Gill Disease,train
data/original/aquahealth/train_split/Bacterial gill disease/Bacterial gill disease_aug_85.jpg,2,Bacterial Gill Disease,train
data/original/aquahealth/train_split/Bacterial gill disease/Bacterial gill disease_aug_86.jpg,2,Bacterial Gill Disease,train
data/original/aquahealth/train_split/Bacterial gill disease/Bacterial gill disease_aug_87.jpg,2,Bacterial Gill Disease,train
data/original/aquahealth/train_split/Bacterial gill disease/Bacterial gill disease_aug_89.jpg,2,Bacterial Gill Disease,train
data/original/aquahealth/train_split/Bacterial gill disease/Bacterial gill disease_aug_96.jpg,2,Bacterial Gill Disease,train
data/original/aquahealth/train_split/Bacterial gill disease/Bacterial gill disease_aug_97.jpg,2,Bacterial Gill Disease,train
data/original/aquahealth/train_split/Bacterial gill disease/Bacterial gill disease_aug_98.jpg,2,Bacterial Gill Disease,train
data/original/aquahealth/train_split/Bacterial gill disease/Bacterial gill disease_aug_99.jpg,2,Bacterial Gill Disease,train
data/original/aquahealth/test_split/EUS_EUS_133.jpg,3,EUS Disease,train
data/original/aquahealth/test_split/EUS_EUS_141.jpg,3,EUS Disease,train
data/original/aquahealth/test_split/EUS_EUS_142.jpg,3,EUS Disease,train
data/original/aquahealth/test_split/EUS_EUS_145.jpg,3,EUS Disease,train
data/original/aquahealth/test_split/EUS_EUS_151.jpg,3,EUS Disease,train
data/original/aquahealth/test_split/EUS_EUS_154.jpg,3,EUS Disease,train
data/original/aquahealth/test_split/EUS_EUS_157.jpg,3,EUS Disease,train
data/original/aquahealth/test_split/EUS_EUS_16.jpg,3,EUS Disease,train
data/original/aquahealth/test_split/EUS_EUS_162.jpg,3,EUS Disease,train
data/original/aquahealth/test_split/EUS_EUS_173.jpg,3,EUS Disease,train
data/original/aquahealth/test_split/EUS_EUS_178.jpg,3,EUS Disease,train
data/original/aquahealth/test_split/EUS_EUS_187.jpg,3,EUS Disease,train
data/original/aquahealth/test_split/EUS_EUS_19.jpg,3,EUS Disease,train
data/original/aquahealth/test_split/EUS_EUS_190.jpg,3,EUS Disease,train
data/original/aquahealth/test_split/EUS_EUS_231.jpg,3,EUS Disease,train
data/original/aquahealth/test_split/EUS_EUS_27.jpg,3,EUS Disease,train
data/original/aquahealth/test_split/EUS_EUS_282.jpg,3,EUS Disease,train
data/original/aquahealth/test_split/EUS_EUS_289.jpg,3,EUS Disease,train
data/original/aquahealth/test_split/EUS_EUS_291.jpg,3,EUS Disease,train
data/original/aquahealth/test_split/EUS_EUS_306.jpg,3,EUS Disease,train
data/original/aquahealth/test_split/EUS_EUS_315.jpg,3,EUS Disease,train
data/original/aquahealth/test_split/EUS_EUS_316.jpg,3,EUS Disease,train
data/original/aquahealth/test_split/EUS_EUS_330.jpg,3,EUS Disease,train
data/original/aquahealth/test_split/EUS_EUS_340.jpg,3,EUS Disease,train
data/original/aquahealth/test_split/EUS_EUS_39.jpg,3,EUS Disease,train
data/original/aquahealth/test_split/EUS_EUS_4.jpg,3,EUS Disease,train
data/original/aquahealth/test_split/EUS_EUS_49.jpg,3,EUS Disease,train
data/original/aquahealth/test_split/EUS_EUS_53.jpg,3,EUS Disease,train
data/original/aquahealth/test_split/EUS_EUS_54.jpg,3,EUS Disease,train
data/original/aquahealth/test_split/EUS_EUS_64.jpg,3,EUS Disease,train
data/original/aquahealth/test_split/EUS_EUS_68.jpg,3,EUS Disease,train
data/original/aquahealth/test_split/EUS_EUS_73.jpg,3,EUS Disease,train
data/original/aquahealth/test_split/EUS_EUS_80.jpg,3,EUS Disease,train
data/original/aquahealth/test_split/EUS_EUS_81.jpg,3,EUS Disease,train
data/original/aquahealth/test_split/EUS_EUS_94.jpg,3,EUS Disease,train
data/original/aquahealth/train_split/EUS/EUS_1.jpg,3,EUS Disease,train
data/original/aquahealth/train_split/EUS/EUS_101.jpg,3,EUS Disease,train
data/original/aquahealth/train_split/EUS/EUS_102.jpg,3,EUS Disease,train
data/original/aquahealth/train_split/EUS/EUS_103.jpg,3,EUS Disease,train
data/original/aquahealth/train_split/EUS/EUS_104.jpg,3,EUS Disease,train
data/original/aquahealth/train_split/EUS/EUS_108.jpg,3,EUS Disease,train
data/original/aquahealth/train_split/EUS/EUS_109.jpg,3,EUS Disease,train
data/original/aquahealth/train_split/EUS/EUS_115.jpg,3,EUS Disease,train
data/original/aquahealth/train_split/EUS/EUS_119.jpg,3,EUS Disease,train
data/original/aquahealth/train_split/EUS/EUS_121.jpg,3,EUS Disease,train
data/original/aquahealth/train_split/EUS/EUS_124.jpg,3,EUS Disease,train
data/original/aquahealth/train_split/EUS/EUS_125.jpg,3,EUS Disease,train
data/original/aquahealth/train_split/EUS/EUS_126.jpg,3,EUS Disease,train
data/original/aquahealth/train_split/EUS/EUS_129.jpg,3,EUS Disease,train
data/original/aquahealth/train_split/EUS/EUS_132.jpg,3,EUS Disease,train
data/original/aquahealth/train_split/EUS/EUS_136.jpg,3,EUS Disease,train
data/original/aquahealth/train_split/EUS/EUS_137.jpg,3,EUS Disease,train
data/original/aquahealth/train_split/EUS/EUS_138.jpg,3,EUS Disease,train
data/original/aquahealth/train_split/EUS/EUS_140.jpg,3,EUS Disease,train
data/original/aquahealth/train_split/EUS/EUS_143.jpg,3,EUS Disease,train
data/original/aquahealth/train_split/EUS/EUS_144.jpg,3,EUS Disease,train
data/original/aquahealth/train_split/EUS/EUS_146.jpg,3,EUS Disease,train
data/original/aquahealth/train_split/EUS/EUS_149.jpg,3,EUS Disease,train
data/original/aquahealth/train_split/EUS/EUS_150.jpg,3,EUS Disease,train
data/original/aquahealth/train_split/EUS/EUS_152.jpg,3,EUS Disease,train
data/original/aquahealth/train_split/EUS/EUS_153.jpg,3,EUS Disease,train
data/original/aquahealth/train_split/EUS/EUS_161.jpg,3,EUS Disease,train
data/original/aquahealth/train_split/EUS/EUS_163.jpg,3,EUS Disease,train
data/original/aquahealth/train_split/EUS/EUS_164.jpg,3,EUS Disease,train
data/original/aquahealth/train_split/EUS/EUS_169.jpg,3,EUS Disease,train
data/original/aquahealth/train_split/EUS/EUS_17.jpg,3,EUS Disease,train
data/original/aquahealth/train_split/EUS/EUS_171.jpg,3,EUS Disease,train
data/original/aquahealth/train_split/EUS/EUS_175.jpg,3,EUS Disease,train
data/original/aquahealth/train_split/EUS/EUS_177.jpg,3,EUS Disease,train
data/original/aquahealth/train_split/EUS/EUS_179.jpg,3,EUS Disease,train
data/original/aquahealth/train_split/EUS/EUS_180.jpg,3,EUS Disease,train
data/original/aquahealth/train_split/EUS/EUS_184.jpg,3,EUS Disease,train
data/original/aquahealth/train_split/EUS/EUS_188.jpg,3,EUS Disease,train
data/original/aquahealth/train_split/EUS/EUS_191.jpg,3,EUS Disease,train
data/original/aquahealth/train_split/EUS/EUS_192.jpg,3,EUS Disease,train
data/original/aquahealth/train_split/EUS/EUS_194.jpg,3,EUS Disease,train
data/original/aquahealth/train_split/EUS/EUS_195.jpg,3,EUS Disease,train
data/original/aquahealth/train_split/EUS/EUS_196.jpg,3,EUS Disease,train
data/original/aquahealth/train_split/EUS/EUS_197.jpg,3,EUS Disease,train
data/original/aquahealth/train_split/EUS/EUS_198.jpg,3,EUS Disease,train
data/original/aquahealth/train_split/EUS/EUS_199.jpg,3,EUS Disease,train
data/original/aquahealth/train_split/EUS/EUS_2.jpg,3,EUS Disease,train
data/original/aquahealth/train_split/EUS/EUS_20.jpg,3,EUS Disease,train
data/original/aquahealth/train_split/EUS/EUS_200.jpg,3,EUS Disease,train
data/original/aquahealth/train_split/EUS/EUS_202.jpg,3,EUS Disease,train
data/original/aquahealth/train_split/EUS/EUS_204.jpg,3,EUS Disease,train
data/original/aquahealth/train_split/EUS/EUS_205.jpg,3,EUS Disease,train
data/original/aquahealth/train_split/EUS/EUS_207.jpg,3,EUS Disease,train
data/original/aquahealth/train_split/EUS/EUS_208.jpg,3,EUS Disease,train
data/original/aquahealth/train_split/EUS/EUS_210.jpg,3,EUS Disease,train
data/original/aquahealth/train_split/EUS/EUS_211.jpg,3,EUS Disease,train
data/original/aquahealth/train_split/EUS/EUS_217.jpg,3,EUS Disease,train
data/original/aquahealth/train_split/EUS/EUS_218.jpg,3,EUS Disease,train
data/original/aquahealth/train_split/EUS/EUS_222.jpg,3,EUS Disease,train
data/original/aquahealth/train_split/EUS/EUS_225.jpg,3,EUS Disease,train
data/original/aquahealth/train_split/EUS/EUS_227.jpg,3,EUS Disease,train
data/original/aquahealth/train_split/EUS/EUS_230.jpg,3,EUS Disease,train
data/original/aquahealth/train_split/EUS/EUS_232.jpg,3,EUS Disease,train
data/original/aquahealth/train_split/EUS/EUS_238.jpg,3,EUS Disease,train
data/original/aquahealth/train_split/EUS/EUS_240.jpg,3,EUS Disease,train
data/original/aquahealth/train_split/EUS/EUS_241.jpg,3,EUS Disease,train
data/original/aquahealth/train_split/EUS/EUS_242.jpg,3,EUS Disease,train
data/original/aquahealth/train_split/EUS/EUS_244.jpg,3,EUS Disease,train
data/original/aquahealth/train_split/EUS/EUS_246.jpg,3,EUS Disease,train
data/original/aquahealth/train_split/EUS/EUS_247.jpg,3,EUS Disease,train
data/original/aquahealth/train_split/EUS/EUS_248.jpg,3,EUS Disease,train
data/original/aquahealth/train_split/EUS/EUS_250.jpg,3,EUS Disease,train
data/original/aquahealth/train_split/EUS/EUS_253.jpg,3,EUS Disease,train
data/original/aquahealth/train_split/EUS/EUS_256.jpg,3,EUS Disease,train
data/original/aquahealth/train_split/EUS/EUS_257.jpg,3,EUS Disease,train
data/original/aquahealth/train_split/EUS/EUS_258.jpg,3,EUS Disease,train
data/original/aquahealth/train_split/EUS/EUS_259.jpg,3,EUS Disease,train
data/original/aquahealth/train_split/EUS/EUS_26.jpg,3,EUS Disease,train
data/original/aquahealth/train_split/EUS/EUS_260.jpg,3,EUS Disease,train
data/original/aquahealth/train_split/EUS/EUS_264.jpg,3,EUS Disease,train
data/original/aquahealth/train_split/EUS/EUS_265.jpg,3,EUS Disease,train
data/original/aquahealth/train_split/EUS/EUS_266.jpg,3,EUS Disease,train
data/original/aquahealth/train_split/EUS/EUS_267.jpg,3,EUS Disease,train
data/original/aquahealth/train_split/EUS/EUS_268.jpg,3,EUS Disease,train
data/original/aquahealth/train_split/EUS/EUS_269.jpg,3,EUS Disease,train
data/original/aquahealth/train_split/EUS/EUS_270.jpg,3,EUS Disease,train
data/original/aquahealth/train_split/EUS/EUS_274.jpg,3,EUS Disease,train
data/original/aquahealth/train_split/EUS/EUS_275.jpg,3,EUS Disease,train
data/original/aquahealth/train_split/EUS/EUS_276.jpg,3,EUS Disease,train
data/original/aquahealth/train_split/EUS/EUS_278.jpg,3,EUS Disease,train
data/original/aquahealth/train_split/EUS/EUS_279.jpg,3,EUS Disease,train
data/original/aquahealth/train_split/EUS/EUS_280.jpg,3,EUS Disease,train
data/original/aquahealth/train_split/EUS/EUS_281.jpg,3,EUS Disease,train
data/original/aquahealth/train_split/EUS/EUS_285.jpg,3,EUS Disease,train
data/original/aquahealth/train_split/EUS/EUS_292.jpg,3,EUS Disease,train
data/original/aquahealth/train_split/EUS/EUS_294.jpg,3,EUS Disease,train
data/original/aquahealth/train_split/EUS/EUS_295.jpg,3,EUS Disease,train
data/original/aquahealth/train_split/EUS/EUS_298.jpg,3,EUS Disease,train
data/original/aquahealth/train_split/EUS/EUS_302.jpg,3,EUS Disease,train
data/original/aquahealth/train_split/EUS/EUS_303.jpg,3,EUS Disease,train
data/original/aquahealth/train_split/EUS/EUS_305.jpg,3,EUS Disease,train
data/original/aquahealth/train_split/EUS/EUS_308.jpg,3,EUS Disease,train
data/original/aquahealth/train_split/EUS/EUS_309.jpg,3,EUS Disease,train
data/original/aquahealth/train_split/EUS/EUS_312.jpg,3,EUS Disease,train
data/original/aquahealth/train_split/EUS/EUS_313.jpg,3,EUS Disease,train
data/original/aquahealth/train_split/EUS/EUS_314.jpg,3,EUS Disease,train
data/original/aquahealth/train_split/EUS/EUS_318.jpg,3,EUS Disease,train
data/original/aquahealth/train_split/EUS/EUS_322.jpg,3,EUS Disease,train
data/original/aquahealth/train_split/EUS/EUS_323.jpg,3,EUS Disease,train
data/original/aquahealth/train_split/EUS/EUS_324.jpg,3,EUS Disease,train
data/original/aquahealth/train_split/EUS/EUS_326.jpg,3,EUS Disease,train
data/original/aquahealth/train_split/EUS/EUS_329.jpg,3,EUS Disease,train
data/original/aquahealth/train_split/EUS/EUS_331.jpg,3,EUS Disease,train
data/original/aquahealth/train_split/EUS/EUS_332.jpg,3,EUS Disease,train
data/original/aquahealth/train_split/EUS/EUS_333.jpg,3,EUS Disease,train
data/original/aquahealth/train_split/EUS/EUS_344.jpg,3,EUS Disease,train
data/original/aquahealth/train_split/EUS/EUS_347.jpg,3,EUS Disease,train
data/original/aquahealth/train_split/EUS/EUS_38.jpg,3,EUS Disease,train
data/original/aquahealth/train_split/EUS/EUS_42.jpg,3,EUS Disease,train
data/original/aquahealth/train_split/EUS/EUS_43.jpg,3,EUS Disease,train
data/original/aquahealth/train_split/EUS/EUS_44.jpg,3,EUS Disease,train
data/original/aquahealth/train_split/EUS/EUS_47.jpg,3,EUS Disease,train
data/original/aquahealth/train_split/EUS/EUS_5.jpg,3,EUS Disease,train
data/original/aquahealth/train_split/EUS/EUS_50.jpg,3,EUS Disease,train
data/original/aquahealth/train_split/EUS/EUS_51.jpg,3,EUS Disease,train
data/original/aquahealth/train_split/EUS/EUS_56.jpg,3,EUS Disease,train
data/original/aquahealth/train_split/EUS/EUS_57.jpg,3,EUS Disease,train
data/original/aquahealth/train_split/EUS/EUS_58.jpg,3,EUS Disease,train
data/original/aquahealth/train_split/EUS/EUS_59.jpg,3,EUS Disease,train
data/original/aquahealth/train_split/EUS/EUS_6.jpg,3,EUS Disease,train
data/original/aquahealth/train_split/EUS/EUS_62.jpg,3,EUS Disease,train
data/original/aquahealth/train_split/EUS/EUS_63.jpg,3,EUS Disease,train
data/original/aquahealth/train_split/EUS/EUS_65.jpg,3,EUS Disease,train
data/original/aquahealth/train_split/EUS/EUS_66.jpg,3,EUS Disease,train
data/original/aquahealth/train_split/EUS/EUS_67.jpg,3,EUS Disease,train
data/original/aquahealth/train_split/EUS/EUS_71.jpg,3,EUS Disease,train
data/original/aquahealth/train_split/EUS/EUS_72.jpg,3,EUS Disease,train
data/original/aquahealth/train_split/EUS/EUS_75.jpg,3,EUS Disease,train
data/original/aquahealth/train_split/EUS/EUS_76.jpg,3,EUS Disease,train
data/original/aquahealth/train_split/EUS/EUS_79.jpg,3,EUS Disease,train
data/original/aquahealth/train_split/EUS/EUS_8.jpg,3,EUS Disease,train
data/original/aquahealth/train_split/EUS/EUS_82.jpg,3,EUS Disease,train
data/original/aquahealth/train_split/EUS/EUS_83.jpg,3,EUS Disease,train
data/original/aquahealth/train_split/EUS/EUS_86.jpg,3,EUS Disease,train
data/original/aquahealth/train_split/EUS/EUS_88.jpg,3,EUS Disease,train
data/original/aquahealth/train_split/EUS/EUS_89.jpg,3,EUS Disease,train
data/original/aquahealth/train_split/EUS/EUS_9.jpg,3,EUS Disease,train
data/original/aquahealth/train_split/EUS/EUS_92.jpg,3,EUS Disease,train
data/original/aquahealth/train_split/EUS/EUS_93.jpg,3,EUS Disease,train
data/original/aquahealth/train_split/EUS/EUS_95.jpg,3,EUS Disease,train
data/original/aquahealth/train_split/EUS/EUS_96.jpg,3,EUS Disease,train
data/original/aquahealth/train_split/EUS/EUS_aug_0.jpg,3,EUS Disease,train
data/original/aquahealth/train_split/EUS/EUS_aug_1.jpg,3,EUS Disease,train
data/original/aquahealth/train_split/EUS/EUS_aug_10.jpg,3,EUS Disease,train
data/original/aquahealth/train_split/EUS/EUS_aug_103.jpg,3,EUS Disease,train
data/original/aquahealth/train_split/EUS/EUS_aug_107.jpg,3,EUS Disease,train
data/original/aquahealth/train_split/EUS/EUS_aug_11.jpg,3,EUS Disease,train
data/original/aquahealth/train_split/EUS/EUS_aug_110.jpg,3,EUS Disease,train
data/original/aquahealth/train_split/EUS/EUS_aug_118.jpg,3,EUS Disease,train
data/original/aquahealth/train_split/EUS/EUS_aug_121.jpg,3,EUS Disease,train
data/original/aquahealth/train_split/EUS/EUS_aug_122.jpg,3,EUS Disease,train
data/original/aquahealth/train_split/EUS/EUS_aug_123.jpg,3,EUS Disease,train
data/original/aquahealth/train_split/EUS/EUS_aug_124.jpg,3,EUS Disease,train
data/original/aquahealth/train_split/EUS/EUS_aug_126.jpg,3,EUS Disease,train
data/original/aquahealth/train_split/EUS/EUS_aug_128.jpg,3,EUS Disease,train
data/original/aquahealth/train_split/EUS/EUS_aug_13.jpg,3,EUS Disease,train
data/original/aquahealth/train_split/EUS/EUS_aug_131.jpg,3,EUS Disease,train
data/original/aquahealth/train_split/EUS/EUS_aug_132.jpg,3,EUS Disease,train
data/original/aquahealth/train_split/EUS/EUS_aug_133.jpg,3,EUS Disease,train
data/original/aquahealth/train_split/EUS/EUS_aug_134.jpg,3,EUS Disease,train
data/original/aquahealth/train_split/EUS/EUS_aug_135.jpg,3,EUS Disease,train
data/original/aquahealth/train_split/EUS/EUS_aug_136.jpg,3,EUS Disease,train
data/original/aquahealth/train_split/EUS/EUS_aug_137.jpg,3,EUS Disease,train
data/original/aquahealth/train_split/EUS/EUS_aug_14.jpg,3,EUS Disease,train
data/original/aquahealth/train_split/EUS/EUS_aug_141.jpg,3,EUS Disease,train
data/original/aquahealth/train_split/EUS/EUS_aug_143.jpg,3,EUS Disease,train
data/original/aquahealth/train_split/EUS/EUS_aug_144.jpg,3,EUS Disease,train
data/original/aquahealth/train_split/EUS/EUS_aug_145.jpg,3,EUS Disease,train
data/original/aquahealth/train_split/EUS/EUS_aug_146.jpg,3,EUS Disease,train
data/original/aquahealth/train_split/EUS/EUS_aug_148.jpg,3,EUS Disease,train
data/original/aquahealth/train_split/EUS/EUS_aug_149.jpg,3,EUS Disease,train
data/original/aquahealth/train_split/EUS/EUS_aug_15.jpg,3,EUS Disease,train
data/original/aquahealth/train_split/EUS/EUS_aug_151.jpg,3,EUS Disease,train
data/original/aquahealth/train_split/EUS/EUS_aug_155.jpg,3,EUS Disease,train
data/original/aquahealth/train_split/EUS/EUS_aug_158.jpg,3,EUS Disease,train
data/original/aquahealth/train_split/EUS/EUS_aug_159.jpg,3,EUS Disease,train
data/original/aquahealth/train_split/EUS/EUS_aug_160.jpg,3,EUS Disease,train
data/original/aquahealth/train_split/EUS/EUS_aug_163.jpg,3,EUS Disease,train
data/original/aquahealth/train_split/EUS/EUS_aug_164.jpg,3,EUS Disease,train
data/original/aquahealth/train_split/EUS/EUS_aug_165.jpg,3,EUS Disease,train
data/original/aquahealth/train_split/EUS/EUS_aug_166.jpg,3,EUS Disease,train
data/original/aquahealth/train_split/EUS/EUS_aug_169.jpg,3,EUS Disease,train
data/original/aquahealth/train_split/EUS/EUS_aug_170.jpg,3,EUS Disease,train
data/original/aquahealth/train_split/EUS/EUS_aug_171.jpg,3,EUS Disease,train
data/original/aquahealth/train_split/EUS/EUS_aug_173.jpg,3,EUS Disease,train
data/original/aquahealth/train_split/EUS/EUS_aug_175.jpg,3,EUS Disease,train
data/original/aquahealth/train_split/EUS/EUS_aug_176.jpg,3,EUS Disease,train
data/original/aquahealth/train_split/EUS/EUS_aug_178.jpg,3,EUS Disease,train
data/original/aquahealth/train_split/EUS/EUS_aug_181.jpg,3,EUS Disease,train
data/original/aquahealth/train_split/EUS/EUS_aug_182.jpg,3,EUS Disease,train
data/original/aquahealth/train_split/EUS/EUS_aug_184.jpg,3,EUS Disease,train
data/original/aquahealth/train_split/EUS/EUS_aug_186.jpg,3,EUS Disease,train
data/original/aquahealth/train_split/EUS/EUS_aug_188.jpg,3,EUS Disease,train
data/original/aquahealth/train_split/EUS/EUS_aug_19.jpg,3,EUS Disease,train
data/original/aquahealth/train_split/EUS/EUS_aug_190.jpg,3,EUS Disease,train
data/original/aquahealth/train_split/EUS/EUS_aug_192.jpg,3,EUS Disease,train
data/original/aquahealth/train_split/EUS/EUS_aug_195.jpg,3,EUS Disease,train
data/original/aquahealth/train_split/EUS/EUS_aug_199.jpg,3,EUS Disease,train
data/original/aquahealth/train_split/EUS/EUS_aug_2.jpg,3,EUS Disease,train
data/original/aquahealth/train_split/EUS/EUS_aug_20.jpg,3,EUS Disease,train
data/original/aquahealth/train_split/EUS/EUS_aug_201.jpg,3,EUS Disease,train
data/original/aquahealth/train_split/EUS/EUS_aug_202.jpg,3,EUS Disease,train
data/original/aquahealth/train_split/EUS/EUS_aug_203.jpg,3,EUS Disease,train
data/original/aquahealth/train_split/EUS/EUS_aug_206.jpg,3,EUS Disease,train
data/original/aquahealth/train_split/EUS/EUS_aug_21.jpg,3,EUS Disease,train
data/original/aquahealth/train_split/EUS/EUS_aug_210.jpg,3,EUS Disease,train
data/original/aquahealth/train_split/EUS/EUS_aug_211.jpg,3,EUS Disease,train
data/original/aquahealth/train_split/EUS/EUS_aug_213.jpg,3,EUS Disease,train
data/original/aquahealth/train_split/EUS/EUS_aug_214.jpg,3,EUS Disease,train
data/original/aquahealth/train_split/EUS/EUS_aug_215.jpg,3,EUS Disease,train
data/original/aquahealth/train_split/EUS/EUS_aug_218.jpg,3,EUS Disease,train
data/original/aquahealth/train_split/EUS/EUS_aug_22.jpg,3,EUS Disease,train
data/original/aquahealth/train_split/EUS/EUS_aug_221.jpg,3,EUS Disease,train
data/original/aquahealth/train_split/EUS/EUS_aug_222.jpg,3,EUS Disease,train
data/original/aquahealth/train_split/EUS/EUS_aug_23.jpg,3,EUS Disease,train
data/original/aquahealth/train_split/EUS/EUS_aug_24.jpg,3,EUS Disease,train
data/original/aquahealth/train_split/EUS/EUS_aug_26.jpg,3,EUS Disease,train
data/original/aquahealth/train_split/EUS/EUS_aug_27.jpg,3,EUS Disease,train
data/original/aquahealth/train_split/EUS/EUS_aug_28.jpg,3,EUS Disease,train
data/original/aquahealth/train_split/EUS/EUS_aug_29.jpg,3,EUS Disease,train
data/original/aquahealth/train_split/EUS/EUS_aug_30.jpg,3,EUS Disease,train
data/original/aquahealth/train_split/EUS/EUS_aug_32.jpg,3,EUS Disease,train
data/original/aquahealth/train_split/EUS/EUS_aug_33.jpg,3,EUS Disease,train
data/original/aquahealth/train_split/EUS/EUS_aug_38.jpg,3,EUS Disease,train
data/original/aquahealth/train_split/EUS/EUS_aug_39.jpg,3,EUS Disease,train
data/original/aquahealth/train_split/EUS/EUS_aug_4.jpg,3,EUS Disease,train
data/original/aquahealth/train_split/EUS/EUS_aug_43.jpg,3,EUS Disease,train
data/original/aquahealth/train_split/EUS/EUS_aug_44.jpg,3,EUS Disease,train
data/original/aquahealth/train_split/EUS/EUS_aug_45.jpg,3,EUS Disease,train
data/original/aquahealth/train_split/EUS/EUS_aug_47.jpg,3,EUS Disease,train
data/original/aquahealth/train_split/EUS/EUS_aug_5.jpg,3,EUS Disease,train
data/original/aquahealth/train_split/EUS/EUS_aug_50.jpg,3,EUS Disease,train
data/original/aquahealth/train_split/EUS/EUS_aug_52.jpg,3,EUS Disease,train
data/original/aquahealth/train_split/EUS/EUS_aug_54.jpg,3,EUS Disease,train
data/original/aquahealth/train_split/EUS/EUS_aug_55.jpg,3,EUS Disease,train
data/original/aquahealth/train_split/EUS/EUS_aug_59.jpg,3,EUS Disease,train
data/original/aquahealth/train_split/EUS/EUS_aug_6.jpg,3,EUS Disease,train
data/original/aquahealth/train_split/EUS/EUS_aug_61.jpg,3,EUS Disease,train
data/original/aquahealth/train_split/EUS/EUS_aug_64.jpg,3,EUS Disease,train
data/original/aquahealth/train_split/EUS/EUS_aug_66.jpg,3,EUS Disease,train
data/original/aquahealth/train_split/EUS/EUS_aug_71.jpg,3,EUS Disease,train
data/original/aquahealth/train_split/EUS/EUS_aug_72.jpg,3,EUS Disease,train
data/original/aquahealth/train_split/EUS/EUS_aug_74.jpg,3,EUS Disease,train
data/original/aquahealth/train_split/EUS/EUS_aug_76.jpg,3,EUS Disease,train
data/original/aquahealth/train_split/EUS/EUS_aug_79.jpg,3,EUS Disease,train
data/original/aquahealth/train_split/EUS/EUS_aug_80.jpg,3,EUS Disease,train
data/original/aquahealth/train_split/EUS/EUS_aug_81.jpg,3,EUS Disease,train
data/original/aquahealth/train_split/EUS/EUS_aug_82.jpg,3,EUS Disease,train
data/original/aquahealth/train_split/EUS/EUS_aug_83.jpg,3,EUS Disease,train
data/original/aquahealth/train_split/EUS/EUS_aug_84.jpg,3,EUS Disease,train
data/original/aquahealth/train_split/EUS/EUS_aug_86.jpg,3,EUS Disease,train
data/original/aquahealth/train_split/EUS/EUS_aug_87.jpg,3,EUS Disease,train
data/original/aquahealth/train_split/EUS/EUS_aug_88.jpg,3,EUS Disease,train
data/original/aquahealth/train_split/EUS/EUS_aug_89.jpg,3,EUS Disease,train
data/original/aquahealth/train_split/EUS/EUS_aug_9.jpg,3,EUS Disease,train
data/original/aquahealth/train_split/EUS/EUS_aug_90.jpg,3,EUS Disease,train
data/original/aquahealth/train_split/EUS/EUS_aug_92.jpg,3,EUS Disease,train
data/original/aquahealth/train_split/EUS/EUS_aug_94.jpg,3,EUS Disease,train
data/original/aquahealth/train_split/EUS/EUS_aug_95.jpg,3,EUS Disease,train
data/original/aquahealth/train_split/EUS/EUS_aug_96.jpg,3,EUS Disease,train
data/original/aquahealth/train_split/EUS/EUS_aug_97.jpg,3,EUS Disease,train
data/original/aquahealth/train_split/EUS/EUS_aug_99.jpg,3,EUS Disease,train
data/original/aquahealth/test_split/Fungal diseases Saprolegniasis_Fungal diseases Saprolegniasis_1.jpeg,4,Saprolegniasis,train
data/original/aquahealth/test_split/Fungal diseases Saprolegniasis_Fungal diseases Saprolegniasis_13.jpg,4,Saprolegniasis,train
data/original/aquahealth/test_split/Fungal diseases Saprolegniasis_Fungal diseases Saprolegniasis_141.jpg,4,Saprolegniasis,train
data/original/aquahealth/test_split/Fungal diseases Saprolegniasis_Fungal diseases Saprolegniasis_144.jpg,4,Saprolegniasis,train
data/original/aquahealth/test_split/Fungal diseases Saprolegniasis_Fungal diseases Saprolegniasis_15.jpg,4,Saprolegniasis,train
data/original/aquahealth/test_split/Fungal diseases Saprolegniasis_Fungal diseases Saprolegniasis_184.jpg,4,Saprolegniasis,train
data/original/aquahealth/test_split/Fungal diseases Saprolegniasis_Fungal diseases Saprolegniasis_222.jpg,4,Saprolegniasis,train
data/original/aquahealth/test_split/Fungal diseases Saprolegniasis_Fungal diseases Saprolegniasis_29.jpeg,4,Saprolegniasis,train
data/original/aquahealth/test_split/Fungal diseases Saprolegniasis_Fungal diseases Saprolegniasis_52.jpg,4,Saprolegniasis,train
data/original/aquahealth/test_split/Fungal diseases Saprolegniasis_Fungal diseases Saprolegniasis_53.jpg,4,Saprolegniasis,train
data/original/aquahealth/test_split/Fungal diseases Saprolegniasis_Fungal diseases Saprolegniasis_57.jpg,4,Saprolegniasis,train
data/original/aquahealth/test_split/Fungal diseases Saprolegniasis_Fungal diseases Saprolegniasis_79.jpg,4,Saprolegniasis,train
data/original/aquahealth/test_split/Fungal diseases Saprolegniasis_Fungal diseases Saprolegniasis_91.jpg,4,Saprolegniasis,train
data/original/aquahealth/train_split/Fungal diseases Saprolegniasis/Fungal diseases Saprolegniasis_11.jpg,4,Saprolegniasis,train
data/original/aquahealth/train_split/Fungal diseases Saprolegniasis/Fungal diseases Saprolegniasis_117.jpg,4,Saprolegniasis,train
data/original/aquahealth/train_split/Fungal diseases Saprolegniasis/Fungal diseases Saprolegniasis_121.jpg,4,Saprolegniasis,train
data/original/aquahealth/train_split/Fungal diseases Saprolegniasis/Fungal diseases Saprolegniasis_122.jpg,4,Saprolegniasis,train
data/original/aquahealth/train_split/Fungal diseases Saprolegniasis/Fungal diseases Saprolegniasis_129.jpg,4,Saprolegniasis,train
data/original/aquahealth/train_split/Fungal diseases Saprolegniasis/Fungal diseases Saprolegniasis_130.jpg,4,Saprolegniasis,train
data/original/aquahealth/train_split/Fungal diseases Saprolegniasis/Fungal diseases Saprolegniasis_133.jpg,4,Saprolegniasis,train
data/original/aquahealth/train_split/Fungal diseases Saprolegniasis/Fungal diseases Saprolegniasis_135.jpg,4,Saprolegniasis,train
data/original/aquahealth/train_split/Fungal diseases Saprolegniasis/Fungal diseases Saprolegniasis_14.jpg,4,Saprolegniasis,train
data/original/aquahealth/train_split/Fungal diseases Saprolegniasis/Fungal diseases Saprolegniasis_140.jpg,4,Saprolegniasis,train
data/original/aquahealth/train_split/Fungal diseases Saprolegniasis/Fungal diseases Saprolegniasis_142.jpg,4,Saprolegniasis,train
data/original/aquahealth/train_split/Fungal diseases Saprolegniasis/Fungal diseases Saprolegniasis_143.jpg,4,Saprolegniasis,train
data/original/aquahealth/train_split/Fungal diseases Saprolegniasis/Fungal diseases Saprolegniasis_16.jpg,4,Saprolegniasis,train
data/original/aquahealth/train_split/Fungal diseases Saprolegniasis/Fungal diseases Saprolegniasis_164.jpg,4,Saprolegniasis,train
data/original/aquahealth/train_split/Fungal diseases Saprolegniasis/Fungal diseases Saprolegniasis_165.jpg,4,Saprolegniasis,train
data/original/aquahealth/train_split/Fungal diseases Saprolegniasis/Fungal diseases Saprolegniasis_170.jpg,4,Saprolegniasis,train
data/original/aquahealth/train_split/Fungal diseases Saprolegniasis/Fungal diseases Saprolegniasis_179.jpg,4,Saprolegniasis,train
data/original/aquahealth/train_split/Fungal diseases Saprolegniasis/Fungal diseases Saprolegniasis_18.jpg,4,Saprolegniasis,train
data/original/aquahealth/train_split/Fungal diseases Saprolegniasis/Fungal diseases Saprolegniasis_180.jpg,4,Saprolegniasis,train
data/original/aquahealth/train_split/Fungal diseases Saprolegniasis/Fungal diseases Saprolegniasis_2.jpg,4,Saprolegniasis,train
data/original/aquahealth/train_split/Fungal diseases Saprolegniasis/Fungal diseases Saprolegniasis_204.jpg,4,Saprolegniasis,train
data/original/aquahealth/train_split/Fungal diseases Saprolegniasis/Fungal diseases Saprolegniasis_205.jpg,4,Saprolegniasis,train
data/original/aquahealth/train_split/Fungal diseases Saprolegniasis/Fungal diseases Saprolegniasis_207.jpg,4,Saprolegniasis,train
data/original/aquahealth/train_split/Fungal diseases Saprolegniasis/Fungal diseases Saprolegniasis_213.jpg,4,Saprolegniasis,train
data/original/aquahealth/train_split/Fungal diseases Saprolegniasis/Fungal diseases Saprolegniasis_218.jpg,4,Saprolegniasis,train
data/original/aquahealth/train_split/Fungal diseases Saprolegniasis/Fungal diseases Saprolegniasis_24.jpg,4,Saprolegniasis,train
data/original/aquahealth/train_split/Fungal diseases Saprolegniasis/Fungal diseases Saprolegniasis_240.jpg,4,Saprolegniasis,train
data/original/aquahealth/train_split/Fungal diseases Saprolegniasis/Fungal diseases Saprolegniasis_245.jpg,4,Saprolegniasis,train
data/original/aquahealth/train_split/Fungal diseases Saprolegniasis/Fungal diseases Saprolegniasis_246.jpg,4,Saprolegniasis,train
data/original/aquahealth/train_split/Fungal diseases Saprolegniasis/Fungal diseases Saprolegniasis_247.jpg,4,Saprolegniasis,train
data/original/aquahealth/train_split/Fungal diseases Saprolegniasis/Fungal diseases Saprolegniasis_26.jpg,4,Saprolegniasis,train
data/original/aquahealth/train_split/Fungal diseases Saprolegniasis/Fungal diseases Saprolegniasis_27.jpg,4,Saprolegniasis,train
data/original/aquahealth/train_split/Fungal diseases Saprolegniasis/Fungal diseases Saprolegniasis_31.png,4,Saprolegniasis,train
data/original/aquahealth/train_split/Fungal diseases Saprolegniasis/Fungal diseases Saprolegniasis_34.jpg,4,Saprolegniasis,train
data/original/aquahealth/train_split/Fungal diseases Saprolegniasis/Fungal diseases Saprolegniasis_35.jpg,4,Saprolegniasis,train
data/original/aquahealth/train_split/Fungal diseases Saprolegniasis/Fungal diseases Saprolegniasis_36.jpg,4,Saprolegniasis,train
data/original/aquahealth/train_split/Fungal diseases Saprolegniasis/Fungal diseases Saprolegniasis_37.jpg,4,Saprolegniasis,train
data/original/aquahealth/train_split/Fungal diseases Saprolegniasis/Fungal diseases Saprolegniasis_39.jpg,4,Saprolegniasis,train
data/original/aquahealth/train_split/Fungal diseases Saprolegniasis/Fungal diseases Saprolegniasis_41.jpg,4,Saprolegniasis,train
data/original/aquahealth/train_split/Fungal diseases Saprolegniasis/Fungal diseases Saprolegniasis_43.jpg,4,Saprolegniasis,train
data/original/aquahealth/train_split/Fungal diseases Saprolegniasis/Fungal diseases Saprolegniasis_46.jpg,4,Saprolegniasis,train
data/original/aquahealth/train_split/Fungal diseases Saprolegniasis/Fungal diseases Saprolegniasis_5.jpg,4,Saprolegniasis,train
data/original/aquahealth/train_split/Fungal diseases Saprolegniasis/Fungal diseases Saprolegniasis_54.png,4,Saprolegniasis,train
data/original/aquahealth/train_split/Fungal diseases Saprolegniasis/Fungal diseases Saprolegniasis_55.jpg,4,Saprolegniasis,train
data/original/aquahealth/train_split/Fungal diseases Saprolegniasis/Fungal diseases Saprolegniasis_56.jpg,4,Saprolegniasis,train
data/original/aquahealth/train_split/Fungal diseases Saprolegniasis/Fungal diseases Saprolegniasis_58.jpg,4,Saprolegniasis,train
data/original/aquahealth/train_split/Fungal diseases Saprolegniasis/Fungal diseases Saprolegniasis_59.jpg,4,Saprolegniasis,train
data/original/aquahealth/train_split/Fungal diseases Saprolegniasis/Fungal diseases Saprolegniasis_6.jpg,4,Saprolegniasis,train
data/original/aquahealth/train_split/Fungal diseases Saprolegniasis/Fungal diseases Saprolegniasis_60.jpg,4,Saprolegniasis,train
data/original/aquahealth/train_split/Fungal diseases Saprolegniasis/Fungal diseases Saprolegniasis_63.jpg,4,Saprolegniasis,train
data/original/aquahealth/train_split/Fungal diseases Saprolegniasis/Fungal diseases Saprolegniasis_66.jpg,4,Saprolegniasis,train
data/original/aquahealth/train_split/Fungal diseases Saprolegniasis/Fungal diseases Saprolegniasis_67.jpg,4,Saprolegniasis,train
data/original/aquahealth/train_split/Fungal diseases Saprolegniasis/Fungal diseases Saprolegniasis_68.jpg,4,Saprolegniasis,train
data/original/aquahealth/train_split/Fungal diseases Saprolegniasis/Fungal diseases Saprolegniasis_69.jpg,4,Saprolegniasis,train
data/original/aquahealth/train_split/Fungal diseases Saprolegniasis/Fungal diseases Saprolegniasis_70.jpg,4,Saprolegniasis,train
data/original/aquahealth/train_split/Fungal diseases Saprolegniasis/Fungal diseases Saprolegniasis_71.jpg,4,Saprolegniasis,train
data/original/aquahealth/train_split/Fungal diseases Saprolegniasis/Fungal diseases Saprolegniasis_72.jpg,4,Saprolegniasis,train
data/original/aquahealth/train_split/Fungal diseases Saprolegniasis/Fungal diseases Saprolegniasis_73.jpg,4,Saprolegniasis,train
data/original/aquahealth/train_split/Fungal diseases Saprolegniasis/Fungal diseases Saprolegniasis_74.jpg,4,Saprolegniasis,train
data/original/aquahealth/train_split/Fungal diseases Saprolegniasis/Fungal diseases Saprolegniasis_77.jpg,4,Saprolegniasis,train
data/original/aquahealth/train_split/Fungal diseases Saprolegniasis/Fungal diseases Saprolegniasis_78.jpg,4,Saprolegniasis,train
data/original/aquahealth/train_split/Fungal diseases Saprolegniasis/Fungal diseases Saprolegniasis_8.jpg,4,Saprolegniasis,train
data/original/aquahealth/train_split/Fungal diseases Saprolegniasis/Fungal diseases Saprolegniasis_83.jpg,4,Saprolegniasis,train
data/original/aquahealth/train_split/Fungal diseases Saprolegniasis/Fungal diseases Saprolegniasis_87.jpg,4,Saprolegniasis,train
data/original/aquahealth/train_split/Fungal diseases Saprolegniasis/Fungal diseases Saprolegniasis_88.jpg,4,Saprolegniasis,train
data/original/aquahealth/train_split/Fungal diseases Saprolegniasis/Fungal diseases Saprolegniasis_93.jpg,4,Saprolegniasis,train
data/original/aquahealth/train_split/Fungal diseases Saprolegniasis/Fungal diseases Saprolegniasis_95.jpg,4,Saprolegniasis,train
data/original/aquahealth/train_split/Fungal diseases Saprolegniasis/Fungal diseases Saprolegniasis_98.jpg,4,Saprolegniasis,train
data/original/aquahealth/train_split/Fungal diseases Saprolegniasis/Fungal diseases Saprolegniasis_aug_1.jpg,4,Saprolegniasis,train
data/original/aquahealth/train_split/Fungal diseases Saprolegniasis/Fungal diseases Saprolegniasis_aug_10.jpg,4,Saprolegniasis,train
data/original/aquahealth/train_split/Fungal diseases Saprolegniasis/Fungal diseases Saprolegniasis_aug_100.jpg,4,Saprolegniasis,train
data/original/aquahealth/train_split/Fungal diseases Saprolegniasis/Fungal diseases Saprolegniasis_aug_101.jpg,4,Saprolegniasis,train
data/original/aquahealth/train_split/Fungal diseases Saprolegniasis/Fungal diseases Saprolegniasis_aug_102.jpg,4,Saprolegniasis,train
data/original/aquahealth/train_split/Fungal diseases Saprolegniasis/Fungal diseases Saprolegniasis_aug_107.jpg,4,Saprolegniasis,train
data/original/aquahealth/train_split/Fungal diseases Saprolegniasis/Fungal diseases Saprolegniasis_aug_108.jpg,4,Saprolegniasis,train
data/original/aquahealth/train_split/Fungal diseases Saprolegniasis/Fungal diseases Saprolegniasis_aug_109.jpg,4,Saprolegniasis,train
data/original/aquahealth/train_split/Fungal diseases Saprolegniasis/Fungal diseases Saprolegniasis_aug_11.jpg,4,Saprolegniasis,train
data/original/aquahealth/train_split/Fungal diseases Saprolegniasis/Fungal diseases Saprolegniasis_aug_112.jpg,4,Saprolegniasis,train
data/original/aquahealth/train_split/Fungal diseases Saprolegniasis/Fungal diseases Saprolegniasis_aug_113.jpg,4,Saprolegniasis,train
data/original/aquahealth/train_split/Fungal diseases Saprolegniasis/Fungal diseases Saprolegniasis_aug_114.jpg,4,Saprolegniasis,train
data/original/aquahealth/train_split/Fungal diseases Saprolegniasis/Fungal diseases Saprolegniasis_aug_118.jpg,4,Saprolegniasis,train
data/original/aquahealth/train_split/Fungal diseases Saprolegniasis/Fungal diseases Saprolegniasis_aug_119.jpg,4,Saprolegniasis,train
data/original/aquahealth/train_split/Fungal diseases Saprolegniasis/Fungal diseases Saprolegniasis_aug_121.jpg,4,Saprolegniasis,train
data/original/aquahealth/train_split/Fungal diseases Saprolegniasis/Fungal diseases Saprolegniasis_aug_122.jpg,4,Saprolegniasis,train
data/original/aquahealth/train_split/Fungal diseases Saprolegniasis/Fungal diseases Saprolegniasis_aug_123.jpg,4,Saprolegniasis,train
data/original/aquahealth/train_split/Fungal diseases Saprolegniasis/Fungal diseases Saprolegniasis_aug_124.jpg,4,Saprolegniasis,train
data/original/aquahealth/train_split/Fungal diseases Saprolegniasis/Fungal diseases Saprolegniasis_aug_125.jpg,4,Saprolegniasis,train
data/original/aquahealth/train_split/Fungal diseases Saprolegniasis/Fungal diseases Saprolegniasis_aug_127.jpg,4,Saprolegniasis,train
data/original/aquahealth/train_split/Fungal diseases Saprolegniasis/Fungal diseases Saprolegniasis_aug_128.jpg,4,Saprolegniasis,train
data/original/aquahealth/train_split/Fungal diseases Saprolegniasis/Fungal diseases Saprolegniasis_aug_129.jpg,4,Saprolegniasis,train
data/original/aquahealth/train_split/Fungal diseases Saprolegniasis/Fungal diseases Saprolegniasis_aug_13.jpg,4,Saprolegniasis,train
data/original/aquahealth/train_split/Fungal diseases Saprolegniasis/Fungal diseases Saprolegniasis_aug_130.jpg,4,Saprolegniasis,train
data/original/aquahealth/train_split/Fungal diseases Saprolegniasis/Fungal diseases Saprolegniasis_aug_131.jpg,4,Saprolegniasis,train
data/original/aquahealth/train_split/Fungal diseases Saprolegniasis/Fungal diseases Saprolegniasis_aug_133.jpg,4,Saprolegniasis,train
data/original/aquahealth/train_split/Fungal diseases Saprolegniasis/Fungal diseases Saprolegniasis_aug_134.jpg,4,Saprolegniasis,train
data/original/aquahealth/train_split/Fungal diseases Saprolegniasis/Fungal diseases Saprolegniasis_aug_137.jpg,4,Saprolegniasis,train
data/original/aquahealth/train_split/Fungal diseases Saprolegniasis/Fungal diseases Saprolegniasis_aug_138.jpg,4,Saprolegniasis,train
data/original/aquahealth/train_split/Fungal diseases Saprolegniasis/Fungal diseases Saprolegniasis_aug_139.jpg,4,Saprolegniasis,train
data/original/aquahealth/train_split/Fungal diseases Saprolegniasis/Fungal diseases Saprolegniasis_aug_14.jpg,4,Saprolegniasis,train
data/original/aquahealth/train_split/Fungal diseases Saprolegniasis/Fungal diseases Saprolegniasis_aug_140.jpg,4,Saprolegniasis,train
data/original/aquahealth/train_split/Fungal diseases Saprolegniasis/Fungal diseases Saprolegniasis_aug_141.jpg,4,Saprolegniasis,train
data/original/aquahealth/train_split/Fungal diseases Saprolegniasis/Fungal diseases Saprolegniasis_aug_142.jpg,4,Saprolegniasis,train
data/original/aquahealth/train_split/Fungal diseases Saprolegniasis/Fungal diseases Saprolegniasis_aug_145.jpg,4,Saprolegniasis,train
data/original/aquahealth/train_split/Fungal diseases Saprolegniasis/Fungal diseases Saprolegniasis_aug_149.jpg,4,Saprolegniasis,train
data/original/aquahealth/train_split/Fungal diseases Saprolegniasis/Fungal diseases Saprolegniasis_aug_15.jpg,4,Saprolegniasis,train
data/original/aquahealth/train_split/Fungal diseases Saprolegniasis/Fungal diseases Saprolegniasis_aug_150.jpg,4,Saprolegniasis,train
data/original/aquahealth/train_split/Fungal diseases Saprolegniasis/Fungal diseases Saprolegniasis_aug_151.jpg,4,Saprolegniasis,train
data/original/aquahealth/train_split/Fungal diseases Saprolegniasis/Fungal diseases Saprolegniasis_aug_155.jpg,4,Saprolegniasis,train
data/original/aquahealth/train_split/Fungal diseases Saprolegniasis/Fungal diseases Saprolegniasis_aug_156.jpg,4,Saprolegniasis,train
data/original/aquahealth/train_split/Fungal diseases Saprolegniasis/Fungal diseases Saprolegniasis_aug_158.jpg,4,Saprolegniasis,train
data/original/aquahealth/train_split/Fungal diseases Saprolegniasis/Fungal diseases Saprolegniasis_aug_160.jpg,4,Saprolegniasis,train
data/original/aquahealth/train_split/Fungal diseases Saprolegniasis/Fungal diseases Saprolegniasis_aug_161.jpg,4,Saprolegniasis,train
data/original/aquahealth/train_split/Fungal diseases Saprolegniasis/Fungal diseases Saprolegniasis_aug_162.jpg,4,Saprolegniasis,train
data/original/aquahealth/train_split/Fungal diseases Saprolegniasis/Fungal diseases Saprolegniasis_aug_168.jpg,4,Saprolegniasis,train
data/original/aquahealth/train_split/Fungal diseases Saprolegniasis/Fungal diseases Saprolegniasis_aug_17.jpg,4,Saprolegniasis,train
data/original/aquahealth/train_split/Fungal diseases Saprolegniasis/Fungal diseases Saprolegniasis_aug_171.jpg,4,Saprolegniasis,train
data/original/aquahealth/train_split/Fungal diseases Saprolegniasis/Fungal diseases Saprolegniasis_aug_174.jpg,4,Saprolegniasis,train
data/original/aquahealth/train_split/Fungal diseases Saprolegniasis/Fungal diseases Saprolegniasis_aug_175.jpg,4,Saprolegniasis,train
data/original/aquahealth/train_split/Fungal diseases Saprolegniasis/Fungal diseases Saprolegniasis_aug_176.jpg,4,Saprolegniasis,train
data/original/aquahealth/train_split/Fungal diseases Saprolegniasis/Fungal diseases Saprolegniasis_aug_177.jpg,4,Saprolegniasis,train
data/original/aquahealth/train_split/Fungal diseases Saprolegniasis/Fungal diseases Saprolegniasis_aug_178.jpg,4,Saprolegniasis,train
data/original/aquahealth/train_split/Fungal diseases Saprolegniasis/Fungal diseases Saprolegniasis_aug_179.jpg,4,Saprolegniasis,train
data/original/aquahealth/train_split/Fungal diseases Saprolegniasis/Fungal diseases Saprolegniasis_aug_181.jpg,4,Saprolegniasis,train
data/original/aquahealth/train_split/Fungal diseases Saprolegniasis/Fungal diseases Saprolegniasis_aug_182.jpg,4,Saprolegniasis,train
data/original/aquahealth/train_split/Fungal diseases Saprolegniasis/Fungal diseases Saprolegniasis_aug_185.jpg,4,Saprolegniasis,train
data/original/aquahealth/train_split/Fungal diseases Saprolegniasis/Fungal diseases Saprolegniasis_aug_186.jpg,4,Saprolegniasis,train
data/original/aquahealth/train_split/Fungal diseases Saprolegniasis/Fungal diseases Saprolegniasis_aug_187.jpg,4,Saprolegniasis,train
data/original/aquahealth/train_split/Fungal diseases Saprolegniasis/Fungal diseases Saprolegniasis_aug_189.jpg,4,Saprolegniasis,train
data/original/aquahealth/train_split/Fungal diseases Saprolegniasis/Fungal diseases Saprolegniasis_aug_19.jpg,4,Saprolegniasis,train
data/original/aquahealth/train_split/Fungal diseases Saprolegniasis/Fungal diseases Saprolegniasis_aug_190.jpg,4,Saprolegniasis,train
data/original/aquahealth/train_split/Fungal diseases Saprolegniasis/Fungal diseases Saprolegniasis_aug_192.jpg,4,Saprolegniasis,train
data/original/aquahealth/train_split/Fungal diseases Saprolegniasis/Fungal diseases Saprolegniasis_aug_195.jpg,4,Saprolegniasis,train
data/original/aquahealth/train_split/Fungal diseases Saprolegniasis/Fungal diseases Saprolegniasis_aug_197.jpg,4,Saprolegniasis,train
data/original/aquahealth/train_split/Fungal diseases Saprolegniasis/Fungal diseases Saprolegniasis_aug_198.jpg,4,Saprolegniasis,train
data/original/aquahealth/train_split/Fungal diseases Saprolegniasis/Fungal diseases Saprolegniasis_aug_20.jpg,4,Saprolegniasis,train
data/original/aquahealth/train_split/Fungal diseases Saprolegniasis/Fungal diseases Saprolegniasis_aug_201.jpg,4,Saprolegniasis,train
data/original/aquahealth/train_split/Fungal diseases Saprolegniasis/Fungal diseases Saprolegniasis_aug_202.jpg,4,Saprolegniasis,train
data/original/aquahealth/train_split/Fungal diseases Saprolegniasis/Fungal diseases Saprolegniasis_aug_203.jpg,4,Saprolegniasis,train
data/original/aquahealth/train_split/Fungal diseases Saprolegniasis/Fungal diseases Saprolegniasis_aug_204.jpg,4,Saprolegniasis,train
data/original/aquahealth/train_split/Fungal diseases Saprolegniasis/Fungal diseases Saprolegniasis_aug_205.jpg,4,Saprolegniasis,train
data/original/aquahealth/train_split/Fungal diseases Saprolegniasis/Fungal diseases Saprolegniasis_aug_208.jpg,4,Saprolegniasis,train
data/original/aquahealth/train_split/Fungal diseases Saprolegniasis/Fungal diseases Saprolegniasis_aug_209.jpg,4,Saprolegniasis,train
data/original/aquahealth/train_split/Fungal diseases Saprolegniasis/Fungal diseases Saprolegniasis_aug_21.jpg,4,Saprolegniasis,train
data/original/aquahealth/train_split/Fungal diseases Saprolegniasis/Fungal diseases Saprolegniasis_aug_212.jpg,4,Saprolegniasis,train
data/original/aquahealth/train_split/Fungal diseases Saprolegniasis/Fungal diseases Saprolegniasis_aug_218.jpg,4,Saprolegniasis,train
data/original/aquahealth/train_split/Fungal diseases Saprolegniasis/Fungal diseases Saprolegniasis_aug_219.jpg,4,Saprolegniasis,train
data/original/aquahealth/train_split/Fungal diseases Saprolegniasis/Fungal diseases Saprolegniasis_aug_222.jpg,4,Saprolegniasis,train
data/original/aquahealth/train_split/Fungal diseases Saprolegniasis/Fungal diseases Saprolegniasis_aug_223.jpg,4,Saprolegniasis,train
data/original/aquahealth/train_split/Fungal diseases Saprolegniasis/Fungal diseases Saprolegniasis_aug_225.jpg,4,Saprolegniasis,train
data/original/aquahealth/train_split/Fungal diseases Saprolegniasis/Fungal diseases Saprolegniasis_aug_227.jpg,4,Saprolegniasis,train
data/original/aquahealth/train_split/Fungal diseases Saprolegniasis/Fungal diseases Saprolegniasis_aug_228.jpg,4,Saprolegniasis,train
data/original/aquahealth/train_split/Fungal diseases Saprolegniasis/Fungal diseases Saprolegniasis_aug_229.jpg,4,Saprolegniasis,train
data/original/aquahealth/train_split/Fungal diseases Saprolegniasis/Fungal diseases Saprolegniasis_aug_23.jpg,4,Saprolegniasis,train
data/original/aquahealth/train_split/Fungal diseases Saprolegniasis/Fungal diseases Saprolegniasis_aug_232.jpg,4,Saprolegniasis,train
data/original/aquahealth/train_split/Fungal diseases Saprolegniasis/Fungal diseases Saprolegniasis_aug_233.jpg,4,Saprolegniasis,train
data/original/aquahealth/train_split/Fungal diseases Saprolegniasis/Fungal diseases Saprolegniasis_aug_235.jpg,4,Saprolegniasis,train
data/original/aquahealth/train_split/Fungal diseases Saprolegniasis/Fungal diseases Saprolegniasis_aug_236.jpg,4,Saprolegniasis,train
data/original/aquahealth/train_split/Fungal diseases Saprolegniasis/Fungal diseases Saprolegniasis_aug_237.jpg,4,Saprolegniasis,train
data/original/aquahealth/train_split/Fungal diseases Saprolegniasis/Fungal diseases Saprolegniasis_aug_239.jpg,4,Saprolegniasis,train
data/original/aquahealth/train_split/Fungal diseases Saprolegniasis/Fungal diseases Saprolegniasis_aug_240.jpg,4,Saprolegniasis,train
data/original/aquahealth/train_split/Fungal diseases Saprolegniasis/Fungal diseases Saprolegniasis_aug_241.jpg,4,Saprolegniasis,train
data/original/aquahealth/train_split/Fungal diseases Saprolegniasis/Fungal diseases Saprolegniasis_aug_244.jpg,4,Saprolegniasis,train
data/original/aquahealth/train_split/Fungal diseases Saprolegniasis/Fungal diseases Saprolegniasis_aug_245.jpg,4,Saprolegniasis,train
data/original/aquahealth/train_split/Fungal diseases Saprolegniasis/Fungal diseases Saprolegniasis_aug_249.jpg,4,Saprolegniasis,train
data/original/aquahealth/train_split/Fungal diseases Saprolegniasis/Fungal diseases Saprolegniasis_aug_25.jpg,4,Saprolegniasis,train
data/original/aquahealth/train_split/Fungal diseases Saprolegniasis/Fungal diseases Saprolegniasis_aug_253.jpg,4,Saprolegniasis,train
data/original/aquahealth/train_split/Fungal diseases Saprolegniasis/Fungal diseases Saprolegniasis_aug_255.jpg,4,Saprolegniasis,train
data/original/aquahealth/train_split/Fungal diseases Saprolegniasis/Fungal diseases Saprolegniasis_aug_257.jpg,4,Saprolegniasis,train
data/original/aquahealth/train_split/Fungal diseases Saprolegniasis/Fungal diseases Saprolegniasis_aug_258.jpg,4,Saprolegniasis,train
data/original/aquahealth/train_split/Fungal diseases Saprolegniasis/Fungal diseases Saprolegniasis_aug_26.jpg,4,Saprolegniasis,train
data/original/aquahealth/train_split/Fungal diseases Saprolegniasis/Fungal diseases Saprolegniasis_aug_260.jpg,4,Saprolegniasis,train
data/original/aquahealth/train_split/Fungal diseases Saprolegniasis/Fungal diseases Saprolegniasis_aug_261.jpg,4,Saprolegniasis,train
data/original/aquahealth/train_split/Fungal diseases Saprolegniasis/Fungal diseases Saprolegniasis_aug_262.jpg,4,Saprolegniasis,train
data/original/aquahealth/train_split/Fungal diseases Saprolegniasis/Fungal diseases Saprolegniasis_aug_263.jpg,4,Saprolegniasis,train
data/original/aquahealth/train_split/Fungal diseases Saprolegniasis/Fungal diseases Saprolegniasis_aug_270.jpg,4,Saprolegniasis,train
data/original/aquahealth/train_split/Fungal diseases Saprolegniasis/Fungal diseases Saprolegniasis_aug_271.jpg,4,Saprolegniasis,train
data/original/aquahealth/train_split/Fungal diseases Saprolegniasis/Fungal diseases Saprolegniasis_aug_272.jpg,4,Saprolegniasis,train
data/original/aquahealth/train_split/Fungal diseases Saprolegniasis/Fungal diseases Saprolegniasis_aug_274.jpg,4,Saprolegniasis,train
data/original/aquahealth/train_split/Fungal diseases Saprolegniasis/Fungal diseases Saprolegniasis_aug_278.jpg,4,Saprolegniasis,train
data/original/aquahealth/train_split/Fungal diseases Saprolegniasis/Fungal diseases Saprolegniasis_aug_281.jpg,4,Saprolegniasis,train
data/original/aquahealth/train_split/Fungal diseases Saprolegniasis/Fungal diseases Saprolegniasis_aug_285.jpg,4,Saprolegniasis,train
data/original/aquahealth/train_split/Fungal diseases Saprolegniasis/Fungal diseases Saprolegniasis_aug_287.jpg,4,Saprolegniasis,train
data/original/aquahealth/train_split/Fungal diseases Saprolegniasis/Fungal diseases Saprolegniasis_aug_289.jpg,4,Saprolegniasis,train
data/original/aquahealth/train_split/Fungal diseases Saprolegniasis/Fungal diseases Saprolegniasis_aug_29.jpg,4,Saprolegniasis,train
data/original/aquahealth/train_split/Fungal diseases Saprolegniasis/Fungal diseases Saprolegniasis_aug_291.jpg,4,Saprolegniasis,train
data/original/aquahealth/train_split/Fungal diseases Saprolegniasis/Fungal diseases Saprolegniasis_aug_293.jpg,4,Saprolegniasis,train
data/original/aquahealth/train_split/Fungal diseases Saprolegniasis/Fungal diseases Saprolegniasis_aug_295.jpg,4,Saprolegniasis,train
data/original/aquahealth/train_split/Fungal diseases Saprolegniasis/Fungal diseases Saprolegniasis_aug_297.jpg,4,Saprolegniasis,train
data/original/aquahealth/train_split/Fungal diseases Saprolegniasis/Fungal diseases Saprolegniasis_aug_299.jpg,4,Saprolegniasis,train
data/original/aquahealth/train_split/Fungal diseases Saprolegniasis/Fungal diseases Saprolegniasis_aug_3.jpg,4,Saprolegniasis,train
data/original/aquahealth/train_split/Fungal diseases Saprolegniasis/Fungal diseases Saprolegniasis_aug_30.jpg,4,Saprolegniasis,train
data/original/aquahealth/train_split/Fungal diseases Saprolegniasis/Fungal diseases Saprolegniasis_aug_300.jpg,4,Saprolegniasis,train
data/original/aquahealth/train_split/Fungal diseases Saprolegniasis/Fungal diseases Saprolegniasis_aug_301.jpg,4,Saprolegniasis,train
data/original/aquahealth/train_split/Fungal diseases Saprolegniasis/Fungal diseases Saprolegniasis_aug_302.jpg,4,Saprolegniasis,train
data/original/aquahealth/train_split/Fungal diseases Saprolegniasis/Fungal diseases Saprolegniasis_aug_304.jpg,4,Saprolegniasis,train
data/original/aquahealth/train_split/Fungal diseases Saprolegniasis/Fungal diseases Saprolegniasis_aug_305.jpg,4,Saprolegniasis,train
data/original/aquahealth/train_split/Fungal diseases Saprolegniasis/Fungal diseases Saprolegniasis_aug_306.jpg,4,Saprolegniasis,train
data/original/aquahealth/train_split/Fungal diseases Saprolegniasis/Fungal diseases Saprolegniasis_aug_310.jpg,4,Saprolegniasis,train
data/original/aquahealth/train_split/Fungal diseases Saprolegniasis/Fungal diseases Saprolegniasis_aug_312.jpg,4,Saprolegniasis,train
data/original/aquahealth/train_split/Fungal diseases Saprolegniasis/Fungal diseases Saprolegniasis_aug_315.jpg,4,Saprolegniasis,train
data/original/aquahealth/train_split/Fungal diseases Saprolegniasis/Fungal diseases Saprolegniasis_aug_318.jpg,4,Saprolegniasis,train
data/original/aquahealth/train_split/Fungal diseases Saprolegniasis/Fungal diseases Saprolegniasis_aug_322.jpg,4,Saprolegniasis,train
data/original/aquahealth/train_split/Fungal diseases Saprolegniasis/Fungal diseases Saprolegniasis_aug_323.jpg,4,Saprolegniasis,train
data/original/aquahealth/train_split/Fungal diseases Saprolegniasis/Fungal diseases Saprolegniasis_aug_325.jpg,4,Saprolegniasis,train
data/original/aquahealth/train_split/Fungal diseases Saprolegniasis/Fungal diseases Saprolegniasis_aug_329.jpg,4,Saprolegniasis,train
data/original/aquahealth/train_split/Fungal diseases Saprolegniasis/Fungal diseases Saprolegniasis_aug_332.jpg,4,Saprolegniasis,train
data/original/aquahealth/train_split/Fungal diseases Saprolegniasis/Fungal diseases Saprolegniasis_aug_335.jpg,4,Saprolegniasis,train
data/original/aquahealth/train_split/Fungal diseases Saprolegniasis/Fungal diseases Saprolegniasis_aug_337.jpg,4,Saprolegniasis,train
data/original/aquahealth/train_split/Fungal diseases Saprolegniasis/Fungal diseases Saprolegniasis_aug_340.jpg,4,Saprolegniasis,train
data/original/aquahealth/train_split/Fungal diseases Saprolegniasis/Fungal diseases Saprolegniasis_aug_342.jpg,4,Saprolegniasis,train
data/original/aquahealth/train_split/Fungal diseases Saprolegniasis/Fungal diseases Saprolegniasis_aug_343.jpg,4,Saprolegniasis,train
data/original/aquahealth/train_split/Fungal diseases Saprolegniasis/Fungal diseases Saprolegniasis_aug_344.jpg,4,Saprolegniasis,train
data/original/aquahealth/train_split/Fungal diseases Saprolegniasis/Fungal diseases Saprolegniasis_aug_348.jpg,4,Saprolegniasis,train
data/original/aquahealth/train_split/Fungal diseases Saprolegniasis/Fungal diseases Saprolegniasis_aug_350.jpg,4,Saprolegniasis,train
data/original/aquahealth/train_split/Fungal diseases Saprolegniasis/Fungal diseases Saprolegniasis_aug_351.jpg,4,Saprolegniasis,train
data/original/aquahealth/train_split/Fungal diseases Saprolegniasis/Fungal diseases Saprolegniasis_aug_352.jpg,4,Saprolegniasis,train
data/original/aquahealth/train_split/Fungal diseases Saprolegniasis/Fungal diseases Saprolegniasis_aug_354.jpg,4,Saprolegniasis,train
data/original/aquahealth/train_split/Fungal diseases Saprolegniasis/Fungal diseases Saprolegniasis_aug_356.jpg,4,Saprolegniasis,train
data/original/aquahealth/train_split/Fungal diseases Saprolegniasis/Fungal diseases Saprolegniasis_aug_358.jpg,4,Saprolegniasis,train
data/original/aquahealth/train_split/Fungal diseases Saprolegniasis/Fungal diseases Saprolegniasis_aug_360.jpg,4,Saprolegniasis,train
data/original/aquahealth/train_split/Fungal diseases Saprolegniasis/Fungal diseases Saprolegniasis_aug_361.jpg,4,Saprolegniasis,train
data/original/aquahealth/train_split/Fungal diseases Saprolegniasis/Fungal diseases Saprolegniasis_aug_368.jpg,4,Saprolegniasis,train
data/original/aquahealth/train_split/Fungal diseases Saprolegniasis/Fungal diseases Saprolegniasis_aug_369.jpg,4,Saprolegniasis,train
data/original/aquahealth/train_split/Fungal diseases Saprolegniasis/Fungal diseases Saprolegniasis_aug_373.jpg,4,Saprolegniasis,train
data/original/aquahealth/train_split/Fungal diseases Saprolegniasis/Fungal diseases Saprolegniasis_aug_374.jpg,4,Saprolegniasis,train
data/original/aquahealth/train_split/Fungal diseases Saprolegniasis/Fungal diseases Saprolegniasis_aug_378.jpg,4,Saprolegniasis,train
data/original/aquahealth/train_split/Fungal diseases Saprolegniasis/Fungal diseases Saprolegniasis_aug_38.jpg,4,Saprolegniasis,train
data/original/aquahealth/train_split/Fungal diseases Saprolegniasis/Fungal diseases Saprolegniasis_aug_380.jpg,4,Saprolegniasis,train
data/original/aquahealth/train_split/Fungal diseases Saprolegniasis/Fungal diseases Saprolegniasis_aug_381.jpg,4,Saprolegniasis,train
data/original/aquahealth/train_split/Fungal diseases Saprolegniasis/Fungal diseases Saprolegniasis_aug_382.jpg,4,Saprolegniasis,train
data/original/aquahealth/train_split/Fungal diseases Saprolegniasis/Fungal diseases Saprolegniasis_aug_385.jpg,4,Saprolegniasis,train
data/original/aquahealth/train_split/Fungal diseases Saprolegniasis/Fungal diseases Saprolegniasis_aug_386.jpg,4,Saprolegniasis,train
data/original/aquahealth/train_split/Fungal diseases Saprolegniasis/Fungal diseases Saprolegniasis_aug_39.jpg,4,Saprolegniasis,train
data/original/aquahealth/train_split/Fungal diseases Saprolegniasis/Fungal diseases Saprolegniasis_aug_40.jpg,4,Saprolegniasis,train
data/original/aquahealth/train_split/Fungal diseases Saprolegniasis/Fungal diseases Saprolegniasis_aug_41.jpg,4,Saprolegniasis,train
data/original/aquahealth/train_split/Fungal diseases Saprolegniasis/Fungal diseases Saprolegniasis_aug_42.jpg,4,Saprolegniasis,train
data/original/aquahealth/train_split/Fungal diseases Saprolegniasis/Fungal diseases Saprolegniasis_aug_43.jpg,4,Saprolegniasis,train
data/original/aquahealth/train_split/Fungal diseases Saprolegniasis/Fungal diseases Saprolegniasis_aug_44.jpg,4,Saprolegniasis,train
data/original/aquahealth/train_split/Fungal diseases Saprolegniasis/Fungal diseases Saprolegniasis_aug_45.jpg,4,Saprolegniasis,train
data/original/aquahealth/train_split/Fungal diseases Saprolegniasis/Fungal diseases Saprolegniasis_aug_47.jpg,4,Saprolegniasis,train
data/original/aquahealth/train_split/Fungal diseases Saprolegniasis/Fungal diseases Saprolegniasis_aug_48.jpg,4,Saprolegniasis,train
data/original/aquahealth/train_split/Fungal diseases Saprolegniasis/Fungal diseases Saprolegniasis_aug_49.jpg,4,Saprolegniasis,train
data/original/aquahealth/train_split/Fungal diseases Saprolegniasis/Fungal diseases Saprolegniasis_aug_52.jpg,4,Saprolegniasis,train
data/original/aquahealth/train_split/Fungal diseases Saprolegniasis/Fungal diseases Saprolegniasis_aug_53.jpg,4,Saprolegniasis,train
data/original/aquahealth/train_split/Fungal diseases Saprolegniasis/Fungal diseases Saprolegniasis_aug_54.jpg,4,Saprolegniasis,train
data/original/aquahealth/train_split/Fungal diseases Saprolegniasis/Fungal diseases Saprolegniasis_aug_57.jpg,4,Saprolegniasis,train
data/original/aquahealth/train_split/Fungal diseases Saprolegniasis/Fungal diseases Saprolegniasis_aug_59.jpg,4,Saprolegniasis,train
data/original/aquahealth/train_split/Fungal diseases Saprolegniasis/Fungal diseases Saprolegniasis_aug_62.jpg,4,Saprolegniasis,train
data/original/aquahealth/train_split/Fungal diseases Saprolegniasis/Fungal diseases Saprolegniasis_aug_64.jpg,4,Saprolegniasis,train
data/original/aquahealth/train_split/Fungal diseases Saprolegniasis/Fungal diseases Saprolegniasis_aug_67.jpg,4,Saprolegniasis,train
data/original/aquahealth/train_split/Fungal diseases Saprolegniasis/Fungal diseases Saprolegniasis_aug_69.jpg,4,Saprolegniasis,train
data/original/aquahealth/train_split/Fungal diseases Saprolegniasis/Fungal diseases Saprolegniasis_aug_7.jpg,4,Saprolegniasis,train
data/original/aquahealth/train_split/Fungal diseases Saprolegniasis/Fungal diseases Saprolegniasis_aug_72.jpg,4,Saprolegniasis,train
data/original/aquahealth/train_split/Fungal diseases Saprolegniasis/Fungal diseases Saprolegniasis_aug_74.jpg,4,Saprolegniasis,train
data/original/aquahealth/train_split/Fungal diseases Saprolegniasis/Fungal diseases Saprolegniasis_aug_75.jpg,4,Saprolegniasis,train
data/original/aquahealth/train_split/Fungal diseases Saprolegniasis/Fungal diseases Saprolegniasis_aug_78.jpg,4,Saprolegniasis,train
data/original/aquahealth/train_split/Fungal diseases Saprolegniasis/Fungal diseases Saprolegniasis_aug_8.jpg,4,Saprolegniasis,train
data/original/aquahealth/train_split/Fungal diseases Saprolegniasis/Fungal diseases Saprolegniasis_aug_80.jpg,4,Saprolegniasis,train
data/original/aquahealth/train_split/Fungal diseases Saprolegniasis/Fungal diseases Saprolegniasis_aug_82.jpg,4,Saprolegniasis,train
data/original/aquahealth/train_split/Fungal diseases Saprolegniasis/Fungal diseases Saprolegniasis_aug_84.jpg,4,Saprolegniasis,train
data/original/aquahealth/train_split/Fungal diseases Saprolegniasis/Fungal diseases Saprolegniasis_aug_88.jpg,4,Saprolegniasis,train
data/original/aquahealth/train_split/Fungal diseases Saprolegniasis/Fungal diseases Saprolegniasis_aug_89.jpg,4,Saprolegniasis,train
data/original/aquahealth/train_split/Fungal diseases Saprolegniasis/Fungal diseases Saprolegniasis_aug_9.jpg,4,Saprolegniasis,train
data/original/aquahealth/train_split/Fungal diseases Saprolegniasis/Fungal diseases Saprolegniasis_aug_97.jpg,4,Saprolegniasis,train
data/original/aquahealth/train_split/Fungal diseases Saprolegniasis/Fungal diseases Saprolegniasis_aug_99.jpg,4,Saprolegniasis,train
data/original/aquahealth/test_split/Parasitic diseases_Parasitic diseases_103.jpg,5,Parasitic Disease,train
data/original/aquahealth/test_split/Parasitic diseases_Parasitic diseases_104.jpg,5,Parasitic Disease,train
data/original/aquahealth/test_split/Parasitic diseases_Parasitic diseases_11.jpg,5,Parasitic Disease,train
data/original/aquahealth/test_split/Parasitic diseases_Parasitic diseases_12.jpg,5,Parasitic Disease,train
data/original/aquahealth/test_split/Parasitic diseases_Parasitic diseases_139.jpg,5,Parasitic Disease,train
data/original/aquahealth/test_split/Parasitic diseases_Parasitic diseases_149.jpg,5,Parasitic Disease,train
data/original/aquahealth/test_split/Parasitic diseases_Parasitic diseases_152.jpg,5,Parasitic Disease,train
data/original/aquahealth/test_split/Parasitic diseases_Parasitic diseases_159.jpg,5,Parasitic Disease,train
data/original/aquahealth/test_split/Parasitic diseases_Parasitic diseases_16.jpg,5,Parasitic Disease,train
data/original/aquahealth/test_split/Parasitic diseases_Parasitic diseases_166.jpg,5,Parasitic Disease,train
data/original/aquahealth/test_split/Parasitic diseases_Parasitic diseases_169.jpg,5,Parasitic Disease,train
data/original/aquahealth/test_split/Parasitic diseases_Parasitic diseases_194.jpg,5,Parasitic Disease,train
data/original/aquahealth/test_split/Parasitic diseases_Parasitic diseases_201.jpg,5,Parasitic Disease,train
data/original/aquahealth/test_split/Parasitic diseases_Parasitic diseases_202.jpg,5,Parasitic Disease,train
data/original/aquahealth/test_split/Parasitic diseases_Parasitic diseases_217.jpg,5,Parasitic Disease,train
data/original/aquahealth/test_split/Parasitic diseases_Parasitic diseases_221.jpg,5,Parasitic Disease,train
data/original/aquahealth/test_split/Parasitic diseases_Parasitic diseases_241.jpg,5,Parasitic Disease,train
data/original/aquahealth/test_split/Parasitic diseases_Parasitic diseases_31.jpeg,5,Parasitic Disease,train
data/original/aquahealth/test_split/Parasitic diseases_Parasitic diseases_34.jpg,5,Parasitic Disease,train
data/original/aquahealth/test_split/Parasitic diseases_Parasitic diseases_38.jpg,5,Parasitic Disease,train
data/original/aquahealth/test_split/Parasitic diseases_Parasitic diseases_40.jpg,5,Parasitic Disease,train
data/original/aquahealth/test_split/Parasitic diseases_Parasitic diseases_41.jpg,5,Parasitic Disease,train
data/original/aquahealth/test_split/Parasitic diseases_Parasitic diseases_48.jpg,5,Parasitic Disease,train
data/original/aquahealth/test_split/Parasitic diseases_Parasitic diseases_52.jpg,5,Parasitic Disease,train
data/original/aquahealth/test_split/Parasitic diseases_Parasitic diseases_63.jpg,5,Parasitic Disease,train
data/original/aquahealth/test_split/Parasitic diseases_Parasitic diseases_66.jpeg,5,Parasitic Disease,train
data/original/aquahealth/test_split/Parasitic diseases_Parasitic diseases_73.jpg,5,Parasitic Disease,train
data/original/aquahealth/test_split/Parasitic diseases_Parasitic diseases_8.jpg,5,Parasitic Disease,train
data/original/aquahealth/train_split/Parasitic diseases/Parasitic diseases_10.jpg,5,Parasitic Disease,train
data/original/aquahealth/train_split/Parasitic diseases/Parasitic diseases_101.jpg,5,Parasitic Disease,train
data/original/aquahealth/train_split/Parasitic diseases/Parasitic diseases_109.jpg,5,Parasitic Disease,train
data/original/aquahealth/train_split/Parasitic diseases/Parasitic diseases_110.jpg,5,Parasitic Disease,train
data/original/aquahealth/train_split/Parasitic diseases/Parasitic diseases_111.jpg,5,Parasitic Disease,train
data/original/aquahealth/train_split/Parasitic diseases/Parasitic diseases_116.jpg,5,Parasitic Disease,train
data/original/aquahealth/train_split/Parasitic diseases/Parasitic diseases_118.jpg,5,Parasitic Disease,train
data/original/aquahealth/train_split/Parasitic diseases/Parasitic diseases_125.jpg,5,Parasitic Disease,train
data/original/aquahealth/train_split/Parasitic diseases/Parasitic diseases_127.jpg,5,Parasitic Disease,train
data/original/aquahealth/train_split/Parasitic diseases/Parasitic diseases_13.jpg,5,Parasitic Disease,train
data/original/aquahealth/train_split/Parasitic diseases/Parasitic diseases_135.jpg,5,Parasitic Disease,train
data/original/aquahealth/train_split/Parasitic diseases/Parasitic diseases_138.jpg,5,Parasitic Disease,train
data/original/aquahealth/train_split/Parasitic diseases/Parasitic diseases_140.jpg,5,Parasitic Disease,train
data/original/aquahealth/train_split/Parasitic diseases/Parasitic diseases_141.jpg,5,Parasitic Disease,train
data/original/aquahealth/train_split/Parasitic diseases/Parasitic diseases_144.jpg,5,Parasitic Disease,train
data/original/aquahealth/train_split/Parasitic diseases/Parasitic diseases_15.jpg,5,Parasitic Disease,train
data/original/aquahealth/train_split/Parasitic diseases/Parasitic diseases_150.jpg,5,Parasitic Disease,train
data/original/aquahealth/train_split/Parasitic diseases/Parasitic diseases_153.jpg,5,Parasitic Disease,train
data/original/aquahealth/train_split/Parasitic diseases/Parasitic diseases_154.jpg,5,Parasitic Disease,train
data/original/aquahealth/train_split/Parasitic diseases/Parasitic diseases_155.jpg,5,Parasitic Disease,train
data/original/aquahealth/train_split/Parasitic diseases/Parasitic diseases_156.jpg,5,Parasitic Disease,train
data/original/aquahealth/train_split/Parasitic diseases/Parasitic diseases_161.jpg,5,Parasitic Disease,train
data/original/aquahealth/train_split/Parasitic diseases/Parasitic diseases_162.jpg,5,Parasitic Disease,train
data/original/aquahealth/train_split/Parasitic diseases/Parasitic diseases_171.jpg,5,Parasitic Disease,train
data/original/aquahealth/train_split/Parasitic diseases/Parasitic diseases_173.jpg,5,Parasitic Disease,train
data/original/aquahealth/train_split/Parasitic diseases/Parasitic diseases_175.jpg,5,Parasitic Disease,train
data/original/aquahealth/train_split/Parasitic diseases/Parasitic diseases_179.jpg,5,Parasitic Disease,train
data/original/aquahealth/train_split/Parasitic diseases/Parasitic diseases_181.jpg,5,Parasitic Disease,train
data/original/aquahealth/train_split/Parasitic diseases/Parasitic diseases_183.jpg,5,Parasitic Disease,train
data/original/aquahealth/train_split/Parasitic diseases/Parasitic diseases_184.jpg,5,Parasitic Disease,train
data/original/aquahealth/train_split/Parasitic diseases/Parasitic diseases_188.jpg,5,Parasitic Disease,train
data/original/aquahealth/train_split/Parasitic diseases/Parasitic diseases_19.jpg,5,Parasitic Disease,train
data/original/aquahealth/train_split/Parasitic diseases/Parasitic diseases_191.jpg,5,Parasitic Disease,train
data/original/aquahealth/train_split/Parasitic diseases/Parasitic diseases_193.jpg,5,Parasitic Disease,train
data/original/aquahealth/train_split/Parasitic diseases/Parasitic diseases_196.jpg,5,Parasitic Disease,train
data/original/aquahealth/train_split/Parasitic diseases/Parasitic diseases_198.jpg,5,Parasitic Disease,train
data/original/aquahealth/train_split/Parasitic diseases/Parasitic diseases_199.jpg,5,Parasitic Disease,train
data/original/aquahealth/train_split/Parasitic diseases/Parasitic diseases_203.jpg,5,Parasitic Disease,train
data/original/aquahealth/train_split/Parasitic diseases/Parasitic diseases_204.jpg,5,Parasitic Disease,train
data/original/aquahealth/train_split/Parasitic diseases/Parasitic diseases_205.jpg,5,Parasitic Disease,train
data/original/aquahealth/train_split/Parasitic diseases/Parasitic diseases_206.jpg,5,Parasitic Disease,train
data/original/aquahealth/train_split/Parasitic diseases/Parasitic diseases_207.jpg,5,Parasitic Disease,train
data/original/aquahealth/train_split/Parasitic diseases/Parasitic diseases_215.jpg,5,Parasitic Disease,train
data/original/aquahealth/train_split/Parasitic diseases/Parasitic diseases_22.jpg,5,Parasitic Disease,train
data/original/aquahealth/train_split/Parasitic diseases/Parasitic diseases_222.jpg,5,Parasitic Disease,train
data/original/aquahealth/train_split/Parasitic diseases/Parasitic diseases_231.jpg,5,Parasitic Disease,train
data/original/aquahealth/train_split/Parasitic diseases/Parasitic diseases_238.jpg,5,Parasitic Disease,train
data/original/aquahealth/train_split/Parasitic diseases/Parasitic diseases_239.jpg,5,Parasitic Disease,train
data/original/aquahealth/train_split/Parasitic diseases/Parasitic diseases_240.jpg,5,Parasitic Disease,train
data/original/aquahealth/train_split/Parasitic diseases/Parasitic diseases_242.jpg,5,Parasitic Disease,train
data/original/aquahealth/train_split/Parasitic diseases/Parasitic diseases_243.jpg,5,Parasitic Disease,train
data/original/aquahealth/train_split/Parasitic diseases/Parasitic diseases_244.jpg,5,Parasitic Disease,train
data/original/aquahealth/train_split/Parasitic diseases/Parasitic diseases_245.jpg,5,Parasitic Disease,train
data/original/aquahealth/train_split/Parasitic diseases/Parasitic diseases_25.jpg,5,Parasitic Disease,train
data/original/aquahealth/train_split/Parasitic diseases/Parasitic diseases_26.jpg,5,Parasitic Disease,train
data/original/aquahealth/train_split/Parasitic diseases/Parasitic diseases_27.jpg,5,Parasitic Disease,train
data/original/aquahealth/train_split/Parasitic diseases/Parasitic diseases_28.jpg,5,Parasitic Disease,train
data/original/aquahealth/train_split/Parasitic diseases/Parasitic diseases_32.png,5,Parasitic Disease,train
data/original/aquahealth/train_split/Parasitic diseases/Parasitic diseases_33.jpg,5,Parasitic Disease,train
data/original/aquahealth/train_split/Parasitic diseases/Parasitic diseases_35.jpg,5,Parasitic Disease,train
data/original/aquahealth/train_split/Parasitic diseases/Parasitic diseases_37.jpg,5,Parasitic Disease,train
data/original/aquahealth/train_split/Parasitic diseases/Parasitic diseases_39.jpg,5,Parasitic Disease,train
data/original/aquahealth/train_split/Parasitic diseases/Parasitic diseases_45.jpg,5,Parasitic Disease,train
data/original/aquahealth/train_split/Parasitic diseases/Parasitic diseases_46.jpg,5,Parasitic Disease,train
data/original/aquahealth/train_split/Parasitic diseases/Parasitic diseases_49.jpg,5,Parasitic Disease,train
data/original/aquahealth/train_split/Parasitic diseases/Parasitic diseases_5.jpg,5,Parasitic Disease,train
data/original/aquahealth/train_split/Parasitic diseases/Parasitic diseases_56.jpg,5,Parasitic Disease,train
data/original/aquahealth/train_split/Parasitic diseases/Parasitic diseases_57.jpg,5,Parasitic Disease,train
data/original/aquahealth/train_split/Parasitic diseases/Parasitic diseases_58.jpg,5,Parasitic Disease,train
data/original/aquahealth/train_split/Parasitic diseases/Parasitic diseases_59.jpg,5,Parasitic Disease,train
data/original/aquahealth/train_split/Parasitic diseases/Parasitic diseases_6.jpg,5,Parasitic Disease,train
data/original/aquahealth/train_split/Parasitic diseases/Parasitic diseases_62.jpg,5,Parasitic Disease,train
data/original/aquahealth/train_split/Parasitic diseases/Parasitic diseases_67.jpg,5,Parasitic Disease,train
data/original/aquahealth/train_split/Parasitic diseases/Parasitic diseases_76.jpg,5,Parasitic Disease,train
data/original/aquahealth/train_split/Parasitic diseases/Parasitic diseases_80.jpg,5,Parasitic Disease,train
data/original/aquahealth/train_split/Parasitic diseases/Parasitic diseases_81.jpg,5,Parasitic Disease,train
data/original/aquahealth/train_split/Parasitic diseases/Parasitic diseases_85.jpg,5,Parasitic Disease,train
data/original/aquahealth/train_split/Parasitic diseases/Parasitic diseases_86.jpg,5,Parasitic Disease,train
data/original/aquahealth/train_split/Parasitic diseases/Parasitic diseases_87.jpg,5,Parasitic Disease,train
data/original/aquahealth/train_split/Parasitic diseases/Parasitic diseases_88.jpg,5,Parasitic Disease,train
data/original/aquahealth/train_split/Parasitic diseases/Parasitic diseases_89.jpg,5,Parasitic Disease,train
data/original/aquahealth/train_split/Parasitic diseases/Parasitic diseases_90.jpg,5,Parasitic Disease,train
data/original/aquahealth/train_split/Parasitic diseases/Parasitic diseases_91.jpg,5,Parasitic Disease,train
data/original/aquahealth/train_split/Parasitic diseases/Parasitic diseases_93.jpg,5,Parasitic Disease,train
data/original/aquahealth/train_split/Parasitic diseases/Parasitic diseases_94.jpeg,5,Parasitic Disease,train
data/original/aquahealth/train_split/Parasitic diseases/Parasitic diseases_95.jpg,5,Parasitic Disease,train
data/original/aquahealth/train_split/Parasitic diseases/Parasitic diseases_aug_0.jpg,5,Parasitic Disease,train
data/original/aquahealth/train_split/Parasitic diseases/Parasitic diseases_aug_1.jpg,5,Parasitic Disease,train
data/original/aquahealth/train_split/Parasitic diseases/Parasitic diseases_aug_10.jpg,5,Parasitic Disease,train
data/original/aquahealth/train_split/Parasitic diseases/Parasitic diseases_aug_101.jpg,5,Parasitic Disease,train
data/original/aquahealth/train_split/Parasitic diseases/Parasitic diseases_aug_102.jpg,5,Parasitic Disease,train
data/original/aquahealth/train_split/Parasitic diseases/Parasitic diseases_aug_103.jpg,5,Parasitic Disease,train
data/original/aquahealth/train_split/Parasitic diseases/Parasitic diseases_aug_104.jpg,5,Parasitic Disease,train
data/original/aquahealth/train_split/Parasitic diseases/Parasitic diseases_aug_105.jpg,5,Parasitic Disease,train
data/original/aquahealth/train_split/Parasitic diseases/Parasitic diseases_aug_106.jpg,5,Parasitic Disease,train
data/original/aquahealth/train_split/Parasitic diseases/Parasitic diseases_aug_107.jpg,5,Parasitic Disease,train
data/original/aquahealth/train_split/Parasitic diseases/Parasitic diseases_aug_112.jpg,5,Parasitic Disease,train
data/original/aquahealth/train_split/Parasitic diseases/Parasitic diseases_aug_113.jpg,5,Parasitic Disease,train
data/original/aquahealth/train_split/Parasitic diseases/Parasitic diseases_aug_114.jpg,5,Parasitic Disease,train
data/original/aquahealth/train_split/Parasitic diseases/Parasitic diseases_aug_115.jpg,5,Parasitic Disease,train
data/original/aquahealth/train_split/Parasitic diseases/Parasitic diseases_aug_116.jpg,5,Parasitic Disease,train
data/original/aquahealth/train_split/Parasitic diseases/Parasitic diseases_aug_121.jpg,5,Parasitic Disease,train
data/original/aquahealth/train_split/Parasitic diseases/Parasitic diseases_aug_122.jpg,5,Parasitic Disease,train
data/original/aquahealth/train_split/Parasitic diseases/Parasitic diseases_aug_124.jpg,5,Parasitic Disease,train
data/original/aquahealth/train_split/Parasitic diseases/Parasitic diseases_aug_125.jpg,5,Parasitic Disease,train
data/original/aquahealth/train_split/Parasitic diseases/Parasitic diseases_aug_126.jpg,5,Parasitic Disease,train
data/original/aquahealth/train_split/Parasitic diseases/Parasitic diseases_aug_127.jpg,5,Parasitic Disease,train
data/original/aquahealth/train_split/Parasitic diseases/Parasitic diseases_aug_129.jpg,5,Parasitic Disease,train
data/original/aquahealth/train_split/Parasitic diseases/Parasitic diseases_aug_13.jpg,5,Parasitic Disease,train
data/original/aquahealth/train_split/Parasitic diseases/Parasitic diseases_aug_130.jpg,5,Parasitic Disease,train
data/original/aquahealth/train_split/Parasitic diseases/Parasitic diseases_aug_132.jpg,5,Parasitic Disease,train
data/original/aquahealth/train_split/Parasitic diseases/Parasitic diseases_aug_136.jpg,5,Parasitic Disease,train
data/original/aquahealth/train_split/Parasitic diseases/Parasitic diseases_aug_137.jpg,5,Parasitic Disease,train
data/original/aquahealth/train_split/Parasitic diseases/Parasitic diseases_aug_138.jpg,5,Parasitic Disease,train
data/original/aquahealth/train_split/Parasitic diseases/Parasitic diseases_aug_14.jpg,5,Parasitic Disease,train
data/original/aquahealth/train_split/Parasitic diseases/Parasitic diseases_aug_140.jpg,5,Parasitic Disease,train
data/original/aquahealth/train_split/Parasitic diseases/Parasitic diseases_aug_141.jpg,5,Parasitic Disease,train
data/original/aquahealth/train_split/Parasitic diseases/Parasitic diseases_aug_142.jpg,5,Parasitic Disease,train
data/original/aquahealth/train_split/Parasitic diseases/Parasitic diseases_aug_147.jpg,5,Parasitic Disease,train
data/original/aquahealth/train_split/Parasitic diseases/Parasitic diseases_aug_148.jpg,5,Parasitic Disease,train
data/original/aquahealth/train_split/Parasitic diseases/Parasitic diseases_aug_149.jpg,5,Parasitic Disease,train
data/original/aquahealth/train_split/Parasitic diseases/Parasitic diseases_aug_15.jpg,5,Parasitic Disease,train
data/original/aquahealth/train_split/Parasitic diseases/Parasitic diseases_aug_150.jpg,5,Parasitic Disease,train
data/original/aquahealth/train_split/Parasitic diseases/Parasitic diseases_aug_151.jpg,5,Parasitic Disease,train
data/original/aquahealth/train_split/Parasitic diseases/Parasitic diseases_aug_153.jpg,5,Parasitic Disease,train
data/original/aquahealth/train_split/Parasitic diseases/Parasitic diseases_aug_156.jpg,5,Parasitic Disease,train
data/original/aquahealth/train_split/Parasitic diseases/Parasitic diseases_aug_159.jpg,5,Parasitic Disease,train
data/original/aquahealth/train_split/Parasitic diseases/Parasitic diseases_aug_16.jpg,5,Parasitic Disease,train
data/original/aquahealth/train_split/Parasitic diseases/Parasitic diseases_aug_162.jpg,5,Parasitic Disease,train
data/original/aquahealth/train_split/Parasitic diseases/Parasitic diseases_aug_165.jpg,5,Parasitic Disease,train
data/original/aquahealth/train_split/Parasitic diseases/Parasitic diseases_aug_166.jpg,5,Parasitic Disease,train
data/original/aquahealth/train_split/Parasitic diseases/Parasitic diseases_aug_167.jpg,5,Parasitic Disease,train
data/original/aquahealth/train_split/Parasitic diseases/Parasitic diseases_aug_169.jpg,5,Parasitic Disease,train
data/original/aquahealth/train_split/Parasitic diseases/Parasitic diseases_aug_170.jpg,5,Parasitic Disease,train
data/original/aquahealth/train_split/Parasitic diseases/Parasitic diseases_aug_171.jpg,5,Parasitic Disease,train
data/original/aquahealth/train_split/Parasitic diseases/Parasitic diseases_aug_173.jpg,5,Parasitic Disease,train
data/original/aquahealth/train_split/Parasitic diseases/Parasitic diseases_aug_176.jpg,5,Parasitic Disease,train
data/original/aquahealth/train_split/Parasitic diseases/Parasitic diseases_aug_179.jpg,5,Parasitic Disease,train
data/original/aquahealth/train_split/Parasitic diseases/Parasitic diseases_aug_180.jpg,5,Parasitic Disease,train
data/original/aquahealth/train_split/Parasitic diseases/Parasitic diseases_aug_182.jpg,5,Parasitic Disease,train
data/original/aquahealth/train_split/Parasitic diseases/Parasitic diseases_aug_183.jpg,5,Parasitic Disease,train
data/original/aquahealth/train_split/Parasitic diseases/Parasitic diseases_aug_184.jpg,5,Parasitic Disease,train
data/original/aquahealth/train_split/Parasitic diseases/Parasitic diseases_aug_185.jpg,5,Parasitic Disease,train
data/original/aquahealth/train_split/Parasitic diseases/Parasitic diseases_aug_191.jpg,5,Parasitic Disease,train
data/original/aquahealth/train_split/Parasitic diseases/Parasitic diseases_aug_193.jpg,5,Parasitic Disease,train
data/original/aquahealth/train_split/Parasitic diseases/Parasitic diseases_aug_196.jpg,5,Parasitic Disease,train
data/original/aquahealth/train_split/Parasitic diseases/Parasitic diseases_aug_197.jpg,5,Parasitic Disease,train
data/original/aquahealth/train_split/Parasitic diseases/Parasitic diseases_aug_198.jpg,5,Parasitic Disease,train
data/original/aquahealth/train_split/Parasitic diseases/Parasitic diseases_aug_199.jpg,5,Parasitic Disease,train
data/original/aquahealth/train_split/Parasitic diseases/Parasitic diseases_aug_20.jpg,5,Parasitic Disease,train
data/original/aquahealth/train_split/Parasitic diseases/Parasitic diseases_aug_200.jpg,5,Parasitic Disease,train
data/original/aquahealth/train_split/Parasitic diseases/Parasitic diseases_aug_201.jpg,5,Parasitic Disease,train
data/original/aquahealth/train_split/Parasitic diseases/Parasitic diseases_aug_202.jpg,5,Parasitic Disease,train
data/original/aquahealth/train_split/Parasitic diseases/Parasitic diseases_aug_203.jpg,5,Parasitic Disease,train
data/original/aquahealth/train_split/Parasitic diseases/Parasitic diseases_aug_204.jpg,5,Parasitic Disease,train
data/original/aquahealth/train_split/Parasitic diseases/Parasitic diseases_aug_207.jpg,5,Parasitic Disease,train
data/original/aquahealth/train_split/Parasitic diseases/Parasitic diseases_aug_209.jpg,5,Parasitic Disease,train
data/original/aquahealth/train_split/Parasitic diseases/Parasitic diseases_aug_210.jpg,5,Parasitic Disease,train
data/original/aquahealth/train_split/Parasitic diseases/Parasitic diseases_aug_211.jpg,5,Parasitic Disease,train
data/original/aquahealth/train_split/Parasitic diseases/Parasitic diseases_aug_213.jpg,5,Parasitic Disease,train
data/original/aquahealth/train_split/Parasitic diseases/Parasitic diseases_aug_215.jpg,5,Parasitic Disease,train
data/original/aquahealth/train_split/Parasitic diseases/Parasitic diseases_aug_216.jpg,5,Parasitic Disease,train
data/original/aquahealth/train_split/Parasitic diseases/Parasitic diseases_aug_217.jpg,5,Parasitic Disease,train
data/original/aquahealth/train_split/Parasitic diseases/Parasitic diseases_aug_219.jpg,5,Parasitic Disease,train
data/original/aquahealth/train_split/Parasitic diseases/Parasitic diseases_aug_22.jpg,5,Parasitic Disease,train
data/original/aquahealth/train_split/Parasitic diseases/Parasitic diseases_aug_223.jpg,5,Parasitic Disease,train
data/original/aquahealth/train_split/Parasitic diseases/Parasitic diseases_aug_225.jpg,5,Parasitic Disease,train
data/original/aquahealth/train_split/Parasitic diseases/Parasitic diseases_aug_226.jpg,5,Parasitic Disease,train
data/original/aquahealth/train_split/Parasitic diseases/Parasitic diseases_aug_228.jpg,5,Parasitic Disease,train
data/original/aquahealth/train_split/Parasitic diseases/Parasitic diseases_aug_232.jpg,5,Parasitic Disease,train
data/original/aquahealth/train_split/Parasitic diseases/Parasitic diseases_aug_233.jpg,5,Parasitic Disease,train
data/original/aquahealth/train_split/Parasitic diseases/Parasitic diseases_aug_234.jpg,5,Parasitic Disease,train
data/original/aquahealth/train_split/Parasitic diseases/Parasitic diseases_aug_236.jpg,5,Parasitic Disease,train
data/original/aquahealth/train_split/Parasitic diseases/Parasitic diseases_aug_24.jpg,5,Parasitic Disease,train
data/original/aquahealth/train_split/Parasitic diseases/Parasitic diseases_aug_240.jpg,5,Parasitic Disease,train
data/original/aquahealth/train_split/Parasitic diseases/Parasitic diseases_aug_241.jpg,5,Parasitic Disease,train
data/original/aquahealth/train_split/Parasitic diseases/Parasitic diseases_aug_245.jpg,5,Parasitic Disease,train
data/original/aquahealth/train_split/Parasitic diseases/Parasitic diseases_aug_247.jpg,5,Parasitic Disease,train
data/original/aquahealth/train_split/Parasitic diseases/Parasitic diseases_aug_248.jpg,5,Parasitic Disease,train
data/original/aquahealth/train_split/Parasitic diseases/Parasitic diseases_aug_25.jpg,5,Parasitic Disease,train
data/original/aquahealth/train_split/Parasitic diseases/Parasitic diseases_aug_251.jpg,5,Parasitic Disease,train
data/original/aquahealth/train_split/Parasitic diseases/Parasitic diseases_aug_253.jpg,5,Parasitic Disease,train
data/original/aquahealth/train_split/Parasitic diseases/Parasitic diseases_aug_254.jpg,5,Parasitic Disease,train
data/original/aquahealth/train_split/Parasitic diseases/Parasitic diseases_aug_257.jpg,5,Parasitic Disease,train
data/original/aquahealth/train_split/Parasitic diseases/Parasitic diseases_aug_258.jpg,5,Parasitic Disease,train
data/original/aquahealth/train_split/Parasitic diseases/Parasitic diseases_aug_262.jpg,5,Parasitic Disease,train
data/original/aquahealth/train_split/Parasitic diseases/Parasitic diseases_aug_265.jpg,5,Parasitic Disease,train
data/original/aquahealth/train_split/Parasitic diseases/Parasitic diseases_aug_268.jpg,5,Parasitic Disease,train
data/original/aquahealth/train_split/Parasitic diseases/Parasitic diseases_aug_270.jpg,5,Parasitic Disease,train
data/original/aquahealth/train_split/Parasitic diseases/Parasitic diseases_aug_273.jpg,5,Parasitic Disease,train
data/original/aquahealth/train_split/Parasitic diseases/Parasitic diseases_aug_274.jpg,5,Parasitic Disease,train
data/original/aquahealth/train_split/Parasitic diseases/Parasitic diseases_aug_275.jpg,5,Parasitic Disease,train
data/original/aquahealth/train_split/Parasitic diseases/Parasitic diseases_aug_276.jpg,5,Parasitic Disease,train
data/original/aquahealth/train_split/Parasitic diseases/Parasitic diseases_aug_279.jpg,5,Parasitic Disease,train
data/original/aquahealth/train_split/Parasitic diseases/Parasitic diseases_aug_281.jpg,5,Parasitic Disease,train
data/original/aquahealth/train_split/Parasitic diseases/Parasitic diseases_aug_284.jpg,5,Parasitic Disease,train
data/original/aquahealth/train_split/Parasitic diseases/Parasitic diseases_aug_285.jpg,5,Parasitic Disease,train
data/original/aquahealth/train_split/Parasitic diseases/Parasitic diseases_aug_286.jpg,5,Parasitic Disease,train
data/original/aquahealth/train_split/Parasitic diseases/Parasitic diseases_aug_288.jpg,5,Parasitic Disease,train
data/original/aquahealth/train_split/Parasitic diseases/Parasitic diseases_aug_29.jpg,5,Parasitic Disease,train
data/original/aquahealth/train_split/Parasitic diseases/Parasitic diseases_aug_290.jpg,5,Parasitic Disease,train
data/original/aquahealth/train_split/Parasitic diseases/Parasitic diseases_aug_291.jpg,5,Parasitic Disease,train
data/original/aquahealth/train_split/Parasitic diseases/Parasitic diseases_aug_293.jpg,5,Parasitic Disease,train
data/original/aquahealth/train_split/Parasitic diseases/Parasitic diseases_aug_294.jpg,5,Parasitic Disease,train
data/original/aquahealth/train_split/Parasitic diseases/Parasitic diseases_aug_296.jpg,5,Parasitic Disease,train
data/original/aquahealth/train_split/Parasitic diseases/Parasitic diseases_aug_297.jpg,5,Parasitic Disease,train
data/original/aquahealth/train_split/Parasitic diseases/Parasitic diseases_aug_299.jpg,5,Parasitic Disease,train
data/original/aquahealth/train_split/Parasitic diseases/Parasitic diseases_aug_300.jpg,5,Parasitic Disease,train
data/original/aquahealth/train_split/Parasitic diseases/Parasitic diseases_aug_302.jpg,5,Parasitic Disease,train
data/original/aquahealth/train_split/Parasitic diseases/Parasitic diseases_aug_303.jpg,5,Parasitic Disease,train
data/original/aquahealth/train_split/Parasitic diseases/Parasitic diseases_aug_304.jpg,5,Parasitic Disease,train
data/original/aquahealth/train_split/Parasitic diseases/Parasitic diseases_aug_307.jpg,5,Parasitic Disease,train
data/original/aquahealth/train_split/Parasitic diseases/Parasitic diseases_aug_309.jpg,5,Parasitic Disease,train
data/original/aquahealth/train_split/Parasitic diseases/Parasitic diseases_aug_310.jpg,5,Parasitic Disease,train
data/original/aquahealth/train_split/Parasitic diseases/Parasitic diseases_aug_312.jpg,5,Parasitic Disease,train
data/original/aquahealth/train_split/Parasitic diseases/Parasitic diseases_aug_313.jpg,5,Parasitic Disease,train
data/original/aquahealth/train_split/Parasitic diseases/Parasitic diseases_aug_315.jpg,5,Parasitic Disease,train
data/original/aquahealth/train_split/Parasitic diseases/Parasitic diseases_aug_317.jpg,5,Parasitic Disease,train
data/original/aquahealth/train_split/Parasitic diseases/Parasitic diseases_aug_318.jpg,5,Parasitic Disease,train
data/original/aquahealth/train_split/Parasitic diseases/Parasitic diseases_aug_321.jpg,5,Parasitic Disease,train
data/original/aquahealth/train_split/Parasitic diseases/Parasitic diseases_aug_322.jpg,5,Parasitic Disease,train
data/original/aquahealth/train_split/Parasitic diseases/Parasitic diseases_aug_323.jpg,5,Parasitic Disease,train
data/original/aquahealth/train_split/Parasitic diseases/Parasitic diseases_aug_324.jpg,5,Parasitic Disease,train
data/original/aquahealth/train_split/Parasitic diseases/Parasitic diseases_aug_327.jpg,5,Parasitic Disease,train
data/original/aquahealth/train_split/Parasitic diseases/Parasitic diseases_aug_35.jpg,5,Parasitic Disease,train
data/original/aquahealth/train_split/Parasitic diseases/Parasitic diseases_aug_36.jpg,5,Parasitic Disease,train
data/original/aquahealth/train_split/Parasitic diseases/Parasitic diseases_aug_38.jpg,5,Parasitic Disease,train
data/original/aquahealth/train_split/Parasitic diseases/Parasitic diseases_aug_4.jpg,5,Parasitic Disease,train
data/original/aquahealth/train_split/Parasitic diseases/Parasitic diseases_aug_40.jpg,5,Parasitic Disease,train
data/original/aquahealth/train_split/Parasitic diseases/Parasitic diseases_aug_42.jpg,5,Parasitic Disease,train
data/original/aquahealth/train_split/Parasitic diseases/Parasitic diseases_aug_43.jpg,5,Parasitic Disease,train
data/original/aquahealth/train_split/Parasitic diseases/Parasitic diseases_aug_47.jpg,5,Parasitic Disease,train
data/original/aquahealth/train_split/Parasitic diseases/Parasitic diseases_aug_48.jpg,5,Parasitic Disease,train
data/original/aquahealth/train_split/Parasitic diseases/Parasitic diseases_aug_49.jpg,5,Parasitic Disease,train
data/original/aquahealth/train_split/Parasitic diseases/Parasitic diseases_aug_5.jpg,5,Parasitic Disease,train
data/original/aquahealth/train_split/Parasitic diseases/Parasitic diseases_aug_50.jpg,5,Parasitic Disease,train
data/original/aquahealth/train_split/Parasitic diseases/Parasitic diseases_aug_53.jpg,5,Parasitic Disease,train
data/original/aquahealth/train_split/Parasitic diseases/Parasitic diseases_aug_54.jpg,5,Parasitic Disease,train
data/original/aquahealth/train_split/Parasitic diseases/Parasitic diseases_aug_55.jpg,5,Parasitic Disease,train
data/original/aquahealth/train_split/Parasitic diseases/Parasitic diseases_aug_56.jpg,5,Parasitic Disease,train
data/original/aquahealth/train_split/Parasitic diseases/Parasitic diseases_aug_57.jpg,5,Parasitic Disease,train
data/original/aquahealth/train_split/Parasitic diseases/Parasitic diseases_aug_58.jpg,5,Parasitic Disease,train
data/original/aquahealth/train_split/Parasitic diseases/Parasitic diseases_aug_59.jpg,5,Parasitic Disease,train
data/original/aquahealth/train_split/Parasitic diseases/Parasitic diseases_aug_6.jpg,5,Parasitic Disease,train
data/original/aquahealth/train_split/Parasitic diseases/Parasitic diseases_aug_60.jpg,5,Parasitic Disease,train
data/original/aquahealth/train_split/Parasitic diseases/Parasitic diseases_aug_62.jpg,5,Parasitic Disease,train
data/original/aquahealth/train_split/Parasitic diseases/Parasitic diseases_aug_63.jpg,5,Parasitic Disease,train
data/original/aquahealth/train_split/Parasitic diseases/Parasitic diseases_aug_67.jpg,5,Parasitic Disease,train
data/original/aquahealth/train_split/Parasitic diseases/Parasitic diseases_aug_69.jpg,5,Parasitic Disease,train
data/original/aquahealth/train_split/Parasitic diseases/Parasitic diseases_aug_70.jpg,5,Parasitic Disease,train
data/original/aquahealth/train_split/Parasitic diseases/Parasitic diseases_aug_71.jpg,5,Parasitic Disease,train
data/original/aquahealth/train_split/Parasitic diseases/Parasitic diseases_aug_72.jpg,5,Parasitic Disease,train
data/original/aquahealth/train_split/Parasitic diseases/Parasitic diseases_aug_75.jpg,5,Parasitic Disease,train
data/original/aquahealth/train_split/Parasitic diseases/Parasitic diseases_aug_78.jpg,5,Parasitic Disease,train
data/original/aquahealth/train_split/Parasitic diseases/Parasitic diseases_aug_80.jpg,5,Parasitic Disease,train
data/original/aquahealth/train_split/Parasitic diseases/Parasitic diseases_aug_81.jpg,5,Parasitic Disease,train
data/original/aquahealth/train_split/Parasitic diseases/Parasitic diseases_aug_82.jpg,5,Parasitic Disease,train
data/original/aquahealth/train_split/Parasitic diseases/Parasitic diseases_aug_84.jpg,5,Parasitic Disease,train
data/original/aquahealth/train_split/Parasitic diseases/Parasitic diseases_aug_85.jpg,5,Parasitic Disease,train
data/original/aquahealth/train_split/Parasitic diseases/Parasitic diseases_aug_87.jpg,5,Parasitic Disease,train
data/original/aquahealth/train_split/Parasitic diseases/Parasitic diseases_aug_88.jpg,5,Parasitic Disease,train
data/original/aquahealth/train_split/Parasitic diseases/Parasitic diseases_aug_9.jpg,5,Parasitic Disease,train
data/original/aquahealth/train_split/Parasitic diseases/Parasitic diseases_aug_90.jpg,5,Parasitic Disease,train
data/original/aquahealth/train_split/Parasitic diseases/Parasitic diseases_aug_93.jpg,5,Parasitic Disease,train
data/original/aquahealth/train_split/Parasitic diseases/Parasitic diseases_aug_94.jpg,5,Parasitic Disease,train
data/original/aquahealth/train_split/Parasitic diseases/Parasitic diseases_aug_95.jpg,5,Parasitic Disease,train
data/original/aquahealth/train_split/Parasitic diseases/Parasitic diseases_aug_96.jpg,5,Parasitic Disease,train
data/original/aquahealth/train_split/Parasitic diseases/Parasitic diseases_aug_97.jpg,5,Parasitic Disease,train
data/original/aquahealth/train_split/Parasitic diseases/Parasitic diseases_aug_99.jpg,5,Parasitic Disease,train
data/original/aquahealth/test_split/Viral diseases White tail disease_Viral diseases White tail disease_154.jpg,6,White Tail Disease,train
data/original/aquahealth/test_split/Viral diseases White tail disease_Viral diseases White tail disease_171.jpg,6,White Tail Disease,train
data/original/aquahealth/test_split/Viral diseases White tail disease_Viral diseases White tail disease_212.jpg,6,White Tail Disease,train
data/original/aquahealth/test_split/Viral diseases White tail disease_Viral diseases White tail disease_220.jpg,6,White Tail Disease,train
data/original/aquahealth/test_split/Viral diseases White tail disease_Viral diseases White tail disease_223.jpg,6,White Tail Disease,train
data/original/aquahealth/test_split/Viral diseases White tail disease_Viral diseases White tail disease_240.jpg,6,White Tail Disease,train
data/original/aquahealth/test_split/Viral diseases White tail disease_Viral diseases White tail disease_243.jpg,6,White Tail Disease,train
data/original/aquahealth/test_split/Viral diseases White tail disease_Viral diseases White tail disease_25.jpg,6,White Tail Disease,train
data/original/aquahealth/test_split/Viral diseases White tail disease_Viral diseases White tail disease_40.jpg,6,White Tail Disease,train
data/original/aquahealth/test_split/Viral diseases White tail disease_Viral diseases White tail disease_7.jpg,6,White Tail Disease,train
data/original/aquahealth/test_split/Viral diseases White tail disease_Viral diseases White tail disease_90.jpg,6,White Tail Disease,train
data/original/aquahealth/test_split/Viral diseases White tail disease_Viral diseases White tail disease_96.jpg,6,White Tail Disease,train
data/original/aquahealth/test_split/Viral diseases White tail disease_Viral diseases White tail disease_97.jpg,6,White Tail Disease,train
data/original/aquahealth/train_split/Viral diseases White tail disease/Viral diseases White tail disease_1.jpeg,6,White Tail Disease,train
data/original/aquahealth/train_split/Viral diseases White tail disease/Viral diseases White tail disease_10.jpg,6,White Tail Disease,train
data/original/aquahealth/train_split/Viral diseases White tail disease/Viral diseases White tail disease_100.jpg,6,White Tail Disease,train
data/original/aquahealth/train_split/Viral diseases White tail disease/Viral diseases White tail disease_101.jpg,6,White Tail Disease,train
data/original/aquahealth/train_split/Viral diseases White tail disease/Viral diseases White tail disease_111.jpg,6,White Tail Disease,train
data/original/aquahealth/train_split/Viral diseases White tail disease/Viral diseases White tail disease_112.jpg,6,White Tail Disease,train
data/original/aquahealth/train_split/Viral diseases White tail disease/Viral diseases White tail disease_115.jpg,6,White Tail Disease,train
data/original/aquahealth/train_split/Viral diseases White tail disease/Viral diseases White tail disease_123.jpg,6,White Tail Disease,train
data/original/aquahealth/train_split/Viral diseases White tail disease/Viral diseases White tail disease_124.jpg,6,White Tail Disease,train
data/original/aquahealth/train_split/Viral diseases White tail disease/Viral diseases White tail disease_125.jpg,6,White Tail Disease,train
data/original/aquahealth/train_split/Viral diseases White tail disease/Viral diseases White tail disease_13.jpg,6,White Tail Disease,train
data/original/aquahealth/train_split/Viral diseases White tail disease/Viral diseases White tail disease_135.jpg,6,White Tail Disease,train
data/original/aquahealth/train_split/Viral diseases White tail disease/Viral diseases White tail disease_14.jpg,6,White Tail Disease,train
data/original/aquahealth/train_split/Viral diseases White tail disease/Viral diseases White tail disease_152.jpg,6,White Tail Disease,train
data/original/aquahealth/train_split/Viral diseases White tail disease/Viral diseases White tail disease_160.jpg,6,White Tail Disease,train
data/original/aquahealth/train_split/Viral diseases White tail disease/Viral diseases White tail disease_163.jpg,6,White Tail Disease,train
data/original/aquahealth/train_split/Viral diseases White tail disease/Viral diseases White tail disease_169.jpg,6,White Tail Disease,train
data/original/aquahealth/train_split/Viral diseases White tail disease/Viral diseases White tail disease_173.jpg,6,White Tail Disease,train
data/original/aquahealth/train_split/Viral diseases White tail disease/Viral diseases White tail disease_174.jpg,6,White Tail Disease,train
data/original/aquahealth/train_split/Viral diseases White tail disease/Viral diseases White tail disease_178.jpg,6,White Tail Disease,train
data/original/aquahealth/train_split/Viral diseases White tail disease/Viral diseases White tail disease_180.jpg,6,White Tail Disease,train
data/original/aquahealth/train_split/Viral diseases White tail disease/Viral diseases White tail disease_183.jpg,6,White Tail Disease,train
data/original/aquahealth/train_split/Viral diseases White tail disease/Viral diseases White tail disease_187.jpg,6,White Tail Disease,train
data/original/aquahealth/train_split/Viral diseases White tail disease/Viral diseases White tail disease_188.jpg,6,White Tail Disease,train
data/original/aquahealth/train_split/Viral diseases White tail disease/Viral diseases White tail disease_189.jpg,6,White Tail Disease,train
data/original/aquahealth/train_split/Viral diseases White tail disease/Viral diseases White tail disease_190.jpg,6,White Tail Disease,train
data/original/aquahealth/train_split/Viral diseases White tail disease/Viral diseases White tail disease_191.jpg,6,White Tail Disease,train
data/original/aquahealth/train_split/Viral diseases White tail disease/Viral diseases White tail disease_192.jpg,6,White Tail Disease,train
data/original/aquahealth/train_split/Viral diseases White tail disease/Viral diseases White tail disease_195.jpg,6,White Tail Disease,train
data/original/aquahealth/train_split/Viral diseases White tail disease/Viral diseases White tail disease_2.jpg,6,White Tail Disease,train
data/original/aquahealth/train_split/Viral diseases White tail disease/Viral diseases White tail disease_20.jpeg,6,White Tail Disease,train
data/original/aquahealth/train_split/Viral diseases White tail disease/Viral diseases White tail disease_200.jpg,6,White Tail Disease,train
data/original/aquahealth/train_split/Viral diseases White tail disease/Viral diseases White tail disease_208.jpg,6,White Tail Disease,train
data/original/aquahealth/train_split/Viral diseases White tail disease/Viral diseases White tail disease_210.jpg,6,White Tail Disease,train
data/original/aquahealth/train_split/Viral diseases White tail disease/Viral diseases White tail disease_213.jpg,6,White Tail Disease,train
data/original/aquahealth/train_split/Viral diseases White tail disease/Viral diseases White tail disease_218.jpg,6,White Tail Disease,train
data/original/aquahealth/train_split/Viral diseases White tail disease/Viral diseases White tail disease_22.png,6,White Tail Disease,train
data/original/aquahealth/train_split/Viral diseases White tail disease/Viral diseases White tail disease_222.jpg,6,White Tail Disease,train
data/original/aquahealth/train_split/Viral diseases White tail disease/Viral diseases White tail disease_239.jpg,6,White Tail Disease,train
data/original/aquahealth/train_split/Viral diseases White tail disease/Viral diseases White tail disease_242.jpg,6,White Tail Disease,train
data/original/aquahealth/train_split/Viral diseases White tail disease/Viral diseases White tail disease_26.jpg,6,White Tail Disease,train
data/original/aquahealth/train_split/Viral diseases White tail disease/Viral diseases White tail disease_3.png,6,White Tail Disease,train
data/original/aquahealth/train_split/Viral diseases White tail disease/Viral diseases White tail disease_30.jpeg,6,White Tail Disease,train
data/original/aquahealth/train_split/Viral diseases White tail disease/Viral diseases White tail disease_31.jpg,6,White Tail Disease,train
data/original/aquahealth/train_split/Viral diseases White tail disease/Viral diseases White tail disease_34.jpg,6,White Tail Disease,train
data/original/aquahealth/train_split/Viral diseases White tail disease/Viral diseases White tail disease_36.jpg,6,White Tail Disease,train
data/original/aquahealth/train_split/Viral diseases White tail disease/Viral diseases White tail disease_37.jpg,6,White Tail Disease,train
data/original/aquahealth/train_split/Viral diseases White tail disease/Viral diseases White tail disease_38.jpg,6,White Tail Disease,train
data/original/aquahealth/train_split/Viral diseases White tail disease/Viral diseases White tail disease_39.jpg,6,White Tail Disease,train
data/original/aquahealth/train_split/Viral diseases White tail disease/Viral diseases White tail disease_4.jpeg,6,White Tail Disease,train
data/original/aquahealth/train_split/Viral diseases White tail disease/Viral diseases White tail disease_41.jpg,6,White Tail Disease,train
data/original/aquahealth/train_split/Viral diseases White tail disease/Viral diseases White tail disease_45.jpg,6,White Tail Disease,train
data/original/aquahealth/train_split/Viral diseases White tail disease/Viral diseases White tail disease_47.jpg,6,White Tail Disease,train
data/original/aquahealth/train_split/Viral diseases White tail disease/Viral diseases White tail disease_48.jpg,6,White Tail Disease,train
data/original/aquahealth/train_split/Viral diseases White tail disease/Viral diseases White tail disease_49.jpg,6,White Tail Disease,train
data/original/aquahealth/train_split/Viral diseases White tail disease/Viral diseases White tail disease_5.jpg,6,White Tail Disease,train
data/original/aquahealth/train_split/Viral diseases White tail disease/Viral diseases White tail disease_50.jpg,6,White Tail Disease,train
data/original/aquahealth/train_split/Viral diseases White tail disease/Viral diseases White tail disease_51.jpg,6,White Tail Disease,train
data/original/aquahealth/train_split/Viral diseases White tail disease/Viral diseases White tail disease_52.jpg,6,White Tail Disease,train
data/original/aquahealth/train_split/Viral diseases White tail disease/Viral diseases White tail disease_53.jpg,6,White Tail Disease,train
data/original/aquahealth/train_split/Viral diseases White tail disease/Viral diseases White tail disease_54.jpg,6,White Tail Disease,train
data/original/aquahealth/train_split/Viral diseases White tail disease/Viral diseases White tail disease_57.jpg,6,White Tail Disease,train
data/original/aquahealth/train_split/Viral diseases White tail disease/Viral diseases White tail disease_6.jpg,6,White Tail Disease,train
data/original/aquahealth/train_split/Viral diseases White tail disease/Viral diseases White tail disease_60.jpg,6,White Tail Disease,train
data/original/aquahealth/train_split/Viral diseases White tail disease/Viral diseases White tail disease_61.jpg,6,White Tail Disease,train
data/original/aquahealth/train_split/Viral diseases White tail disease/Viral diseases White tail disease_63.jpg,6,White Tail Disease,train
data/original/aquahealth/train_split/Viral diseases White tail disease/Viral diseases White tail disease_67.jpg,6,White Tail Disease,train
data/original/aquahealth/train_split/Viral diseases White tail disease/Viral diseases White tail disease_70.jpg,6,White Tail Disease,train
data/original/aquahealth/train_split/Viral diseases White tail disease/Viral diseases White tail disease_75.jpg,6,White Tail Disease,train
data/original/aquahealth/train_split/Viral diseases White tail disease/Viral diseases White tail disease_81.jpg,6,White Tail Disease,train
data/original/aquahealth/train_split/Viral diseases White tail disease/Viral diseases White tail disease_88.jpg,6,White Tail Disease,train
data/original/aquahealth/train_split/Viral diseases White tail disease/Viral diseases White tail disease_91.jpg,6,White Tail Disease,train
data/original/aquahealth/train_split/Viral diseases White tail disease/Viral diseases White tail disease_92.jpg,6,White Tail Disease,train
data/original/aquahealth/train_split/Viral diseases White tail disease/Viral diseases White tail disease_95.jpg,6,White Tail Disease,train
data/original/aquahealth/train_split/Viral diseases White tail disease/Viral diseases White tail disease_98.jpg,6,White Tail Disease,train
data/original/aquahealth/train_split/Viral diseases White tail disease/Viral diseases White tail disease_99.jpg,6,White Tail Disease,train
data/original/aquahealth/train_split/Viral diseases White tail disease/Viral diseases White tail disease_aug_0.jpg,6,White Tail Disease,train
data/original/aquahealth/train_split/Viral diseases White tail disease/Viral diseases White tail disease_aug_1.jpg,6,White Tail Disease,train
data/original/aquahealth/train_split/Viral diseases White tail disease/Viral diseases White tail disease_aug_10.jpg,6,White Tail Disease,train
data/original/aquahealth/train_split/Viral diseases White tail disease/Viral diseases White tail disease_aug_102.jpg,6,White Tail Disease,train
data/original/aquahealth/train_split/Viral diseases White tail disease/Viral diseases White tail disease_aug_106.jpg,6,White Tail Disease,train
data/original/aquahealth/train_split/Viral diseases White tail disease/Viral diseases White tail disease_aug_112.jpg,6,White Tail Disease,train
data/original/aquahealth/train_split/Viral diseases White tail disease/Viral diseases White tail disease_aug_117.jpg,6,White Tail Disease,train
data/original/aquahealth/train_split/Viral diseases White tail disease/Viral diseases White tail disease_aug_119.jpg,6,White Tail Disease,train
data/original/aquahealth/train_split/Viral diseases White tail disease/Viral diseases White tail disease_aug_12.jpg,6,White Tail Disease,train
data/original/aquahealth/train_split/Viral diseases White tail disease/Viral diseases White tail disease_aug_120.jpg,6,White Tail Disease,train
data/original/aquahealth/train_split/Viral diseases White tail disease/Viral diseases White tail disease_aug_121.jpg,6,White Tail Disease,train
data/original/aquahealth/train_split/Viral diseases White tail disease/Viral diseases White tail disease_aug_122.jpg,6,White Tail Disease,train
data/original/aquahealth/train_split/Viral diseases White tail disease/Viral diseases White tail disease_aug_123.jpg,6,White Tail Disease,train
data/original/aquahealth/train_split/Viral diseases White tail disease/Viral diseases White tail disease_aug_124.jpg,6,White Tail Disease,train
data/original/aquahealth/train_split/Viral diseases White tail disease/Viral diseases White tail disease_aug_125.jpg,6,White Tail Disease,train
data/original/aquahealth/train_split/Viral diseases White tail disease/Viral diseases White tail disease_aug_126.jpg,6,White Tail Disease,train
data/original/aquahealth/train_split/Viral diseases White tail disease/Viral diseases White tail disease_aug_130.jpg,6,White Tail Disease,train
data/original/aquahealth/train_split/Viral diseases White tail disease/Viral diseases White tail disease_aug_131.jpg,6,White Tail Disease,train
data/original/aquahealth/train_split/Viral diseases White tail disease/Viral diseases White tail disease_aug_132.jpg,6,White Tail Disease,train
data/original/aquahealth/train_split/Viral diseases White tail disease/Viral diseases White tail disease_aug_133.jpg,6,White Tail Disease,train
data/original/aquahealth/train_split/Viral diseases White tail disease/Viral diseases White tail disease_aug_134.jpg,6,White Tail Disease,train
data/original/aquahealth/train_split/Viral diseases White tail disease/Viral diseases White tail disease_aug_135.jpg,6,White Tail Disease,train
data/original/aquahealth/train_split/Viral diseases White tail disease/Viral diseases White tail disease_aug_136.jpg,6,White Tail Disease,train
data/original/aquahealth/train_split/Viral diseases White tail disease/Viral diseases White tail disease_aug_137.jpg,6,White Tail Disease,train
data/original/aquahealth/train_split/Viral diseases White tail disease/Viral diseases White tail disease_aug_138.jpg,6,White Tail Disease,train
data/original/aquahealth/train_split/Viral diseases White tail disease/Viral diseases White tail disease_aug_139.jpg,6,White Tail Disease,train
data/original/aquahealth/train_split/Viral diseases White tail disease/Viral diseases White tail disease_aug_144.jpg,6,White Tail Disease,train
data/original/aquahealth/train_split/Viral diseases White tail disease/Viral diseases White tail disease_aug_145.jpg,6,White Tail Disease,train
data/original/aquahealth/train_split/Viral diseases White tail disease/Viral diseases White tail disease_aug_146.jpg,6,White Tail Disease,train
data/original/aquahealth/train_split/Viral diseases White tail disease/Viral diseases White tail disease_aug_149.jpg,6,White Tail Disease,train
data/original/aquahealth/train_split/Viral diseases White tail disease/Viral diseases White tail disease_aug_150.jpg,6,White Tail Disease,train
data/original/aquahealth/train_split/Viral diseases White tail disease/Viral diseases White tail disease_aug_151.jpg,6,White Tail Disease,train
data/original/aquahealth/train_split/Viral diseases White tail disease/Viral diseases White tail disease_aug_153.jpg,6,White Tail Disease,train
data/original/aquahealth/train_split/Viral diseases White tail disease/Viral diseases White tail disease_aug_154.jpg,6,White Tail Disease,train
data/original/aquahealth/train_split/Viral diseases White tail disease/Viral diseases White tail disease_aug_155.jpg,6,White Tail Disease,train
data/original/aquahealth/train_split/Viral diseases White tail disease/Viral diseases White tail disease_aug_157.jpg,6,White Tail Disease,train
data/original/aquahealth/train_split/Viral diseases White tail disease/Viral diseases White tail disease_aug_159.jpg,6,White Tail Disease,train
data/original/aquahealth/train_split/Viral diseases White tail disease/Viral diseases White tail disease_aug_160.jpg,6,White Tail Disease,train
data/original/aquahealth/train_split/Viral diseases White tail disease/Viral diseases White tail disease_aug_161.jpg,6,White Tail Disease,train
data/original/aquahealth/train_split/Viral diseases White tail disease/Viral diseases White tail disease_aug_163.jpg,6,White Tail Disease,train
data/original/aquahealth/train_split/Viral diseases White tail disease/Viral diseases White tail disease_aug_164.jpg,6,White Tail Disease,train
data/original/aquahealth/train_split/Viral diseases White tail disease/Viral diseases White tail disease_aug_165.jpg,6,White Tail Disease,train
data/original/aquahealth/train_split/Viral diseases White tail disease/Viral diseases White tail disease_aug_167.jpg,6,White Tail Disease,train
data/original/aquahealth/train_split/Viral diseases White tail disease/Viral diseases White tail disease_aug_168.jpg,6,White Tail Disease,train
data/original/aquahealth/train_split/Viral diseases White tail disease/Viral diseases White tail disease_aug_17.jpg,6,White Tail Disease,train
data/original/aquahealth/train_split/Viral diseases White tail disease/Viral diseases White tail disease_aug_171.jpg,6,White Tail Disease,train
data/original/aquahealth/train_split/Viral diseases White tail disease/Viral diseases White tail disease_aug_172.jpg,6,White Tail Disease,train
data/original/aquahealth/train_split/Viral diseases White tail disease/Viral diseases White tail disease_aug_173.jpg,6,White Tail Disease,train
data/original/aquahealth/train_split/Viral diseases White tail disease/Viral diseases White tail disease_aug_174.jpg,6,White Tail Disease,train
data/original/aquahealth/train_split/Viral diseases White tail disease/Viral diseases White tail disease_aug_175.jpg,6,White Tail Disease,train
data/original/aquahealth/train_split/Viral diseases White tail disease/Viral diseases White tail disease_aug_180.jpg,6,White Tail Disease,train
data/original/aquahealth/train_split/Viral diseases White tail disease/Viral diseases White tail disease_aug_181.jpg,6,White Tail Disease,train
data/original/aquahealth/train_split/Viral diseases White tail disease/Viral diseases White tail disease_aug_182.jpg,6,White Tail Disease,train
data/original/aquahealth/train_split/Viral diseases White tail disease/Viral diseases White tail disease_aug_185.jpg,6,White Tail Disease,train
data/original/aquahealth/train_split/Viral diseases White tail disease/Viral diseases White tail disease_aug_187.jpg,6,White Tail Disease,train
data/original/aquahealth/train_split/Viral diseases White tail disease/Viral diseases White tail disease_aug_188.jpg,6,White Tail Disease,train
data/original/aquahealth/train_split/Viral diseases White tail disease/Viral diseases White tail disease_aug_19.jpg,6,White Tail Disease,train
data/original/aquahealth/train_split/Viral diseases White tail disease/Viral diseases White tail disease_aug_190.jpg,6,White Tail Disease,train
data/original/aquahealth/train_split/Viral diseases White tail disease/Viral diseases White tail disease_aug_193.jpg,6,White Tail Disease,train
data/original/aquahealth/train_split/Viral diseases White tail disease/Viral diseases White tail disease_aug_194.jpg,6,White Tail Disease,train
data/original/aquahealth/train_split/Viral diseases White tail disease/Viral diseases White tail disease_aug_196.jpg,6,White Tail Disease,train
data/original/aquahealth/train_split/Viral diseases White tail disease/Viral diseases White tail disease_aug_197.jpg,6,White Tail Disease,train
data/original/aquahealth/train_split/Viral diseases White tail disease/Viral diseases White tail disease_aug_198.jpg,6,White Tail Disease,train
data/original/aquahealth/train_split/Viral diseases White tail disease/Viral diseases White tail disease_aug_2.jpg,6,White Tail Disease,train
data/original/aquahealth/train_split/Viral diseases White tail disease/Viral diseases White tail disease_aug_20.jpg,6,White Tail Disease,train
data/original/aquahealth/train_split/Viral diseases White tail disease/Viral diseases White tail disease_aug_202.jpg,6,White Tail Disease,train
data/original/aquahealth/train_split/Viral diseases White tail disease/Viral diseases White tail disease_aug_204.jpg,6,White Tail Disease,train
data/original/aquahealth/train_split/Viral diseases White tail disease/Viral diseases White tail disease_aug_206.jpg,6,White Tail Disease,train
data/original/aquahealth/train_split/Viral diseases White tail disease/Viral diseases White tail disease_aug_207.jpg,6,White Tail Disease,train
data/original/aquahealth/train_split/Viral diseases White tail disease/Viral diseases White tail disease_aug_208.jpg,6,White Tail Disease,train
data/original/aquahealth/train_split/Viral diseases White tail disease/Viral diseases White tail disease_aug_21.jpg,6,White Tail Disease,train
data/original/aquahealth/train_split/Viral diseases White tail disease/Viral diseases White tail disease_aug_210.jpg,6,White Tail Disease,train
data/original/aquahealth/train_split/Viral diseases White tail disease/Viral diseases White tail disease_aug_211.jpg,6,White Tail Disease,train
data/original/aquahealth/train_split/Viral diseases White tail disease/Viral diseases White tail disease_aug_212.jpg,6,White Tail Disease,train
data/original/aquahealth/train_split/Viral diseases White tail disease/Viral diseases White tail disease_aug_213.jpg,6,White Tail Disease,train
data/original/aquahealth/train_split/Viral diseases White tail disease/Viral diseases White tail disease_aug_214.jpg,6,White Tail Disease,train
data/original/aquahealth/train_split/Viral diseases White tail disease/Viral diseases White tail disease_aug_215.jpg,6,White Tail Disease,train
data/original/aquahealth/train_split/Viral diseases White tail disease/Viral diseases White tail disease_aug_217.jpg,6,White Tail Disease,train
data/original/aquahealth/train_split/Viral diseases White tail disease/Viral diseases White tail disease_aug_220.jpg,6,White Tail Disease,train
data/original/aquahealth/train_split/Viral diseases White tail disease/Viral diseases White tail disease_aug_221.jpg,6,White Tail Disease,train
data/original/aquahealth/train_split/Viral diseases White tail disease/Viral diseases White tail disease_aug_222.jpg,6,White Tail Disease,train
data/original/aquahealth/train_split/Viral diseases White tail disease/Viral diseases White tail disease_aug_223.jpg,6,White Tail Disease,train
data/original/aquahealth/train_split/Viral diseases White tail disease/Viral diseases White tail disease_aug_225.jpg,6,White Tail Disease,train
data/original/aquahealth/train_split/Viral diseases White tail disease/Viral diseases White tail disease_aug_233.jpg,6,White Tail Disease,train
data/original/aquahealth/train_split/Viral diseases White tail disease/Viral diseases White tail disease_aug_235.jpg,6,White Tail Disease,train
data/original/aquahealth/train_split/Viral diseases White tail disease/Viral diseases White tail disease_aug_239.jpg,6,White Tail Disease,train
data/original/aquahealth/train_split/Viral diseases White tail disease/Viral diseases White tail disease_aug_24.jpg,6,White Tail Disease,train
data/original/aquahealth/train_split/Viral diseases White tail disease/Viral diseases White tail disease_aug_242.jpg,6,White Tail Disease,train
data/original/aquahealth/train_split/Viral diseases White tail disease/Viral diseases White tail disease_aug_244.jpg,6,White Tail Disease,train
data/original/aquahealth/train_split/Viral diseases White tail disease/Viral diseases White tail disease_aug_246.jpg,6,White Tail Disease,train
data/original/aquahealth/train_split/Viral diseases White tail disease/Viral diseases White tail disease_aug_247.jpg,6,White Tail Disease,train
data/original/aquahealth/train_split/Viral diseases White tail disease/Viral diseases White tail disease_aug_248.jpg,6,White Tail Disease,train
data/original/aquahealth/train_split/Viral diseases White tail disease/Viral diseases White tail disease_aug_25.jpg,6,White Tail Disease,train
data/original/aquahealth/train_split/Viral diseases White tail disease/Viral diseases White tail disease_aug_250.jpg,6,White Tail Disease,train
data/original/aquahealth/train_split/Viral diseases White tail disease/Viral diseases White tail disease_aug_251.jpg,6,White Tail Disease,train
data/original/aquahealth/train_split/Viral diseases White tail disease/Viral diseases White tail disease_aug_253.jpg,6,White Tail Disease,train
data/original/aquahealth/train_split/Viral diseases White tail disease/Viral diseases White tail disease_aug_254.jpg,6,White Tail Disease,train
data/original/aquahealth/train_split/Viral diseases White tail disease/Viral diseases White tail disease_aug_255.jpg,6,White Tail Disease,train
data/original/aquahealth/train_split/Viral diseases White tail disease/Viral diseases White tail disease_aug_257.jpg,6,White Tail Disease,train
data/original/aquahealth/train_split/Viral diseases White tail disease/Viral diseases White tail disease_aug_258.jpg,6,White Tail Disease,train
data/original/aquahealth/train_split/Viral diseases White tail disease/Viral diseases White tail disease_aug_26.jpg,6,White Tail Disease,train
data/original/aquahealth/train_split/Viral diseases White tail disease/Viral diseases White tail disease_aug_261.jpg,6,White Tail Disease,train
data/original/aquahealth/train_split/Viral diseases White tail disease/Viral diseases White tail disease_aug_264.jpg,6,White Tail Disease,train
data/original/aquahealth/train_split/Viral diseases White tail disease/Viral diseases White tail disease_aug_266.jpg,6,White Tail Disease,train
data/original/aquahealth/train_split/Viral diseases White tail disease/Viral diseases White tail disease_aug_267.jpg,6,White Tail Disease,train
data/original/aquahealth/train_split/Viral diseases White tail disease/Viral diseases White tail disease_aug_268.jpg,6,White Tail Disease,train
data/original/aquahealth/train_split/Viral diseases White tail disease/Viral diseases White tail disease_aug_269.jpg,6,White Tail Disease,train
data/original/aquahealth/train_split/Viral diseases White tail disease/Viral diseases White tail disease_aug_27.jpg,6,White Tail Disease,train
data/original/aquahealth/train_split/Viral diseases White tail disease/Viral diseases White tail disease_aug_271.jpg,6,White Tail Disease,train
data/original/aquahealth/train_split/Viral diseases White tail disease/Viral diseases White tail disease_aug_273.jpg,6,White Tail Disease,train
data/original/aquahealth/train_split/Viral diseases White tail disease/Viral diseases White tail disease_aug_275.jpg,6,White Tail Disease,train
data/original/aquahealth/train_split/Viral diseases White tail disease/Viral diseases White tail disease_aug_276.jpg,6,White Tail Disease,train
data/original/aquahealth/train_split/Viral diseases White tail disease/Viral diseases White tail disease_aug_277.jpg,6,White Tail Disease,train
data/original/aquahealth/train_split/Viral diseases White tail disease/Viral diseases White tail disease_aug_278.jpg,6,White Tail Disease,train
data/original/aquahealth/train_split/Viral diseases White tail disease/Viral diseases White tail disease_aug_279.jpg,6,White Tail Disease,train
data/original/aquahealth/train_split/Viral diseases White tail disease/Viral diseases White tail disease_aug_28.jpg,6,White Tail Disease,train
data/original/aquahealth/train_split/Viral diseases White tail disease/Viral diseases White tail disease_aug_286.jpg,6,White Tail Disease,train
data/original/aquahealth/train_split/Viral diseases White tail disease/Viral diseases White tail disease_aug_287.jpg,6,White Tail Disease,train
data/original/aquahealth/train_split/Viral diseases White tail disease/Viral diseases White tail disease_aug_288.jpg,6,White Tail Disease,train
data/original/aquahealth/train_split/Viral diseases White tail disease/Viral diseases White tail disease_aug_289.jpg,6,White Tail Disease,train
data/original/aquahealth/train_split/Viral diseases White tail disease/Viral diseases White tail disease_aug_29.jpg,6,White Tail Disease,train
data/original/aquahealth/train_split/Viral diseases White tail disease/Viral diseases White tail disease_aug_290.jpg,6,White Tail Disease,train
data/original/aquahealth/train_split/Viral diseases White tail disease/Viral diseases White tail disease_aug_292.jpg,6,White Tail Disease,train
data/original/aquahealth/train_split/Viral diseases White tail disease/Viral diseases White tail disease_aug_293.jpg,6,White Tail Disease,train
data/original/aquahealth/train_split/Viral diseases White tail disease/Viral diseases White tail disease_aug_295.jpg,6,White Tail Disease,train
data/original/aquahealth/train_split/Viral diseases White tail disease/Viral diseases White tail disease_aug_296.jpg,6,White Tail Disease,train
data/original/aquahealth/train_split/Viral diseases White tail disease/Viral diseases White tail disease_aug_297.jpg,6,White Tail Disease,train
data/original/aquahealth/train_split/Viral diseases White tail disease/Viral diseases White tail disease_aug_3.jpg,6,White Tail Disease,train
data/original/aquahealth/train_split/Viral diseases White tail disease/Viral diseases White tail disease_aug_30.jpg,6,White Tail Disease,train
data/original/aquahealth/train_split/Viral diseases White tail disease/Viral diseases White tail disease_aug_302.jpg,6,White Tail Disease,train
data/original/aquahealth/train_split/Viral diseases White tail disease/Viral diseases White tail disease_aug_303.jpg,6,White Tail Disease,train
data/original/aquahealth/train_split/Viral diseases White tail disease/Viral diseases White tail disease_aug_306.jpg,6,White Tail Disease,train
data/original/aquahealth/train_split/Viral diseases White tail disease/Viral diseases White tail disease_aug_307.jpg,6,White Tail Disease,train
data/original/aquahealth/train_split/Viral diseases White tail disease/Viral diseases White tail disease_aug_31.jpg,6,White Tail Disease,train
data/original/aquahealth/train_split/Viral diseases White tail disease/Viral diseases White tail disease_aug_310.jpg,6,White Tail Disease,train
data/original/aquahealth/train_split/Viral diseases White tail disease/Viral diseases White tail disease_aug_311.jpg,6,White Tail Disease,train
data/original/aquahealth/train_split/Viral diseases White tail disease/Viral diseases White tail disease_aug_313.jpg,6,White Tail Disease,train
data/original/aquahealth/train_split/Viral diseases White tail disease/Viral diseases White tail disease_aug_314.jpg,6,White Tail Disease,train
data/original/aquahealth/train_split/Viral diseases White tail disease/Viral diseases White tail disease_aug_316.jpg,6,White Tail Disease,train
data/original/aquahealth/train_split/Viral diseases White tail disease/Viral diseases White tail disease_aug_317.jpg,6,White Tail Disease,train
data/original/aquahealth/train_split/Viral diseases White tail disease/Viral diseases White tail disease_aug_318.jpg,6,White Tail Disease,train
data/original/aquahealth/train_split/Viral diseases White tail disease/Viral diseases White tail disease_aug_319.jpg,6,White Tail Disease,train
data/original/aquahealth/train_split/Viral diseases White tail disease/Viral diseases White tail disease_aug_322.jpg,6,White Tail Disease,train
data/original/aquahealth/train_split/Viral diseases White tail disease/Viral diseases White tail disease_aug_326.jpg,6,White Tail Disease,train
data/original/aquahealth/train_split/Viral diseases White tail disease/Viral diseases White tail disease_aug_328.jpg,6,White Tail Disease,train
data/original/aquahealth/train_split/Viral diseases White tail disease/Viral diseases White tail disease_aug_329.jpg,6,White Tail Disease,train
data/original/aquahealth/train_split/Viral diseases White tail disease/Viral diseases White tail disease_aug_330.jpg,6,White Tail Disease,train
data/original/aquahealth/train_split/Viral diseases White tail disease/Viral diseases White tail disease_aug_333.jpg,6,White Tail Disease,train
data/original/aquahealth/train_split/Viral diseases White tail disease/Viral diseases White tail disease_aug_335.jpg,6,White Tail Disease,train
data/original/aquahealth/train_split/Viral diseases White tail disease/Viral diseases White tail disease_aug_336.jpg,6,White Tail Disease,train
data/original/aquahealth/train_split/Viral diseases White tail disease/Viral diseases White tail disease_aug_34.jpg,6,White Tail Disease,train
data/original/aquahealth/train_split/Viral diseases White tail disease/Viral diseases White tail disease_aug_341.jpg,6,White Tail Disease,train
data/original/aquahealth/train_split/Viral diseases White tail disease/Viral diseases White tail disease_aug_345.jpg,6,White Tail Disease,train
data/original/aquahealth/train_split/Viral diseases White tail disease/Viral diseases White tail disease_aug_347.jpg,6,White Tail Disease,train
data/original/aquahealth/train_split/Viral diseases White tail disease/Viral diseases White tail disease_aug_351.jpg,6,White Tail Disease,train
data/original/aquahealth/train_split/Viral diseases White tail disease/Viral diseases White tail disease_aug_354.jpg,6,White Tail Disease,train
data/original/aquahealth/train_split/Viral diseases White tail disease/Viral diseases White tail disease_aug_359.jpg,6,White Tail Disease,train
data/original/aquahealth/train_split/Viral diseases White tail disease/Viral diseases White tail disease_aug_361.jpg,6,White Tail Disease,train
data/original/aquahealth/train_split/Viral diseases White tail disease/Viral diseases White tail disease_aug_364.jpg,6,White Tail Disease,train
data/original/aquahealth/train_split/Viral diseases White tail disease/Viral diseases White tail disease_aug_367.jpg,6,White Tail Disease,train
data/original/aquahealth/train_split/Viral diseases White tail disease/Viral diseases White tail disease_aug_369.jpg,6,White Tail Disease,train
data/original/aquahealth/train_split/Viral diseases White tail disease/Viral diseases White tail disease_aug_38.jpg,6,White Tail Disease,train
data/original/aquahealth/train_split/Viral diseases White tail disease/Viral diseases White tail disease_aug_39.jpg,6,White Tail Disease,train
data/original/aquahealth/train_split/Viral diseases White tail disease/Viral diseases White tail disease_aug_40.jpg,6,White Tail Disease,train
data/original/aquahealth/train_split/Viral diseases White tail disease/Viral diseases White tail disease_aug_41.jpg,6,White Tail Disease,train
data/original/aquahealth/train_split/Viral diseases White tail disease/Viral diseases White tail disease_aug_42.jpg,6,White Tail Disease,train
data/original/aquahealth/train_split/Viral diseases White tail disease/Viral diseases White tail disease_aug_44.jpg,6,White Tail Disease,train
data/original/aquahealth/train_split/Viral diseases White tail disease/Viral diseases White tail disease_aug_47.jpg,6,White Tail Disease,train
data/original/aquahealth/train_split/Viral diseases White tail disease/Viral diseases White tail disease_aug_49.jpg,6,White Tail Disease,train
data/original/aquahealth/train_split/Viral diseases White tail disease/Viral diseases White tail disease_aug_5.jpg,6,White Tail Disease,train
data/original/aquahealth/train_split/Viral diseases White tail disease/Viral diseases White tail disease_aug_50.jpg,6,White Tail Disease,train
data/original/aquahealth/train_split/Viral diseases White tail disease/Viral diseases White tail disease_aug_53.jpg,6,White Tail Disease,train
data/original/aquahealth/train_split/Viral diseases White tail disease/Viral diseases White tail disease_aug_55.jpg,6,White Tail Disease,train
data/original/aquahealth/train_split/Viral diseases White tail disease/Viral diseases White tail disease_aug_58.jpg,6,White Tail Disease,train
data/original/aquahealth/train_split/Viral diseases White tail disease/Viral diseases White tail disease_aug_59.jpg,6,White Tail Disease,train
data/original/aquahealth/train_split/Viral diseases White tail disease/Viral diseases White tail disease_aug_60.jpg,6,White Tail Disease,train
data/original/aquahealth/train_split/Viral diseases White tail disease/Viral diseases White tail disease_aug_61.jpg,6,White Tail Disease,train
data/original/aquahealth/train_split/Viral diseases White tail disease/Viral diseases White tail disease_aug_67.jpg,6,White Tail Disease,train
data/original/aquahealth/train_split/Viral diseases White tail disease/Viral diseases White tail disease_aug_68.jpg,6,White Tail Disease,train
data/original/aquahealth/train_split/Viral diseases White tail disease/Viral diseases White tail disease_aug_69.jpg,6,White Tail Disease,train
data/original/aquahealth/train_split/Viral diseases White tail disease/Viral diseases White tail disease_aug_7.jpg,6,White Tail Disease,train
data/original/aquahealth/train_split/Viral diseases White tail disease/Viral diseases White tail disease_aug_70.jpg,6,White Tail Disease,train
data/original/aquahealth/train_split/Viral diseases White tail disease/Viral diseases White tail disease_aug_71.jpg,6,White Tail Disease,train
data/original/aquahealth/train_split/Viral diseases White tail disease/Viral diseases White tail disease_aug_72.jpg,6,White Tail Disease,train
data/original/aquahealth/train_split/Viral diseases White tail disease/Viral diseases White tail disease_aug_76.jpg,6,White Tail Disease,train
data/original/aquahealth/train_split/Viral diseases White tail disease/Viral diseases White tail disease_aug_78.jpg,6,White Tail Disease,train
data/original/aquahealth/train_split/Viral diseases White tail disease/Viral diseases White tail disease_aug_79.jpg,6,White Tail Disease,train
data/original/aquahealth/train_split/Viral diseases White tail disease/Viral diseases White tail disease_aug_81.jpg,6,White Tail Disease,train
data/original/aquahealth/train_split/Viral diseases White tail disease/Viral diseases White tail disease_aug_82.jpg,6,White Tail Disease,train
data/original/aquahealth/train_split/Viral diseases White tail disease/Viral diseases White tail disease_aug_87.jpg,6,White Tail Disease,train
data/original/aquahealth/train_split/Viral diseases White tail disease/Viral diseases White tail disease_aug_88.jpg,6,White Tail Disease,train
data/original/aquahealth/train_split/Viral diseases White tail disease/Viral diseases White tail disease_aug_9.jpg,6,White Tail Disease,train
data/original/aquahealth/train_split/Viral diseases White tail disease/Viral diseases White tail disease_aug_91.jpg,6,White Tail Disease,train
data/original/aquahealth/train_split/Viral diseases White tail disease/Viral diseases White tail disease_aug_92.jpg,6,White Tail Disease,train
data/original/aquahealth/train_split/Viral diseases White tail disease/Viral diseases White tail disease_aug_93.jpg,6,White Tail Disease,train
data/original/aquahealth/train_split/Viral diseases White tail disease/Viral diseases White tail disease_aug_95.jpg,6,White Tail Disease,train
data/original/aquahealth/train_split/Viral diseases White tail disease/Viral diseases White tail disease_aug_98.jpg,6,White Tail Disease,train
data/original/aquahealth/test_split/Healthy Fish_Healthy Fish_183.jpg,7,Healthy Fish,train
data/original/aquahealth/test_split/Healthy Fish_Healthy Fish_201.jpg,7,Healthy Fish,train
data/original/aquahealth/test_split/Healthy Fish_Healthy Fish_228.jpg,7,Healthy Fish,train
data/original/aquahealth/test_split/Healthy Fish_Healthy Fish_244.jpg,7,Healthy Fish,train
data/original/aquahealth/test_split/Healthy Fish_Healthy Fish_278.jpg,7,Healthy Fish,train
data/original/aquahealth/test_split/Healthy Fish_Healthy Fish_302.jpg,7,Healthy Fish,train
data/original/aquahealth/test_split/Healthy Fish_Healthy Fish_310.jpg,7,Healthy Fish,train
data/original/aquahealth/test_split/Healthy Fish_Healthy Fish_334.jpg,7,Healthy Fish,train
data/original/aquahealth/test_split/Healthy Fish_Healthy Fish_340.jpg,7,Healthy Fish,train
data/original/aquahealth/test_split/Healthy Fish_Healthy Fish_349.jpg,7,Healthy Fish,train
data/original/aquahealth/test_split/Healthy Fish_Healthy Fish_351.jpg,7,Healthy Fish,train
data/original/aquahealth/test_split/Healthy Fish_Healthy Fish_354.jpg,7,Healthy Fish,train
data/original/aquahealth/test_split/Healthy Fish_Healthy Fish_367.jpg,7,Healthy Fish,train
data/original/aquahealth/test_split/Healthy Fish_Healthy Fish_370.jpg,7,Healthy Fish,train
data/original/aquahealth/test_split/Healthy Fish_Healthy Fish_379.jpg,7,Healthy Fish,train
data/original/aquahealth/test_split/Healthy Fish_Healthy Fish_385.jpg,7,Healthy Fish,train
data/original/aquahealth/test_split/Healthy Fish_Healthy Fish_397.jpg,7,Healthy Fish,train
data/original/aquahealth/test_split/Healthy Fish_Healthy Fish_398.jpg,7,Healthy Fish,train
data/original/aquahealth/test_split/Healthy Fish_Healthy Fish_400.jpg,7,Healthy Fish,train
data/original/aquahealth/test_split/Healthy Fish_Healthy Fish_421.jpg,7,Healthy Fish,train
data/original/aquahealth/test_split/Healthy Fish_Healthy Fish_44.jpg,7,Healthy Fish,train
data/original/aquahealth/test_split/Healthy Fish_Healthy Fish_440.jpg,7,Healthy Fish,train
data/original/aquahealth/test_split/Healthy Fish_Healthy Fish_443.jpg,7,Healthy Fish,train
data/original/aquahealth/test_split/Healthy Fish_Healthy Fish_456.jpg,7,Healthy Fish,train
data/original/aquahealth/test_split/Healthy Fish_Healthy Fish_477.jpg,7,Healthy Fish,train
data/original/aquahealth/test_split/Healthy Fish_Healthy Fish_478.jpg,7,Healthy Fish,train
data/original/aquahealth/test_split/Healthy Fish_Healthy Fish_48.jpg,7,Healthy Fish,train
data/original/aquahealth/test_split/Healthy Fish_Healthy Fish_55.jpg,7,Healthy Fish,train
data/original/aquahealth/train_split/Healthy Fish/Healthy Fish_10.jpg,7,Healthy Fish,train
data/original/aquahealth/train_split/Healthy Fish/Healthy Fish_120.jpg,7,Healthy Fish,train
data/original/aquahealth/train_split/Healthy Fish/Healthy Fish_14.jpg,7,Healthy Fish,train
data/original/aquahealth/train_split/Healthy Fish/Healthy Fish_142.jpg,7,Healthy Fish,train
data/original/aquahealth/train_split/Healthy Fish/Healthy Fish_143.jpg,7,Healthy Fish,train
data/original/aquahealth/train_split/Healthy Fish/Healthy Fish_144.jpg,7,Healthy Fish,train
data/original/aquahealth/train_split/Healthy Fish/Healthy Fish_145.jpg,7,Healthy Fish,train
data/original/aquahealth/train_split/Healthy Fish/Healthy Fish_146.jpg,7,Healthy Fish,train
data/original/aquahealth/train_split/Healthy Fish/Healthy Fish_152.jpg,7,Healthy Fish,train
data/original/aquahealth/train_split/Healthy Fish/Healthy Fish_153.jpg,7,Healthy Fish,train
data/original/aquahealth/train_split/Healthy Fish/Healthy Fish_155.jpg,7,Healthy Fish,train
data/original/aquahealth/train_split/Healthy Fish/Healthy Fish_156.jpg,7,Healthy Fish,train
data/original/aquahealth/train_split/Healthy Fish/Healthy Fish_157.jpg,7,Healthy Fish,train
data/original/aquahealth/train_split/Healthy Fish/Healthy Fish_161.jpg,7,Healthy Fish,train
data/original/aquahealth/train_split/Healthy Fish/Healthy Fish_162.jpg,7,Healthy Fish,train
data/original/aquahealth/train_split/Healthy Fish/Healthy Fish_166.jpg,7,Healthy Fish,train
data/original/aquahealth/train_split/Healthy Fish/Healthy Fish_167.jpg,7,Healthy Fish,train
data/original/aquahealth/train_split/Healthy Fish/Healthy Fish_17.jpg,7,Healthy Fish,train
data/original/aquahealth/train_split/Healthy Fish/Healthy Fish_170.jpg,7,Healthy Fish,train
data/original/aquahealth/train_split/Healthy Fish/Healthy Fish_172.jpg,7,Healthy Fish,train
data/original/aquahealth/train_split/Healthy Fish/Healthy Fish_177.jpg,7,Healthy Fish,train
data/original/aquahealth/train_split/Healthy Fish/Healthy Fish_185.jpg,7,Healthy Fish,train
data/original/aquahealth/train_split/Healthy Fish/Healthy Fish_192.jpg,7,Healthy Fish,train
data/original/aquahealth/train_split/Healthy Fish/Healthy Fish_193.jpg,7,Healthy Fish,train
data/original/aquahealth/train_split/Healthy Fish/Healthy Fish_194.jpg,7,Healthy Fish,train
data/original/aquahealth/train_split/Healthy Fish/Healthy Fish_196.jpg,7,Healthy Fish,train
data/original/aquahealth/train_split/Healthy Fish/Healthy Fish_204.jpg,7,Healthy Fish,train
data/original/aquahealth/train_split/Healthy Fish/Healthy Fish_207.jpg,7,Healthy Fish,train
data/original/aquahealth/train_split/Healthy Fish/Healthy Fish_210.jpg,7,Healthy Fish,train
data/original/aquahealth/train_split/Healthy Fish/Healthy Fish_212.jpg,7,Healthy Fish,train
data/original/aquahealth/train_split/Healthy Fish/Healthy Fish_214.jpg,7,Healthy Fish,train
data/original/aquahealth/train_split/Healthy Fish/Healthy Fish_216.jpg,7,Healthy Fish,train
data/original/aquahealth/train_split/Healthy Fish/Healthy Fish_217.jpg,7,Healthy Fish,train
data/original/aquahealth/train_split/Healthy Fish/Healthy Fish_218.jpg,7,Healthy Fish,train
data/original/aquahealth/train_split/Healthy Fish/Healthy Fish_221.jpg,7,Healthy Fish,train
data/original/aquahealth/train_split/Healthy Fish/Healthy Fish_223.jpg,7,Healthy Fish,train
data/original/aquahealth/train_split/Healthy Fish/Healthy Fish_226.jpg,7,Healthy Fish,train
data/original/aquahealth/train_split/Healthy Fish/Healthy Fish_229.jpg,7,Healthy Fish,train
data/original/aquahealth/train_split/Healthy Fish/Healthy Fish_230.jpg,7,Healthy Fish,train
data/original/aquahealth/train_split/Healthy Fish/Healthy Fish_231.jpg,7,Healthy Fish,train
data/original/aquahealth/train_split/Healthy Fish/Healthy Fish_236.jpg,7,Healthy Fish,train
data/original/aquahealth/train_split/Healthy Fish/Healthy Fish_237.jpg,7,Healthy Fish,train
data/original/aquahealth/train_split/Healthy Fish/Healthy Fish_241.jpg,7,Healthy Fish,train
data/original/aquahealth/train_split/Healthy Fish/Healthy Fish_242.jpg,7,Healthy Fish,train
data/original/aquahealth/train_split/Healthy Fish/Healthy Fish_251.jpg,7,Healthy Fish,train
data/original/aquahealth/train_split/Healthy Fish/Healthy Fish_258.jpg,7,Healthy Fish,train
data/original/aquahealth/train_split/Healthy Fish/Healthy Fish_259.jpg,7,Healthy Fish,train
data/original/aquahealth/train_split/Healthy Fish/Healthy Fish_260.jpg,7,Healthy Fish,train
data/original/aquahealth/train_split/Healthy Fish/Healthy Fish_263.jpg,7,Healthy Fish,train
data/original/aquahealth/train_split/Healthy Fish/Healthy Fish_265.jpg,7,Healthy Fish,train
data/original/aquahealth/train_split/Healthy Fish/Healthy Fish_274.jpg,7,Healthy Fish,train
data/original/aquahealth/train_split/Healthy Fish/Healthy Fish_275.jpg,7,Healthy Fish,train
data/original/aquahealth/train_split/Healthy Fish/Healthy Fish_277.jpg,7,Healthy Fish,train
data/original/aquahealth/train_split/Healthy Fish/Healthy Fish_280.jpg,7,Healthy Fish,train
data/original/aquahealth/train_split/Healthy Fish/Healthy Fish_281.jpg,7,Healthy Fish,train
data/original/aquahealth/train_split/Healthy Fish/Healthy Fish_283.jpg,7,Healthy Fish,train
data/original/aquahealth/train_split/Healthy Fish/Healthy Fish_284.jpg,7,Healthy Fish,train
data/original/aquahealth/train_split/Healthy Fish/Healthy Fish_290.jpg,7,Healthy Fish,train
data/original/aquahealth/train_split/Healthy Fish/Healthy Fish_291.jpg,7,Healthy Fish,train
data/original/aquahealth/train_split/Healthy Fish/Healthy Fish_293.jpg,7,Healthy Fish,train
data/original/aquahealth/train_split/Healthy Fish/Healthy Fish_299.jpg,7,Healthy Fish,train
data/original/aquahealth/train_split/Healthy Fish/Healthy Fish_300.jpg,7,Healthy Fish,train
data/original/aquahealth/train_split/Healthy Fish/Healthy Fish_308.jpg,7,Healthy Fish,train
data/original/aquahealth/train_split/Healthy Fish/Healthy Fish_311.jpg,7,Healthy Fish,train
data/original/aquahealth/train_split/Healthy Fish/Healthy Fish_312.jpg,7,Healthy Fish,train
data/original/aquahealth/train_split/Healthy Fish/Healthy Fish_315.jpg,7,Healthy Fish,train
data/original/aquahealth/train_split/Healthy Fish/Healthy Fish_316.jpg,7,Healthy Fish,train
data/original/aquahealth/train_split/Healthy Fish/Healthy Fish_321.jpg,7,Healthy Fish,train
data/original/aquahealth/train_split/Healthy Fish/Healthy Fish_327.jpg,7,Healthy Fish,train
data/original/aquahealth/train_split/Healthy Fish/Healthy Fish_328.jpg,7,Healthy Fish,train
data/original/aquahealth/train_split/Healthy Fish/Healthy Fish_330.jpg,7,Healthy Fish,train
data/original/aquahealth/train_split/Healthy Fish/Healthy Fish_333.jpg,7,Healthy Fish,train
data/original/aquahealth/train_split/Healthy Fish/Healthy Fish_335.jpg,7,Healthy Fish,train
data/original/aquahealth/train_split/Healthy Fish/Healthy Fish_336.jpg,7,Healthy Fish,train
data/original/aquahealth/train_split/Healthy Fish/Healthy Fish_337.jpg,7,Healthy Fish,train
data/original/aquahealth/train_split/Healthy Fish/Healthy Fish_338.jpg,7,Healthy Fish,train
data/original/aquahealth/train_split/Healthy Fish/Healthy Fish_343.jpg,7,Healthy Fish,train
data/original/aquahealth/train_split/Healthy Fish/Healthy Fish_344.jpg,7,Healthy Fish,train
data/original/aquahealth/train_split/Healthy Fish/Healthy Fish_347.jpg,7,Healthy Fish,train
data/original/aquahealth/train_split/Healthy Fish/Healthy Fish_353.jpg,7,Healthy Fish,train
data/original/aquahealth/train_split/Healthy Fish/Healthy Fish_355.jpg,7,Healthy Fish,train
data/original/aquahealth/train_split/Healthy Fish/Healthy Fish_357.jpg,7,Healthy Fish,train
data/original/aquahealth/train_split/Healthy Fish/Healthy Fish_368.jpg,7,Healthy Fish,train
data/original/aquahealth/train_split/Healthy Fish/Healthy Fish_369.jpg,7,Healthy Fish,train
data/original/aquahealth/train_split/Healthy Fish/Healthy Fish_37.jpg,7,Healthy Fish,train
data/original/aquahealth/train_split/Healthy Fish/Healthy Fish_373.jpg,7,Healthy Fish,train
data/original/aquahealth/train_split/Healthy Fish/Healthy Fish_374.jpg,7,Healthy Fish,train
data/original/aquahealth/train_split/Healthy Fish/Healthy Fish_375.jpg,7,Healthy Fish,train
data/original/aquahealth/train_split/Healthy Fish/Healthy Fish_376.jpg,7,Healthy Fish,train
data/original/aquahealth/train_split/Healthy Fish/Healthy Fish_380.jpg,7,Healthy Fish,train
data/original/aquahealth/train_split/Healthy Fish/Healthy Fish_382.jpg,7,Healthy Fish,train
data/original/aquahealth/train_split/Healthy Fish/Healthy Fish_386.jpg,7,Healthy Fish,train
data/original/aquahealth/train_split/Healthy Fish/Healthy Fish_387.jpg,7,Healthy Fish,train
data/original/aquahealth/train_split/Healthy Fish/Healthy Fish_391.jpg,7,Healthy Fish,train
data/original/aquahealth/train_split/Healthy Fish/Healthy Fish_392.jpg,7,Healthy Fish,train
data/original/aquahealth/train_split/Healthy Fish/Healthy Fish_393.jpg,7,Healthy Fish,train
data/original/aquahealth/train_split/Healthy Fish/Healthy Fish_395.jpg,7,Healthy Fish,train
data/original/aquahealth/train_split/Healthy Fish/Healthy Fish_396.jpg,7,Healthy Fish,train
data/original/aquahealth/train_split/Healthy Fish/Healthy Fish_402.jpg,7,Healthy Fish,train
data/original/aquahealth/train_split/Healthy Fish/Healthy Fish_407.jpg,7,Healthy Fish,train
data/original/aquahealth/train_split/Healthy Fish/Healthy Fish_408.jpg,7,Healthy Fish,train
data/original/aquahealth/train_split/Healthy Fish/Healthy Fish_409.jpg,7,Healthy Fish,train
data/original/aquahealth/train_split/Healthy Fish/Healthy Fish_412.jpg,7,Healthy Fish,train
data/original/aquahealth/train_split/Healthy Fish/Healthy Fish_413.jpg,7,Healthy Fish,train
data/original/aquahealth/train_split/Healthy Fish/Healthy Fish_415.jpg,7,Healthy Fish,train
data/original/aquahealth/train_split/Healthy Fish/Healthy Fish_416.jpg,7,Healthy Fish,train
data/original/aquahealth/train_split/Healthy Fish/Healthy Fish_417.jpg,7,Healthy Fish,train
data/original/aquahealth/train_split/Healthy Fish/Healthy Fish_418.jpg,7,Healthy Fish,train
data/original/aquahealth/train_split/Healthy Fish/Healthy Fish_422.jpg,7,Healthy Fish,train
data/original/aquahealth/train_split/Healthy Fish/Healthy Fish_423.jpg,7,Healthy Fish,train
data/original/aquahealth/train_split/Healthy Fish/Healthy Fish_426.jpg,7,Healthy Fish,train
data/original/aquahealth/train_split/Healthy Fish/Healthy Fish_428.jpg,7,Healthy Fish,train
data/original/aquahealth/train_split/Healthy Fish/Healthy Fish_43.jpg,7,Healthy Fish,train
data/original/aquahealth/train_split/Healthy Fish/Healthy Fish_430.jpg,7,Healthy Fish,train
data/original/aquahealth/train_split/Healthy Fish/Healthy Fish_433.jpg,7,Healthy Fish,train
data/original/aquahealth/train_split/Healthy Fish/Healthy Fish_434.jpg,7,Healthy Fish,train
data/original/aquahealth/train_split/Healthy Fish/Healthy Fish_435.jpg,7,Healthy Fish,train
data/original/aquahealth/train_split/Healthy Fish/Healthy Fish_436.jpg,7,Healthy Fish,train
data/original/aquahealth/train_split/Healthy Fish/Healthy Fish_437.jpg,7,Healthy Fish,train
data/original/aquahealth/train_split/Healthy Fish/Healthy Fish_439.jpg,7,Healthy Fish,train
data/original/aquahealth/train_split/Healthy Fish/Healthy Fish_442.jpg,7,Healthy Fish,train
data/original/aquahealth/train_split/Healthy Fish/Healthy Fish_444.jpg,7,Healthy Fish,train
data/original/aquahealth/train_split/Healthy Fish/Healthy Fish_445.jpg,7,Healthy Fish,train
data/original/aquahealth/train_split/Healthy Fish/Healthy Fish_447.jpg,7,Healthy Fish,train
data/original/aquahealth/train_split/Healthy Fish/Healthy Fish_448.jpg,7,Healthy Fish,train
data/original/aquahealth/train_split/Healthy Fish/Healthy Fish_449.jpg,7,Healthy Fish,train
data/original/aquahealth/train_split/Healthy Fish/Healthy Fish_450.jpg,7,Healthy Fish,train
data/original/aquahealth/train_split/Healthy Fish/Healthy Fish_451.jpg,7,Healthy Fish,train
data/original/aquahealth/train_split/Healthy Fish/Healthy Fish_455.jpg,7,Healthy Fish,train
data/original/aquahealth/train_split/Healthy Fish/Healthy Fish_458.jpg,7,Healthy Fish,train
data/original/aquahealth/train_split/Healthy Fish/Healthy Fish_459.jpg,7,Healthy Fish,train
data/original/aquahealth/train_split/Healthy Fish/Healthy Fish_461.jpg,7,Healthy Fish,train
data/original/aquahealth/train_split/Healthy Fish/Healthy Fish_462.jpg,7,Healthy Fish,train
data/original/aquahealth/train_split/Healthy Fish/Healthy Fish_463.jpg,7,Healthy Fish,train
data/original/aquahealth/train_split/Healthy Fish/Healthy Fish_465.jpg,7,Healthy Fish,train
data/original/aquahealth/train_split/Healthy Fish/Healthy Fish_468.jpg,7,Healthy Fish,train
data/original/aquahealth/train_split/Healthy Fish/Healthy Fish_469.jpg,7,Healthy Fish,train
data/original/aquahealth/train_split/Healthy Fish/Healthy Fish_473.jpg,7,Healthy Fish,train
data/original/aquahealth/train_split/Healthy Fish/Healthy Fish_475.jpg,7,Healthy Fish,train
data/original/aquahealth/train_split/Healthy Fish/Healthy Fish_476.jpg,7,Healthy Fish,train
data/original/aquahealth/train_split/Healthy Fish/Healthy Fish_479.jpg,7,Healthy Fish,train
data/original/aquahealth/train_split/Healthy Fish/Healthy Fish_480.jpg,7,Healthy Fish,train
data/original/aquahealth/train_split/Healthy Fish/Healthy Fish_481.jpg,7,Healthy Fish,train
data/original/aquahealth/train_split/Healthy Fish/Healthy Fish_483.jpg,7,Healthy Fish,train
data/original/aquahealth/train_split/Healthy Fish/Healthy Fish_484.jpg,7,Healthy Fish,train
data/original/aquahealth/train_split/Healthy Fish/Healthy Fish_485.jpg,7,Healthy Fish,train
data/original/aquahealth/train_split/Healthy Fish/Healthy Fish_51.jpg,7,Healthy Fish,train
data/original/aquahealth/train_split/Healthy Fish/Healthy Fish_56.jpg,7,Healthy Fish,train
data/original/aquahealth/train_split/Healthy Fish/Healthy Fish_57.jpg,7,Healthy Fish,train
data/original/aquahealth/train_split/Healthy Fish/Healthy Fish_58.jpg,7,Healthy Fish,train
data/original/aquahealth/train_split/Healthy Fish/Healthy Fish_59.jpg,7,Healthy Fish,train
data/original/aquahealth/train_split/Healthy Fish/Healthy Fish_7.jpg,7,Healthy Fish,train
data/original/aquahealth/train_split/Healthy Fish/Healthy Fish_aug_1.jpg,7,Healthy Fish,train
data/original/aquahealth/train_split/Healthy Fish/Healthy Fish_aug_100.jpg,7,Healthy Fish,train
data/original/aquahealth/train_split/Healthy Fish/Healthy Fish_aug_101.jpg,7,Healthy Fish,train
data/original/aquahealth/train_split/Healthy Fish/Healthy Fish_aug_102.jpg,7,Healthy Fish,train
data/original/aquahealth/train_split/Healthy Fish/Healthy Fish_aug_107.jpg,7,Healthy Fish,train
data/original/aquahealth/train_split/Healthy Fish/Healthy Fish_aug_108.jpg,7,Healthy Fish,train
data/original/aquahealth/train_split/Healthy Fish/Healthy Fish_aug_11.jpg,7,Healthy Fish,train
data/original/aquahealth/train_split/Healthy Fish/Healthy Fish_aug_110.jpg,7,Healthy Fish,train
data/original/aquahealth/train_split/Healthy Fish/Healthy Fish_aug_113.jpg,7,Healthy Fish,train
data/original/aquahealth/train_split/Healthy Fish/Healthy Fish_aug_114.jpg,7,Healthy Fish,train
data/original/aquahealth/train_split/Healthy Fish/Healthy Fish_aug_116.jpg,7,Healthy Fish,train
data/original/aquahealth/train_split/Healthy Fish/Healthy Fish_aug_117.jpg,7,Healthy Fish,train
data/original/aquahealth/train_split/Healthy Fish/Healthy Fish_aug_120.jpg,7,Healthy Fish,train
data/original/aquahealth/train_split/Healthy Fish/Healthy Fish_aug_121.jpg,7,Healthy Fish,train
data/original/aquahealth/train_split/Healthy Fish/Healthy Fish_aug_122.jpg,7,Healthy Fish,train
data/original/aquahealth/train_split/Healthy Fish/Healthy Fish_aug_128.jpg,7,Healthy Fish,train
data/original/aquahealth/train_split/Healthy Fish/Healthy Fish_aug_133.jpg,7,Healthy Fish,train
data/original/aquahealth/train_split/Healthy Fish/Healthy Fish_aug_134.jpg,7,Healthy Fish,train
data/original/aquahealth/train_split/Healthy Fish/Healthy Fish_aug_136.jpg,7,Healthy Fish,train
data/original/aquahealth/train_split/Healthy Fish/Healthy Fish_aug_137.jpg,7,Healthy Fish,train
data/original/aquahealth/train_split/Healthy Fish/Healthy Fish_aug_138.jpg,7,Healthy Fish,train
data/original/aquahealth/train_split/Healthy Fish/Healthy Fish_aug_139.jpg,7,Healthy Fish,train
data/original/aquahealth/train_split/Healthy Fish/Healthy Fish_aug_14.jpg,7,Healthy Fish,train
data/original/aquahealth/train_split/Healthy Fish/Healthy Fish_aug_140.jpg,7,Healthy Fish,train
data/original/aquahealth/train_split/Healthy Fish/Healthy Fish_aug_141.jpg,7,Healthy Fish,train
data/original/aquahealth/train_split/Healthy Fish/Healthy Fish_aug_144.jpg,7,Healthy Fish,train
data/original/aquahealth/train_split/Healthy Fish/Healthy Fish_aug_146.jpg,7,Healthy Fish,train
data/original/aquahealth/train_split/Healthy Fish/Healthy Fish_aug_147.jpg,7,Healthy Fish,train
data/original/aquahealth/train_split/Healthy Fish/Healthy Fish_aug_148.jpg,7,Healthy Fish,train
data/original/aquahealth/train_split/Healthy Fish/Healthy Fish_aug_149.jpg,7,Healthy Fish,train
data/original/aquahealth/train_split/Healthy Fish/Healthy Fish_aug_15.jpg,7,Healthy Fish,train
data/original/aquahealth/train_split/Healthy Fish/Healthy Fish_aug_150.jpg,7,Healthy Fish,train
data/original/aquahealth/train_split/Healthy Fish/Healthy Fish_aug_151.jpg,7,Healthy Fish,train
data/original/aquahealth/train_split/Healthy Fish/Healthy Fish_aug_152.jpg,7,Healthy Fish,train
data/original/aquahealth/train_split/Healthy Fish/Healthy Fish_aug_153.jpg,7,Healthy Fish,train
data/original/aquahealth/train_split/Healthy Fish/Healthy Fish_aug_154.jpg,7,Healthy Fish,train
data/original/aquahealth/train_split/Healthy Fish/Healthy Fish_aug_155.jpg,7,Healthy Fish,train
data/original/aquahealth/train_split/Healthy Fish/Healthy Fish_aug_157.jpg,7,Healthy Fish,train
data/original/aquahealth/train_split/Healthy Fish/Healthy Fish_aug_159.jpg,7,Healthy Fish,train
data/original/aquahealth/train_split/Healthy Fish/Healthy Fish_aug_160.jpg,7,Healthy Fish,train
data/original/aquahealth/train_split/Healthy Fish/Healthy Fish_aug_161.jpg,7,Healthy Fish,train
data/original/aquahealth/train_split/Healthy Fish/Healthy Fish_aug_162.jpg,7,Healthy Fish,train
data/original/aquahealth/train_split/Healthy Fish/Healthy Fish_aug_165.jpg,7,Healthy Fish,train
data/original/aquahealth/train_split/Healthy Fish/Healthy Fish_aug_166.jpg,7,Healthy Fish,train
data/original/aquahealth/train_split/Healthy Fish/Healthy Fish_aug_168.jpg,7,Healthy Fish,train
data/original/aquahealth/train_split/Healthy Fish/Healthy Fish_aug_170.jpg,7,Healthy Fish,train
data/original/aquahealth/train_split/Healthy Fish/Healthy Fish_aug_171.jpg,7,Healthy Fish,train
data/original/aquahealth/train_split/Healthy Fish/Healthy Fish_aug_176.jpg,7,Healthy Fish,train
data/original/aquahealth/train_split/Healthy Fish/Healthy Fish_aug_177.jpg,7,Healthy Fish,train
data/original/aquahealth/train_split/Healthy Fish/Healthy Fish_aug_178.jpg,7,Healthy Fish,train
data/original/aquahealth/train_split/Healthy Fish/Healthy Fish_aug_181.jpg,7,Healthy Fish,train
data/original/aquahealth/train_split/Healthy Fish/Healthy Fish_aug_183.jpg,7,Healthy Fish,train
data/original/aquahealth/train_split/Healthy Fish/Healthy Fish_aug_184.jpg,7,Healthy Fish,train
data/original/aquahealth/train_split/Healthy Fish/Healthy Fish_aug_185.jpg,7,Healthy Fish,train
data/original/aquahealth/train_split/Healthy Fish/Healthy Fish_aug_188.jpg,7,Healthy Fish,train
data/original/aquahealth/train_split/Healthy Fish/Healthy Fish_aug_191.jpg,7,Healthy Fish,train
data/original/aquahealth/train_split/Healthy Fish/Healthy Fish_aug_192.jpg,7,Healthy Fish,train
data/original/aquahealth/train_split/Healthy Fish/Healthy Fish_aug_193.jpg,7,Healthy Fish,train
data/original/aquahealth/train_split/Healthy Fish/Healthy Fish_aug_195.jpg,7,Healthy Fish,train
data/original/aquahealth/train_split/Healthy Fish/Healthy Fish_aug_198.jpg,7,Healthy Fish,train
data/original/aquahealth/train_split/Healthy Fish/Healthy Fish_aug_199.jpg,7,Healthy Fish,train
data/original/aquahealth/train_split/Healthy Fish/Healthy Fish_aug_2.jpg,7,Healthy Fish,train
data/original/aquahealth/train_split/Healthy Fish/Healthy Fish_aug_200.jpg,7,Healthy Fish,train
data/original/aquahealth/train_split/Healthy Fish/Healthy Fish_aug_202.jpg,7,Healthy Fish,train
data/original/aquahealth/train_split/Healthy Fish/Healthy Fish_aug_203.jpg,7,Healthy Fish,train
data/original/aquahealth/train_split/Healthy Fish/Healthy Fish_aug_204.jpg,7,Healthy Fish,train
data/original/aquahealth/train_split/Healthy Fish/Healthy Fish_aug_206.jpg,7,Healthy Fish,train
data/original/aquahealth/train_split/Healthy Fish/Healthy Fish_aug_208.jpg,7,Healthy Fish,train
data/original/aquahealth/train_split/Healthy Fish/Healthy Fish_aug_21.jpg,7,Healthy Fish,train
data/original/aquahealth/train_split/Healthy Fish/Healthy Fish_aug_212.jpg,7,Healthy Fish,train
data/original/aquahealth/train_split/Healthy Fish/Healthy Fish_aug_219.jpg,7,Healthy Fish,train
data/original/aquahealth/train_split/Healthy Fish/Healthy Fish_aug_22.jpg,7,Healthy Fish,train
data/original/aquahealth/train_split/Healthy Fish/Healthy Fish_aug_220.jpg,7,Healthy Fish,train
data/original/aquahealth/train_split/Healthy Fish/Healthy Fish_aug_221.jpg,7,Healthy Fish,train
data/original/aquahealth/train_split/Healthy Fish/Healthy Fish_aug_222.jpg,7,Healthy Fish,train
data/original/aquahealth/train_split/Healthy Fish/Healthy Fish_aug_223.jpg,7,Healthy Fish,train
data/original/aquahealth/train_split/Healthy Fish/Healthy Fish_aug_225.jpg,7,Healthy Fish,train
data/original/aquahealth/train_split/Healthy Fish/Healthy Fish_aug_226.jpg,7,Healthy Fish,train
data/original/aquahealth/train_split/Healthy Fish/Healthy Fish_aug_227.jpg,7,Healthy Fish,train
data/original/aquahealth/train_split/Healthy Fish/Healthy Fish_aug_23.jpg,7,Healthy Fish,train
data/original/aquahealth/train_split/Healthy Fish/Healthy Fish_aug_230.jpg,7,Healthy Fish,train
data/original/aquahealth/train_split/Healthy Fish/Healthy Fish_aug_232.jpg,7,Healthy Fish,train
data/original/aquahealth/train_split/Healthy Fish/Healthy Fish_aug_234.jpg,7,Healthy Fish,train
data/original/aquahealth/train_split/Healthy Fish/Healthy Fish_aug_24.jpg,7,Healthy Fish,train
data/original/aquahealth/train_split/Healthy Fish/Healthy Fish_aug_25.jpg,7,Healthy Fish,train
data/original/aquahealth/train_split/Healthy Fish/Healthy Fish_aug_28.jpg,7,Healthy Fish,train
data/original/aquahealth/train_split/Healthy Fish/Healthy Fish_aug_29.jpg,7,Healthy Fish,train
data/original/aquahealth/train_split/Healthy Fish/Healthy Fish_aug_3.jpg,7,Healthy Fish,train
data/original/aquahealth/train_split/Healthy Fish/Healthy Fish_aug_30.jpg,7,Healthy Fish,train
data/original/aquahealth/train_split/Healthy Fish/Healthy Fish_aug_33.jpg,7,Healthy Fish,train
data/original/aquahealth/train_split/Healthy Fish/Healthy Fish_aug_36.jpg,7,Healthy Fish,train
data/original/aquahealth/train_split/Healthy Fish/Healthy Fish_aug_39.jpg,7,Healthy Fish,train
data/original/aquahealth/train_split/Healthy Fish/Healthy Fish_aug_40.jpg,7,Healthy Fish,train
data/original/aquahealth/train_split/Healthy Fish/Healthy Fish_aug_41.jpg,7,Healthy Fish,train
data/original/aquahealth/train_split/Healthy Fish/Healthy Fish_aug_42.jpg,7,Healthy Fish,train
data/original/aquahealth/train_split/Healthy Fish/Healthy Fish_aug_44.jpg,7,Healthy Fish,train
data/original/aquahealth/train_split/Healthy Fish/Healthy Fish_aug_45.jpg,7,Healthy Fish,train
data/original/aquahealth/train_split/Healthy Fish/Healthy Fish_aug_46.jpg,7,Healthy Fish,train
data/original/aquahealth/train_split/Healthy Fish/Healthy Fish_aug_47.jpg,7,Healthy Fish,train
data/original/aquahealth/train_split/Healthy Fish/Healthy Fish_aug_48.jpg,7,Healthy Fish,train
data/original/aquahealth/train_split/Healthy Fish/Healthy Fish_aug_52.jpg,7,Healthy Fish,train
data/original/aquahealth/train_split/Healthy Fish/Healthy Fish_aug_54.jpg,7,Healthy Fish,train
data/original/aquahealth/train_split/Healthy Fish/Healthy Fish_aug_55.jpg,7,Healthy Fish,train
data/original/aquahealth/train_split/Healthy Fish/Healthy Fish_aug_56.jpg,7,Healthy Fish,train
data/original/aquahealth/train_split/Healthy Fish/Healthy Fish_aug_59.jpg,7,Healthy Fish,train
data/original/aquahealth/train_split/Healthy Fish/Healthy Fish_aug_6.jpg,7,Healthy Fish,train
data/original/aquahealth/train_split/Healthy Fish/Healthy Fish_aug_60.jpg,7,Healthy Fish,train
data/original/aquahealth/train_split/Healthy Fish/Healthy Fish_aug_62.jpg,7,Healthy Fish,train
data/original/aquahealth/train_split/Healthy Fish/Healthy Fish_aug_68.jpg,7,Healthy Fish,train
data/original/aquahealth/train_split/Healthy Fish/Healthy Fish_aug_70.jpg,7,Healthy Fish,train
data/original/aquahealth/train_split/Healthy Fish/Healthy Fish_aug_74.jpg,7,Healthy Fish,train
data/original/aquahealth/train_split/Healthy Fish/Healthy Fish_aug_76.jpg,7,Healthy Fish,train
data/original/aquahealth/train_split/Healthy Fish/Healthy Fish_aug_77.jpg,7,Healthy Fish,train
data/original/aquahealth/train_split/Healthy Fish/Healthy Fish_aug_78.jpg,7,Healthy Fish,train
data/original/aquahealth/train_split/Healthy Fish/Healthy Fish_aug_79.jpg,7,Healthy Fish,train
data/original/aquahealth/train_split/Healthy Fish/Healthy Fish_aug_83.jpg,7,Healthy Fish,train
data/original/aquahealth/train_split/Healthy Fish/Healthy Fish_aug_84.jpg,7,Healthy Fish,train
data/original/aquahealth/train_split/Healthy Fish/Healthy Fish_aug_85.jpg,7,Healthy Fish,train
data/original/aquahealth/train_split/Healthy Fish/Healthy Fish_aug_86.jpg,7,Healthy Fish,train
data/original/aquahealth/train_split/Healthy Fish/Healthy Fish_aug_87.jpg,7,Healthy Fish,train
data/original/aquahealth/train_split/Healthy Fish/Healthy Fish_aug_89.jpg,7,Healthy Fish,train
data/original/aquahealth/train_split/Healthy Fish/Healthy Fish_aug_90.jpg,7,Healthy Fish,train
data/original/aquahealth/train_split/Healthy Fish/Healthy Fish_aug_91.jpg,7,Healthy Fish,train
data/original/aquahealth/train_split/Healthy Fish/Healthy Fish_aug_92.jpg,7,Healthy Fish,train
data/original/aquahealth/train_split/Healthy Fish/Healthy Fish_aug_93.jpg,7,Healthy Fish,train
data/original/aquahealth/train_split/Healthy Fish/Healthy Fish_aug_94.jpg,7,Healthy Fish,train
data/original/aquahealth/train_split/Healthy Fish/Healthy Fish_aug_96.jpg,7,Healthy Fish,train
data/original/aquahealth/train_split/Healthy Fish/Healthy Fish_aug_98.jpg,7,Healthy Fish,train
data/original/aquahealth/test_split/Bacterial Red disease_Bacterial Red disease_124.jpg,0,Bacterial Red Disease,val
data/original/aquahealth/test_split/Bacterial Red disease_Bacterial Red disease_191.jpg,0,Bacterial Red Disease,val
data/original/aquahealth/test_split/Bacterial Red disease_Bacterial Red disease_224.jpg,0,Bacterial Red Disease,val
data/original/aquahealth/test_split/Bacterial Red disease_Bacterial Red disease_41.jpg,0,Bacterial Red Disease,val
data/original/aquahealth/test_split/Bacterial Red disease_Bacterial Red disease_9.jpg,0,Bacterial Red Disease,val
data/original/aquahealth/train_split/Bacterial Red disease/Bacterial Red disease_100.jpg,0,Bacterial Red Disease,val
data/original/aquahealth/train_split/Bacterial Red disease/Bacterial Red disease_126.jpg,0,Bacterial Red Disease,val
data/original/aquahealth/train_split/Bacterial Red disease/Bacterial Red disease_128.jpg,0,Bacterial Red Disease,val
data/original/aquahealth/train_split/Bacterial Red disease/Bacterial Red disease_137.jpg,0,Bacterial Red Disease,val
data/original/aquahealth/train_split/Bacterial Red disease/Bacterial Red disease_143.jpg,0,Bacterial Red Disease,val
data/original/aquahealth/train_split/Bacterial Red disease/Bacterial Red disease_152.jpg,0,Bacterial Red Disease,val
data/original/aquahealth/train_split/Bacterial Red disease/Bacterial Red disease_157.jpg,0,Bacterial Red Disease,val
data/original/aquahealth/train_split/Bacterial Red disease/Bacterial Red disease_163.jpg,0,Bacterial Red Disease,val
data/original/aquahealth/train_split/Bacterial Red disease/Bacterial Red disease_173.jpg,0,Bacterial Red Disease,val
data/original/aquahealth/train_split/Bacterial Red disease/Bacterial Red disease_183.jpg,0,Bacterial Red Disease,val
data/original/aquahealth/train_split/Bacterial Red disease/Bacterial Red disease_187.jpg,0,Bacterial Red Disease,val
data/original/aquahealth/train_split/Bacterial Red disease/Bacterial Red disease_195.jpg,0,Bacterial Red Disease,val
data/original/aquahealth/train_split/Bacterial Red disease/Bacterial Red disease_207.jpg,0,Bacterial Red Disease,val
data/original/aquahealth/train_split/Bacterial Red disease/Bacterial Red disease_211.jpg,0,Bacterial Red Disease,val
data/original/aquahealth/train_split/Bacterial Red disease/Bacterial Red disease_236.jpg,0,Bacterial Red Disease,val
data/original/aquahealth/train_split/Bacterial Red disease/Bacterial Red disease_27.jpg,0,Bacterial Red Disease,val
data/original/aquahealth/train_split/Bacterial Red disease/Bacterial Red disease_69.jpg,0,Bacterial Red Disease,val
data/original/aquahealth/train_split/Bacterial Red disease/Bacterial Red disease_7.jpg,0,Bacterial Red Disease,val
data/original/aquahealth/train_split/Bacterial Red disease/Bacterial Red disease_83.jpg,0,Bacterial Red Disease,val
data/original/aquahealth/train_split/Bacterial Red disease/Bacterial Red disease_95.jpg,0,Bacterial Red Disease,val
data/original/aquahealth/train_split/Bacterial Red disease/Bacterial Red disease_aug_107.jpg,0,Bacterial Red Disease,val
data/original/aquahealth/train_split/Bacterial Red disease/Bacterial Red disease_aug_11.jpg,0,Bacterial Red Disease,val
data/original/aquahealth/train_split/Bacterial Red disease/Bacterial Red disease_aug_112.jpg,0,Bacterial Red Disease,val
data/original/aquahealth/train_split/Bacterial Red disease/Bacterial Red disease_aug_124.jpg,0,Bacterial Red Disease,val
data/original/aquahealth/train_split/Bacterial Red disease/Bacterial Red disease_aug_135.jpg,0,Bacterial Red Disease,val
data/original/aquahealth/train_split/Bacterial Red disease/Bacterial Red disease_aug_137.jpg,0,Bacterial Red Disease,val
data/original/aquahealth/train_split/Bacterial Red disease/Bacterial Red disease_aug_14.jpg,0,Bacterial Red Disease,val
data/original/aquahealth/train_split/Bacterial Red disease/Bacterial Red disease_aug_143.jpg,0,Bacterial Red Disease,val
data/original/aquahealth/train_split/Bacterial Red disease/Bacterial Red disease_aug_156.jpg,0,Bacterial Red Disease,val
data/original/aquahealth/train_split/Bacterial Red disease/Bacterial Red disease_aug_168.jpg,0,Bacterial Red Disease,val
data/original/aquahealth/train_split/Bacterial Red disease/Bacterial Red disease_aug_175.jpg,0,Bacterial Red Disease,val
data/original/aquahealth/train_split/Bacterial Red disease/Bacterial Red disease_aug_179.jpg,0,Bacterial Red Disease,val
data/original/aquahealth/train_split/Bacterial Red disease/Bacterial Red disease_aug_186.jpg,0,Bacterial Red Disease,val
data/original/aquahealth/train_split/Bacterial Red disease/Bacterial Red disease_aug_19.jpg,0,Bacterial Red Disease,val
data/original/aquahealth/train_split/Bacterial Red disease/Bacterial Red disease_aug_199.jpg,0,Bacterial Red Disease,val
data/original/aquahealth/train_split/Bacterial Red disease/Bacterial Red disease_aug_202.jpg,0,Bacterial Red Disease,val
data/original/aquahealth/train_split/Bacterial Red disease/Bacterial Red disease_aug_207.jpg,0,Bacterial Red Disease,val
data/original/aquahealth/train_split/Bacterial Red disease/Bacterial Red disease_aug_214.jpg,0,Bacterial Red Disease,val
data/original/aquahealth/train_split/Bacterial Red disease/Bacterial Red disease_aug_227.jpg,0,Bacterial Red Disease,val
data/original/aquahealth/train_split/Bacterial Red disease/Bacterial Red disease_aug_231.jpg,0,Bacterial Red Disease,val
data/original/aquahealth/train_split/Bacterial Red disease/Bacterial Red disease_aug_238.jpg,0,Bacterial Red Disease,val
data/original/aquahealth/train_split/Bacterial Red disease/Bacterial Red disease_aug_26.jpg,0,Bacterial Red Disease,val
data/original/aquahealth/train_split/Bacterial Red disease/Bacterial Red disease_aug_279.jpg,0,Bacterial Red Disease,val
data/original/aquahealth/train_split/Bacterial Red disease/Bacterial Red disease_aug_284.jpg,0,Bacterial Red Disease,val
data/original/aquahealth/train_split/Bacterial Red disease/Bacterial Red disease_aug_296.jpg,0,Bacterial Red Disease,val
data/original/aquahealth/train_split/Bacterial Red disease/Bacterial Red disease_aug_299.jpg,0,Bacterial Red Disease,val
data/original/aquahealth/train_split/Bacterial Red disease/Bacterial Red disease_aug_313.jpg,0,Bacterial Red Disease,val
data/original/aquahealth/train_split/Bacterial Red disease/Bacterial Red disease_aug_345.jpg,0,Bacterial Red Disease,val
data/original/aquahealth/train_split/Bacterial Red disease/Bacterial Red disease_aug_41.jpg,0,Bacterial Red Disease,val
data/original/aquahealth/train_split/Bacterial Red disease/Bacterial Red disease_aug_5.jpg,0,Bacterial Red Disease,val
data/original/aquahealth/train_split/Bacterial Red disease/Bacterial Red disease_aug_56.jpg,0,Bacterial Red Disease,val
data/original/aquahealth/train_split/Bacterial Red disease/Bacterial Red disease_aug_62.jpg,0,Bacterial Red Disease,val
data/original/aquahealth/train_split/Bacterial Red disease/Bacterial Red disease_aug_66.jpg,0,Bacterial Red Disease,val
data/original/aquahealth/train_split/Bacterial Red disease/Bacterial Red disease_aug_72.jpg,0,Bacterial Red Disease,val
data/original/aquahealth/train_split/Bacterial Red disease/Bacterial Red disease_aug_89.jpg,0,Bacterial Red Disease,val
data/original/aquahealth/train_split/Bacterial Red disease/Bacterial Red disease_aug_96.jpg,0,Bacterial Red Disease,val
data/original/aquahealth/train_split/Bacterial Red disease/Bacterial Red disease_aug_97.jpg,0,Bacterial Red Disease,val
data/original/aquahealth/test_split/Bacterial diseases - Aeromoniasis_Bacterial diseases - Aeromoniasis_116.jpg,1,Aeromoniasis,val
data/original/aquahealth/test_split/Bacterial diseases - Aeromoniasis_Bacterial diseases - Aeromoniasis_148.jpg,1,Aeromoniasis,val
data/original/aquahealth/test_split/Bacterial diseases - Aeromoniasis_Bacterial diseases - Aeromoniasis_185.jpg,1,Aeromoniasis,val
data/original/aquahealth/test_split/Bacterial diseases - Aeromoniasis_Bacterial diseases - Aeromoniasis_215.jpg,1,Aeromoniasis,val
data/original/aquahealth/test_split/Bacterial diseases - Aeromoniasis_Bacterial diseases - Aeromoniasis_239.jpg,1,Aeromoniasis,val
data/original/aquahealth/test_split/Bacterial diseases - Aeromoniasis_Bacterial diseases - Aeromoniasis_246.jpg,1,Aeromoniasis,val
data/original/aquahealth/test_split/Bacterial diseases - Aeromoniasis_Bacterial diseases - Aeromoniasis_45.jpg,1,Aeromoniasis,val
data/original/aquahealth/test_split/Bacterial diseases - Aeromoniasis_Bacterial diseases - Aeromoniasis_61.jpg,1,Aeromoniasis,val
data/original/aquahealth/test_split/Bacterial diseases - Aeromoniasis_Bacterial diseases - Aeromoniasis_7.jpg,1,Aeromoniasis,val
data/original/aquahealth/train_split/Bacterial diseases - Aeromoniasis/Bacterial diseases - Aeromoniasis_101.jpg,1,Aeromoniasis,val
data/original/aquahealth/train_split/Bacterial diseases - Aeromoniasis/Bacterial diseases - Aeromoniasis_118.jpg,1,Aeromoniasis,val
data/original/aquahealth/train_split/Bacterial diseases - Aeromoniasis/Bacterial diseases - Aeromoniasis_124.jpg,1,Aeromoniasis,val
data/original/aquahealth/train_split/Bacterial diseases - Aeromoniasis/Bacterial diseases - Aeromoniasis_129.jpg,1,Aeromoniasis,val
data/original/aquahealth/train_split/Bacterial diseases - Aeromoniasis/Bacterial diseases - Aeromoniasis_14.jpg,1,Aeromoniasis,val
data/original/aquahealth/train_split/Bacterial diseases - Aeromoniasis/Bacterial diseases - Aeromoniasis_154.jpg,1,Aeromoniasis,val
data/original/aquahealth/train_split/Bacterial diseases - Aeromoniasis/Bacterial diseases - Aeromoniasis_158.jpg,1,Aeromoniasis,val
data/original/aquahealth/train_split/Bacterial diseases - Aeromoniasis/Bacterial diseases - Aeromoniasis_16.jpg,1,Aeromoniasis,val
data/original/aquahealth/train_split/Bacterial diseases - Aeromoniasis/Bacterial diseases - Aeromoniasis_163.jpg,1,Aeromoniasis,val
data/original/aquahealth/train_split/Bacterial diseases - Aeromoniasis/Bacterial diseases - Aeromoniasis_164.jpg,1,Aeromoniasis,val
data/original/aquahealth/train_split/Bacterial diseases - Aeromoniasis/Bacterial diseases - Aeromoniasis_165.jpg,1,Aeromoniasis,val
data/original/aquahealth/train_split/Bacterial diseases - Aeromoniasis/Bacterial diseases - Aeromoniasis_17.jpg,1,Aeromoniasis,val
data/original/aquahealth/train_split/Bacterial diseases - Aeromoniasis/Bacterial diseases - Aeromoniasis_176.jpg,1,Aeromoniasis,val
data/original/aquahealth/train_split/Bacterial diseases - Aeromoniasis/Bacterial diseases - Aeromoniasis_216.jpg,1,Aeromoniasis,val
data/original/aquahealth/train_split/Bacterial diseases - Aeromoniasis/Bacterial diseases - Aeromoniasis_24.jpg,1,Aeromoniasis,val
data/original/aquahealth/train_split/Bacterial diseases - Aeromoniasis/Bacterial diseases - Aeromoniasis_242.jpg,1,Aeromoniasis,val
data/original/aquahealth/train_split/Bacterial diseases - Aeromoniasis/Bacterial diseases - Aeromoniasis_27.jpg,1,Aeromoniasis,val
data/original/aquahealth/train_split/Bacterial diseases - Aeromoniasis/Bacterial diseases - Aeromoniasis_4.jpg,1,Aeromoniasis,val
data/original/aquahealth/train_split/Bacterial diseases - Aeromoniasis/Bacterial diseases - Aeromoniasis_42.jpg,1,Aeromoniasis,val
data/original/aquahealth/train_split/Bacterial diseases - Aeromoniasis/Bacterial diseases - Aeromoniasis_68.jpg,1,Aeromoniasis,val
data/original/aquahealth/train_split/Bacterial diseases - Aeromoniasis/Bacterial diseases - Aeromoniasis_70.jpg,1,Aeromoniasis,val
data/original/aquahealth/train_split/Bacterial diseases - Aeromoniasis/Bacterial diseases - Aeromoniasis_73.jpg,1,Aeromoniasis,val
data/original/aquahealth/train_split/Bacterial diseases - Aeromoniasis/Bacterial diseases - Aeromoniasis_82.jpg,1,Aeromoniasis,val
data/original/aquahealth/train_split/Bacterial diseases - Aeromoniasis/Bacterial diseases - Aeromoniasis_86.jpg,1,Aeromoniasis,val
data/original/aquahealth/train_split/Bacterial diseases - Aeromoniasis/Bacterial diseases - Aeromoniasis_95.jpg,1,Aeromoniasis,val
data/original/aquahealth/train_split/Bacterial diseases - Aeromoniasis/Bacterial diseases - Aeromoniasis_96.jpg,1,Aeromoniasis,val
data/original/aquahealth/train_split/Bacterial diseases - Aeromoniasis/Bacterial diseases - Aeromoniasis_aug_103.jpg,1,Aeromoniasis,val
data/original/aquahealth/train_split/Bacterial diseases - Aeromoniasis/Bacterial diseases - Aeromoniasis_aug_104.jpg,1,Aeromoniasis,val
data/original/aquahealth/train_split/Bacterial diseases - Aeromoniasis/Bacterial diseases - Aeromoniasis_aug_106.jpg,1,Aeromoniasis,val
data/original/aquahealth/train_split/Bacterial diseases - Aeromoniasis/Bacterial diseases - Aeromoniasis_aug_109.jpg,1,Aeromoniasis,val
data/original/aquahealth/train_split/Bacterial diseases - Aeromoniasis/Bacterial diseases - Aeromoniasis_aug_12.jpg,1,Aeromoniasis,val
data/original/aquahealth/train_split/Bacterial diseases - Aeromoniasis/Bacterial diseases - Aeromoniasis_aug_133.jpg,1,Aeromoniasis,val
data/original/aquahealth/train_split/Bacterial diseases - Aeromoniasis/Bacterial diseases - Aeromoniasis_aug_141.jpg,1,Aeromoniasis,val
data/original/aquahealth/train_split/Bacterial diseases - Aeromoniasis/Bacterial diseases - Aeromoniasis_aug_152.jpg,1,Aeromoniasis,val
data/original/aquahealth/train_split/Bacterial diseases - Aeromoniasis/Bacterial diseases - Aeromoniasis_aug_154.jpg,1,Aeromoniasis,val
data/original/aquahealth/train_split/Bacterial diseases - Aeromoniasis/Bacterial diseases - Aeromoniasis_aug_156.jpg,1,Aeromoniasis,val
data/original/aquahealth/train_split/Bacterial diseases - Aeromoniasis/Bacterial diseases - Aeromoniasis_aug_17.jpg,1,Aeromoniasis,val
data/original/aquahealth/train_split/Bacterial diseases - Aeromoniasis/Bacterial diseases - Aeromoniasis_aug_172.jpg,1,Aeromoniasis,val
data/original/aquahealth/train_split/Bacterial diseases - Aeromoniasis/Bacterial diseases - Aeromoniasis_aug_184.jpg,1,Aeromoniasis,val
data/original/aquahealth/train_split/Bacterial diseases - Aeromoniasis/Bacterial diseases - Aeromoniasis_aug_189.jpg,1,Aeromoniasis,val
data/original/aquahealth/train_split/Bacterial diseases - Aeromoniasis/Bacterial diseases - Aeromoniasis_aug_199.jpg,1,Aeromoniasis,val
data/original/aquahealth/train_split/Bacterial diseases - Aeromoniasis/Bacterial diseases - Aeromoniasis_aug_211.jpg,1,Aeromoniasis,val
data/original/aquahealth/train_split/Bacterial diseases - Aeromoniasis/Bacterial diseases - Aeromoniasis_aug_212.jpg,1,Aeromoniasis,val
data/original/aquahealth/train_split/Bacterial diseases - Aeromoniasis/Bacterial diseases - Aeromoniasis_aug_221.jpg,1,Aeromoniasis,val
data/original/aquahealth/train_split/Bacterial diseases - Aeromoniasis/Bacterial diseases - Aeromoniasis_aug_222.jpg,1,Aeromoniasis,val
data/original/aquahealth/train_split/Bacterial diseases - Aeromoniasis/Bacterial diseases - Aeromoniasis_aug_228.jpg,1,Aeromoniasis,val
data/original/aquahealth/train_split/Bacterial diseases - Aeromoniasis/Bacterial diseases - Aeromoniasis_aug_229.jpg,1,Aeromoniasis,val
data/original/aquahealth/train_split/Bacterial diseases - Aeromoniasis/Bacterial diseases - Aeromoniasis_aug_239.jpg,1,Aeromoniasis,val
data/original/aquahealth/train_split/Bacterial diseases - Aeromoniasis/Bacterial diseases - Aeromoniasis_aug_271.jpg,1,Aeromoniasis,val
data/original/aquahealth/train_split/Bacterial diseases - Aeromoniasis/Bacterial diseases - Aeromoniasis_aug_32.jpg,1,Aeromoniasis,val
data/original/aquahealth/train_split/Bacterial diseases - Aeromoniasis/Bacterial diseases - Aeromoniasis_aug_64.jpg,1,Aeromoniasis,val
data/original/aquahealth/train_split/Bacterial diseases - Aeromoniasis/Bacterial diseases - Aeromoniasis_aug_71.jpg,1,Aeromoniasis,val
data/original/aquahealth/train_split/Bacterial diseases - Aeromoniasis/Bacterial diseases - Aeromoniasis_aug_78.jpg,1,Aeromoniasis,val
data/original/aquahealth/train_split/Bacterial diseases - Aeromoniasis/Bacterial diseases - Aeromoniasis_aug_80.jpg,1,Aeromoniasis,val
data/original/aquahealth/train_split/Bacterial diseases - Aeromoniasis/Bacterial diseases - Aeromoniasis_aug_82.jpg,1,Aeromoniasis,val
data/original/aquahealth/train_split/Bacterial diseases - Aeromoniasis/Bacterial diseases - Aeromoniasis_aug_83.jpg,1,Aeromoniasis,val
data/original/aquahealth/train_split/Bacterial diseases - Aeromoniasis/Bacterial diseases - Aeromoniasis_aug_9.jpg,1,Aeromoniasis,val
data/original/aquahealth/test_split/Bacterial gill disease_Bacterial gill disease_221.jpg,2,Bacterial Gill Disease,val
data/original/aquahealth/test_split/Bacterial gill disease_Bacterial gill disease_31.jpg,2,Bacterial Gill Disease,val
data/original/aquahealth/test_split/Bacterial gill disease_Bacterial gill disease_50.jpeg,2,Bacterial Gill Disease,val
data/original/aquahealth/test_split/Bacterial gill disease_Bacterial gill disease_72.jpg,2,Bacterial Gill Disease,val
data/original/aquahealth/test_split/Bacterial gill disease_Bacterial gill disease_76.jpg,2,Bacterial Gill Disease,val
data/original/aquahealth/test_split/Bacterial gill disease_Bacterial gill disease_94.jpg,2,Bacterial Gill Disease,val
data/original/aquahealth/test_split/Bacterial gill disease_Bacterial gill disease_98.jpg,2,Bacterial Gill Disease,val
data/original/aquahealth/train_split/Bacterial gill disease/Bacterial gill disease_100.jpg,2,Bacterial Gill Disease,val
data/original/aquahealth/train_split/Bacterial gill disease/Bacterial gill disease_129.jpg,2,Bacterial Gill Disease,val
data/original/aquahealth/train_split/Bacterial gill disease/Bacterial gill disease_131.jpg,2,Bacterial Gill Disease,val
data/original/aquahealth/train_split/Bacterial gill disease/Bacterial gill disease_14.jpg,2,Bacterial Gill Disease,val
data/original/aquahealth/train_split/Bacterial gill disease/Bacterial gill disease_140.jpg,2,Bacterial Gill Disease,val
data/original/aquahealth/train_split/Bacterial gill disease/Bacterial gill disease_165.jpg,2,Bacterial Gill Disease,val
data/original/aquahealth/train_split/Bacterial gill disease/Bacterial gill disease_168.jpg,2,Bacterial Gill Disease,val
data/original/aquahealth/train_split/Bacterial gill disease/Bacterial gill disease_170.jpg,2,Bacterial Gill Disease,val
data/original/aquahealth/train_split/Bacterial gill disease/Bacterial gill disease_179.jpg,2,Bacterial Gill Disease,val
data/original/aquahealth/train_split/Bacterial gill disease/Bacterial gill disease_194.jpg,2,Bacterial Gill Disease,val
data/original/aquahealth/train_split/Bacterial gill disease/Bacterial gill disease_200.jpg,2,Bacterial Gill Disease,val
data/original/aquahealth/train_split/Bacterial gill disease/Bacterial gill disease_213.jpg,2,Bacterial Gill Disease,val
data/original/aquahealth/train_split/Bacterial gill disease/Bacterial gill disease_214.jpg,2,Bacterial Gill Disease,val
data/original/aquahealth/train_split/Bacterial gill disease/Bacterial gill disease_230.jpg,2,Bacterial Gill Disease,val
data/original/aquahealth/train_split/Bacterial gill disease/Bacterial gill disease_25.jpg,2,Bacterial Gill Disease,val
data/original/aquahealth/train_split/Bacterial gill disease/Bacterial gill disease_257.jpg,2,Bacterial Gill Disease,val
data/original/aquahealth/train_split/Bacterial gill disease/Bacterial gill disease_258.jpg,2,Bacterial Gill Disease,val
data/original/aquahealth/train_split/Bacterial gill disease/Bacterial gill disease_266.jpg,2,Bacterial Gill Disease,val
data/original/aquahealth/train_split/Bacterial gill disease/Bacterial gill disease_32.jpg,2,Bacterial Gill Disease,val
data/original/aquahealth/train_split/Bacterial gill disease/Bacterial gill disease_374.jpg,2,Bacterial Gill Disease,val
data/original/aquahealth/train_split/Bacterial gill disease/Bacterial gill disease_39.jpg,2,Bacterial Gill Disease,val
data/original/aquahealth/train_split/Bacterial gill disease/Bacterial gill disease_44.jpg,2,Bacterial Gill Disease,val
data/original/aquahealth/train_split/Bacterial gill disease/Bacterial gill disease_55.jpg,2,Bacterial Gill Disease,val
data/original/aquahealth/train_split/Bacterial gill disease/Bacterial gill disease_58.jpg,2,Bacterial Gill Disease,val
data/original/aquahealth/train_split/Bacterial gill disease/Bacterial gill disease_63.jpg,2,Bacterial Gill Disease,val
data/original/aquahealth/train_split/Bacterial gill disease/Bacterial gill disease_66.jpg,2,Bacterial Gill Disease,val
data/original/aquahealth/train_split/Bacterial gill disease/Bacterial gill disease_68.jpg,2,Bacterial Gill Disease,val
data/original/aquahealth/train_split/Bacterial gill disease/Bacterial gill disease_69.jpeg,2,Bacterial Gill Disease,val
data/original/aquahealth/train_split/Bacterial gill disease/Bacterial gill disease_74.jpg,2,Bacterial Gill Disease,val
data/original/aquahealth/train_split/Bacterial gill disease/Bacterial gill disease_77.jpg,2,Bacterial Gill Disease,val
data/original/aquahealth/train_split/Bacterial gill disease/Bacterial gill disease_86.jpg,2,Bacterial Gill Disease,val
data/original/aquahealth/train_split/Bacterial gill disease/Bacterial gill disease_93.jpg,2,Bacterial Gill Disease,val
data/original/aquahealth/train_split/Bacterial gill disease/Bacterial gill disease_aug_101.jpg,2,Bacterial Gill Disease,val
data/original/aquahealth/train_split/Bacterial gill disease/Bacterial gill disease_aug_107.jpg,2,Bacterial Gill Disease,val
data/original/aquahealth/train_split/Bacterial gill disease/Bacterial gill disease_aug_110.jpg,2,Bacterial Gill Disease,val
data/original/aquahealth/train_split/Bacterial gill disease/Bacterial gill disease_aug_116.jpg,2,Bacterial Gill Disease,val
data/original/aquahealth/train_split/Bacterial gill disease/Bacterial gill disease_aug_12.jpg,2,Bacterial Gill Disease,val
data/original/aquahealth/train_split/Bacterial gill disease/Bacterial gill disease_aug_121.jpg,2,Bacterial Gill Disease,val
data/original/aquahealth/train_split/Bacterial gill disease/Bacterial gill disease_aug_122.jpg,2,Bacterial Gill Disease,val
data/original/aquahealth/train_split/Bacterial gill disease/Bacterial gill disease_aug_124.jpg,2,Bacterial Gill Disease,val
data/original/aquahealth/train_split/Bacterial gill disease/Bacterial gill disease_aug_127.jpg,2,Bacterial Gill Disease,val
data/original/aquahealth/train_split/Bacterial gill disease/Bacterial gill disease_aug_155.jpg,2,Bacterial Gill Disease,val
data/original/aquahealth/train_split/Bacterial gill disease/Bacterial gill disease_aug_156.jpg,2,Bacterial Gill Disease,val
data/original/aquahealth/train_split/Bacterial gill disease/Bacterial gill disease_aug_159.jpg,2,Bacterial Gill Disease,val
data/original/aquahealth/train_split/Bacterial gill disease/Bacterial gill disease_aug_175.jpg,2,Bacterial Gill Disease,val
data/original/aquahealth/train_split/Bacterial gill disease/Bacterial gill disease_aug_18.jpg,2,Bacterial Gill Disease,val
data/original/aquahealth/train_split/Bacterial gill disease/Bacterial gill disease_aug_197.jpg,2,Bacterial Gill Disease,val
data/original/aquahealth/train_split/Bacterial gill disease/Bacterial gill disease_aug_20.jpg,2,Bacterial Gill Disease,val
data/original/aquahealth/train_split/Bacterial gill disease/Bacterial gill disease_aug_207.jpg,2,Bacterial Gill Disease,val
data/original/aquahealth/train_split/Bacterial gill disease/Bacterial gill disease_aug_249.jpg,2,Bacterial Gill Disease,val
data/original/aquahealth/train_split/Bacterial gill disease/Bacterial gill disease_aug_252.jpg,2,Bacterial Gill Disease,val
data/original/aquahealth/train_split/Bacterial gill disease/Bacterial gill disease_aug_28.jpg,2,Bacterial Gill Disease,val
data/original/aquahealth/train_split/Bacterial gill disease/Bacterial gill disease_aug_35.jpg,2,Bacterial Gill Disease,val
data/original/aquahealth/train_split/Bacterial gill disease/Bacterial gill disease_aug_43.jpg,2,Bacterial Gill Disease,val
data/original/aquahealth/train_split/Bacterial gill disease/Bacterial gill disease_aug_45.jpg,2,Bacterial Gill Disease,val
data/original/aquahealth/train_split/Bacterial gill disease/Bacterial gill disease_aug_53.jpg,2,Bacterial Gill Disease,val
data/original/aquahealth/train_split/Bacterial gill disease/Bacterial gill disease_aug_67.jpg,2,Bacterial Gill Disease,val
data/original/aquahealth/train_split/Bacterial gill disease/Bacterial gill disease_aug_70.jpg,2,Bacterial Gill Disease,val
data/original/aquahealth/train_split/Bacterial gill disease/Bacterial gill disease_aug_94.jpg,2,Bacterial Gill Disease,val
data/original/aquahealth/test_split/EUS_EUS_159.jpg,3,EUS Disease,val
data/original/aquahealth/test_split/EUS_EUS_176.jpg,3,EUS Disease,val
data/original/aquahealth/test_split/EUS_EUS_224.jpg,3,EUS Disease,val
data/original/aquahealth/test_split/EUS_EUS_273.jpg,3,EUS Disease,val
data/original/aquahealth/test_split/EUS_EUS_307.jpg,3,EUS Disease,val
data/original/aquahealth/test_split/EUS_EUS_320.jpg,3,EUS Disease,val
data/original/aquahealth/test_split/EUS_EUS_337.jpg,3,EUS Disease,val
data/original/aquahealth/test_split/EUS_EUS_338.jpg,3,EUS Disease,val
data/original/aquahealth/test_split/EUS_EUS_349.jpg,3,EUS Disease,val
data/original/aquahealth/train_split/EUS/EUS_10.jpg,3,EUS Disease,val
data/original/aquahealth/train_split/EUS/EUS_117.jpg,3,EUS Disease,val
data/original/aquahealth/train_split/EUS/EUS_12.jpg,3,EUS Disease,val
data/original/aquahealth/train_split/EUS/EUS_122.jpg,3,EUS Disease,val
data/original/aquahealth/train_split/EUS/EUS_128.jpg,3,EUS Disease,val
data/original/aquahealth/train_split/EUS/EUS_148.jpg,3,EUS Disease,val
data/original/aquahealth/train_split/EUS/EUS_165.jpg,3,EUS Disease,val
data/original/aquahealth/train_split/EUS/EUS_181.jpg,3,EUS Disease,val
data/original/aquahealth/train_split/EUS/EUS_185.jpg,3,EUS Disease,val
data/original/aquahealth/train_split/EUS/EUS_206.jpg,3,EUS Disease,val
data/original/aquahealth/train_split/EUS/EUS_216.jpg,3,EUS Disease,val
data/original/aquahealth/train_split/EUS/EUS_24.jpg,3,EUS Disease,val
data/original/aquahealth/train_split/EUS/EUS_249.jpg,3,EUS Disease,val
data/original/aquahealth/train_split/EUS/EUS_286.jpg,3,EUS Disease,val
data/original/aquahealth/train_split/EUS/EUS_290.jpg,3,EUS Disease,val
data/original/aquahealth/train_split/EUS/EUS_300.jpg,3,EUS Disease,val
data/original/aquahealth/train_split/EUS/EUS_304.jpg,3,EUS Disease,val
data/original/aquahealth/train_split/EUS/EUS_310.jpg,3,EUS Disease,val
data/original/aquahealth/train_split/EUS/EUS_311.jpg,3,EUS Disease,val
data/original/aquahealth/train_split/EUS/EUS_325.jpg,3,EUS Disease,val
data/original/aquahealth/train_split/EUS/EUS_328.jpg,3,EUS Disease,val
data/original/aquahealth/train_split/EUS/EUS_335.jpg,3,EUS Disease,val
data/original/aquahealth/train_split/EUS/EUS_351.jpg,3,EUS Disease,val
data/original/aquahealth/train_split/EUS/EUS_61.jpg,3,EUS Disease,val
data/original/aquahealth/train_split/EUS/EUS_7.jpg,3,EUS Disease,val
data/original/aquahealth/train_split/EUS/EUS_70.jpg,3,EUS Disease,val
data/original/aquahealth/train_split/EUS/EUS_77.jpg,3,EUS Disease,val
data/original/aquahealth/train_split/EUS/EUS_78.jpg,3,EUS Disease,val
data/original/aquahealth/train_split/EUS/EUS_90.jpg,3,EUS Disease,val
data/original/aquahealth/train_split/EUS/EUS_91.jpg,3,EUS Disease,val
data/original/aquahealth/train_split/EUS/EUS_97.jpg,3,EUS Disease,val
data/original/aquahealth/train_split/EUS/EUS_aug_105.jpg,3,EUS Disease,val
data/original/aquahealth/train_split/EUS/EUS_aug_108.jpg,3,EUS Disease,val
data/original/aquahealth/train_split/EUS/EUS_aug_111.jpg,3,EUS Disease,val
data/original/aquahealth/train_split/EUS/EUS_aug_119.jpg,3,EUS Disease,val
data/original/aquahealth/train_split/EUS/EUS_aug_140.jpg,3,EUS Disease,val
data/original/aquahealth/train_split/EUS/EUS_aug_147.jpg,3,EUS Disease,val
data/original/aquahealth/train_split/EUS/EUS_aug_168.jpg,3,EUS Disease,val
data/original/aquahealth/train_split/EUS/EUS_aug_17.jpg,3,EUS Disease,val
data/original/aquahealth/train_split/EUS/EUS_aug_172.jpg,3,EUS Disease,val
data/original/aquahealth/train_split/EUS/EUS_aug_18.jpg,3,EUS Disease,val
data/original/aquahealth/train_split/EUS/EUS_aug_189.jpg,3,EUS Disease,val
data/original/aquahealth/train_split/EUS/EUS_aug_196.jpg,3,EUS Disease,val
data/original/aquahealth/train_split/EUS/EUS_aug_205.jpg,3,EUS Disease,val
data/original/aquahealth/train_split/EUS/EUS_aug_207.jpg,3,EUS Disease,val
data/original/aquahealth/train_split/EUS/EUS_aug_208.jpg,3,EUS Disease,val
data/original/aquahealth/train_split/EUS/EUS_aug_212.jpg,3,EUS Disease,val
data/original/aquahealth/train_split/EUS/EUS_aug_217.jpg,3,EUS Disease,val
data/original/aquahealth/train_split/EUS/EUS_aug_220.jpg,3,EUS Disease,val
data/original/aquahealth/train_split/EUS/EUS_aug_34.jpg,3,EUS Disease,val
data/original/aquahealth/train_split/EUS/EUS_aug_36.jpg,3,EUS Disease,val
data/original/aquahealth/train_split/EUS/EUS_aug_37.jpg,3,EUS Disease,val
data/original/aquahealth/train_split/EUS/EUS_aug_56.jpg,3,EUS Disease,val
data/original/aquahealth/train_split/EUS/EUS_aug_62.jpg,3,EUS Disease,val
data/original/aquahealth/train_split/EUS/EUS_aug_7.jpg,3,EUS Disease,val
data/original/aquahealth/train_split/EUS/EUS_aug_8.jpg,3,EUS Disease,val
data/original/aquahealth/train_split/EUS/EUS_aug_93.jpg,3,EUS Disease,val
data/original/aquahealth/test_split/Fungal diseases Saprolegniasis_Fungal diseases Saprolegniasis_248.jpg,4,Saprolegniasis,val
data/original/aquahealth/test_split/Fungal diseases Saprolegniasis_Fungal diseases Saprolegniasis_75.jpg,4,Saprolegniasis,val
data/original/aquahealth/test_split/Fungal diseases Saprolegniasis_Fungal diseases Saprolegniasis_92.jpg,4,Saprolegniasis,val
data/original/aquahealth/train_split/Fungal diseases Saprolegniasis/Fungal diseases Saprolegniasis_120.jpg,4,Saprolegniasis,val
data/original/aquahealth/train_split/Fungal diseases Saprolegniasis/Fungal diseases Saprolegniasis_131.jpg,4,Saprolegniasis,val
data/original/aquahealth/train_split/Fungal diseases Saprolegniasis/Fungal diseases Saprolegniasis_139.jpg,4,Saprolegniasis,val
data/original/aquahealth/train_split/Fungal diseases Saprolegniasis/Fungal diseases Saprolegniasis_175.jpg,4,Saprolegniasis,val
data/original/aquahealth/train_split/Fungal diseases Saprolegniasis/Fungal diseases Saprolegniasis_181.jpg,4,Saprolegniasis,val
data/original/aquahealth/train_split/Fungal diseases Saprolegniasis/Fungal diseases Saprolegniasis_183.jpg,4,Saprolegniasis,val
data/original/aquahealth/train_split/Fungal diseases Saprolegniasis/Fungal diseases Saprolegniasis_203.jpg,4,Saprolegniasis,val
data/original/aquahealth/train_split/Fungal diseases Saprolegniasis/Fungal diseases Saprolegniasis_206.jpg,4,Saprolegniasis,val
data/original/aquahealth/train_split/Fungal diseases Saprolegniasis/Fungal diseases Saprolegniasis_224.jpg,4,Saprolegniasis,val
data/original/aquahealth/train_split/Fungal diseases Saprolegniasis/Fungal diseases Saprolegniasis_239.jpg,4,Saprolegniasis,val
data/original/aquahealth/train_split/Fungal diseases Saprolegniasis/Fungal diseases Saprolegniasis_64.jpg,4,Saprolegniasis,val
data/original/aquahealth/train_split/Fungal diseases Saprolegniasis/Fungal diseases Saprolegniasis_76.jpg,4,Saprolegniasis,val
data/original/aquahealth/train_split/Fungal diseases Saprolegniasis/Fungal diseases Saprolegniasis_97.jpg,4,Saprolegniasis,val
data/original/aquahealth/train_split/Fungal diseases Saprolegniasis/Fungal diseases Saprolegniasis_aug_115.jpg,4,Saprolegniasis,val
data/original/aquahealth/train_split/Fungal diseases Saprolegniasis/Fungal diseases Saprolegniasis_aug_12.jpg,4,Saprolegniasis,val
data/original/aquahealth/train_split/Fungal diseases Saprolegniasis/Fungal diseases Saprolegniasis_aug_120.jpg,4,Saprolegniasis,val
data/original/aquahealth/train_split/Fungal diseases Saprolegniasis/Fungal diseases Saprolegniasis_aug_164.jpg,4,Saprolegniasis,val
data/original/aquahealth/train_split/Fungal diseases Saprolegniasis/Fungal diseases Saprolegniasis_aug_188.jpg,4,Saprolegniasis,val
data/original/aquahealth/train_split/Fungal diseases Saprolegniasis/Fungal diseases Saprolegniasis_aug_196.jpg,4,Saprolegniasis,val
data/original/aquahealth/train_split/Fungal diseases Saprolegniasis/Fungal diseases Saprolegniasis_aug_206.jpg,4,Saprolegniasis,val
data/original/aquahealth/train_split/Fungal diseases Saprolegniasis/Fungal diseases Saprolegniasis_aug_207.jpg,4,Saprolegniasis,val
data/original/aquahealth/train_split/Fungal diseases Saprolegniasis/Fungal diseases Saprolegniasis_aug_210.jpg,4,Saprolegniasis,val
data/original/aquahealth/train_split/Fungal diseases Saprolegniasis/Fungal diseases Saprolegniasis_aug_224.jpg,4,Saprolegniasis,val
data/original/aquahealth/train_split/Fungal diseases Saprolegniasis/Fungal diseases Saprolegniasis_aug_226.jpg,4,Saprolegniasis,val
data/original/aquahealth/train_split/Fungal diseases Saprolegniasis/Fungal diseases Saprolegniasis_aug_246.jpg,4,Saprolegniasis,val
data/original/aquahealth/train_split/Fungal diseases Saprolegniasis/Fungal diseases Saprolegniasis_aug_247.jpg,4,Saprolegniasis,val
data/original/aquahealth/train_split/Fungal diseases Saprolegniasis/Fungal diseases Saprolegniasis_aug_254.jpg,4,Saprolegniasis,val
data/original/aquahealth/train_split/Fungal diseases Saprolegniasis/Fungal diseases Saprolegniasis_aug_259.jpg,4,Saprolegniasis,val
data/original/aquahealth/train_split/Fungal diseases Saprolegniasis/Fungal diseases Saprolegniasis_aug_267.jpg,4,Saprolegniasis,val
data/original/aquahealth/train_split/Fungal diseases Saprolegniasis/Fungal diseases Saprolegniasis_aug_268.jpg,4,Saprolegniasis,val
data/original/aquahealth/train_split/Fungal diseases Saprolegniasis/Fungal diseases Saprolegniasis_aug_28.jpg,4,Saprolegniasis,val
data/original/aquahealth/train_split/Fungal diseases Saprolegniasis/Fungal diseases Saprolegniasis_aug_280.jpg,4,Saprolegniasis,val
data/original/aquahealth/train_split/Fungal diseases Saprolegniasis/Fungal diseases Saprolegniasis_aug_286.jpg,4,Saprolegniasis,val
data/original/aquahealth/train_split/Fungal diseases Saprolegniasis/Fungal diseases Saprolegniasis_aug_31.jpg,4,Saprolegniasis,val
data/original/aquahealth/train_split/Fungal diseases Saprolegniasis/Fungal diseases Saprolegniasis_aug_313.jpg,4,Saprolegniasis,val
data/original/aquahealth/train_split/Fungal diseases Saprolegniasis/Fungal diseases Saprolegniasis_aug_314.jpg,4,Saprolegniasis,val
data/original/aquahealth/train_split/Fungal diseases Saprolegniasis/Fungal diseases Saprolegniasis_aug_319.jpg,4,Saprolegniasis,val
data/original/aquahealth/train_split/Fungal diseases Saprolegniasis/Fungal diseases Saprolegniasis_aug_32.jpg,4,Saprolegniasis,val
data/original/aquahealth/train_split/Fungal diseases Saprolegniasis/Fungal diseases Saprolegniasis_aug_324.jpg,4,Saprolegniasis,val
data/original/aquahealth/train_split/Fungal diseases Saprolegniasis/Fungal diseases Saprolegniasis_aug_326.jpg,4,Saprolegniasis,val
data/original/aquahealth/train_split/Fungal diseases Saprolegniasis/Fungal diseases Saprolegniasis_aug_33.jpg,4,Saprolegniasis,val
data/original/aquahealth/train_split/Fungal diseases Saprolegniasis/Fungal diseases Saprolegniasis_aug_355.jpg,4,Saprolegniasis,val
data/original/aquahealth/train_split/Fungal diseases Saprolegniasis/Fungal diseases Saprolegniasis_aug_365.jpg,4,Saprolegniasis,val
data/original/aquahealth/train_split/Fungal diseases Saprolegniasis/Fungal diseases Saprolegniasis_aug_372.jpg,4,Saprolegniasis,val
data/original/aquahealth/train_split/Fungal diseases Saprolegniasis/Fungal diseases Saprolegniasis_aug_379.jpg,4,Saprolegniasis,val
data/original/aquahealth/train_split/Fungal diseases Saprolegniasis/Fungal diseases Saprolegniasis_aug_383.jpg,4,Saprolegniasis,val
data/original/aquahealth/train_split/Fungal diseases Saprolegniasis/Fungal diseases Saprolegniasis_aug_391.jpg,4,Saprolegniasis,val
data/original/aquahealth/train_split/Fungal diseases Saprolegniasis/Fungal diseases Saprolegniasis_aug_4.jpg,4,Saprolegniasis,val
data/original/aquahealth/train_split/Fungal diseases Saprolegniasis/Fungal diseases Saprolegniasis_aug_46.jpg,4,Saprolegniasis,val
data/original/aquahealth/train_split/Fungal diseases Saprolegniasis/Fungal diseases Saprolegniasis_aug_50.jpg,4,Saprolegniasis,val
data/original/aquahealth/train_split/Fungal diseases Saprolegniasis/Fungal diseases Saprolegniasis_aug_56.jpg,4,Saprolegniasis,val
data/original/aquahealth/train_split/Fungal diseases Saprolegniasis/Fungal diseases Saprolegniasis_aug_6.jpg,4,Saprolegniasis,val
data/original/aquahealth/train_split/Fungal diseases Saprolegniasis/Fungal diseases Saprolegniasis_aug_70.jpg,4,Saprolegniasis,val
data/original/aquahealth/train_split/Fungal diseases Saprolegniasis/Fungal diseases Saprolegniasis_aug_71.jpg,4,Saprolegniasis,val
data/original/aquahealth/train_split/Fungal diseases Saprolegniasis/Fungal diseases Saprolegniasis_aug_92.jpg,4,Saprolegniasis,val
data/original/aquahealth/train_split/Fungal diseases Saprolegniasis/Fungal diseases Saprolegniasis_aug_95.jpg,4,Saprolegniasis,val
data/original/aquahealth/train_split/Fungal diseases Saprolegniasis/Fungal diseases Saprolegniasis_aug_96.jpg,4,Saprolegniasis,val
data/original/aquahealth/test_split/Parasitic diseases_Parasitic diseases_107.jpg,5,Parasitic Disease,val
data/original/aquahealth/test_split/Parasitic diseases_Parasitic diseases_137.jpg,5,Parasitic Disease,val
data/original/aquahealth/test_split/Parasitic diseases_Parasitic diseases_160.jpg,5,Parasitic Disease,val
data/original/aquahealth/test_split/Parasitic diseases_Parasitic diseases_17.jpg,5,Parasitic Disease,val
data/original/aquahealth/test_split/Parasitic diseases_Parasitic diseases_177.jpg,5,Parasitic Disease,val
data/original/aquahealth/test_split/Parasitic diseases_Parasitic diseases_60.jpg,5,Parasitic Disease,val
data/original/aquahealth/train_split/Parasitic diseases/Parasitic diseases_112.jpg,5,Parasitic Disease,val
data/original/aquahealth/train_split/Parasitic diseases/Parasitic diseases_115.jpg,5,Parasitic Disease,val
data/original/aquahealth/train_split/Parasitic diseases/Parasitic diseases_117.jpg,5,Parasitic Disease,val
data/original/aquahealth/train_split/Parasitic diseases/Parasitic diseases_164.jpg,5,Parasitic Disease,val
data/original/aquahealth/train_split/Parasitic diseases/Parasitic diseases_176.jpg,5,Parasitic Disease,val
data/original/aquahealth/train_split/Parasitic diseases/Parasitic diseases_180.jpg,5,Parasitic Disease,val
data/original/aquahealth/train_split/Parasitic diseases/Parasitic diseases_182.jpg,5,Parasitic Disease,val
data/original/aquahealth/train_split/Parasitic diseases/Parasitic diseases_186.jpg,5,Parasitic Disease,val
data/original/aquahealth/train_split/Parasitic diseases/Parasitic diseases_20.jpg,5,Parasitic Disease,val
data/original/aquahealth/train_split/Parasitic diseases/Parasitic diseases_21.jpeg,5,Parasitic Disease,val
data/original/aquahealth/train_split/Parasitic diseases/Parasitic diseases_216.jpg,5,Parasitic Disease,val
data/original/aquahealth/train_split/Parasitic diseases/Parasitic diseases_220.jpg,5,Parasitic Disease,val
data/original/aquahealth/train_split/Parasitic diseases/Parasitic diseases_3.png,5,Parasitic Disease,val
data/original/aquahealth/train_split/Parasitic diseases/Parasitic diseases_42.jpg,5,Parasitic Disease,val
data/original/aquahealth/train_split/Parasitic diseases/Parasitic diseases_44.jpg,5,Parasitic Disease,val
data/original/aquahealth/train_split/Parasitic diseases/Parasitic diseases_50.jpg,5,Parasitic Disease,val
data/original/aquahealth/train_split/Parasitic diseases/Parasitic diseases_53.jpg,5,Parasitic Disease,val
data/original/aquahealth/train_split/Parasitic diseases/Parasitic diseases_64.jpg,5,Parasitic Disease,val
data/original/aquahealth/train_split/Parasitic diseases/Parasitic diseases_7.jpg,5,Parasitic Disease,val
data/original/aquahealth/train_split/Parasitic diseases/Parasitic diseases_74.jpg,5,Parasitic Disease,val
data/original/aquahealth/train_split/Parasitic diseases/Parasitic diseases_77.jpg,5,Parasitic Disease,val
data/original/aquahealth/train_split/Parasitic diseases/Parasitic diseases_82.jpg,5,Parasitic Disease,val
data/original/aquahealth/train_split/Parasitic diseases/Parasitic diseases_9.jpg,5,Parasitic Disease,val
data/original/aquahealth/train_split/Parasitic diseases/Parasitic diseases_aug_109.jpg,5,Parasitic Disease,val
data/original/aquahealth/train_split/Parasitic diseases/Parasitic diseases_aug_111.jpg,5,Parasitic Disease,val
data/original/aquahealth/train_split/Parasitic diseases/Parasitic diseases_aug_118.jpg,5,Parasitic Disease,val
data/original/aquahealth/train_split/Parasitic diseases/Parasitic diseases_aug_120.jpg,5,Parasitic Disease,val
data/original/aquahealth/train_split/Parasitic diseases/Parasitic diseases_aug_139.jpg,5,Parasitic Disease,val
data/original/aquahealth/train_split/Parasitic diseases/Parasitic diseases_aug_146.jpg,5,Parasitic Disease,val
data/original/aquahealth/train_split/Parasitic diseases/Parasitic diseases_aug_158.jpg,5,Parasitic Disease,val
data/original/aquahealth/train_split/Parasitic diseases/Parasitic diseases_aug_163.jpg,5,Parasitic Disease,val
data/original/aquahealth/train_split/Parasitic diseases/Parasitic diseases_aug_172.jpg,5,Parasitic Disease,val
data/original/aquahealth/train_split/Parasitic diseases/Parasitic diseases_aug_195.jpg,5,Parasitic Disease,val
data/original/aquahealth/train_split/Parasitic diseases/Parasitic diseases_aug_212.jpg,5,Parasitic Disease,val
data/original/aquahealth/train_split/Parasitic diseases/Parasitic diseases_aug_218.jpg,5,Parasitic Disease,val
data/original/aquahealth/train_split/Parasitic diseases/Parasitic diseases_aug_221.jpg,5,Parasitic Disease,val
data/original/aquahealth/train_split/Parasitic diseases/Parasitic diseases_aug_222.jpg,5,Parasitic Disease,val
data/original/aquahealth/train_split/Parasitic diseases/Parasitic diseases_aug_224.jpg,5,Parasitic Disease,val
data/original/aquahealth/train_split/Parasitic diseases/Parasitic diseases_aug_231.jpg,5,Parasitic Disease,val
data/original/aquahealth/train_split/Parasitic diseases/Parasitic diseases_aug_237.jpg,5,Parasitic Disease,val
data/original/aquahealth/train_split/Parasitic diseases/Parasitic diseases_aug_243.jpg,5,Parasitic Disease,val
data/original/aquahealth/train_split/Parasitic diseases/Parasitic diseases_aug_250.jpg,5,Parasitic Disease,val
data/original/aquahealth/train_split/Parasitic diseases/Parasitic diseases_aug_261.jpg,5,Parasitic Disease,val
data/original/aquahealth/train_split/Parasitic diseases/Parasitic diseases_aug_272.jpg,5,Parasitic Disease,val
data/original/aquahealth/train_split/Parasitic diseases/Parasitic diseases_aug_282.jpg,5,Parasitic Disease,val
data/original/aquahealth/train_split/Parasitic diseases/Parasitic diseases_aug_292.jpg,5,Parasitic Disease,val
data/original/aquahealth/train_split/Parasitic diseases/Parasitic diseases_aug_3.jpg,5,Parasitic Disease,val
data/original/aquahealth/train_split/Parasitic diseases/Parasitic diseases_aug_30.jpg,5,Parasitic Disease,val
data/original/aquahealth/train_split/Parasitic diseases/Parasitic diseases_aug_305.jpg,5,Parasitic Disease,val
data/original/aquahealth/train_split/Parasitic diseases/Parasitic diseases_aug_31.jpg,5,Parasitic Disease,val
data/original/aquahealth/train_split/Parasitic diseases/Parasitic diseases_aug_314.jpg,5,Parasitic Disease,val
data/original/aquahealth/train_split/Parasitic diseases/Parasitic diseases_aug_319.jpg,5,Parasitic Disease,val
data/original/aquahealth/train_split/Parasitic diseases/Parasitic diseases_aug_33.jpg,5,Parasitic Disease,val
data/original/aquahealth/train_split/Parasitic diseases/Parasitic diseases_aug_34.jpg,5,Parasitic Disease,val
data/original/aquahealth/train_split/Parasitic diseases/Parasitic diseases_aug_45.jpg,5,Parasitic Disease,val
data/original/aquahealth/train_split/Parasitic diseases/Parasitic diseases_aug_51.jpg,5,Parasitic Disease,val
data/original/aquahealth/train_split/Parasitic diseases/Parasitic diseases_aug_61.jpg,5,Parasitic Disease,val
data/original/aquahealth/train_split/Parasitic diseases/Parasitic diseases_aug_64.jpg,5,Parasitic Disease,val
data/original/aquahealth/test_split/Viral diseases White tail disease_Viral diseases White tail disease_221.jpg,6,White Tail Disease,val
data/original/aquahealth/test_split/Viral diseases White tail disease_Viral diseases White tail disease_77.jpg,6,White Tail Disease,val
data/original/aquahealth/train_split/Viral diseases White tail disease/Viral diseases White tail disease_104.jpg,6,White Tail Disease,val
data/original/aquahealth/train_split/Viral diseases White tail disease/Viral diseases White tail disease_114.jpg,6,White Tail Disease,val
data/original/aquahealth/train_split/Viral diseases White tail disease/Viral diseases White tail disease_126.jpg,6,White Tail Disease,val
data/original/aquahealth/train_split/Viral diseases White tail disease/Viral diseases White tail disease_127.jpg,6,White Tail Disease,val
data/original/aquahealth/train_split/Viral diseases White tail disease/Viral diseases White tail disease_128.jpg,6,White Tail Disease,val
data/original/aquahealth/train_split/Viral diseases White tail disease/Viral diseases White tail disease_155.jpg,6,White Tail Disease,val
data/original/aquahealth/train_split/Viral diseases White tail disease/Viral diseases White tail disease_167.jpg,6,White Tail Disease,val
data/original/aquahealth/train_split/Viral diseases White tail disease/Viral diseases White tail disease_170.jpg,6,White Tail Disease,val
data/original/aquahealth/train_split/Viral diseases White tail disease/Viral diseases White tail disease_18.jpg,6,White Tail Disease,val
data/original/aquahealth/train_split/Viral diseases White tail disease/Viral diseases White tail disease_202.jpg,6,White Tail Disease,val
data/original/aquahealth/train_split/Viral diseases White tail disease/Viral diseases White tail disease_244.jpg,6,White Tail Disease,val
data/original/aquahealth/train_split/Viral diseases White tail disease/Viral diseases White tail disease_29.jpg,6,White Tail Disease,val
data/original/aquahealth/train_split/Viral diseases White tail disease/Viral diseases White tail disease_32.png,6,White Tail Disease,val
data/original/aquahealth/train_split/Viral diseases White tail disease/Viral diseases White tail disease_35.jpg,6,White Tail Disease,val
data/original/aquahealth/train_split/Viral diseases White tail disease/Viral diseases White tail disease_46.jpg,6,White Tail Disease,val
data/original/aquahealth/train_split/Viral diseases White tail disease/Viral diseases White tail disease_55.png,6,White Tail Disease,val
data/original/aquahealth/train_split/Viral diseases White tail disease/Viral diseases White tail disease_71.jpg,6,White Tail Disease,val
data/original/aquahealth/train_split/Viral diseases White tail disease/Viral diseases White tail disease_72.jpg,6,White Tail Disease,val
data/original/aquahealth/train_split/Viral diseases White tail disease/Viral diseases White tail disease_74.jpg,6,White Tail Disease,val
data/original/aquahealth/train_split/Viral diseases White tail disease/Viral diseases White tail disease_76.jpg,6,White Tail Disease,val
data/original/aquahealth/train_split/Viral diseases White tail disease/Viral diseases White tail disease_aug_100.jpg,6,White Tail Disease,val
data/original/aquahealth/train_split/Viral diseases White tail disease/Viral diseases White tail disease_aug_111.jpg,6,White Tail Disease,val
data/original/aquahealth/train_split/Viral diseases White tail disease/Viral diseases White tail disease_aug_129.jpg,6,White Tail Disease,val
data/original/aquahealth/train_split/Viral diseases White tail disease/Viral diseases White tail disease_aug_148.jpg,6,White Tail Disease,val
data/original/aquahealth/train_split/Viral diseases White tail disease/Viral diseases White tail disease_aug_152.jpg,6,White Tail Disease,val
data/original/aquahealth/train_split/Viral diseases White tail disease/Viral diseases White tail disease_aug_156.jpg,6,White Tail Disease,val
data/original/aquahealth/train_split/Viral diseases White tail disease/Viral diseases White tail disease_aug_199.jpg,6,White Tail Disease,val
data/original/aquahealth/train_split/Viral diseases White tail disease/Viral diseases White tail disease_aug_203.jpg,6,White Tail Disease,val
data/original/aquahealth/train_split/Viral diseases White tail disease/Viral diseases White tail disease_aug_205.jpg,6,White Tail Disease,val
data/original/aquahealth/train_split/Viral diseases White tail disease/Viral diseases White tail disease_aug_228.jpg,6,White Tail Disease,val
data/original/aquahealth/train_split/Viral diseases White tail disease/Viral diseases White tail disease_aug_23.jpg,6,White Tail Disease,val
data/original/aquahealth/train_split/Viral diseases White tail disease/Viral diseases White tail disease_aug_237.jpg,6,White Tail Disease,val
data/original/aquahealth/train_split/Viral diseases White tail disease/Viral diseases White tail disease_aug_238.jpg,6,White Tail Disease,val
data/original/aquahealth/train_split/Viral diseases White tail disease/Viral diseases White tail disease_aug_263.jpg,6,White Tail Disease,val
data/original/aquahealth/train_split/Viral diseases White tail disease/Viral diseases White tail disease_aug_274.jpg,6,White Tail Disease,val
data/original/aquahealth/train_split/Viral diseases White tail disease/Viral diseases White tail disease_aug_280.jpg,6,White Tail Disease,val
data/original/aquahealth/train_split/Viral diseases White tail disease/Viral diseases White tail disease_aug_281.jpg,6,White Tail Disease,val
data/original/aquahealth/train_split/Viral diseases White tail disease/Viral diseases White tail disease_aug_298.jpg,6,White Tail Disease,val
data/original/aquahealth/train_split/Viral diseases White tail disease/Viral diseases White tail disease_aug_309.jpg,6,White Tail Disease,val
data/original/aquahealth/train_split/Viral diseases White tail disease/Viral diseases White tail disease_aug_315.jpg,6,White Tail Disease,val
data/original/aquahealth/train_split/Viral diseases White tail disease/Viral diseases White tail disease_aug_324.jpg,6,White Tail Disease,val
data/original/aquahealth/train_split/Viral diseases White tail disease/Viral diseases White tail disease_aug_325.jpg,6,White Tail Disease,val
data/original/aquahealth/train_split/Viral diseases White tail disease/Viral diseases White tail disease_aug_332.jpg,6,White Tail Disease,val
data/original/aquahealth/train_split/Viral diseases White tail disease/Viral diseases White tail disease_aug_348.jpg,6,White Tail Disease,val
data/original/aquahealth/train_split/Viral diseases White tail disease/Viral diseases White tail disease_aug_349.jpg,6,White Tail Disease,val
data/original/aquahealth/train_split/Viral diseases White tail disease/Viral diseases White tail disease_aug_35.jpg,6,White Tail Disease,val
data/original/aquahealth/train_split/Viral diseases White tail disease/Viral diseases White tail disease_aug_350.jpg,6,White Tail Disease,val
data/original/aquahealth/train_split/Viral diseases White tail disease/Viral diseases White tail disease_aug_362.jpg,6,White Tail Disease,val
data/original/aquahealth/train_split/Viral diseases White tail disease/Viral diseases White tail disease_aug_368.jpg,6,White Tail Disease,val
data/original/aquahealth/train_split/Viral diseases White tail disease/Viral diseases White tail disease_aug_43.jpg,6,White Tail Disease,val
data/original/aquahealth/train_split/Viral diseases White tail disease/Viral diseases White tail disease_aug_52.jpg,6,White Tail Disease,val
data/original/aquahealth/train_split/Viral diseases White tail disease/Viral diseases White tail disease_aug_54.jpg,6,White Tail Disease,val
data/original/aquahealth/train_split/Viral diseases White tail disease/Viral diseases White tail disease_aug_57.jpg,6,White Tail Disease,val
data/original/aquahealth/train_split/Viral diseases White tail disease/Viral diseases White tail disease_aug_66.jpg,6,White Tail Disease,val
data/original/aquahealth/train_split/Viral diseases White tail disease/Viral diseases White tail disease_aug_73.jpg,6,White Tail Disease,val
data/original/aquahealth/train_split/Viral diseases White tail disease/Viral diseases White tail disease_aug_75.jpg,6,White Tail Disease,val
data/original/aquahealth/train_split/Viral diseases White tail disease/Viral diseases White tail disease_aug_85.jpg,6,White Tail Disease,val
data/original/aquahealth/train_split/Viral diseases White tail disease/Viral diseases White tail disease_aug_86.jpg,6,White Tail Disease,val
data/original/aquahealth/train_split/Viral diseases White tail disease/Viral diseases White tail disease_aug_90.jpg,6,White Tail Disease,val
data/original/aquahealth/train_split/Viral diseases White tail disease/Viral diseases White tail disease_aug_97.jpg,6,White Tail Disease,val
data/original/aquahealth/test_split/Healthy Fish_Healthy Fish_163.jpg,7,Healthy Fish,val
data/original/aquahealth/test_split/Healthy Fish_Healthy Fish_249.jpg,7,Healthy Fish,val
data/original/aquahealth/test_split/Healthy Fish_Healthy Fish_294.jpg,7,Healthy Fish,val
data/original/aquahealth/test_split/Healthy Fish_Healthy Fish_317.jpg,7,Healthy Fish,val
data/original/aquahealth/test_split/Healthy Fish_Healthy Fish_419.jpg,7,Healthy Fish,val
data/original/aquahealth/test_split/Healthy Fish_Healthy Fish_466.jpg,7,Healthy Fish,val
data/original/aquahealth/test_split/Healthy Fish_Healthy Fish_474.jpg,7,Healthy Fish,val
data/original/aquahealth/test_split/Healthy Fish_Healthy Fish_482.jpg,7,Healthy Fish,val
data/original/aquahealth/train_split/Healthy Fish/Healthy Fish_119.jpg,7,Healthy Fish,val
data/original/aquahealth/train_split/Healthy Fish/Healthy Fish_154.jpg,7,Healthy Fish,val
data/original/aquahealth/train_split/Healthy Fish/Healthy Fish_160.jpg,7,Healthy Fish,val
data/original/aquahealth/train_split/Healthy Fish/Healthy Fish_169.jpg,7,Healthy Fish,val
data/original/aquahealth/train_split/Healthy Fish/Healthy Fish_179.jpg,7,Healthy Fish,val
data/original/aquahealth/train_split/Healthy Fish/Healthy Fish_190.jpg,7,Healthy Fish,val
data/original/aquahealth/train_split/Healthy Fish/Healthy Fish_208.jpg,7,Healthy Fish,val
data/original/aquahealth/train_split/Healthy Fish/Healthy Fish_211.jpg,7,Healthy Fish,val
data/original/aquahealth/train_split/Healthy Fish/Healthy Fish_224.jpg,7,Healthy Fish,val
data/original/aquahealth/train_split/Healthy Fish/Healthy Fish_253.jpg,7,Healthy Fish,val
data/original/aquahealth/train_split/Healthy Fish/Healthy Fish_271.jpg,7,Healthy Fish,val
data/original/aquahealth/train_split/Healthy Fish/Healthy Fish_282.jpg,7,Healthy Fish,val
data/original/aquahealth/train_split/Healthy Fish/Healthy Fish_298.jpg,7,Healthy Fish,val
data/original/aquahealth/train_split/Healthy Fish/Healthy Fish_301.jpg,7,Healthy Fish,val
data/original/aquahealth/train_split/Healthy Fish/Healthy Fish_318.jpg,7,Healthy Fish,val
data/original/aquahealth/train_split/Healthy Fish/Healthy Fish_325.jpg,7,Healthy Fish,val
data/original/aquahealth/train_split/Healthy Fish/Healthy Fish_341.jpg,7,Healthy Fish,val
data/original/aquahealth/train_split/Healthy Fish/Healthy Fish_364.jpg,7,Healthy Fish,val
data/original/aquahealth/train_split/Healthy Fish/Healthy Fish_372.jpg,7,Healthy Fish,val
data/original/aquahealth/train_split/Healthy Fish/Healthy Fish_378.jpg,7,Healthy Fish,val
data/original/aquahealth/train_split/Healthy Fish/Healthy Fish_384.jpg,7,Healthy Fish,val
data/original/aquahealth/train_split/Healthy Fish/Healthy Fish_403.jpg,7,Healthy Fish,val
data/original/aquahealth/train_split/Healthy Fish/Healthy Fish_406.jpg,7,Healthy Fish,val
data/original/aquahealth/train_split/Healthy Fish/Healthy Fish_427.jpg,7,Healthy Fish,val
data/original/aquahealth/train_split/Healthy Fish/Healthy Fish_438.jpg,7,Healthy Fish,val
data/original/aquahealth/train_split/Healthy Fish/Healthy Fish_457.jpg,7,Healthy Fish,val
data/original/aquahealth/train_split/Healthy Fish/Healthy Fish_54.jpg,7,Healthy Fish,val
data/original/aquahealth/train_split/Healthy Fish/Healthy Fish_aug_0.jpg,7,Healthy Fish,val
data/original/aquahealth/train_split/Healthy Fish/Healthy Fish_aug_105.jpg,7,Healthy Fish,val
data/original/aquahealth/train_split/Healthy Fish/Healthy Fish_aug_115.jpg,7,Healthy Fish,val
data/original/aquahealth/train_split/Healthy Fish/Healthy Fish_aug_124.jpg,7,Healthy Fish,val
data/original/aquahealth/train_split/Healthy Fish/Healthy Fish_aug_129.jpg,7,Healthy Fish,val
data/original/aquahealth/train_split/Healthy Fish/Healthy Fish_aug_13.jpg,7,Healthy Fish,val
data/original/aquahealth/train_split/Healthy Fish/Healthy Fish_aug_131.jpg,7,Healthy Fish,val
data/original/aquahealth/train_split/Healthy Fish/Healthy Fish_aug_132.jpg,7,Healthy Fish,val
data/original/aquahealth/train_split/Healthy Fish/Healthy Fish_aug_135.jpg,7,Healthy Fish,val
data/original/aquahealth/train_split/Healthy Fish/Healthy Fish_aug_156.jpg,7,Healthy Fish,val
data/original/aquahealth/train_split/Healthy Fish/Healthy Fish_aug_164.jpg,7,Healthy Fish,val
data/original/aquahealth/train_split/Healthy Fish/Healthy Fish_aug_169.jpg,7,Healthy Fish,val
data/original/aquahealth/train_split/Healthy Fish/Healthy Fish_aug_17.jpg,7,Healthy Fish,val
data/original/aquahealth/train_split/Healthy Fish/Healthy Fish_aug_196.jpg,7,Healthy Fish,val
data/original/aquahealth/train_split/Healthy Fish/Healthy Fish_aug_207.jpg,7,Healthy Fish,val
data/original/aquahealth/train_split/Healthy Fish/Healthy Fish_aug_210.jpg,7,Healthy Fish,val
data/original/aquahealth/train_split/Healthy Fish/Healthy Fish_aug_211.jpg,7,Healthy Fish,val
data/original/aquahealth/train_split/Healthy Fish/Healthy Fish_aug_214.jpg,7,Healthy Fish,val
data/original/aquahealth/train_split/Healthy Fish/Healthy Fish_aug_224.jpg,7,Healthy Fish,val
data/original/aquahealth/train_split/Healthy Fish/Healthy Fish_aug_229.jpg,7,Healthy Fish,val
data/original/aquahealth/train_split/Healthy Fish/Healthy Fish_aug_233.jpg,7,Healthy Fish,val
data/original/aquahealth/train_split/Healthy Fish/Healthy Fish_aug_235.jpg,7,Healthy Fish,val
data/original/aquahealth/train_split/Healthy Fish/Healthy Fish_aug_236.jpg,7,Healthy Fish,val
data/original/aquahealth/train_split/Healthy Fish/Healthy Fish_aug_35.jpg,7,Healthy Fish,val
data/original/aquahealth/train_split/Healthy Fish/Healthy Fish_aug_51.jpg,7,Healthy Fish,val
data/original/aquahealth/train_split/Healthy Fish/Healthy Fish_aug_57.jpg,7,Healthy Fish,val
data/original/aquahealth/train_split/Healthy Fish/Healthy Fish_aug_58.jpg,7,Healthy Fish,val
data/original/aquahealth/train_split/Healthy Fish/Healthy Fish_aug_69.jpg,7,Healthy Fish,val
data/original/aquahealth/train_split/Healthy Fish/Healthy Fish_aug_71.jpg,7,Healthy Fish,val
data/original/aquahealth/train_split/Healthy Fish/Healthy Fish_aug_9.jpg,7,Healthy Fish,val
data/original/aquahealth/train_split/Healthy Fish/Healthy Fish_aug_97.jpg,7,Healthy Fish,val
data/original/aquahealth/test_split/Bacterial Red disease_Bacterial Red disease_129.jpg,0,Bacterial Red Disease,test
data/original/aquahealth/test_split/Bacterial Red disease_Bacterial Red disease_130.jpg,0,Bacterial Red Disease,test
data/original/aquahealth/test_split/Bacterial Red disease_Bacterial Red disease_164.jpg,0,Bacterial Red Disease,test
data/original/aquahealth/test_split/Bacterial Red disease_Bacterial Red disease_20.jpeg,0,Bacterial Red Disease,test
data/original/aquahealth/test_split/Bacterial Red disease_Bacterial Red disease_39.jpg,0,Bacterial Red Disease,test
data/original/aquahealth/train_split/Bacterial Red disease/Bacterial Red disease_122.jpg,0,Bacterial Red Disease,test
data/original/aquahealth/train_split/Bacterial Red disease/Bacterial Red disease_134.jpg,0,Bacterial Red Disease,test
data/original/aquahealth/train_split/Bacterial Red disease/Bacterial Red disease_159.jpg,0,Bacterial Red Disease,test
data/original/aquahealth/train_split/Bacterial Red disease/Bacterial Red disease_162.jpg,0,Bacterial Red Disease,test
data/original/aquahealth/train_split/Bacterial Red disease/Bacterial Red disease_174.jpg,0,Bacterial Red Disease,test
data/original/aquahealth/train_split/Bacterial Red disease/Bacterial Red disease_179.jpg,0,Bacterial Red Disease,test
data/original/aquahealth/train_split/Bacterial Red disease/Bacterial Red disease_189.jpg,0,Bacterial Red Disease,test
data/original/aquahealth/train_split/Bacterial Red disease/Bacterial Red disease_192.jpg,0,Bacterial Red Disease,test
data/original/aquahealth/train_split/Bacterial Red disease/Bacterial Red disease_197.jpg,0,Bacterial Red Disease,test
data/original/aquahealth/train_split/Bacterial Red disease/Bacterial Red disease_250.jpg,0,Bacterial Red Disease,test
data/original/aquahealth/train_split/Bacterial Red disease/Bacterial Red disease_40.jpg,0,Bacterial Red Disease,test
data/original/aquahealth/train_split/Bacterial Red disease/Bacterial Red disease_49.jpg,0,Bacterial Red Disease,test
data/original/aquahealth/train_split/Bacterial Red disease/Bacterial Red disease_70.jpg,0,Bacterial Red Disease,test
data/original/aquahealth/train_split/Bacterial Red disease/Bacterial Red disease_85.jpg,0,Bacterial Red Disease,test
data/original/aquahealth/train_split/Bacterial Red disease/Bacterial Red disease_93.jpg,0,Bacterial Red Disease,test
data/original/aquahealth/train_split/Bacterial Red disease/Bacterial Red disease_aug_1.jpg,0,Bacterial Red Disease,test
data/original/aquahealth/train_split/Bacterial Red disease/Bacterial Red disease_aug_115.jpg,0,Bacterial Red Disease,test
data/original/aquahealth/train_split/Bacterial Red disease/Bacterial Red disease_aug_129.jpg,0,Bacterial Red Disease,test
data/original/aquahealth/train_split/Bacterial Red disease/Bacterial Red disease_aug_132.jpg,0,Bacterial Red Disease,test
data/original/aquahealth/train_split/Bacterial Red disease/Bacterial Red disease_aug_169.jpg,0,Bacterial Red Disease,test
data/original/aquahealth/train_split/Bacterial Red disease/Bacterial Red disease_aug_171.jpg,0,Bacterial Red Disease,test
data/original/aquahealth/train_split/Bacterial Red disease/Bacterial Red disease_aug_18.jpg,0,Bacterial Red Disease,test
data/original/aquahealth/train_split/Bacterial Red disease/Bacterial Red disease_aug_182.jpg,0,Bacterial Red Disease,test
data/original/aquahealth/train_split/Bacterial Red disease/Bacterial Red disease_aug_190.jpg,0,Bacterial Red Disease,test
data/original/aquahealth/train_split/Bacterial Red disease/Bacterial Red disease_aug_194.jpg,0,Bacterial Red Disease,test
data/original/aquahealth/train_split/Bacterial Red disease/Bacterial Red disease_aug_197.jpg,0,Bacterial Red Disease,test
data/original/aquahealth/train_split/Bacterial Red disease/Bacterial Red disease_aug_20.jpg,0,Bacterial Red Disease,test
data/original/aquahealth/train_split/Bacterial Red disease/Bacterial Red disease_aug_205.jpg,0,Bacterial Red Disease,test
data/original/aquahealth/train_split/Bacterial Red disease/Bacterial Red disease_aug_215.jpg,0,Bacterial Red Disease,test
data/original/aquahealth/train_split/Bacterial Red disease/Bacterial Red disease_aug_22.jpg,0,Bacterial Red Disease,test
data/original/aquahealth/train_split/Bacterial Red disease/Bacterial Red disease_aug_228.jpg,0,Bacterial Red Disease,test
data/original/aquahealth/train_split/Bacterial Red disease/Bacterial Red disease_aug_242.jpg,0,Bacterial Red Disease,test
data/original/aquahealth/train_split/Bacterial Red disease/Bacterial Red disease_aug_249.jpg,0,Bacterial Red Disease,test
data/original/aquahealth/train_split/Bacterial Red disease/Bacterial Red disease_aug_251.jpg,0,Bacterial Red Disease,test
data/original/aquahealth/train_split/Bacterial Red disease/Bacterial Red disease_aug_264.jpg,0,Bacterial Red Disease,test
data/original/aquahealth/train_split/Bacterial Red disease/Bacterial Red disease_aug_269.jpg,0,Bacterial Red Disease,test
data/original/aquahealth/train_split/Bacterial Red disease/Bacterial Red disease_aug_274.jpg,0,Bacterial Red Disease,test
data/original/aquahealth/train_split/Bacterial Red disease/Bacterial Red disease_aug_276.jpg,0,Bacterial Red Disease,test
data/original/aquahealth/train_split/Bacterial Red disease/Bacterial Red disease_aug_277.jpg,0,Bacterial Red Disease,test
data/original/aquahealth/train_split/Bacterial Red disease/Bacterial Red disease_aug_29.jpg,0,Bacterial Red Disease,test
data/original/aquahealth/train_split/Bacterial Red disease/Bacterial Red disease_aug_301.jpg,0,Bacterial Red Disease,test
data/original/aquahealth/train_split/Bacterial Red disease/Bacterial Red disease_aug_308.jpg,0,Bacterial Red Disease,test
data/original/aquahealth/train_split/Bacterial Red disease/Bacterial Red disease_aug_326.jpg,0,Bacterial Red Disease,test
data/original/aquahealth/train_split/Bacterial Red disease/Bacterial Red disease_aug_327.jpg,0,Bacterial Red Disease,test
data/original/aquahealth/train_split/Bacterial Red disease/Bacterial Red disease_aug_337.jpg,0,Bacterial Red Disease,test
data/original/aquahealth/train_split/Bacterial Red disease/Bacterial Red disease_aug_344.jpg,0,Bacterial Red Disease,test
data/original/aquahealth/train_split/Bacterial Red disease/Bacterial Red disease_aug_35.jpg,0,Bacterial Red Disease,test
data/original/aquahealth/train_split/Bacterial Red disease/Bacterial Red disease_aug_75.jpg,0,Bacterial Red Disease,test
data/original/aquahealth/train_split/Bacterial Red disease/Bacterial Red disease_aug_77.jpg,0,Bacterial Red Disease,test
data/original/aquahealth/train_split/Bacterial Red disease/Bacterial Red disease_aug_78.jpg,0,Bacterial Red Disease,test
data/original/aquahealth/train_split/Bacterial Red disease/Bacterial Red disease_aug_80.jpg,0,Bacterial Red Disease,test
data/original/aquahealth/train_split/Bacterial Red disease/Bacterial Red disease_aug_83.jpg,0,Bacterial Red Disease,test
data/original/aquahealth/train_split/Bacterial Red disease/Bacterial Red disease_aug_85.jpg,0,Bacterial Red Disease,test
data/original/aquahealth/train_split/Bacterial Red disease/Bacterial Red disease_aug_87.jpg,0,Bacterial Red Disease,test
data/original/aquahealth/train_split/Bacterial Red disease/Bacterial Red disease_aug_90.jpg,0,Bacterial Red Disease,test
data/original/aquahealth/train_split/Bacterial Red disease/Bacterial Red disease_aug_93.jpg,0,Bacterial Red Disease,test
data/original/aquahealth/train_split/Bacterial Red disease/Bacterial Red disease_aug_98.jpg,0,Bacterial Red Disease,test
data/original/aquahealth/test_split/Bacterial diseases - Aeromoniasis_Bacterial diseases - Aeromoniasis_122.jpg,1,Aeromoniasis,test
data/original/aquahealth/test_split/Bacterial diseases - Aeromoniasis_Bacterial diseases - Aeromoniasis_144.jpg,1,Aeromoniasis,test
data/original/aquahealth/test_split/Bacterial diseases - Aeromoniasis_Bacterial diseases - Aeromoniasis_161.jpg,1,Aeromoniasis,test
data/original/aquahealth/test_split/Bacterial diseases - Aeromoniasis_Bacterial diseases - Aeromoniasis_182.jpg,1,Aeromoniasis,test
data/original/aquahealth/test_split/Bacterial diseases - Aeromoniasis_Bacterial diseases - Aeromoniasis_6.jpg,1,Aeromoniasis,test
data/original/aquahealth/train_split/Bacterial diseases - Aeromoniasis/Bacterial diseases - Aeromoniasis_108.jpg,1,Aeromoniasis,test
data/original/aquahealth/train_split/Bacterial diseases - Aeromoniasis/Bacterial diseases - Aeromoniasis_110.jpg,1,Aeromoniasis,test
data/original/aquahealth/train_split/Bacterial diseases - Aeromoniasis/Bacterial diseases - Aeromoniasis_114.jpeg,1,Aeromoniasis,test
data/original/aquahealth/train_split/Bacterial diseases - Aeromoniasis/Bacterial diseases - Aeromoniasis_120.jpg,1,Aeromoniasis,test
data/original/aquahealth/train_split/Bacterial diseases - Aeromoniasis/Bacterial diseases - Aeromoniasis_132.jpg,1,Aeromoniasis,test
data/original/aquahealth/train_split/Bacterial diseases - Aeromoniasis/Bacterial diseases - Aeromoniasis_136.jpg,1,Aeromoniasis,test
data/original/aquahealth/train_split/Bacterial diseases - Aeromoniasis/Bacterial diseases - Aeromoniasis_152.jpg,1,Aeromoniasis,test
data/original/aquahealth/train_split/Bacterial diseases - Aeromoniasis/Bacterial diseases - Aeromoniasis_18.jpg,1,Aeromoniasis,test
data/original/aquahealth/train_split/Bacterial diseases - Aeromoniasis/Bacterial diseases - Aeromoniasis_181.jpg,1,Aeromoniasis,test
data/original/aquahealth/train_split/Bacterial diseases - Aeromoniasis/Bacterial diseases - Aeromoniasis_183.jpg,1,Aeromoniasis,test
data/original/aquahealth/train_split/Bacterial diseases - Aeromoniasis/Bacterial diseases - Aeromoniasis_187.jpg,1,Aeromoniasis,test
data/original/aquahealth/train_split/Bacterial diseases - Aeromoniasis/Bacterial diseases - Aeromoniasis_2.jpg,1,Aeromoniasis,test
data/original/aquahealth/train_split/Bacterial diseases - Aeromoniasis/Bacterial diseases - Aeromoniasis_209.jpg,1,Aeromoniasis,test
data/original/aquahealth/train_split/Bacterial diseases - Aeromoniasis/Bacterial diseases - Aeromoniasis_231.jpg,1,Aeromoniasis,test
data/original/aquahealth/train_split/Bacterial diseases - Aeromoniasis/Bacterial diseases - Aeromoniasis_232.jpg,1,Aeromoniasis,test
data/original/aquahealth/train_split/Bacterial diseases - Aeromoniasis/Bacterial diseases - Aeromoniasis_247.jpg,1,Aeromoniasis,test
data/original/aquahealth/train_split/Bacterial diseases - Aeromoniasis/Bacterial diseases - Aeromoniasis_31.jpg,1,Aeromoniasis,test
data/original/aquahealth/train_split/Bacterial diseases - Aeromoniasis/Bacterial diseases - Aeromoniasis_35.jpg,1,Aeromoniasis,test
data/original/aquahealth/train_split/Bacterial diseases - Aeromoniasis/Bacterial diseases - Aeromoniasis_36.jpg,1,Aeromoniasis,test
data/original/aquahealth/train_split/Bacterial diseases - Aeromoniasis/Bacterial diseases - Aeromoniasis_47.jpg,1,Aeromoniasis,test
data/original/aquahealth/train_split/Bacterial diseases - Aeromoniasis/Bacterial diseases - Aeromoniasis_63.jpg,1,Aeromoniasis,test
data/original/aquahealth/train_split/Bacterial diseases - Aeromoniasis/Bacterial diseases - Aeromoniasis_72.jpg,1,Aeromoniasis,test
data/original/aquahealth/train_split/Bacterial diseases - Aeromoniasis/Bacterial diseases - Aeromoniasis_91.jpg,1,Aeromoniasis,test
data/original/aquahealth/train_split/Bacterial diseases - Aeromoniasis/Bacterial diseases - Aeromoniasis_99.jpg,1,Aeromoniasis,test
data/original/aquahealth/train_split/Bacterial diseases - Aeromoniasis/Bacterial diseases - Aeromoniasis_aug_10.jpg,1,Aeromoniasis,test
data/original/aquahealth/train_split/Bacterial diseases - Aeromoniasis/Bacterial diseases - Aeromoniasis_aug_115.jpg,1,Aeromoniasis,test
data/original/aquahealth/train_split/Bacterial diseases - Aeromoniasis/Bacterial diseases - Aeromoniasis_aug_117.jpg,1,Aeromoniasis,test
data/original/aquahealth/train_split/Bacterial diseases - Aeromoniasis/Bacterial diseases - Aeromoniasis_aug_118.jpg,1,Aeromoniasis,test
data/original/aquahealth/train_split/Bacterial diseases - Aeromoniasis/Bacterial diseases - Aeromoniasis_aug_120.jpg,1,Aeromoniasis,test
data/original/aquahealth/train_split/Bacterial diseases - Aeromoniasis/Bacterial diseases - Aeromoniasis_aug_127.jpg,1,Aeromoniasis,test
data/original/aquahealth/train_split/Bacterial diseases - Aeromoniasis/Bacterial diseases - Aeromoniasis_aug_134.jpg,1,Aeromoniasis,test
data/original/aquahealth/train_split/Bacterial diseases - Aeromoniasis/Bacterial diseases - Aeromoniasis_aug_138.jpg,1,Aeromoniasis,test
data/original/aquahealth/train_split/Bacterial diseases - Aeromoniasis/Bacterial diseases - Aeromoniasis_aug_144.jpg,1,Aeromoniasis,test
data/original/aquahealth/train_split/Bacterial diseases - Aeromoniasis/Bacterial diseases - Aeromoniasis_aug_159.jpg,1,Aeromoniasis,test
data/original/aquahealth/train_split/Bacterial diseases - Aeromoniasis/Bacterial diseases - Aeromoniasis_aug_164.jpg,1,Aeromoniasis,test
data/original/aquahealth/train_split/Bacterial diseases - Aeromoniasis/Bacterial diseases - Aeromoniasis_aug_167.jpg,1,Aeromoniasis,test
data/original/aquahealth/train_split/Bacterial diseases - Aeromoniasis/Bacterial diseases - Aeromoniasis_aug_180.jpg,1,Aeromoniasis,test
data/original/aquahealth/train_split/Bacterial diseases - Aeromoniasis/Bacterial diseases - Aeromoniasis_aug_182.jpg,1,Aeromoniasis,test
data/original/aquahealth/train_split/Bacterial diseases - Aeromoniasis/Bacterial diseases - Aeromoniasis_aug_188.jpg,1,Aeromoniasis,test
data/original/aquahealth/train_split/Bacterial diseases - Aeromoniasis/Bacterial diseases - Aeromoniasis_aug_217.jpg,1,Aeromoniasis,test
data/original/aquahealth/train_split/Bacterial diseases - Aeromoniasis/Bacterial diseases - Aeromoniasis_aug_230.jpg,1,Aeromoniasis,test
data/original/aquahealth/train_split/Bacterial diseases - Aeromoniasis/Bacterial diseases - Aeromoniasis_aug_24.jpg,1,Aeromoniasis,test
data/original/aquahealth/train_split/Bacterial diseases - Aeromoniasis/Bacterial diseases - Aeromoniasis_aug_240.jpg,1,Aeromoniasis,test
data/original/aquahealth/train_split/Bacterial diseases - Aeromoniasis/Bacterial diseases - Aeromoniasis_aug_241.jpg,1,Aeromoniasis,test
data/original/aquahealth/train_split/Bacterial diseases - Aeromoniasis/Bacterial diseases - Aeromoniasis_aug_242.jpg,1,Aeromoniasis,test
data/original/aquahealth/train_split/Bacterial diseases - Aeromoniasis/Bacterial diseases - Aeromoniasis_aug_249.jpg,1,Aeromoniasis,test
data/original/aquahealth/train_split/Bacterial diseases - Aeromoniasis/Bacterial diseases - Aeromoniasis_aug_25.jpg,1,Aeromoniasis,test
data/original/aquahealth/train_split/Bacterial diseases - Aeromoniasis/Bacterial diseases - Aeromoniasis_aug_253.jpg,1,Aeromoniasis,test
data/original/aquahealth/train_split/Bacterial diseases - Aeromoniasis/Bacterial diseases - Aeromoniasis_aug_259.jpg,1,Aeromoniasis,test
data/original/aquahealth/train_split/Bacterial diseases - Aeromoniasis/Bacterial diseases - Aeromoniasis_aug_26.jpg,1,Aeromoniasis,test
data/original/aquahealth/train_split/Bacterial diseases - Aeromoniasis/Bacterial diseases - Aeromoniasis_aug_267.jpg,1,Aeromoniasis,test
data/original/aquahealth/train_split/Bacterial diseases - Aeromoniasis/Bacterial diseases - Aeromoniasis_aug_35.jpg,1,Aeromoniasis,test
data/original/aquahealth/train_split/Bacterial diseases - Aeromoniasis/Bacterial diseases - Aeromoniasis_aug_38.jpg,1,Aeromoniasis,test
data/original/aquahealth/train_split/Bacterial diseases - Aeromoniasis/Bacterial diseases - Aeromoniasis_aug_40.jpg,1,Aeromoniasis,test
data/original/aquahealth/train_split/Bacterial diseases - Aeromoniasis/Bacterial diseases - Aeromoniasis_aug_45.jpg,1,Aeromoniasis,test
data/original/aquahealth/train_split/Bacterial diseases - Aeromoniasis/Bacterial diseases - Aeromoniasis_aug_47.jpg,1,Aeromoniasis,test
data/original/aquahealth/train_split/Bacterial diseases - Aeromoniasis/Bacterial diseases - Aeromoniasis_aug_61.jpg,1,Aeromoniasis,test
data/original/aquahealth/train_split/Bacterial diseases - Aeromoniasis/Bacterial diseases - Aeromoniasis_aug_62.jpg,1,Aeromoniasis,test
data/original/aquahealth/train_split/Bacterial diseases - Aeromoniasis/Bacterial diseases - Aeromoniasis_aug_88.jpg,1,Aeromoniasis,test
data/original/aquahealth/train_split/Bacterial diseases - Aeromoniasis/Bacterial diseases - Aeromoniasis_aug_92.jpg,1,Aeromoniasis,test
data/original/aquahealth/train_split/Bacterial diseases - Aeromoniasis/Bacterial diseases - Aeromoniasis_aug_98.jpg,1,Aeromoniasis,test
data/original/aquahealth/test_split/Bacterial gill disease_Bacterial gill disease_10.jpeg,2,Bacterial Gill Disease,test
data/original/aquahealth/test_split/Bacterial gill disease_Bacterial gill disease_228.jpg,2,Bacterial Gill Disease,test
data/original/aquahealth/test_split/Bacterial gill disease_Bacterial gill disease_23.jpg,2,Bacterial Gill Disease,test
data/original/aquahealth/test_split/Bacterial gill disease_Bacterial gill disease_248.jpg,2,Bacterial Gill Disease,test
data/original/aquahealth/test_split/Bacterial gill disease_Bacterial gill disease_288.jpg,2,Bacterial Gill Disease,test
data/original/aquahealth/test_split/Bacterial gill disease_Bacterial gill disease_35.png,2,Bacterial Gill Disease,test
data/original/aquahealth/test_split/Bacterial gill disease_Bacterial gill disease_6.jpg,2,Bacterial Gill Disease,test
data/original/aquahealth/train_split/Bacterial gill disease/Bacterial gill disease_118.jpg,2,Bacterial Gill Disease,test
data/original/aquahealth/train_split/Bacterial gill disease/Bacterial gill disease_130.jpg,2,Bacterial Gill Disease,test
data/original/aquahealth/train_split/Bacterial gill disease/Bacterial gill disease_135.jpg,2,Bacterial Gill Disease,test
data/original/aquahealth/train_split/Bacterial gill disease/Bacterial gill disease_159.jpg,2,Bacterial Gill Disease,test
data/original/aquahealth/train_split/Bacterial gill disease/Bacterial gill disease_162.jpg,2,Bacterial Gill Disease,test
data/original/aquahealth/train_split/Bacterial gill disease/Bacterial gill disease_167.jpg,2,Bacterial Gill Disease,test
data/original/aquahealth/train_split/Bacterial gill disease/Bacterial gill disease_175.jpg,2,Bacterial Gill Disease,test
data/original/aquahealth/train_split/Bacterial gill disease/Bacterial gill disease_182.jpg,2,Bacterial Gill Disease,test
data/original/aquahealth/train_split/Bacterial gill disease/Bacterial gill disease_19.jpg,2,Bacterial Gill Disease,test
data/original/aquahealth/train_split/Bacterial gill disease/Bacterial gill disease_201.jpg,2,Bacterial Gill Disease,test
data/original/aquahealth/train_split/Bacterial gill disease/Bacterial gill disease_202.jpg,2,Bacterial Gill Disease,test
data/original/aquahealth/train_split/Bacterial gill disease/Bacterial gill disease_21.jpg,2,Bacterial Gill Disease,test
data/original/aquahealth/train_split/Bacterial gill disease/Bacterial gill disease_216.jpg,2,Bacterial Gill Disease,test
data/original/aquahealth/train_split/Bacterial gill disease/Bacterial gill disease_218.jpg,2,Bacterial Gill Disease,test
data/original/aquahealth/train_split/Bacterial gill disease/Bacterial gill disease_224.jpg,2,Bacterial Gill Disease,test
data/original/aquahealth/train_split/Bacterial gill disease/Bacterial gill disease_229.jpg,2,Bacterial Gill Disease,test
data/original/aquahealth/train_split/Bacterial gill disease/Bacterial gill disease_235.jpg,2,Bacterial Gill Disease,test
data/original/aquahealth/train_split/Bacterial gill disease/Bacterial gill disease_236.jpg,2,Bacterial Gill Disease,test
data/original/aquahealth/train_split/Bacterial gill disease/Bacterial gill disease_24.jpeg,2,Bacterial Gill Disease,test
data/original/aquahealth/train_split/Bacterial gill disease/Bacterial gill disease_244.jpg,2,Bacterial Gill Disease,test
data/original/aquahealth/train_split/Bacterial gill disease/Bacterial gill disease_250.jpg,2,Bacterial Gill Disease,test
data/original/aquahealth/train_split/Bacterial gill disease/Bacterial gill disease_252.jpg,2,Bacterial Gill Disease,test
data/original/aquahealth/train_split/Bacterial gill disease/Bacterial gill disease_260.jpg,2,Bacterial Gill Disease,test
data/original/aquahealth/train_split/Bacterial gill disease/Bacterial gill disease_267.jpg,2,Bacterial Gill Disease,test
data/original/aquahealth/train_split/Bacterial gill disease/Bacterial gill disease_279.jpg,2,Bacterial Gill Disease,test
data/original/aquahealth/train_split/Bacterial gill disease/Bacterial gill disease_318.jpg,2,Bacterial Gill Disease,test
data/original/aquahealth/train_split/Bacterial gill disease/Bacterial gill disease_357.jpg,2,Bacterial Gill Disease,test
data/original/aquahealth/train_split/Bacterial gill disease/Bacterial gill disease_358.jpg,2,Bacterial Gill Disease,test
data/original/aquahealth/train_split/Bacterial gill disease/Bacterial gill disease_372.jpg,2,Bacterial Gill Disease,test
data/original/aquahealth/train_split/Bacterial gill disease/Bacterial gill disease_38.jpg,2,Bacterial Gill Disease,test
data/original/aquahealth/train_split/Bacterial gill disease/Bacterial gill disease_381.jpg,2,Bacterial Gill Disease,test
data/original/aquahealth/train_split/Bacterial gill disease/Bacterial gill disease_403.jpg,2,Bacterial Gill Disease,test
data/original/aquahealth/train_split/Bacterial gill disease/Bacterial gill disease_49.jpg,2,Bacterial Gill Disease,test
data/original/aquahealth/train_split/Bacterial gill disease/Bacterial gill disease_5.jpg,2,Bacterial Gill Disease,test
data/original/aquahealth/train_split/Bacterial gill disease/Bacterial gill disease_57.jpg,2,Bacterial Gill Disease,test
data/original/aquahealth/train_split/Bacterial gill disease/Bacterial gill disease_62.png,2,Bacterial Gill Disease,test
data/original/aquahealth/train_split/Bacterial gill disease/Bacterial gill disease_71.jpg,2,Bacterial Gill Disease,test
data/original/aquahealth/train_split/Bacterial gill disease/Bacterial gill disease_aug_102.jpg,2,Bacterial Gill Disease,test
data/original/aquahealth/train_split/Bacterial gill disease/Bacterial gill disease_aug_137.jpg,2,Bacterial Gill Disease,test
data/original/aquahealth/train_split/Bacterial gill disease/Bacterial gill disease_aug_138.jpg,2,Bacterial Gill Disease,test
data/original/aquahealth/train_split/Bacterial gill disease/Bacterial gill disease_aug_172.jpg,2,Bacterial Gill Disease,test
data/original/aquahealth/train_split/Bacterial gill disease/Bacterial gill disease_aug_200.jpg,2,Bacterial Gill Disease,test
data/original/aquahealth/train_split/Bacterial gill disease/Bacterial gill disease_aug_209.jpg,2,Bacterial Gill Disease,test
data/original/aquahealth/train_split/Bacterial gill disease/Bacterial gill disease_aug_211.jpg,2,Bacterial Gill Disease,test
data/original/aquahealth/train_split/Bacterial gill disease/Bacterial gill disease_aug_219.jpg,2,Bacterial Gill Disease,test
data/original/aquahealth/train_split/Bacterial gill disease/Bacterial gill disease_aug_229.jpg,2,Bacterial Gill Disease,test
data/original/aquahealth/train_split/Bacterial gill disease/Bacterial gill disease_aug_237.jpg,2,Bacterial Gill Disease,test
data/original/aquahealth/train_split/Bacterial gill disease/Bacterial gill disease_aug_239.jpg,2,Bacterial Gill Disease,test
data/original/aquahealth/train_split/Bacterial gill disease/Bacterial gill disease_aug_243.jpg,2,Bacterial Gill Disease,test
data/original/aquahealth/train_split/Bacterial gill disease/Bacterial gill disease_aug_26.jpg,2,Bacterial Gill Disease,test
data/original/aquahealth/train_split/Bacterial gill disease/Bacterial gill disease_aug_30.jpg,2,Bacterial Gill Disease,test
data/original/aquahealth/train_split/Bacterial gill disease/Bacterial gill disease_aug_37.jpg,2,Bacterial Gill Disease,test
data/original/aquahealth/train_split/Bacterial gill disease/Bacterial gill disease_aug_50.jpg,2,Bacterial Gill Disease,test
data/original/aquahealth/train_split/Bacterial gill disease/Bacterial gill disease_aug_57.jpg,2,Bacterial Gill Disease,test
data/original/aquahealth/train_split/Bacterial gill disease/Bacterial gill disease_aug_73.jpg,2,Bacterial Gill Disease,test
data/original/aquahealth/train_split/Bacterial gill disease/Bacterial gill disease_aug_83.jpg,2,Bacterial Gill Disease,test
data/original/aquahealth/train_split/Bacterial gill disease/Bacterial gill disease_aug_84.jpg,2,Bacterial Gill Disease,test
data/original/aquahealth/train_split/Bacterial gill disease/Bacterial gill disease_aug_88.jpg,2,Bacterial Gill Disease,test
data/original/aquahealth/train_split/Bacterial gill disease/Bacterial gill disease_aug_95.jpg,2,Bacterial Gill Disease,test
data/original/aquahealth/test_split/EUS_EUS_139.jpg,3,EUS Disease,test
data/original/aquahealth/test_split/EUS_EUS_15.jpg,3,EUS Disease,test
data/original/aquahealth/test_split/EUS_EUS_168.jpg,3,EUS Disease,test
data/original/aquahealth/test_split/EUS_EUS_226.jpg,3,EUS Disease,test
data/original/aquahealth/test_split/EUS_EUS_233.jpg,3,EUS Disease,test
data/original/aquahealth/test_split/EUS_EUS_251.jpg,3,EUS Disease,test
data/original/aquahealth/test_split/EUS_EUS_263.jpg,3,EUS Disease,test
data/original/aquahealth/test_split/EUS_EUS_283.jpg,3,EUS Disease,test
data/original/aquahealth/test_split/EUS_EUS_352.jpg,3,EUS Disease,test
data/original/aquahealth/train_split/EUS/EUS_110.jpg,3,EUS Disease,test
data/original/aquahealth/train_split/EUS/EUS_116.jpg,3,EUS Disease,test
data/original/aquahealth/train_split/EUS/EUS_118.jpg,3,EUS Disease,test
data/original/aquahealth/train_split/EUS/EUS_120.jpg,3,EUS Disease,test
data/original/aquahealth/train_split/EUS/EUS_123.jpg,3,EUS Disease,test
data/original/aquahealth/train_split/EUS/EUS_14.jpg,3,EUS Disease,test
data/original/aquahealth/train_split/EUS/EUS_160.jpg,3,EUS Disease,test
data/original/aquahealth/train_split/EUS/EUS_166.jpg,3,EUS Disease,test
data/original/aquahealth/train_split/EUS/EUS_182.jpg,3,EUS Disease,test
data/original/aquahealth/train_split/EUS/EUS_183.jpg,3,EUS Disease,test
data/original/aquahealth/train_split/EUS/EUS_186.jpg,3,EUS Disease,test
data/original/aquahealth/train_split/EUS/EUS_189.jpg,3,EUS Disease,test
data/original/aquahealth/train_split/EUS/EUS_193.jpg,3,EUS Disease,test
data/original/aquahealth/train_split/EUS/EUS_219.jpg,3,EUS Disease,test
data/original/aquahealth/train_split/EUS/EUS_220.jpg,3,EUS Disease,test
data/original/aquahealth/train_split/EUS/EUS_223.jpg,3,EUS Disease,test
data/original/aquahealth/train_split/EUS/EUS_229.jpg,3,EUS Disease,test
data/original/aquahealth/train_split/EUS/EUS_243.jpg,3,EUS Disease,test
data/original/aquahealth/train_split/EUS/EUS_254.jpg,3,EUS Disease,test
data/original/aquahealth/train_split/EUS/EUS_255.jpg,3,EUS Disease,test
data/original/aquahealth/train_split/EUS/EUS_271.jpg,3,EUS Disease,test
data/original/aquahealth/train_split/EUS/EUS_277.jpg,3,EUS Disease,test
data/original/aquahealth/train_split/EUS/EUS_284.jpg,3,EUS Disease,test
data/original/aquahealth/train_split/EUS/EUS_3.jpg,3,EUS Disease,test
data/original/aquahealth/train_split/EUS/EUS_301.jpg,3,EUS Disease,test
data/original/aquahealth/train_split/EUS/EUS_317.jpg,3,EUS Disease,test
data/original/aquahealth/train_split/EUS/EUS_319.jpg,3,EUS Disease,test
data/original/aquahealth/train_split/EUS/EUS_327.jpg,3,EUS Disease,test
data/original/aquahealth/train_split/EUS/EUS_336.jpg,3,EUS Disease,test
data/original/aquahealth/train_split/EUS/EUS_341.jpg,3,EUS Disease,test
data/original/aquahealth/train_split/EUS/EUS_48.jpg,3,EUS Disease,test
data/original/aquahealth/train_split/EUS/EUS_55.jpg,3,EUS Disease,test
data/original/aquahealth/train_split/EUS/EUS_84.jpg,3,EUS Disease,test
data/original/aquahealth/train_split/EUS/EUS_aug_100.jpg,3,EUS Disease,test
data/original/aquahealth/train_split/EUS/EUS_aug_101.jpg,3,EUS Disease,test
data/original/aquahealth/train_split/EUS/EUS_aug_113.jpg,3,EUS Disease,test
data/original/aquahealth/train_split/EUS/EUS_aug_115.jpg,3,EUS Disease,test
data/original/aquahealth/train_split/EUS/EUS_aug_117.jpg,3,EUS Disease,test
data/original/aquahealth/train_split/EUS/EUS_aug_139.jpg,3,EUS Disease,test
data/original/aquahealth/train_split/EUS/EUS_aug_154.jpg,3,EUS Disease,test
data/original/aquahealth/train_split/EUS/EUS_aug_156.jpg,3,EUS Disease,test
data/original/aquahealth/train_split/EUS/EUS_aug_162.jpg,3,EUS Disease,test
data/original/aquahealth/train_split/EUS/EUS_aug_180.jpg,3,EUS Disease,test
data/original/aquahealth/train_split/EUS/EUS_aug_185.jpg,3,EUS Disease,test
data/original/aquahealth/train_split/EUS/EUS_aug_193.jpg,3,EUS Disease,test
data/original/aquahealth/train_split/EUS/EUS_aug_198.jpg,3,EUS Disease,test
data/original/aquahealth/train_split/EUS/EUS_aug_200.jpg,3,EUS Disease,test
data/original/aquahealth/train_split/EUS/EUS_aug_209.jpg,3,EUS Disease,test
data/original/aquahealth/train_split/EUS/EUS_aug_219.jpg,3,EUS Disease,test
data/original/aquahealth/train_split/EUS/EUS_aug_223.jpg,3,EUS Disease,test
data/original/aquahealth/train_split/EUS/EUS_aug_35.jpg,3,EUS Disease,test
data/original/aquahealth/train_split/EUS/EUS_aug_46.jpg,3,EUS Disease,test
data/original/aquahealth/train_split/EUS/EUS_aug_69.jpg,3,EUS Disease,test
data/original/aquahealth/train_split/EUS/EUS_aug_70.jpg,3,EUS Disease,test
data/original/aquahealth/train_split/EUS/EUS_aug_77.jpg,3,EUS Disease,test
data/original/aquahealth/train_split/EUS/EUS_aug_85.jpg,3,EUS Disease,test
data/original/aquahealth/train_split/EUS/EUS_aug_91.jpg,3,EUS Disease,test
data/original/aquahealth/test_split/Fungal diseases Saprolegniasis_Fungal diseases Saprolegniasis_128.jpg,4,Saprolegniasis,test
data/original/aquahealth/test_split/Fungal diseases Saprolegniasis_Fungal diseases Saprolegniasis_182.jpg,4,Saprolegniasis,test
data/original/aquahealth/test_split/Fungal diseases Saprolegniasis_Fungal diseases Saprolegniasis_80.jpg,4,Saprolegniasis,test
data/original/aquahealth/train_split/Fungal diseases Saprolegniasis/Fungal diseases Saprolegniasis_119.jpg,4,Saprolegniasis,test
data/original/aquahealth/train_split/Fungal diseases Saprolegniasis/Fungal diseases Saprolegniasis_12.jpg,4,Saprolegniasis,test
data/original/aquahealth/train_split/Fungal diseases Saprolegniasis/Fungal diseases Saprolegniasis_223.jpg,4,Saprolegniasis,test
data/original/aquahealth/train_split/Fungal diseases Saprolegniasis/Fungal diseases Saprolegniasis_238.jpg,4,Saprolegniasis,test
data/original/aquahealth/train_split/Fungal diseases Saprolegniasis/Fungal diseases Saprolegniasis_33.jpg,4,Saprolegniasis,test
data/original/aquahealth/train_split/Fungal diseases Saprolegniasis/Fungal diseases Saprolegniasis_81.jpg,4,Saprolegniasis,test
data/original/aquahealth/train_split/Fungal diseases Saprolegniasis/Fungal diseases Saprolegniasis_90.jpg,4,Saprolegniasis,test
data/original/aquahealth/train_split/Fungal diseases Saprolegniasis/Fungal diseases Saprolegniasis_aug_0.jpg,4,Saprolegniasis,test
data/original/aquahealth/train_split/Fungal diseases Saprolegniasis/Fungal diseases Saprolegniasis_aug_103.jpg,4,Saprolegniasis,test
data/original/aquahealth/train_split/Fungal diseases Saprolegniasis/Fungal diseases Saprolegniasis_aug_104.jpg,4,Saprolegniasis,test
data/original/aquahealth/train_split/Fungal diseases Saprolegniasis/Fungal diseases Saprolegniasis_aug_105.jpg,4,Saprolegniasis,test
data/original/aquahealth/train_split/Fungal diseases Saprolegniasis/Fungal diseases Saprolegniasis_aug_106.jpg,4,Saprolegniasis,test
data/original/aquahealth/train_split/Fungal diseases Saprolegniasis/Fungal diseases Saprolegniasis_aug_116.jpg,4,Saprolegniasis,test
data/original/aquahealth/train_split/Fungal diseases Saprolegniasis/Fungal diseases Saprolegniasis_aug_126.jpg,4,Saprolegniasis,test
data/original/aquahealth/train_split/Fungal diseases Saprolegniasis/Fungal diseases Saprolegniasis_aug_132.jpg,4,Saprolegniasis,test
data/original/aquahealth/train_split/Fungal diseases Saprolegniasis/Fungal diseases Saprolegniasis_aug_144.jpg,4,Saprolegniasis,test
data/original/aquahealth/train_split/Fungal diseases Saprolegniasis/Fungal diseases Saprolegniasis_aug_147.jpg,4,Saprolegniasis,test
data/original/aquahealth/train_split/Fungal diseases Saprolegniasis/Fungal diseases Saprolegniasis_aug_148.jpg,4,Saprolegniasis,test
data/original/aquahealth/train_split/Fungal diseases Saprolegniasis/Fungal diseases Saprolegniasis_aug_152.jpg,4,Saprolegniasis,test
data/original/aquahealth/train_split/Fungal diseases Saprolegniasis/Fungal diseases Saprolegniasis_aug_153.jpg,4,Saprolegniasis,test
data/original/aquahealth/train_split/Fungal diseases Saprolegniasis/Fungal diseases Saprolegniasis_aug_159.jpg,4,Saprolegniasis,test
data/original/aquahealth/train_split/Fungal diseases Saprolegniasis/Fungal diseases Saprolegniasis_aug_166.jpg,4,Saprolegniasis,test
data/original/aquahealth/train_split/Fungal diseases Saprolegniasis/Fungal diseases Saprolegniasis_aug_169.jpg,4,Saprolegniasis,test
data/original/aquahealth/train_split/Fungal diseases Saprolegniasis/Fungal diseases Saprolegniasis_aug_172.jpg,4,Saprolegniasis,test
data/original/aquahealth/train_split/Fungal diseases Saprolegniasis/Fungal diseases Saprolegniasis_aug_191.jpg,4,Saprolegniasis,test
data/original/aquahealth/train_split/Fungal diseases Saprolegniasis/Fungal diseases Saprolegniasis_aug_2.jpg,4,Saprolegniasis,test
data/original/aquahealth/train_split/Fungal diseases Saprolegniasis/Fungal diseases Saprolegniasis_aug_200.jpg,4,Saprolegniasis,test
data/original/aquahealth/train_split/Fungal diseases Saprolegniasis/Fungal diseases Saprolegniasis_aug_213.jpg,4,Saprolegniasis,test
data/original/aquahealth/train_split/Fungal diseases Saprolegniasis/Fungal diseases Saprolegniasis_aug_216.jpg,4,Saprolegniasis,test
data/original/aquahealth/train_split/Fungal diseases Saprolegniasis/Fungal diseases Saprolegniasis_aug_22.jpg,4,Saprolegniasis,test
data/original/aquahealth/train_split/Fungal diseases Saprolegniasis/Fungal diseases Saprolegniasis_aug_231.jpg,4,Saprolegniasis,test
data/original/aquahealth/train_split/Fungal diseases Saprolegniasis/Fungal diseases Saprolegniasis_aug_250.jpg,4,Saprolegniasis,test
data/original/aquahealth/train_split/Fungal diseases Saprolegniasis/Fungal diseases Saprolegniasis_aug_265.jpg,4,Saprolegniasis,test
data/original/aquahealth/train_split/Fungal diseases Saprolegniasis/Fungal diseases Saprolegniasis_aug_273.jpg,4,Saprolegniasis,test
data/original/aquahealth/train_split/Fungal diseases Saprolegniasis/Fungal diseases Saprolegniasis_aug_275.jpg,4,Saprolegniasis,test
data/original/aquahealth/train_split/Fungal diseases Saprolegniasis/Fungal diseases Saprolegniasis_aug_279.jpg,4,Saprolegniasis,test
data/original/aquahealth/train_split/Fungal diseases Saprolegniasis/Fungal diseases Saprolegniasis_aug_283.jpg,4,Saprolegniasis,test
data/original/aquahealth/train_split/Fungal diseases Saprolegniasis/Fungal diseases Saprolegniasis_aug_311.jpg,4,Saprolegniasis,test
data/original/aquahealth/train_split/Fungal diseases Saprolegniasis/Fungal diseases Saprolegniasis_aug_320.jpg,4,Saprolegniasis,test
data/original/aquahealth/train_split/Fungal diseases Saprolegniasis/Fungal diseases Saprolegniasis_aug_328.jpg,4,Saprolegniasis,test
data/original/aquahealth/train_split/Fungal diseases Saprolegniasis/Fungal diseases Saprolegniasis_aug_333.jpg,4,Saprolegniasis,test
data/original/aquahealth/train_split/Fungal diseases Saprolegniasis/Fungal diseases Saprolegniasis_aug_336.jpg,4,Saprolegniasis,test
data/original/aquahealth/train_split/Fungal diseases Saprolegniasis/Fungal diseases Saprolegniasis_aug_341.jpg,4,Saprolegniasis,test
data/original/aquahealth/train_split/Fungal diseases Saprolegniasis/Fungal diseases Saprolegniasis_aug_353.jpg,4,Saprolegniasis,test
data/original/aquahealth/train_split/Fungal diseases Saprolegniasis/Fungal diseases Saprolegniasis_aug_362.jpg,4,Saprolegniasis,test
data/original/aquahealth/train_split/Fungal diseases Saprolegniasis/Fungal diseases Saprolegniasis_aug_37.jpg,4,Saprolegniasis,test
data/original/aquahealth/train_split/Fungal diseases Saprolegniasis/Fungal diseases Saprolegniasis_aug_371.jpg,4,Saprolegniasis,test
data/original/aquahealth/train_split/Fungal diseases Saprolegniasis/Fungal diseases Saprolegniasis_aug_388.jpg,4,Saprolegniasis,test
data/original/aquahealth/train_split/Fungal diseases Saprolegniasis/Fungal diseases Saprolegniasis_aug_389.jpg,4,Saprolegniasis,test
data/original/aquahealth/train_split/Fungal diseases Saprolegniasis/Fungal diseases Saprolegniasis_aug_5.jpg,4,Saprolegniasis,test
data/original/aquahealth/train_split/Fungal diseases Saprolegniasis/Fungal diseases Saprolegniasis_aug_60.jpg,4,Saprolegniasis,test
data/original/aquahealth/train_split/Fungal diseases Saprolegniasis/Fungal diseases Saprolegniasis_aug_61.jpg,4,Saprolegniasis,test
data/original/aquahealth/train_split/Fungal diseases Saprolegniasis/Fungal diseases Saprolegniasis_aug_63.jpg,4,Saprolegniasis,test
data/original/aquahealth/train_split/Fungal diseases Saprolegniasis/Fungal diseases Saprolegniasis_aug_73.jpg,4,Saprolegniasis,test
data/original/aquahealth/train_split/Fungal diseases Saprolegniasis/Fungal diseases Saprolegniasis_aug_91.jpg,4,Saprolegniasis,test
data/original/aquahealth/train_split/Fungal diseases Saprolegniasis/Fungal diseases Saprolegniasis_aug_98.jpg,4,Saprolegniasis,test
data/original/aquahealth/test_split/Parasitic diseases_Parasitic diseases_145.jpg,5,Parasitic Disease,test
data/original/aquahealth/test_split/Parasitic diseases_Parasitic diseases_47.jpg,5,Parasitic Disease,test
data/original/aquahealth/test_split/Parasitic diseases_Parasitic diseases_96.jpg,5,Parasitic Disease,test
data/original/aquahealth/train_split/Parasitic diseases/Parasitic diseases_1.jpeg,5,Parasitic Disease,test
data/original/aquahealth/train_split/Parasitic diseases/Parasitic diseases_106.jpg,5,Parasitic Disease,test
data/original/aquahealth/train_split/Parasitic diseases/Parasitic diseases_142.jpg,5,Parasitic Disease,test
data/original/aquahealth/train_split/Parasitic diseases/Parasitic diseases_147.jpg,5,Parasitic Disease,test
data/original/aquahealth/train_split/Parasitic diseases/Parasitic diseases_151.jpg,5,Parasitic Disease,test
data/original/aquahealth/train_split/Parasitic diseases/Parasitic diseases_157.jpg,5,Parasitic Disease,test
data/original/aquahealth/train_split/Parasitic diseases/Parasitic diseases_165.jpg,5,Parasitic Disease,test
data/original/aquahealth/train_split/Parasitic diseases/Parasitic diseases_178.jpg,5,Parasitic Disease,test
data/original/aquahealth/train_split/Parasitic diseases/Parasitic diseases_185.jpg,5,Parasitic Disease,test
data/original/aquahealth/train_split/Parasitic diseases/Parasitic diseases_187.jpg,5,Parasitic Disease,test
data/original/aquahealth/train_split/Parasitic diseases/Parasitic diseases_195.jpg,5,Parasitic Disease,test
data/original/aquahealth/train_split/Parasitic diseases/Parasitic diseases_214.jpg,5,Parasitic Disease,test
data/original/aquahealth/train_split/Parasitic diseases/Parasitic diseases_218.jpg,5,Parasitic Disease,test
data/original/aquahealth/train_split/Parasitic diseases/Parasitic diseases_23.jpg,5,Parasitic Disease,test
data/original/aquahealth/train_split/Parasitic diseases/Parasitic diseases_36.jpg,5,Parasitic Disease,test
data/original/aquahealth/train_split/Parasitic diseases/Parasitic diseases_51.jpg,5,Parasitic Disease,test
data/original/aquahealth/train_split/Parasitic diseases/Parasitic diseases_68.jpg,5,Parasitic Disease,test
data/original/aquahealth/train_split/Parasitic diseases/Parasitic diseases_71.jpg,5,Parasitic Disease,test
data/original/aquahealth/train_split/Parasitic diseases/Parasitic diseases_72.jpg,5,Parasitic Disease,test
data/original/aquahealth/train_split/Parasitic diseases/Parasitic diseases_75.jpg,5,Parasitic Disease,test
data/original/aquahealth/train_split/Parasitic diseases/Parasitic diseases_78.jpeg,5,Parasitic Disease,test
data/original/aquahealth/train_split/Parasitic diseases/Parasitic diseases_79.jpg,5,Parasitic Disease,test
data/original/aquahealth/train_split/Parasitic diseases/Parasitic diseases_84.jpg,5,Parasitic Disease,test
data/original/aquahealth/train_split/Parasitic diseases/Parasitic diseases_aug_100.jpg,5,Parasitic Disease,test
data/original/aquahealth/train_split/Parasitic diseases/Parasitic diseases_aug_11.jpg,5,Parasitic Disease,test
data/original/aquahealth/train_split/Parasitic diseases/Parasitic diseases_aug_110.jpg,5,Parasitic Disease,test
data/original/aquahealth/train_split/Parasitic diseases/Parasitic diseases_aug_123.jpg,5,Parasitic Disease,test
data/original/aquahealth/train_split/Parasitic diseases/Parasitic diseases_aug_133.jpg,5,Parasitic Disease,test
data/original/aquahealth/train_split/Parasitic diseases/Parasitic diseases_aug_135.jpg,5,Parasitic Disease,test
data/original/aquahealth/train_split/Parasitic diseases/Parasitic diseases_aug_144.jpg,5,Parasitic Disease,test
data/original/aquahealth/train_split/Parasitic diseases/Parasitic diseases_aug_152.jpg,5,Parasitic Disease,test
data/original/aquahealth/train_split/Parasitic diseases/Parasitic diseases_aug_154.jpg,5,Parasitic Disease,test
data/original/aquahealth/train_split/Parasitic diseases/Parasitic diseases_aug_160.jpg,5,Parasitic Disease,test
data/original/aquahealth/train_split/Parasitic diseases/Parasitic diseases_aug_161.jpg,5,Parasitic Disease,test
data/original/aquahealth/train_split/Parasitic diseases/Parasitic diseases_aug_174.jpg,5,Parasitic Disease,test
data/original/aquahealth/train_split/Parasitic diseases/Parasitic diseases_aug_18.jpg,5,Parasitic Disease,test
data/original/aquahealth/train_split/Parasitic diseases/Parasitic diseases_aug_181.jpg,5,Parasitic Disease,test
data/original/aquahealth/train_split/Parasitic diseases/Parasitic diseases_aug_186.jpg,5,Parasitic Disease,test
data/original/aquahealth/train_split/Parasitic diseases/Parasitic diseases_aug_208.jpg,5,Parasitic Disease,test
data/original/aquahealth/train_split/Parasitic diseases/Parasitic diseases_aug_21.jpg,5,Parasitic Disease,test
data/original/aquahealth/train_split/Parasitic diseases/Parasitic diseases_aug_214.jpg,5,Parasitic Disease,test
data/original/aquahealth/train_split/Parasitic diseases/Parasitic diseases_aug_220.jpg,5,Parasitic Disease,test
data/original/aquahealth/train_split/Parasitic diseases/Parasitic diseases_aug_227.jpg,5,Parasitic Disease,test
data/original/aquahealth/train_split/Parasitic diseases/Parasitic diseases_aug_238.jpg,5,Parasitic Disease,test
data/original/aquahealth/train_split/Parasitic diseases/Parasitic diseases_aug_255.jpg,5,Parasitic Disease,test
data/original/aquahealth/train_split/Parasitic diseases/Parasitic diseases_aug_259.jpg,5,Parasitic Disease,test
data/original/aquahealth/train_split/Parasitic diseases/Parasitic diseases_aug_26.jpg,5,Parasitic Disease,test
data/original/aquahealth/train_split/Parasitic diseases/Parasitic diseases_aug_277.jpg,5,Parasitic Disease,test
data/original/aquahealth/train_split/Parasitic diseases/Parasitic diseases_aug_28.jpg,5,Parasitic Disease,test
data/original/aquahealth/train_split/Parasitic diseases/Parasitic diseases_aug_280.jpg,5,Parasitic Disease,test
data/original/aquahealth/train_split/Parasitic diseases/Parasitic diseases_aug_287.jpg,5,Parasitic Disease,test
data/original/aquahealth/train_split/Parasitic diseases/Parasitic diseases_aug_298.jpg,5,Parasitic Disease,test
data/original/aquahealth/train_split/Parasitic diseases/Parasitic diseases_aug_301.jpg,5,Parasitic Disease,test
data/original/aquahealth/train_split/Parasitic diseases/Parasitic diseases_aug_308.jpg,5,Parasitic Disease,test
data/original/aquahealth/train_split/Parasitic diseases/Parasitic diseases_aug_328.jpg,5,Parasitic Disease,test
data/original/aquahealth/train_split/Parasitic diseases/Parasitic diseases_aug_329.jpg,5,Parasitic Disease,test
data/original/aquahealth/train_split/Parasitic diseases/Parasitic diseases_aug_39.jpg,5,Parasitic Disease,test
data/original/aquahealth/train_split/Parasitic diseases/Parasitic diseases_aug_41.jpg,5,Parasitic Disease,test
data/original/aquahealth/train_split/Parasitic diseases/Parasitic diseases_aug_52.jpg,5,Parasitic Disease,test
data/original/aquahealth/train_split/Parasitic diseases/Parasitic diseases_aug_83.jpg,5,Parasitic Disease,test
data/original/aquahealth/test_split/Viral diseases White tail disease_Viral diseases White tail disease_129.jpg,6,White Tail Disease,test
data/original/aquahealth/test_split/Viral diseases White tail disease_Viral diseases White tail disease_198.jpg,6,White Tail Disease,test
data/original/aquahealth/test_split/Viral diseases White tail disease_Viral diseases White tail disease_201.jpg,6,White Tail Disease,test
data/original/aquahealth/test_split/Viral diseases White tail disease_Viral diseases White tail disease_27.jpg,6,White Tail Disease,test
data/original/aquahealth/test_split/Viral diseases White tail disease_Viral diseases White tail disease_44.jpg,6,White Tail Disease,test
data/original/aquahealth/test_split/Viral diseases White tail disease_Viral diseases White tail disease_66.jpg,6,White Tail Disease,test
data/original/aquahealth/test_split/Viral diseases White tail disease_Viral diseases White tail disease_73.jpg,6,White Tail Disease,test
data/original/aquahealth/train_split/Viral diseases White tail disease/Viral diseases White tail disease_122.jpg,6,White Tail Disease,test
data/original/aquahealth/train_split/Viral diseases White tail disease/Viral diseases White tail disease_157.jpg,6,White Tail Disease,test
data/original/aquahealth/train_split/Viral diseases White tail disease/Viral diseases White tail disease_159.jpg,6,White Tail Disease,test
data/original/aquahealth/train_split/Viral diseases White tail disease/Viral diseases White tail disease_215.jpg,6,White Tail Disease,test
data/original/aquahealth/train_split/Viral diseases White tail disease/Viral diseases White tail disease_23.jpg,6,White Tail Disease,test
data/original/aquahealth/train_split/Viral diseases White tail disease/Viral diseases White tail disease_24.jpg,6,White Tail Disease,test
data/original/aquahealth/train_split/Viral diseases White tail disease/Viral diseases White tail disease_241.jpg,6,White Tail Disease,test
data/original/aquahealth/train_split/Viral diseases White tail disease/Viral diseases White tail disease_62.jpg,6,White Tail Disease,test
data/original/aquahealth/train_split/Viral diseases White tail disease/Viral diseases White tail disease_8.jpg,6,White Tail Disease,test
data/original/aquahealth/train_split/Viral diseases White tail disease/Viral diseases White tail disease_9.jpg,6,White Tail Disease,test
data/original/aquahealth/train_split/Viral diseases White tail disease/Viral diseases White tail disease_94.jpg,6,White Tail Disease,test
data/original/aquahealth/train_split/Viral diseases White tail disease/Viral diseases White tail disease_aug_109.jpg,6,White Tail Disease,test
data/original/aquahealth/train_split/Viral diseases White tail disease/Viral diseases White tail disease_aug_110.jpg,6,White Tail Disease,test
data/original/aquahealth/train_split/Viral diseases White tail disease/Viral diseases White tail disease_aug_116.jpg,6,White Tail Disease,test
data/original/aquahealth/train_split/Viral diseases White tail disease/Viral diseases White tail disease_aug_127.jpg,6,White Tail Disease,test
data/original/aquahealth/train_split/Viral diseases White tail disease/Viral diseases White tail disease_aug_128.jpg,6,White Tail Disease,test
data/original/aquahealth/train_split/Viral diseases White tail disease/Viral diseases White tail disease_aug_14.jpg,6,White Tail Disease,test
data/original/aquahealth/train_split/Viral diseases White tail disease/Viral diseases White tail disease_aug_140.jpg,6,White Tail Disease,test
data/original/aquahealth/train_split/Viral diseases White tail disease/Viral diseases White tail disease_aug_143.jpg,6,White Tail Disease,test
data/original/aquahealth/train_split/Viral diseases White tail disease/Viral diseases White tail disease_aug_147.jpg,6,White Tail Disease,test
data/original/aquahealth/train_split/Viral diseases White tail disease/Viral diseases White tail disease_aug_158.jpg,6,White Tail Disease,test
data/original/aquahealth/train_split/Viral diseases White tail disease/Viral diseases White tail disease_aug_16.jpg,6,White Tail Disease,test
data/original/aquahealth/train_split/Viral diseases White tail disease/Viral diseases White tail disease_aug_162.jpg,6,White Tail Disease,test
data/original/aquahealth/train_split/Viral diseases White tail disease/Viral diseases White tail disease_aug_166.jpg,6,White Tail Disease,test
data/original/aquahealth/train_split/Viral diseases White tail disease/Viral diseases White tail disease_aug_169.jpg,6,White Tail Disease,test
data/original/aquahealth/train_split/Viral diseases White tail disease/Viral diseases White tail disease_aug_176.jpg,6,White Tail Disease,test
data/original/aquahealth/train_split/Viral diseases White tail disease/Viral diseases White tail disease_aug_18.jpg,6,White Tail Disease,test
data/original/aquahealth/train_split/Viral diseases White tail disease/Viral diseases White tail disease_aug_195.jpg,6,White Tail Disease,test
data/original/aquahealth/train_split/Viral diseases White tail disease/Viral diseases White tail disease_aug_200.jpg,6,White Tail Disease,test
data/original/aquahealth/train_split/Viral diseases White tail disease/Viral diseases White tail disease_aug_201.jpg,6,White Tail Disease,test
data/original/aquahealth/train_split/Viral diseases White tail disease/Viral diseases White tail disease_aug_219.jpg,6,White Tail Disease,test
data/original/aquahealth/train_split/Viral diseases White tail disease/Viral diseases White tail disease_aug_22.jpg,6,White Tail Disease,test
data/original/aquahealth/train_split/Viral diseases White tail disease/Viral diseases White tail disease_aug_227.jpg,6,White Tail Disease,test
data/original/aquahealth/train_split/Viral diseases White tail disease/Viral diseases White tail disease_aug_236.jpg,6,White Tail Disease,test
data/original/aquahealth/train_split/Viral diseases White tail disease/Viral diseases White tail disease_aug_240.jpg,6,White Tail Disease,test
data/original/aquahealth/train_split/Viral diseases White tail disease/Viral diseases White tail disease_aug_259.jpg,6,White Tail Disease,test
data/original/aquahealth/train_split/Viral diseases White tail disease/Viral diseases White tail disease_aug_260.jpg,6,White Tail Disease,test
data/original/aquahealth/train_split/Viral diseases White tail disease/Viral diseases White tail disease_aug_270.jpg,6,White Tail Disease,test
data/original/aquahealth/train_split/Viral diseases White tail disease/Viral diseases White tail disease_aug_284.jpg,6,White Tail Disease,test
data/original/aquahealth/train_split/Viral diseases White tail disease/Viral diseases White tail disease_aug_291.jpg,6,White Tail Disease,test
data/original/aquahealth/train_split/Viral diseases White tail disease/Viral diseases White tail disease_aug_300.jpg,6,White Tail Disease,test
data/original/aquahealth/train_split/Viral diseases White tail disease/Viral diseases White tail disease_aug_301.jpg,6,White Tail Disease,test
data/original/aquahealth/train_split/Viral diseases White tail disease/Viral diseases White tail disease_aug_321.jpg,6,White Tail Disease,test
data/original/aquahealth/train_split/Viral diseases White tail disease/Viral diseases White tail disease_aug_344.jpg,6,White Tail Disease,test
data/original/aquahealth/train_split/Viral diseases White tail disease/Viral diseases White tail disease_aug_357.jpg,6,White Tail Disease,test
data/original/aquahealth/train_split/Viral diseases White tail disease/Viral diseases White tail disease_aug_365.jpg,6,White Tail Disease,test
data/original/aquahealth/train_split/Viral diseases White tail disease/Viral diseases White tail disease_aug_4.jpg,6,White Tail Disease,test
data/original/aquahealth/train_split/Viral diseases White tail disease/Viral diseases White tail disease_aug_56.jpg,6,White Tail Disease,test
data/original/aquahealth/train_split/Viral diseases White tail disease/Viral diseases White tail disease_aug_6.jpg,6,White Tail Disease,test
data/original/aquahealth/train_split/Viral diseases White tail disease/Viral diseases White tail disease_aug_63.jpg,6,White Tail Disease,test
data/original/aquahealth/train_split/Viral diseases White tail disease/Viral diseases White tail disease_aug_74.jpg,6,White Tail Disease,test
data/original/aquahealth/train_split/Viral diseases White tail disease/Viral diseases White tail disease_aug_77.jpg,6,White Tail Disease,test
data/original/aquahealth/train_split/Viral diseases White tail disease/Viral diseases White tail disease_aug_83.jpg,6,White Tail Disease,test
data/original/aquahealth/train_split/Viral diseases White tail disease/Viral diseases White tail disease_aug_89.jpg,6,White Tail Disease,test
data/original/aquahealth/test_split/Healthy Fish_Healthy Fish_220.jpg,7,Healthy Fish,test
data/original/aquahealth/test_split/Healthy Fish_Healthy Fish_256.jpg,7,Healthy Fish,test
data/original/aquahealth/test_split/Healthy Fish_Healthy Fish_303.jpg,7,Healthy Fish,test
data/original/aquahealth/test_split/Healthy Fish_Healthy Fish_307.jpg,7,Healthy Fish,test
data/original/aquahealth/test_split/Healthy Fish_Healthy Fish_345.jpg,7,Healthy Fish,test
data/original/aquahealth/test_split/Healthy Fish_Healthy Fish_350.jpg,7,Healthy Fish,test
data/original/aquahealth/test_split/Healthy Fish_Healthy Fish_365.jpg,7,Healthy Fish,test
data/original/aquahealth/test_split/Healthy Fish_Healthy Fish_381.jpg,7,Healthy Fish,test
data/original/aquahealth/test_split/Healthy Fish_Healthy Fish_401.jpg,7,Healthy Fish,test
data/original/aquahealth/test_split/Healthy Fish_Healthy Fish_405.jpg,7,Healthy Fish,test
data/original/aquahealth/test_split/Healthy Fish_Healthy Fish_431.jpg,7,Healthy Fish,test
data/original/aquahealth/train_split/Healthy Fish/Healthy Fish_1.jpg,7,Healthy Fish,test
data/original/aquahealth/train_split/Healthy Fish/Healthy Fish_12.jpg,7,Healthy Fish,test
data/original/aquahealth/train_split/Healthy Fish/Healthy Fish_159.jpg,7,Healthy Fish,test
data/original/aquahealth/train_split/Healthy Fish/Healthy Fish_182.jpg,7,Healthy Fish,test
data/original/aquahealth/train_split/Healthy Fish/Healthy Fish_188.jpg,7,Healthy Fish,test
data/original/aquahealth/train_split/Healthy Fish/Healthy Fish_199.jpg,7,Healthy Fish,test
data/original/aquahealth/train_split/Healthy Fish/Healthy Fish_205.jpg,7,Healthy Fish,test
data/original/aquahealth/train_split/Healthy Fish/Healthy Fish_206.jpg,7,Healthy Fish,test
data/original/aquahealth/train_split/Healthy Fish/Healthy Fish_215.jpg,7,Healthy Fish,test
data/original/aquahealth/train_split/Healthy Fish/Healthy Fish_219.jpg,7,Healthy Fish,test
data/original/aquahealth/train_split/Healthy Fish/Healthy Fish_225.jpg,7,Healthy Fish,test
data/original/aquahealth/train_split/Healthy Fish/Healthy Fish_227.jpg,7,Healthy Fish,test
data/original/aquahealth/train_split/Healthy Fish/Healthy Fish_245.jpg,7,Healthy Fish,test
data/original/aquahealth/train_split/Healthy Fish/Healthy Fish_247.jpg,7,Healthy Fish,test
data/original/aquahealth/train_split/Healthy Fish/Healthy Fish_248.jpg,7,Healthy Fish,test
data/original/aquahealth/train_split/Healthy Fish/Healthy Fish_262.jpg,7,Healthy Fish,test
data/original/aquahealth/train_split/Healthy Fish/Healthy Fish_279.jpg,7,Healthy Fish,test
data/original/aquahealth/train_split/Healthy Fish/Healthy Fish_306.jpg,7,Healthy Fish,test
data/original/aquahealth/train_split/Healthy Fish/Healthy Fish_309.jpg,7,Healthy Fish,test
data/original/aquahealth/train_split/Healthy Fish/Healthy Fish_313.jpg,7,Healthy Fish,test
data/original/aquahealth/train_split/Healthy Fish/Healthy Fish_320.jpg,7,Healthy Fish,test
data/original/aquahealth/train_split/Healthy Fish/Healthy Fish_326.jpg,7,Healthy Fish,test
data/original/aquahealth/train_split/Healthy Fish/Healthy Fish_331.jpg,7,Healthy Fish,test
data/original/aquahealth/train_split/Healthy Fish/Healthy Fish_346.jpg,7,Healthy Fish,test
data/original/aquahealth/train_split/Healthy Fish/Healthy Fish_356.jpg,7,Healthy Fish,test
data/original/aquahealth/train_split/Healthy Fish/Healthy Fish_377.jpg,7,Healthy Fish,test
data/original/aquahealth/train_split/Healthy Fish/Healthy Fish_383.jpg,7,Healthy Fish,test
data/original/aquahealth/train_split/Healthy Fish/Healthy Fish_390.jpg,7,Healthy Fish,test
data/original/aquahealth/train_split/Healthy Fish/Healthy Fish_420.jpg,7,Healthy Fish,test
data/original/aquahealth/train_split/Healthy Fish/Healthy Fish_441.jpg,7,Healthy Fish,test
data/original/aquahealth/train_split/Healthy Fish/Healthy Fish_446.jpg,7,Healthy Fish,test
data/original/aquahealth/train_split/Healthy Fish/Healthy Fish_452.jpg,7,Healthy Fish,test
data/original/aquahealth/train_split/Healthy Fish/Healthy Fish_453.jpg,7,Healthy Fish,test
data/original/aquahealth/train_split/Healthy Fish/Healthy Fish_460.jpg,7,Healthy Fish,test
data/original/aquahealth/train_split/Healthy Fish/Healthy Fish_467.jpg,7,Healthy Fish,test
data/original/aquahealth/train_split/Healthy Fish/Healthy Fish_470.jpg,7,Healthy Fish,test
data/original/aquahealth/train_split/Healthy Fish/Healthy Fish_60.jpg,7,Healthy Fish,test
data/original/aquahealth/train_split/Healthy Fish/Healthy Fish_aug_104.jpg,7,Healthy Fish,test
data/original/aquahealth/train_split/Healthy Fish/Healthy Fish_aug_123.jpg,7,Healthy Fish,test
data/original/aquahealth/train_split/Healthy Fish/Healthy Fish_aug_127.jpg,7,Healthy Fish,test
data/original/aquahealth/train_split/Healthy Fish/Healthy Fish_aug_130.jpg,7,Healthy Fish,test
data/original/aquahealth/train_split/Healthy Fish/Healthy Fish_aug_16.jpg,7,Healthy Fish,test
data/original/aquahealth/train_split/Healthy Fish/Healthy Fish_aug_172.jpg,7,Healthy Fish,test
data/original/aquahealth/train_split/Healthy Fish/Healthy Fish_aug_174.jpg,7,Healthy Fish,test
data/original/aquahealth/train_split/Healthy Fish/Healthy Fish_aug_179.jpg,7,Healthy Fish,test
data/original/aquahealth/train_split/Healthy Fish/Healthy Fish_aug_209.jpg,7,Healthy Fish,test
data/original/aquahealth/train_split/Healthy Fish/Healthy Fish_aug_213.jpg,7,Healthy Fish,test
data/original/aquahealth/train_split/Healthy Fish/Healthy Fish_aug_215.jpg,7,Healthy Fish,test
data/original/aquahealth/train_split/Healthy Fish/Healthy Fish_aug_27.jpg,7,Healthy Fish,test
data/original/aquahealth/train_split/Healthy Fish/Healthy Fish_aug_31.jpg,7,Healthy Fish,test
data/original/aquahealth/train_split/Healthy Fish/Healthy Fish_aug_34.jpg,7,Healthy Fish,test
data/original/aquahealth/train_split/Healthy Fish/Healthy Fish_aug_37.jpg,7,Healthy Fish,test
data/original/aquahealth/train_split/Healthy Fish/Healthy Fish_aug_63.jpg,7,Healthy Fish,test
data/original/aquahealth/train_split/Healthy Fish/Healthy Fish_aug_72.jpg,7,Healthy Fish,test
data/original/aquahealth/train_split/Healthy Fish/Healthy Fish_aug_88.jpg,7,Healthy Fish,test
