filepath,source_split,source_folder,class_name,label,extension,width,height,mode,sha256,dhash,status,exact_dup_group,near_dup_group,split
data/original/aquahealth/train_split/Bacterial Red disease/Bacterial Red disease_100.jpg,train_split,Bacterial Red disease,Bacterial Red Disease,0,.jpg,640,640,RGB,7af916b756f623feb0ca28787fa7cfb1029e110ee146cdc754da9e9cf6f7c6b0,202eaeae8ce8f0fc,ok,,g1118,val
data/original/aquahealth/train_split/Bacterial Red disease/Bacterial Red disease_101.jpg,train_split,Bacterial Red disease,Bacterial Red Disease,0,.jpg,640,640,RGB,4a1f9f22ebc1419aec8a2dc98deb8c37df3c4c9ae6e22f35661254e76726b400,0888c8b86397d333,ok,,g490,train
data/original/aquahealth/train_split/Bacterial Red disease/Bacterial Red disease_102.jpg,train_split,Bacterial Red disease,Bacterial Red Disease,0,.jpg,640,640,RGB,c6ccea62d78b38dfd23415ea050ff4b88cf0b7019a98014d71c71ee7d41ee016,3e8ecffb3a1e1f33,ok,,g1493,train
data/original/aquahealth/train_split/Bacterial Red disease/Bacterial Red disease_11.jpg,train_split,Bacterial Red disease,Bacterial Red Disease,0,.jpg,128,128,RGB,2f85ec03eb369d24cd8381ad85f316e3e6c97017d6edcb01c55c57571f580121,d5c1c7e3f07c1e1d,ok,,g2631,train
data/original/aquahealth/train_split/Bacterial Red disease/Bacterial Red disease_112.jpg,train_split,Bacterial Red disease,Bacterial Red Disease,0,.jpg,640,640,RGB,570fec61a534b8ce322a60b685baa8ee0daa83bf70394819ed57087f9f699f7f,c08080142cc0f13c,ok,,g2471,train
data/original/aquahealth/train_split/Bacterial Red disease/Bacterial Red disease_114.jpg,train_split,Bacterial Red disease,Bacterial Red Disease,0,.jpg,640,640,RGB,72e97bb17c3bb39983e3bf1ba3548dcc55a86c6271d816311b9daeac5ac72afa,2830302020808000,ok,,g1204,train
data/original/aquahealth/train_split/Bacterial Red disease/Bacterial Red disease_115.jpg,train_split,Bacterial Red disease,Bacterial Red Disease,0,.jpg,640,640,RGB,14edf798052da6b23b07967062963a66839c9e6297968dceaf264227fad90a20,3070fcdcb9fdfd78,ok,,g1268,train
data/original/aquahealth/train_split/Bacterial Red disease/Bacterial Red disease_116.jpg,train_split,Bacterial Red disease,Bacterial Red Disease,0,.jpg,640,640,RGB,d21c56b369e865b0d577018509a6b1979f5cbb33cf06edadeb552eb2fe81468d,10faf2d2f3f8e860,ok,,g812,train
data/original/aquahealth/train_split/Bacterial Red disease/Bacterial Red disease_119.jpg,train_split,Bacterial Red disease,Bacterial Red Disease,0,.jpg,640,640,RGB,a45cf61c69385f3e8fdff66f8177661913b1a2c8f1a16e815c15762a2d635f08,183c5ae8cc9925e9,ok,,g886,train
data/original/aquahealth/train_split/Bacterial Red disease/Bacterial Red disease_122.jpg,train_split,Bacterial Red disease,Bacterial Red Disease,0,.jpg,640,640,RGB,39dc3ea55e35f383f2165354ead6763c1eda1e55ab9fd70c9177903623e94f4f,8683a4e4f4e783c3,ok,,g2197,test
data/original/aquahealth/train_split/Bacterial Red disease/Bacterial Red disease_123.jpg,train_split,Bacterial Red disease,Bacterial Red Disease,0,.jpg,640,640,RGB,3ac6ff1551effec0ba8de62598aa146b31f62e9ef5bb8dd3d6f43f346a4ac17e,9e4e3b7e1e3878e0,ok,,g2343,train
data/original/aquahealth/train_split/Bacterial Red disease/Bacterial Red disease_125.jpg,train_split,Bacterial Red disease,Bacterial Red Disease,0,.jpg,640,640,RGB,f3f745d226e53aac5bd8bdb8bc79579bc96ff864d95a8406bf6365fdab3fb1ba,1e1f1d3d2d2b3b53,ok,,g996,train
data/original/aquahealth/train_split/Bacterial Red disease/Bacterial Red disease_126.jpg,train_split,Bacterial Red disease,Bacterial Red Disease,0,.jpg,640,640,RGB,48dd701ab11a8f6acbb0c5d45e8537c11648031fa6c13ed52d0be2d5738bf0f7,10101b191d0d0f0f,ok,,g801,val
data/original/aquahealth/train_split/Bacterial Red disease/Bacterial Red disease_127.jpg,train_split,Bacterial Red disease,Bacterial Red Disease,0,.jpg,640,640,RGB,4550c8067a96d0b6699f496ca4defa339c10e8cbc763dfe7d292ffc904e6326a,40c0c080c0e9cce8,ok,,g1564,train
data/original/aquahealth/train_split/Bacterial Red disease/Bacterial Red disease_128.jpg,train_split,Bacterial Red disease,Bacterial Red Disease,0,.jpg,640,640,RGB,289128a592a91a2ad0ca6ba21f5fef89ca09d4aabcf39ffc4a7ead2a56d3e109,7d7d79595bd3f3a3,ok,,g2071,val
data/original/aquahealth/train_split/Bacterial Red disease/Bacterial Red disease_13.jpg,train_split,Bacterial Red disease,Bacterial Red Disease,0,.jpg,128,128,RGB,c8b555ce415bcecb3d5b17f55e94bc550ed4c2e9f54c2e2618deb21c3249ff75,7818199f9f1cc007,ok,,g1995,train
data/original/aquahealth/train_split/Bacterial Red disease/Bacterial Red disease_131.jpg,train_split,Bacterial Red disease,Bacterial Red Disease,0,.jpg,640,640,RGB,7b48f31c902296dfd3ac73a022d03c3cbe438b65e5c189889f2d17317fe875ec,7decccccccd87033,ok,,g2075,train
data/original/aquahealth/train_split/Bacterial Red disease/Bacterial Red disease_134.jpg,train_split,Bacterial Red disease,Bacterial Red Disease,0,.jpg,640,640,RGB,fbdc8f7cf299796624fa892260f6bff467162e5425e3e1a6019223fcdc61bbe5,1f0f333f3f073f1f,ok,,g1028,test
data/original/aquahealth/train_split/Bacterial Red disease/Bacterial Red disease_135.jpg,train_split,Bacterial Red disease,Bacterial Red Disease,0,.jpg,640,640,RGB,626092e137ab4593b43bfbcd4c23d312fcaf974be1badb76f4952218db7ee46a,03030f2d691fbf5f,ok,,g228,train
data/original/aquahealth/train_split/Bacterial Red disease/Bacterial Red disease_136.jpg,train_split,Bacterial Red disease,Bacterial Red Disease,0,.jpg,640,640,RGB,9f4d9e525b4a127e47ebedced56a4673d86049f97f2b181936b2773d6467a00d,07078303a4250706,ok,,g392,train
data/original/aquahealth/train_split/Bacterial Red disease/Bacterial Red disease_137.jpg,train_split,Bacterial Red disease,Bacterial Red Disease,0,.jpg,640,640,RGB,23e295f7517909b33de82d87a6034cdbda8400331c57c0a77bb13f7c4c9687e5,010100001092331f,ok,,g142,val
data/original/aquahealth/train_split/Bacterial Red disease/Bacterial Red disease_143.jpg,train_split,Bacterial Red disease,Bacterial Red Disease,0,.jpg,640,640,RGB,67b1e759bf0684fe519670c2eea2bdcface8866f81bcafe4bf2006c5e1016dec,1d1d0bc01e170704,ok,,g967,val
data/original/aquahealth/train_split/Bacterial Red disease/Bacterial Red disease_145.jpg,train_split,Bacterial Red disease,Bacterial Red Disease,0,.jpg,640,640,RGB,22e43562889838ee5be11352bcc785a57a72c9cac4ddd662c53a1a295e096eee,21808d1f3c60408b,ok,,g1142,train
data/original/aquahealth/train_split/Bacterial Red disease/Bacterial Red disease_146.jpg,train_split,Bacterial Red disease,Bacterial Red Disease,0,.jpg,640,640,RGB,56cba6c492b52832a05d2c48b4b1eb83ae3ef4e8dac3586e032a78b3fa04a19e,e3c70f3c78488402,ok,,g2771,train
data/original/aquahealth/train_split/Bacterial Red disease/Bacterial Red disease_148.jpg,train_split,Bacterial Red disease,Bacterial Red Disease,0,.jpg,640,640,RGB,bea681312c679f947251df0e636a1827ebe3c81c3d485edc2b3a893ce3954b6a,931d0c1d0d69f030,ok,,g2282,train
data/original/aquahealth/train_split/Bacterial Red disease/Bacterial Red disease_150.jpg,train_split,Bacterial Red disease,Bacterial Red Disease,0,.jpg,640,640,RGB,b941c570747be8286632ec306d8c8b85ca43ce7a2621c8ad0e967a8d39bf1d21,999d1e1e191913c2,ok,,g2314,train
data/original/aquahealth/train_split/Bacterial Red disease/Bacterial Red disease_151.jpg,train_split,Bacterial Red disease,Bacterial Red Disease,0,.jpg,640,640,RGB,6678c79d46bb17a0270b8c304b5c37d3fde3a5f5096ae0538de56828e4e966cc,716d8d2f2faf4f4f,ok,,g1943,train
data/original/aquahealth/train_split/Bacterial Red disease/Bacterial Red disease_152.jpg,train_split,Bacterial Red disease,Bacterial Red Disease,0,.jpg,640,640,RGB,eb51ad7caae44c1321be1603203b58e2db5256c6f7ec9ce1deb39b7bca9c2323,e70f1929e92119ee,ok,,g2807,val
data/original/aquahealth/train_split/Bacterial Red disease/Bacterial Red disease_153.jpg,train_split,Bacterial Red disease,Bacterial Red Disease,0,.jpg,640,640,RGB,b8a374d94e8f9335069e4c0f5f70e3e7ad98bcb01d29adef62b5eb67a55c1703,8f8d0d1b969ce2c6,ok,,g2265,train
data/original/aquahealth/train_split/Bacterial Red disease/Bacterial Red disease_154.jpg,train_split,Bacterial Red disease,Bacterial Red Disease,0,.jpg,640,640,RGB,73567e7d2bd50769ee57388c3d068784e3ebed001fe701904e4fff4db13aa70d,628309080a0a4cf9,ok,,g1797,train
data/original/aquahealth/train_split/Bacterial Red disease/Bacterial Red disease_156.jpg,train_split,Bacterial Red disease,Bacterial Red Disease,0,.jpg,640,640,RGB,51beb2838c0937bed26381bd7c33f539c46fa01d09b58da9768f43b5286062f4,71d32c87070f4b43,ok,,g1946,train
data/original/aquahealth/train_split/Bacterial Red disease/Bacterial Red disease_157.jpg,train_split,Bacterial Red disease,Bacterial Red Disease,0,.jpg,640,640,RGB,b4c69d6bb7368e6b60dd79b1b3c9629276f2028a9194d949b790b0e709cf67d4,1c8e0e0c9e8e8717,ok,,g957,val
data/original/aquahealth/train_split/Bacterial Red disease/Bacterial Red disease_158.jpg,train_split,Bacterial Red disease,Bacterial Red Disease,0,.jpg,640,640,RGB,e66007fb4e86cb9cb301357f3a52d2bc6b317f268cc441d57b090bf0fd3f76ed,c7d7c7070783063e,ok,,g2568,train
data/original/aquahealth/train_split/Bacterial Red disease/Bacterial Red disease_159.jpg,train_split,Bacterial Red disease,Bacterial Red Disease,0,.jpg,640,640,RGB,4fac8c739525afc615b1a015759b2a4603dfe94dbdf6d5997d0151031515d80d,850787878fe7e1e1,ok,,g2178,test
data/original/aquahealth/train_split/Bacterial Red disease/Bacterial Red disease_160.jpg,train_split,Bacterial Red disease,Bacterial Red Disease,0,.jpg,640,640,RGB,944b197790b52632251e4b79ccde30d751c029c26164ce2a952226524b700a6d,e3c31e8e0f1f1c0c,ok,,g2770,train
data/original/aquahealth/train_split/Bacterial Red disease/Bacterial Red disease_162.jpg,train_split,Bacterial Red disease,Bacterial Red Disease,0,.jpg,640,640,RGB,7a0bd231f46faee153599851e22e96a5acbbb4a6443a6d09c97e9236eac0023e,070707231383c3e3,ok,,g382,test
data/original/aquahealth/train_split/Bacterial Red disease/Bacterial Red disease_163.jpg,train_split,Bacterial Red disease,Bacterial Red Disease,0,.jpg,640,640,RGB,51acba3d26ebb0b0990b32e90477513f6cebd0b6349af9c053e18abb17bfcb01,9b3bc3ef0f87c1e0,ok,,g2320,val
data/original/aquahealth/train_split/Bacterial Red disease/Bacterial Red disease_173.jpg,train_split,Bacterial Red disease,Bacterial Red Disease,0,.jpg,640,640,RGB,af511f8080e12e2b11c16443f800a5f00f3ce76c147b4dfe5940571ca88ecf9e,d8d8daf9f5fcf8fc,ok,,g2644,val
data/original/aquahealth/train_split/Bacterial Red disease/Bacterial Red disease_174.jpg,train_split,Bacterial Red disease,Bacterial Red Disease,0,.jpg,640,640,RGB,1d1497bc9e5aa03c4ce9ec0b6e5ed8d89627ef8c9066e58d92e4af23bdf8ee24,d0e0e4a4a869070f,ok,,g2620,test
data/original/aquahealth/train_split/Bacterial Red disease/Bacterial Red disease_176.jpg,train_split,Bacterial Red disease,Bacterial Red Disease,0,.jpg,640,640,RGB,6348b5cc7f77922199a0bad2ddc02a0a324975b2615a1017c62f182d82979510,f9fdf5b9dcdc7030,ok,,g2984,train
data/original/aquahealth/train_split/Bacterial Red disease/Bacterial Red disease_178.jpg,train_split,Bacterial Red disease,Bacterial Red Disease,0,.jpg,640,640,RGB,dfadde70d29db24768b80c197deaaf609fc37ac049692f49c9b0b9cf4766f848,f93b9b8d64e7faf8,ok,,g2977,train
data/original/aquahealth/train_split/Bacterial Red disease/Bacterial Red disease_179.jpg,train_split,Bacterial Red disease,Bacterial Red Disease,0,.jpg,640,640,RGB,872bcb1721af211df499da2dc21e104ebd59fa3c86311ae1627392a06974e988,3e060b4b0b050188,ok,,g1480,test
data/original/aquahealth/train_split/Bacterial Red disease/Bacterial Red disease_18.jpg,train_split,Bacterial Red disease,Bacterial Red Disease,0,.jpg,224,224,RGB,0208d3f63552032e9d7464b35a9dc48adad0ce7c0785bd6b9488bd611998936a,c1c0fcbca6b63a9a,ok,,g2514,train
data/original/aquahealth/train_split/Bacterial Red disease/Bacterial Red disease_181.jpg,train_split,Bacterial Red disease,Bacterial Red Disease,0,.jpg,640,640,RGB,2678aa76cf6a3e336973c106d6d12d9735f3be38c1d0284a0eebbb8555296cf7,c7f37f27939bce69,ok,,g2571,train
data/original/aquahealth/train_split/Bacterial Red disease/Bacterial Red disease_182.jpg,train_split,Bacterial Red disease,Bacterial Red Disease,0,.jpg,640,640,RGB,51c217862dcc4e68faa582643f3161998b0f73b62028bc692f84786c73ffc5ab,47d004cc8bc32230,ok,,g1637,train
data/original/aquahealth/train_split/Bacterial Red disease/Bacterial Red disease_183.jpg,train_split,Bacterial Red disease,Bacterial Red Disease,0,.jpg,640,640,RGB,972c83275e76319bdcf6f182f193902eee5b01962a445816a890011e900fb434,77bd2d393afae666,ok,,g1988,val
data/original/aquahealth/train_split/Bacterial Red disease/Bacterial Red disease_184.jpg,train_split,Bacterial Red disease,Bacterial Red Disease,0,.jpg,640,640,RGB,198b2c1d62cf4c7b776d6249c823d8f716817be658fc03f32b266d35ea68d5cc,4c464647074d4465,ok,,g1653,train
data/original/aquahealth/train_split/Bacterial Red disease/Bacterial Red disease_185.jpg,train_split,Bacterial Red disease,Bacterial Red Disease,0,.jpg,640,640,RGB,5bd817bbf46181c1e1a3f08bb8c7b0f41689e813c2a6b2df610bce1514c567c6,0d9d9d1e0e4c1c1c,ok,,g595,train
data/original/aquahealth/train_split/Bacterial Red disease/Bacterial Red disease_187.jpg,train_split,Bacterial Red disease,Bacterial Red Disease,0,.jpg,640,640,RGB,17521324cbc06552d0918899af4383ffce32fa729c99060848a97d50dae28285,4f47cfcf87071767,ok,,g1677,val
data/original/aquahealth/train_split/Bacterial Red disease/Bacterial Red disease_189.jpg,train_split,Bacterial Red disease,Bacterial Red Disease,0,.jpg,640,640,RGB,3f6ba598ab6c3adceebc84083bb9c68b8b8ed104ea2ad57f058bf65c9d2060bf,1b4ece082cecc4c9,ok,,g936,test
data/original/aquahealth/train_split/Bacterial Red disease/Bacterial Red disease_19.jpg,train_split,Bacterial Red disease,Bacterial Red Disease,0,.jpg,224,224,RGB,b2260b7be604c2eeee465f73f32823310f4324ffa34f73991f8683851ff0ac9f,2707970766b89530,ok,,g1189,train
data/original/aquahealth/train_split/Bacterial Red disease/Bacterial Red disease_192.jpg,train_split,Bacterial Red disease,Bacterial Red Disease,0,.jpg,640,640,RGB,d7760129f56b0457fbcfb9b3429c7d3d73791e99d64e404eacffeee03b8fedf1,9898d98988183810,ok,,g2304,test
data/original/aquahealth/train_split/Bacterial Red disease/Bacterial Red disease_193.jpg,train_split,Bacterial Red disease,Bacterial Red Disease,0,.jpg,640,640,RGB,f3b756a75d2341d5caa57bd23b3824ca76b805efa4a2c9c7ec22203fe74ed9fc,4eeee6e6eeccdcff,ok,,g1667,train
data/original/aquahealth/train_split/Bacterial Red disease/Bacterial Red disease_194.jpg,train_split,Bacterial Red disease,Bacterial Red Disease,0,.jpg,640,640,RGB,d840d122b25013bc5de70b979f1e935487bf9f4d6ade915d6ecff8288ba31748,c8e4e01090989898,ok,,g2575,train
data/original/aquahealth/train_split/Bacterial Red disease/Bacterial Red disease_195.jpg,train_split,Bacterial Red disease,Bacterial Red Disease,0,.jpg,640,640,RGB,6867fd13153190d526be0e1dcbff1bf93e5f3b11ac1d452441ab7481921a366e,797b79eb6d7c7c7c,ok,,g2031,val
data/original/aquahealth/train_split/Bacterial Red disease/Bacterial Red disease_196.jpg,train_split,Bacterial Red disease,Bacterial Red Disease,0,.jpg,640,640,RGB,bcdbaaab71e02a92fce080828cdb5927e7a94b6f75876eb1e98db28b6bb88596,2c363332386c6c24,ok,,g1214,train
data/original/aquahealth/train_split/Bacterial Red disease/Bacterial Red disease_197.jpg,train_split,Bacterial Red disease,Bacterial Red Disease,0,.jpg,640,640,RGB,6a1905ad525aff8d3b97ec4368f137c73da9be530186d4543a5830b10f7ce31b,c188a81810d0c0cc,ok,,g2510,test
data/original/aquahealth/train_split/Bacterial Red disease/Bacterial Red disease_198.jpg,train_split,Bacterial Red disease,Bacterial Red Disease,0,.jpg,640,640,RGB,58aa6d28fc390db8ce0e9426e6e6690c215ad87ed998c9907d901149e4c42e52,3c98a8c8cdd99898,ok,,g1459,train
data/original/aquahealth/train_split/Bacterial Red disease/Bacterial Red disease_199.jpg,train_split,Bacterial Red disease,Bacterial Red Disease,0,.jpg,640,640,RGB,61de7817434e9c11c984c03f9685dcfbb58bfe080772ef567d45d682fc178cff,0101550d0c1c4c72,ok,,g155,train
data/original/aquahealth/train_split/Bacterial Red disease/Bacterial Red disease_200.jpg,train_split,Bacterial Red disease,Bacterial Red Disease,0,.jpg,640,640,RGB,723edad1bd4e37cf3de18bfbc5791d7074ee78d93d0fcc5bb4de23c541eb15ae,000806348c9c0800,ok,,g57,train
data/original/aquahealth/train_split/Bacterial Red disease/Bacterial Red disease_201.jpg,train_split,Bacterial Red disease,Bacterial Red Disease,0,.jpg,640,640,RGB,9fe11b1e096dc21869683033d1bb35081cf04147f136e9f32d26f34dbde0c7c9,0060621c949c1c00,ok,,g99,train
data/original/aquahealth/train_split/Bacterial Red disease/Bacterial Red disease_202.jpg,train_split,Bacterial Red disease,Bacterial Red Disease,0,.jpg,640,640,RGB,e0167a7db5b89221d106ba6a64ee40d37d46976682e86a5456aac9d230cc9914,0000204044058bca,ok,,g21,train
data/original/aquahealth/train_split/Bacterial Red disease/Bacterial Red disease_206.jpg,train_split,Bacterial Red disease,Bacterial Red Disease,0,.jpg,640,640,RGB,f3470e21a75d13d43cc8b0d0f269947dd3a748ce3085e3312d10c3b6eba5ebe4,4020505a399f9fb9,ok,,g1561,train
data/original/aquahealth/train_split/Bacterial Red disease/Bacterial Red disease_207.jpg,train_split,Bacterial Red disease,Bacterial Red Disease,0,.jpg,640,640,RGB,dadcd9358b2ff5811f94a93cb19f84980281e0034ccfab6600056128fd47b33a,0080c0f3faf9fa3a,ok,,g115,val
data/original/aquahealth/train_split/Bacterial Red disease/Bacterial Red disease_208.jpg,train_split,Bacterial Red disease,Bacterial Red Disease,0,.jpg,640,640,RGB,c928f3b26756b20a44ffd8757d5f8f14681175fb968dcf8112d17161a386fe30,e000d8e0e4f4f872,ok,,g2690,train
data/original/aquahealth/train_split/Bacterial Red disease/Bacterial Red disease_209.jpg,train_split,Bacterial Red disease,Bacterial Red Disease,0,.jpg,640,640,RGB,234e9ab875af52cc700ded2d986323e2251fc93d047291182458f8b08c7be275,e8fcf6f6f9f3fef8,ok,,g2826,train
data/original/aquahealth/train_split/Bacterial Red disease/Bacterial Red disease_21.jpg,train_split,Bacterial Red disease,Bacterial Red Disease,0,.jpg,224,224,RGB,a4d6eb8c33ca87387139576b8d2aa51b3e60be5257a1e83146694869062238a7,070323190323330b,label_conflict,,g367,
data/original/aquahealth/train_split/Bacterial Red disease/Bacterial Red disease_211.jpg,train_split,Bacterial Red disease,Bacterial Red Disease,0,.jpg,640,640,RGB,7310986b3f1ebffcc2647c57832eb3c4415c9a8244142ed94a86fc137215fde3,fcf0c0f4f8f8fafc,ok,,g3009,val
data/original/aquahealth/train_split/Bacterial Red disease/Bacterial Red disease_217.jpg,train_split,Bacterial Red disease,Bacterial Red Disease,0,.jpg,640,640,RGB,b4725871caa577c6c4ac31331b7dc3c81966c563b787579a18713c82d1264cac,e2fcbf3f3f7f7070,ok,,g2767,train
data/original/aquahealth/train_split/Bacterial Red disease/Bacterial Red disease_218.jpg,train_split,Bacterial Red disease,Bacterial Red Disease,0,.jpg,640,640,RGB,c1cafeebd256bc31bdfd5039954a5664652adba133f1f1fcf85d5a327a04abda,0e0c8bc362b31f1f,ok,,g602,train
data/original/aquahealth/train_split/Bacterial Red disease/Bacterial Red disease_219.jpg,train_split,Bacterial Red disease,Bacterial Red Disease,0,.jpg,640,640,RGB,9f77f87c4ea32d464396af73dab5f629b799dabca8ec8c89816b5bdf64899d66,783f2f67efc70007,ok,,g2001,train
data/original/aquahealth/train_split/Bacterial Red disease/Bacterial Red disease_22.png,train_split,Bacterial Red disease,Bacterial Red Disease,0,.png,224,224,RGB,11c901173c9518cba67161726c03c443d23e768029368867ad1d60c15a14c994,0f0f2f2422010203,ok,,g677,train
data/original/aquahealth/train_split/Bacterial Red disease/Bacterial Red disease_222.jpg,train_split,Bacterial Red disease,Bacterial Red Disease,0,.jpg,640,640,RGB,93a9eb05819e19f6d51bbb768004851021e39decc943b59a69b47edb02b6e732,642c331f0b8b010b,ok,,g1827,train
data/original/aquahealth/train_split/Bacterial Red disease/Bacterial Red disease_223.jpg,train_split,Bacterial Red disease,Bacterial Red Disease,0,.jpg,640,640,RGB,fa1a0e6ab96b5458b2495c53f74e875ea5a3b3f52aa06f4897a4faae5a0db859,0c0f1f1a07c7871e,ok,,g545,train
data/original/aquahealth/train_split/Bacterial Red disease/Bacterial Red disease_225.jpg,train_split,Bacterial Red disease,Bacterial Red Disease,0,.jpg,640,640,RGB,88180db656d0749623d02a02eb704c74c5c5b478a157b45093101589c8f10609,44060f83e1001bff,ok,,g1610,train
data/original/aquahealth/train_split/Bacterial Red disease/Bacterial Red disease_233.jpg,train_split,Bacterial Red disease,Bacterial Red Disease,0,.jpg,640,640,RGB,30d46b0ca9c8845c8deaeb1cefc5bb7e1398e3a13d689275b89d9037691f104c,3d3d687c3df8f80f,ok,,g1468,train
data/original/aquahealth/train_split/Bacterial Red disease/Bacterial Red disease_234.jpg,train_split,Bacterial Red disease,Bacterial Red Disease,0,.jpg,640,640,RGB,a1f4e1e726003fbce5d36d58cdc52e42dc11f826c5240d5a3e7ae710fccc711a,e0b4a2e3f3bdfd07,ok,,g2703,train
data/original/aquahealth/train_split/Bacterial Red disease/Bacterial Red disease_235.jpg,train_split,Bacterial Red disease,Bacterial Red Disease,0,.jpg,640,640,RGB,4200aed872418ddf4f32e75fa828ae1dd5d6cba629b46fdbd3e03c958ee5ab54,6471f1f07a78f1c1,ok,,g1833,train
data/original/aquahealth/train_split/Bacterial Red disease/Bacterial Red disease_236.jpg,train_split,Bacterial Red disease,Bacterial Red Disease,0,.jpg,640,640,RGB,ceb7205083086d78d64e447052845a329623a31ede99e3cfcfa3c244b65be6b5,43c3c090a103070e,ok,,g1606,val
data/original/aquahealth/train_split/Bacterial Red disease/Bacterial Red disease_237.jpg,train_split,Bacterial Red disease,Bacterial Red Disease,0,.jpg,640,640,RGB,901c6e217ce6d1d8de125550e29525425978360c1030ee475293dee763127ee1,eb81615cf0b0d1f7,ok,,g2831,train
data/original/aquahealth/train_split/Bacterial Red disease/Bacterial Red disease_25.jpg,train_split,Bacterial Red disease,Bacterial Red Disease,0,.jpg,224,224,RGB,dc4aa592bf741057a4bb43ff4109430a1c8f7f8926c648c14ed512e0cee1bb5e,7960e0a2a460e060,ok,,g2023,train
data/original/aquahealth/train_split/Bacterial Red disease/Bacterial Red disease_250.jpg,train_split,Bacterial Red disease,Bacterial Red Disease,0,.jpg,640,640,RGB,f97c21d024a2230142ce3ff2521b86cca903a9f82924d3f3f0c8d361a7c60c09,0003cac8d0e00000,ok,,g53,test
data/original/aquahealth/train_split/Bacterial Red disease/Bacterial Red disease_251.jpg,train_split,Bacterial Red disease,Bacterial Red Disease,0,.jpg,640,640,RGB,a98aefe48ab70d602b24c830e6e65763d5cb23a1e03bf212866e3bdda72cdb34,1cf8840000000000,ok,,g960,train
data/original/aquahealth/train_split/Bacterial Red disease/Bacterial Red disease_26.jpg,train_split,Bacterial Red disease,Bacterial Red Disease,0,.jpg,224,224,RGB,4cc8d312d6e270c3cce2fec85abc6047c92482ecef3a57cbcf7dfaebb9a3373a,1f30c0b07c3a9f37,ok,,g1061,train
data/original/aquahealth/train_split/Bacterial Red disease/Bacterial Red disease_27.jpg,train_split,Bacterial Red disease,Bacterial Red Disease,0,.jpg,224,224,RGB,30ddf43e3724a72a3ca3f1643132882243a426e3ec26674ab0d211c01acbb3f4,d1d17949297c7c7d,ok,,g2624,val
data/original/aquahealth/train_split/Bacterial Red disease/Bacterial Red disease_28.jpg,train_split,Bacterial Red disease,Bacterial Red Disease,0,.jpg,224,224,RGB,4296e3b376ca6495a18f3fb8100b713bfdc59d80e99763a8a74b710f4cd121e8,0407171e80191d1c,ok,,g319,train
data/original/aquahealth/train_split/Bacterial Red disease/Bacterial Red disease_29.jpg,train_split,Bacterial Red disease,Bacterial Red Disease,0,.jpg,224,224,RGB,c2f46015687fde266ee3e2fe449863f9f2eff22786f1b51e71e85d2b98df922f,e0991d1616191b87,ok,,g2699,train
data/original/aquahealth/train_split/Bacterial Red disease/Bacterial Red disease_3.png,train_split,Bacterial Red disease,Bacterial Red Disease,0,.png,224,224,RGB,27d14acecb4a18d36a295e83f20e1ab2e8eff8d04adb6a8df3deceb31c48a49f,5f5fff77672b9b07,ok,,g1740,train
data/original/aquahealth/train_split/Bacterial Red disease/Bacterial Red disease_30.jpg,train_split,Bacterial Red disease,Bacterial Red Disease,0,.jpg,224,224,RGB,d95710d426582a82f033e8bf594b9f7e26714f561d3cdede1d6aaa8d6ea67369,040c0e0f0e1fc9c3,ok,,g320,train
data/original/aquahealth/train_split/Bacterial Red disease/Bacterial Red disease_32.png,train_split,Bacterial Red disease,Bacterial Red Disease,0,.png,224,224,RGB,ad7a445d6cee99412fe0357a255ef03e292f9d366dce01f4df4e3f228c7ef35b,0b0e668c3c7461ed,ok,,g523,train
data/original/aquahealth/train_split/Bacterial Red disease/Bacterial Red disease_33.jpg,train_split,Bacterial Red disease,Bacterial Red Disease,0,.jpg,224,224,RGB,7442cfa894f85f022563d72a6bce8bcb56fd1c35863424f70a2ea916a1d40dd4,30b8fce6e6f87830,ok,,g1275,train
data/original/aquahealth/train_split/Bacterial Red disease/Bacterial Red disease_34.jpg,train_split,Bacterial Red disease,Bacterial Red Disease,0,.jpg,224,224,RGB,6073b857053dd620929c0b2bba7621529026ecaf030d18e1a66f6d2e8830c985,7978e0a2a4606060,ok,,g2030,train
data/original/aquahealth/train_split/Bacterial Red disease/Bacterial Red disease_35.jpg,train_split,Bacterial Red disease,Bacterial Red Disease,0,.jpg,224,224,RGB,b5b93c5810b04cdc87ed44f671d87efdfe1b49cb1407179f20b6f202117f2e65,70d80d6c2e130360,ok,,g1930,train
data/original/aquahealth/train_split/Bacterial Red disease/Bacterial Red disease_36.jpg,train_split,Bacterial Red disease,Bacterial Red Disease,0,.jpg,224,224,RGB,5a4c85a263388bac220824b63826275b54d54bd1e5a49fa912d15ca6dc7e6e30,f3f3b226e6e6e3e3,label_conflict,,g2925,
data/original/aquahealth/train_split/Bacterial Red disease/Bacterial Red disease_37.jpg,train_split,Bacterial Red disease,Bacterial Red Disease,0,.jpg,128,128,RGB,db9672f3227deba6d6d673f12ca51ba5815b4e418b3be4f2e666daf8bcce5035,7f7f7f4b26078f1b,ok,,g2114,train
data/original/aquahealth/train_split/Bacterial Red disease/Bacterial Red disease_38.jpg,train_split,Bacterial Red disease,Bacterial Red Disease,0,.jpg,128,128,RGB,075d37156d53762a58b023f2e08f87ab6d1ae136963c25599b167268e2e65832,b417763ebf7b4b69,ok,,g2426,train
data/original/aquahealth/train_split/Bacterial Red disease/Bacterial Red disease_40.jpg,train_split,Bacterial Red disease,Bacterial Red Disease,0,.jpg,128,128,RGB,90472e91c21349a6aa28d508badbd2f3bd8c0a0614c7be55082400a90681c404,c090b8797d2e2433,ok,,g2476,test
data/original/aquahealth/train_split/Bacterial Red disease/Bacterial Red disease_43.jpg,train_split,Bacterial Red disease,Bacterial Red Disease,0,.jpg,224,224,RGB,383feaa0d8a6b9fc4c0f61a74066d8965c8e5bd0b4c2c53ce577cefdc5a7beee,210283f3f5d5fbfd,ok,,g1131,train
data/original/aquahealth/train_split/Bacterial Red disease/Bacterial Red disease_44.png,train_split,Bacterial Red disease,Bacterial Red Disease,0,.png,224,224,RGB,09e4f3603c69db926e5b222a4866df3cda25dd8590be81a274678d445932d7bf,6062c28acaced000,ok,,g1763,train
data/original/aquahealth/train_split/Bacterial Red disease/Bacterial Red disease_45.jpg,train_split,Bacterial Red disease,Bacterial Red Disease,0,.jpg,128,128,RGB,b5dbd0ea3b17e488d1165b4b68256960feca09c3d8452f0e09bbd1f4ff7e038d,636b4f4f4f7f7f7f,ok,,g1808,train
data/original/aquahealth/train_split/Bacterial Red disease/Bacterial Red disease_49.jpg,train_split,Bacterial Red disease,Bacterial Red Disease,0,.jpg,128,128,RGB,97405ca2a749d22936fbf89f3333bb129c4f94a19d021bd595a9c16096ae37e7,0181030303030306,ok,,g187,test
data/original/aquahealth/train_split/Bacterial Red disease/Bacterial Red disease_5.jpg,train_split,Bacterial Red disease,Bacterial Red Disease,0,.jpg,224,224,RGB,38e152562b897b4f5e9dd5c609d5a837d95aafaa81f2a7412ea0ee132947db58,9c3f27979746709d,ok,,g2325,train
data/original/aquahealth/train_split/Bacterial Red disease/Bacterial Red disease_52.jpg,train_split,Bacterial Red disease,Bacterial Red Disease,0,.jpg,128,128,RGB,a884eebbe3466a13e7a937ea131415b79850fffb6f831b33dcfb9270183f006c,bf8f87c7f376fc3f,ok,,g2458,train
data/original/aquahealth/train_split/Bacterial Red disease/Bacterial Red disease_56.png,train_split,Bacterial Red disease,Bacterial Red Disease,0,.png,224,224,RGB,4558e5eaa4c68bbe259b1ab928935a667fa624142595bbb00b8e03b518be6dcc,a7a3a0a0e090929e,ok,,g2393,train
data/original/aquahealth/train_split/Bacterial Red disease/Bacterial Red disease_62.jpg,train_split,Bacterial Red disease,Bacterial Red Disease,0,.jpg,128,128,RGB,25d90708b4f06344bc72186cf1359c441fb158fa8db25f661b815e28d3186255,703093c1c0808040,ok,,g1909,train
data/original/aquahealth/train_split/Bacterial Red disease/Bacterial Red disease_63.jpg,train_split,Bacterial Red disease,Bacterial Red Disease,0,.jpg,128,128,RGB,99e31f231beb27f9a969b87e6dcc5dd6c91857834b7a615e6fc4304f35f685c1,68f88fad8d0d0c81,ok,,g1865,train
data/original/aquahealth/train_split/Bacterial Red disease/Bacterial Red disease_64.jpg,train_split,Bacterial Red disease,Bacterial Red Disease,0,.jpg,128,128,RGB,aed1ea1cc78e2a09207574ffc6d9f6646d660e0e35130421cba7afa4e0d0f531,be1e99133349cba1,ok,,g2451,train
data/original/aquahealth/train_split/Bacterial Red disease/Bacterial Red disease_68.png,train_split,Bacterial Red disease,Bacterial Red Disease,0,.png,224,224,RGB,35a2323224a85ba33a52ec2d219e434e52fa1b905363fcbc747fb53a412e95e3,9f3783071b080c0f,ok,,g2356,train
data/original/aquahealth/train_split/Bacterial Red disease/Bacterial Red disease_69.jpg,train_split,Bacterial Red disease,Bacterial Red Disease,0,.jpg,128,128,RGB,6e2bf65030fa88fe9fa32f841e32b73ce5162315d4e41e22271ee2598e94fc0e,6389090a0b0c7830,ok,,g1815,val
data/original/aquahealth/train_split/Bacterial Red disease/Bacterial Red disease_7.jpg,train_split,Bacterial Red disease,Bacterial Red Disease,0,.jpg,128,128,RGB,3bf99ebbe93b33f056f865b0d13358b3b84b8b4275e278da7587b3d2f478fccc,9aab28acac2ca2c0,ok,,g2319,val
data/original/aquahealth/train_split/Bacterial Red disease/Bacterial Red disease_70.jpg,train_split,Bacterial Red disease,Bacterial Red Disease,0,.jpg,128,128,RGB,fc6c6bc543646ae89cb9d3a908df5dcf74e851c3e65b5d2d8ff7fe21698d4ddb,01111c3e33a3e341,ok,,g171,test
data/original/aquahealth/train_split/Bacterial Red disease/Bacterial Red disease_71.jpg,train_split,Bacterial Red disease,Bacterial Red Disease,0,.jpg,128,128,RGB,d574b0d217fa0d2ece9c04e106eb0f0dad1e08116e19605e88679a17da30bb83,7dfbcf87273d397d,ok,,g2079,train
data/original/aquahealth/train_split/Bacterial Red disease/Bacterial Red disease_72.jpg,train_split,Bacterial Red disease,Bacterial Red Disease,0,.jpg,128,128,RGB,9365af3f658d9f54a3c4fedb5ffb6f6193893d1ae1851ce0b36aa86a38b15b1d,07073bfb6f078706,ok,,g388,train
data/original/aquahealth/train_split/Bacterial Red disease/Bacterial Red disease_75.jpg,train_split,Bacterial Red disease,Bacterial Red Disease,0,.jpg,128,128,RGB,cf6f9b7d80111cad0f792fed960a1c5e19ec75c7fc6bdd21adb6937bc2ad9ae5,6030302286070624,ok,,g1754,train
data/original/aquahealth/train_split/Bacterial Red disease/Bacterial Red disease_8.jpg,train_split,Bacterial Red disease,Bacterial Red Disease,0,.jpg,224,224,RGB,3bb63e5f2b57f0497f0415ccb9b0e4d179de73b41e84439b60cb60ce94cc8d67,6363131f1e090101,label_conflict,,g1802,
data/original/aquahealth/train_split/Bacterial Red disease/Bacterial Red disease_80.jpg,train_split,Bacterial Red disease,Bacterial Red Disease,0,.jpg,224,224,RGB,69dd4afffe0459c907ccfb5698545fa26e05d9c7199a912cfecd295561cbe970,0b03030b1f376848,ok,,g515,train
data/original/aquahealth/train_split/Bacterial Red disease/Bacterial Red disease_83.jpg,train_split,Bacterial Red disease,Bacterial Red Disease,0,.jpg,128,128,RGB,e312e47f40ade97e3af2af64ac2e01c721370606caa4be6c94460ef314cf86cb,01c4ce86c776b83e,ok,,g193,val
data/original/aquahealth/train_split/Bacterial Red disease/Bacterial Red disease_84.jpg,train_split,Bacterial Red disease,Bacterial Red Disease,0,.jpg,128,128,RGB,f04b98ea28aa2c3338a37e1af8e702418c431f1b9e81fb2e6af03af00aa905bb,20e0e46626e6e672,ok,,g1128,train
data/original/aquahealth/train_split/Bacterial Red disease/Bacterial Red disease_85.jpg,train_split,Bacterial Red disease,Bacterial Red Disease,0,.jpg,128,128,RGB,f70cb0710662c94b52dfb5d71195e53710dfbd3a3bd0c749fc9b70b3fdd214d2,3bf2f4646ceccc68,ok,,g1434,test
data/original/aquahealth/train_split/Bacterial Red disease/Bacterial Red disease_88.jpg,train_split,Bacterial Red disease,Bacterial Red Disease,0,.jpg,128,128,RGB,95a2bd16b72b3cf15e81ef59140cf80f71f758409dee7c470483cd617e06d921,3c261b1b39486038,ok,,g1441,train
data/original/aquahealth/train_split/Bacterial Red disease/Bacterial Red disease_91.jpg,train_split,Bacterial Red disease,Bacterial Red Disease,0,.jpg,128,128,RGB,5edd27e2629b90097eb5230d48e59409392d4fd41e209da1f9be6c6f1bafdeb3,eb81615cf0b0d1f7,ok,,g2831,train
data/original/aquahealth/train_split/Bacterial Red disease/Bacterial Red disease_93.jpg,train_split,Bacterial Red disease,Bacterial Red Disease,0,.jpg,128,128,RGB,d129cafb2e1b42470169df7ef53be81e4032c19f62cad3f0f77cd6b38e615ca5,00007e2eb6b81800,ok,,g32,test
data/original/aquahealth/train_split/Bacterial Red disease/Bacterial Red disease_95.jpg,train_split,Bacterial Red disease,Bacterial Red Disease,0,.jpg,640,640,RGB,eb8f6179674868b8b05e5f247ca5da2a1e846453db45087ad70103979e30e8b7,0080c0e0f0781010,ok,,g114,val
data/original/aquahealth/train_split/Bacterial Red disease/Bacterial Red disease_97.jpg,train_split,Bacterial Red disease,Bacterial Red Disease,0,.jpg,640,640,RGB,2d1e870653b5ccc990bd1065abda0ad4313597655bebf427d4035425e9092381,9393cbcbe3f3dcff,ok,,g2286,train
data/original/aquahealth/train_split/Bacterial Red disease/Bacterial Red disease_98.jpg,train_split,Bacterial Red disease,Bacterial Red Disease,0,.jpg,640,640,RGB,eff3c916cfe0347ea126399935432980aa6c2f42dc49061e138f6fa8602fc720,60d8fcc65313e676,ok,,g1772,train
data/original/aquahealth/train_split/Bacterial Red disease/Bacterial Red disease_aug_0.jpg,train_split,Bacterial Red disease,Bacterial Red Disease,0,.jpg,640,640,RGB,e45c4ecc7696b679f0ebaa04c1c5b443f8811b155d68b93d9ce08ba032de2c2a,0d9c9d1f0e1d1d1d,ok,,g594,train
data/original/aquahealth/train_split/Bacterial Red disease/Bacterial Red disease_aug_1.jpg,train_split,Bacterial Red disease,Bacterial Red Disease,0,.jpg,640,640,RGB,e86ec553ec2871c0e1473771adeb759d4a91ce38d496ec48d035f1da918ac54d,66469787676737bc,ok,,g1840,test
data/original/aquahealth/train_split/Bacterial Red disease/Bacterial Red disease_aug_100.jpg,train_split,Bacterial Red disease,Bacterial Red Disease,0,.jpg,128,128,RGB,e01f62b75d08575dec55d476190a995cb88fb2ef36e9d7955f5329798738f39c,1270646626c6e721,ok,,g824,train
data/original/aquahealth/train_split/Bacterial Red disease/Bacterial Red disease_aug_102.jpg,train_split,Bacterial Red disease,Bacterial Red Disease,0,.jpg,128,128,RGB,d896e3c68e2529c9f772d96a24f35a443ef49062a8396b55b43dbf59e0938b87,0101012d9b1f0e23,ok,,g149,train
data/original/aquahealth/train_split/Bacterial Red disease/Bacterial Red disease_aug_103.jpg,train_split,Bacterial Red disease,Bacterial Red Disease,0,.jpg,640,640,RGB,b111c9ae9ec47aaf40080a30a4f2f337f46e18a37bbd04d66f816f2c4c9173c1,e7c1a9c8cc66592c,ok,,g2809,train
data/original/aquahealth/train_split/Bacterial Red disease/Bacterial Red disease_aug_104.jpg,train_split,Bacterial Red disease,Bacterial Red Disease,0,.jpg,640,640,RGB,757ddc5db76118d81c144c2d2fac56f100d90a8c0233c32e3f39b239783de8c6,ecd8f8f7f6e6e6e6,ok,,g2838,train
data/original/aquahealth/train_split/Bacterial Red disease/Bacterial Red disease_aug_106.jpg,train_split,Bacterial Red disease,Bacterial Red Disease,0,.jpg,128,128,RGB,a494759b5650654a45e6e2022f888916bee76b994611d17f116359a36aaf7fcd,77682e4e4f8f8f0f,ok,,g1985,train
data/original/aquahealth/train_split/Bacterial Red disease/Bacterial Red disease_aug_107.jpg,train_split,Bacterial Red disease,Bacterial Red Disease,0,.jpg,640,640,RGB,864324c8104906ac870132edbf60d0eb62ebe205e26dc0465db00784e2470159,c3f0ded0e0e06101,ok,,g2544,val
data/original/aquahealth/train_split/Bacterial Red disease/Bacterial Red disease_aug_11.jpg,train_split,Bacterial Red disease,Bacterial Red Disease,0,.jpg,640,640,RGB,7dd56149e9521d5a1b42d5123e66bff59c2e1db0751e155c87237639b3ef17ac,3f3f787c3df9790d,ok,,g1530,val
data/original/aquahealth/train_split/Bacterial Red disease/Bacterial Red disease_aug_110.jpg,train_split,Bacterial Red disease,Bacterial Red Disease,0,.jpg,224,224,RGB,481413835203de9df78cd0c4dc35bfa99170379f2aa99853dbf34bf9e2ef0638,0fcecf8317070f0f,ok,,g788,train
data/original/aquahealth/train_split/Bacterial Red disease/Bacterial Red disease_aug_112.jpg,train_split,Bacterial Red disease,Bacterial Red Disease,0,.jpg,224,224,RGB,8a0d4b6676f11fee1b90c0d6790b25b0b2bcfb8ccfe652960816723e1569cc26,31e2c09898e0e130,ok,,g1296,val
data/original/aquahealth/train_split/Bacterial Red disease/Bacterial Red disease_aug_114.jpg,train_split,Bacterial Red disease,Bacterial Red Disease,0,.jpg,640,640,RGB,97548871232de069c451eb651c2f3fb968bc1c6f88352742e3b1808a7ffe9dbf,fdfbf5a563060422,ok,,g3027,train
data/original/aquahealth/train_split/Bacterial Red disease/Bacterial Red disease_aug_115.jpg,train_split,Bacterial Red disease,Bacterial Red Disease,0,.jpg,640,640,RGB,6340912388e0d5dfbdae3c433a1d7cbf36ccda886aa288536c99febe88f40c99,1b4ece082cecc4c9,ok,,g936,test
data/original/aquahealth/train_split/Bacterial Red disease/Bacterial Red disease_aug_116.jpg,train_split,Bacterial Red disease,Bacterial Red Disease,0,.jpg,640,640,RGB,4c1da9b484e3644149ac568b6549a20d3ca358d89a0e8af1c5f404e9ac116f68,0d9d9d1e0e4c1c1c,ok,,g595,train
data/original/aquahealth/train_split/Bacterial Red disease/Bacterial Red disease_aug_117.jpg,train_split,Bacterial Red disease,Bacterial Red Disease,0,.jpg,640,640,RGB,729bd1a109324c63bd50aa876932d6ed582e626a82b080e2e7dbe9652f35d9d2,c1c9cccc4c647233,ok,,g2520,train
data/original/aquahealth/train_split/Bacterial Red disease/Bacterial Red disease_aug_118.jpg,train_split,Bacterial Red disease,Bacterial Red Disease,0,.jpg,640,640,RGB,1ee3fc62cd5248e8cbfb39e25c1dfd5e4daa07794ad005543dd285d0b3c60ace,4eeee6e6eeccdcff,ok,,g1667,train
data/original/aquahealth/train_split/Bacterial Red disease/Bacterial Red disease_aug_119.jpg,train_split,Bacterial Red disease,Bacterial Red Disease,0,.jpg,128,128,RGB,ab2dcb3abc21d8d5fae785cdfd318e647c629969cb3e23a42ba64b0d72ed9e2b,0361b1d9c84c4c6d,ok,,g281,train
data/original/aquahealth/train_split/Bacterial Red disease/Bacterial Red disease_aug_12.jpg,train_split,Bacterial Red disease,Bacterial Red Disease,0,.jpg,640,640,RGB,610685b273479cd29ee90f15aa825d327aa4ff6891801261482cb06b5cca14ae,0083c3861e11737e,ok,,g119,train
data/original/aquahealth/train_split/Bacterial Red disease/Bacterial Red disease_aug_121.jpg,train_split,Bacterial Red disease,Bacterial Red Disease,0,.jpg,128,128,RGB,54c4c507fac49713faf91edca0738207810316d08e12b79f01fdaffd8d641a4e,0c998b2b3b1f1830,ok,,g561,train
data/original/aquahealth/train_split/Bacterial Red disease/Bacterial Red disease_aug_122.jpg,train_split,Bacterial Red disease,Bacterial Red Disease,0,.jpg,224,224,RGB,cc1fc2782271d9f1b3db3073c8c03a754de8a4344e414aaf6b0944a0c9a62fb6,40c8cccc4ce4f033,ok,,g1566,train
data/original/aquahealth/train_split/Bacterial Red disease/Bacterial Red disease_aug_123.jpg,train_split,Bacterial Red disease,Bacterial Red Disease,0,.jpg,640,640,RGB,351632615ab316a35112ad127a6aef26cbee64adca9d38332cdd507c554966d9,1d1d1d1db93b3131,ok,,g968,train
data/original/aquahealth/train_split/Bacterial Red disease/Bacterial Red disease_aug_124.jpg,train_split,Bacterial Red disease,Bacterial Red Disease,0,.jpg,640,640,RGB,fe9df7e47e8e9680fe2197de8ee9d03ed19d32400a050b57b5b436c35ccd30ec,0f44041201010303,ok,,g747,val
data/original/aquahealth/train_split/Bacterial Red disease/Bacterial Red disease_aug_125.jpg,train_split,Bacterial Red disease,Bacterial Red Disease,0,.jpg,640,640,RGB,74c803dfb018c0214092daf2a18da2f7497be33b542cca4c9a63941953fff3d9,ecd8f8f7f6e6e6e6,ok,,g2838,train
data/original/aquahealth/train_split/Bacterial Red disease/Bacterial Red disease_aug_126.jpg,train_split,Bacterial Red disease,Bacterial Red Disease,0,.jpg,128,128,RGB,e1ce2ab2ce83e894d078939bb60c0e31e622b27d1c2cc94ee5e20b1a82e0bf0f,27230c2e2307c701,ok,,g1191,train
data/original/aquahealth/train_split/Bacterial Red disease/Bacterial Red disease_aug_127.jpg,train_split,Bacterial Red disease,Bacterial Red Disease,0,.jpg,640,640,RGB,1072c57fac0816924c4c29605226faf818fa95c4df79b405b68956d5be5d4f67,00000f6969070205,ok,,g18,train
data/original/aquahealth/train_split/Bacterial Red disease/Bacterial Red disease_aug_128.jpg,train_split,Bacterial Red disease,Bacterial Red Disease,0,.jpg,640,640,RGB,24ec40800a35a902b47db4b9e1ee536b6636838d205e63bbae273e4fe33cbedf,3707070e49890905,ok,,g1346,train
data/original/aquahealth/train_split/Bacterial Red disease/Bacterial Red disease_aug_129.jpg,train_split,Bacterial Red disease,Bacterial Red Disease,0,.jpg,640,640,RGB,50a2ae22fc1231b621cba455c4feb601e569b098d5e22d273fd85ab161adc09e,3632343c38a3c10d,ok,,g1341,test
data/original/aquahealth/train_split/Bacterial Red disease/Bacterial Red disease_aug_13.jpg,train_split,Bacterial Red disease,Bacterial Red Disease,0,.jpg,640,640,RGB,adff2edcec7896c9e401c7e973c4674550d803469c39dacc3ee7a5570277e05f,70484e0b0b0a0d0d,ok,x2282,g1913,train
data/original/aquahealth/train_split/Bacterial Red disease/Bacterial Red disease_aug_130.jpg,train_split,Bacterial Red disease,Bacterial Red Disease,0,.jpg,224,224,RGB,0336505096979c15752e529272ea3a7e6e0c8192091183dd372df95138a06a89,3773908a8e8aab01,ok,,g1361,train
data/original/aquahealth/train_split/Bacterial Red disease/Bacterial Red disease_aug_131.jpg,train_split,Bacterial Red disease,Bacterial Red Disease,0,.jpg,640,640,RGB,a923cca8072a0092c257e02aca8debafb42a49e7784ca6c6f593c349ff19f1d0,494040c0c0cac989,ok,,g1640,train
data/original/aquahealth/train_split/Bacterial Red disease/Bacterial Red disease_aug_132.jpg,train_split,Bacterial Red disease,Bacterial Red Disease,0,.jpg,640,640,RGB,9297ed0b6533313bd48bc6869992f5942d594996117ecd37f988bad3f99bb5ee,c0e0de3f1f070000,ok,,g2497,test
data/original/aquahealth/train_split/Bacterial Red disease/Bacterial Red disease_aug_133.jpg,train_split,Bacterial Red disease,Bacterial Red Disease,0,.jpg,640,640,RGB,618ed79e30384d559599163aaf5137a38c1b1ed6f89f702444f721f82894bab3,199999191f0d4d5f,ok,,g909,train
data/original/aquahealth/train_split/Bacterial Red disease/Bacterial Red disease_aug_134.jpg,train_split,Bacterial Red disease,Bacterial Red Disease,0,.jpg,640,640,RGB,299d4e6d17db00f010198e4e5d3e087a8a7254e93b597a61b3f20ddebec4c995,3d3c7c767a3f1f0f,ok,,g1467,train
data/original/aquahealth/train_split/Bacterial Red disease/Bacterial Red disease_aug_135.jpg,train_split,Bacterial Red disease,Bacterial Red Disease,0,.jpg,640,640,RGB,43b24e066542206c27453bdeb92ebf80033baa46b25d1eb535f0e8012702273a,e0b4a2e3f3fdfd07,ok,,g2704,val
data/original/aquahealth/train_split/Bacterial Red disease/Bacterial Red disease_aug_136.jpg,train_split,Bacterial Red disease,Bacterial Red Disease,0,.jpg,224,224,RGB,70a77333292e88ce5d2224dad9e0a83d40a720831ba6bce4ddd12eef80c6245e,278b99cec3d15948,ok,,g1202,train
data/original/aquahealth/train_split/Bacterial Red disease/Bacterial Red disease_aug_137.jpg,train_split,Bacterial Red disease,Bacterial Red Disease,0,.jpg,224,224,RGB,d19a8808b7dc5390e7b63c5879d49e5d5538b95a7f900b2e4551f1cded34e1b6,2b28e0a26641c101,ok,,g1209,val
data/original/aquahealth/train_split/Bacterial Red disease/Bacterial Red disease_aug_138.jpg,train_split,Bacterial Red disease,Bacterial Red Disease,0,.jpg,640,640,RGB,3aaeb89cd0cd38e25dec40d37a6b2db17c486d3aec469d57e4aa1e95e4aee695,1d1d1d9dce4e4e6f,ok,,g969,train
data/original/aquahealth/train_split/Bacterial Red disease/Bacterial Red disease_aug_139.jpg,train_split,Bacterial Red disease,Bacterial Red Disease,0,.jpg,224,224,RGB,db0be545fd6bb0aace848df6b0133fbecf51551c8fe01f7d549ff2444c53e40e,0404243747c20698,ok,,g317,train
data/original/aquahealth/train_split/Bacterial Red disease/Bacterial Red disease_aug_14.jpg,train_split,Bacterial Red disease,Bacterial Red Disease,0,.jpg,640,640,RGB,b5dec7358348c5e7027bc05d3c9431e67f5b16c6fdb4585af85f3012162eb80c,1f7f7c787ceddd1f,ok,,g1091,val
data/original/aquahealth/train_split/Bacterial Red disease/Bacterial Red disease_aug_140.jpg,train_split,Bacterial Red disease,Bacterial Red Disease,0,.jpg,128,128,RGB,bf585494f98f45b8532597bbdd623238b48292d583e17b4827abbc726d8a773f,01c4ce86c766f83e,ok,,g192,train
data/original/aquahealth/train_split/Bacterial Red disease/Bacterial Red disease_aug_141.jpg,train_split,Bacterial Red disease,Bacterial Red Disease,0,.jpg,128,128,RGB,7914ee381d8451875089f05b4b918ccb9d3fe6b8e0bdbe6ac274aa34bfc15e70,0000818b82e26100,ok,,g35,train
data/original/aquahealth/train_split/Bacterial Red disease/Bacterial Red disease_aug_142.jpg,train_split,Bacterial Red disease,Bacterial Red Disease,0,.jpg,128,128,RGB,b58a61ef6d8ab2f44832db449223e2fdab6bf9e07a0f7314e584600b9b855dad,01200c1e1b434341,ok,,g174,train
data/original/aquahealth/train_split/Bacterial Red disease/Bacterial Red disease_aug_143.jpg,train_split,Bacterial Red disease,Bacterial Red Disease,0,.jpg,128,128,RGB,2e3cd05ac4ac4389dfe28656c23dc68443259adeedbdb2fdf253822830885b6d,9aab28acac2ca2c0,ok,x597,g2319,val
data/original/aquahealth/train_split/Bacterial Red disease/Bacterial Red disease_aug_144.jpg,train_split,Bacterial Red disease,Bacterial Red Disease,0,.jpg,224,224,RGB,4b45fb80aa41b2ab0f895db689dbc3790db64731c25595104b4c39a11f1b8428,0b0c464743071d15,ok,,g522,train
data/original/aquahealth/train_split/Bacterial Red disease/Bacterial Red disease_aug_147.jpg,train_split,Bacterial Red disease,Bacterial Red Disease,0,.jpg,640,640,RGB,3a59577b19ad1c51379098eab6562b39f60b0a2e98b3c151d89e1f3f58b63de4,0f0b210383e1705f,ok,,g652,train
data/original/aquahealth/train_split/Bacterial Red disease/Bacterial Red disease_aug_148.jpg,train_split,Bacterial Red disease,Bacterial Red Disease,0,.jpg,640,640,RGB,dc5080b56a6f514a9abab26b11f8aa33dd7ac5f866f00dbaac9ccdcbea228733,19bbbab1f47c7e7f,ok,,g913,train
data/original/aquahealth/train_split/Bacterial Red disease/Bacterial Red disease_aug_150.jpg,train_split,Bacterial Red disease,Bacterial Red Disease,0,.jpg,640,640,RGB,b7537a4dd37e82e7e5a24181accb9636228266c42e3f93d2e49d7ea16170ca54,19191d1f1e1f1d4b,ok,,g897,train
data/original/aquahealth/train_split/Bacterial Red disease/Bacterial Red disease_aug_151.jpg,train_split,Bacterial Red disease,Bacterial Red Disease,0,.jpg,128,128,RGB,dc1bddb8d5dac9cd510c916b0ca47505bcaacd06785361d6c3226e4ea59381a3,f0f8f0e8cd8e1e3f,ok,,g2891,train
data/original/aquahealth/train_split/Bacterial Red disease/Bacterial Red disease_aug_152.jpg,train_split,Bacterial Red disease,Bacterial Red Disease,0,.jpg,640,640,RGB,f26fe73d844e867d79e278c9a35cc814124f65d34206e8f1898e4583b54cea37,3f1b0a1a1e2f1f0d,ok,,g1504,train
data/original/aquahealth/train_split/Bacterial Red disease/Bacterial Red disease_aug_153.jpg,train_split,Bacterial Red disease,Bacterial Red Disease,0,.jpg,640,640,RGB,00d544700cc9f359d904e5543fc6dec16439045395e7c5bbc43f87469dcd7262,1d9d9d1e0e4c1c3c,ok,,g981,train
data/original/aquahealth/train_split/Bacterial Red disease/Bacterial Red disease_aug_154.jpg,train_split,Bacterial Red disease,Bacterial Red Disease,0,.jpg,224,224,RGB,66da0f67c6423e11ee212f59993aad3152d450c08e84daea8ed7b79c64d70b3c,4f1f1f877c4f0f07,ok,,g1673,train
data/original/aquahealth/train_split/Bacterial Red disease/Bacterial Red disease_aug_155.jpg,train_split,Bacterial Red disease,Bacterial Red Disease,0,.jpg,128,128,RGB,94353d695cf9305de91ce4f1dd5ec88e66e4108e97db5df9b805268c27bd779e,373d7f4f6f3f7f3f,ok,,g1356,train
data/original/aquahealth/train_split/Bacterial Red disease/Bacterial Red disease_aug_156.jpg,train_split,Bacterial Red disease,Bacterial Red Disease,0,.jpg,128,128,RGB,3536951876092cc9697ede1bd714a4baacba0ef6a128a0182ecb3bf6c517a62a,7e7e7261c10bc373,ok,,g2087,val
data/original/aquahealth/train_split/Bacterial Red disease/Bacterial Red disease_aug_157.jpg,train_split,Bacterial Red disease,Bacterial Red Disease,0,.jpg,640,640,RGB,eeed9c733e7eef4710dfc11845e9376160a330f3da04bf99f1e6b0c4ab521617,79e4c03c34371813,ok,,g2034,train
data/original/aquahealth/train_split/Bacterial Red disease/Bacterial Red disease_aug_158.jpg,train_split,Bacterial Red disease,Bacterial Red Disease,0,.jpg,640,640,RGB,a7a69a66d08d9764e7d09fae5f5faf8b3f98c8baaa7ee36625d02c5cb2ffe0a1,24223c080e1e7cf8,ok,,g1173,train
data/original/aquahealth/train_split/Bacterial Red disease/Bacterial Red disease_aug_159.jpg,train_split,Bacterial Red disease,Bacterial Red Disease,0,.jpg,640,640,RGB,adbac64ac76d5e879b9921a059cbdd6b3c4f8df90fc32ace413212fe760990f0,101019191d0d0f0f,ok,,g800,train
data/original/aquahealth/train_split/Bacterial Red disease/Bacterial Red disease_aug_160.jpg,train_split,Bacterial Red disease,Bacterial Red Disease,0,.jpg,128,128,RGB,ebe8dc88d062d1724666db0523e02de575760594dcb36ffaaf511835273e2a84,fbf8d8989b9898b1,ok,x3143,g2995,train
data/original/aquahealth/train_split/Bacterial Red disease/Bacterial Red disease_aug_163.jpg,train_split,Bacterial Red disease,Bacterial Red Disease,0,.jpg,128,128,RGB,4d5e5a48dff817e7850b8679ac8ac74d3fc3e3052b82efd4be9ba4ea40089983,0f131fac90800007,ok,,g693,train
data/original/aquahealth/train_split/Bacterial Red disease/Bacterial Red disease_aug_165.jpg,train_split,Bacterial Red disease,Bacterial Red Disease,0,.jpg,224,224,RGB,8858b346d34aa4f3145f4c31bbbcb59a4bf72a64b28582f6d4bac78fc4bc3cb5,7474616d6bc1c141,ok,x1767,g1972,train
data/original/aquahealth/train_split/Bacterial Red disease/Bacterial Red disease_aug_166.jpg,train_split,Bacterial Red disease,Bacterial Red Disease,0,.jpg,640,640,RGB,6987ff265674b73b64e085851b4367a115cd946d68ff2b7bf1eebbba765a82ee,2f30300001818101,ok,,g1237,train
data/original/aquahealth/train_split/Bacterial Red disease/Bacterial Red disease_aug_167.jpg,train_split,Bacterial Red disease,Bacterial Red Disease,0,.jpg,640,640,RGB,9d03cfa60d0d9f2460da4006f7412a1f8cdc8dfdd2ca321603fce684280d028b,628309080a0a4cf9,ok,,g1797,train
data/original/aquahealth/train_split/Bacterial Red disease/Bacterial Red disease_aug_168.jpg,train_split,Bacterial Red disease,Bacterial Red Disease,0,.jpg,640,640,RGB,790617406cb4bf3229a13a292e9381a8d33dd514e55eae8ec82faeb97d5a7ee4,414161652534303a,ok,x1583,g1576,val
data/original/aquahealth/train_split/Bacterial Red disease/Bacterial Red disease_aug_169.jpg,train_split,Bacterial Red disease,Bacterial Red Disease,0,.jpg,224,224,RGB,6bdbf1beea4732b3dfff94a0fbd9941a11f091595d533031e0977099e6e6eb8b,3f7199ce9e8e2b03,ok,,g1538,test
data/original/aquahealth/train_split/Bacterial Red disease/Bacterial Red disease_aug_170.jpg,train_split,Bacterial Red disease,Bacterial Red Disease,0,.jpg,128,128,RGB,14e664d294076404af8254163d858e69e4dd1949858ca39a641b40bd9fadaa82,77dc8c9e1c10a083,ok,,g1990,train
data/original/aquahealth/train_split/Bacterial Red disease/Bacterial Red disease_aug_171.jpg,train_split,Bacterial Red disease,Bacterial Red Disease,0,.jpg,128,128,RGB,b12e0b49a86b455a703cfbe2d67e7145db0086cebc61931a0dc5f3d5b8295ed8,fcf6e261418bcb33,ok,,g3011,test
data/original/aquahealth/train_split/Bacterial Red disease/Bacterial Red disease_aug_172.jpg,train_split,Bacterial Red disease,Bacterial Red Disease,0,.jpg,640,640,RGB,ca79822fad34b6b9ee5fb41d0a144fae470c629111d95a87c8203bf7885ed2c9,43030b190c1e5f0f,ok,,g1589,train
data/original/aquahealth/train_split/Bacterial Red disease/Bacterial Red disease_aug_173.jpg,train_split,Bacterial Red disease,Bacterial Red Disease,0,.jpg,128,128,RGB,28ae3908d0e4ad9e307bee71a90823e01aea313cc4fbd5020fe64e0f1ef4b66e,43507878790c0b65,ok,,g1598,train
data/original/aquahealth/train_split/Bacterial Red disease/Bacterial Red disease_aug_174.jpg,train_split,Bacterial Red disease,Bacterial Red Disease,0,.jpg,224,224,RGB,9cf55f2b53f11d21b08123ce2622b6cea3ec96cfd1b9f64889c10a8d93ef1082,33716707876f7f1f,ok,,g1321,train
data/original/aquahealth/train_split/Bacterial Red disease/Bacterial Red disease_aug_175.jpg,train_split,Bacterial Red disease,Bacterial Red Disease,0,.jpg,640,640,RGB,88218ccfcd3d6ca1e0d9bba1d16613012f11d6ded2cec1abd96e659ba0bfdb80,383c878e0f07c7cf,ok,,g1374,val
data/original/aquahealth/train_split/Bacterial Red disease/Bacterial Red disease_aug_178.jpg,train_split,Bacterial Red disease,Bacterial Red Disease,0,.jpg,224,224,RGB,e73b4fee1fb479f528be36447884981a5fc48bb9798ea34f8f5c313832623c3d,03030bdbbb7fbe1f,ok,,g227,train
data/original/aquahealth/train_split/Bacterial Red disease/Bacterial Red disease_aug_179.jpg,train_split,Bacterial Red disease,Bacterial Red Disease,0,.jpg,224,224,RGB,f9278a8ef0608ec420e3d3d541840fd1a5c18115d32015eafbc55512f98bbcf0,031f1fdbbb3f3f1f,ok,,g263,val
data/original/aquahealth/train_split/Bacterial Red disease/Bacterial Red disease_aug_18.jpg,train_split,Bacterial Red disease,Bacterial Red Disease,0,.jpg,224,224,RGB,afad0d1065910fcd9df48f109b8af5401cca5927fbd2ff7989b9d2a859766837,03f3090d6f331119,ok,,g312,test
data/original/aquahealth/train_split/Bacterial Red disease/Bacterial Red disease_aug_180.jpg,train_split,Bacterial Red disease,Bacterial Red Disease,0,.jpg,128,128,RGB,ec8bcc099670629a2290162723b79abc33e0944fcb78ed7a3a20ed498ecdb5de,d5c1c7e3f07c1e1d,ok,,g2631,train
data/original/aquahealth/train_split/Bacterial Red disease/Bacterial Red disease_aug_181.jpg,train_split,Bacterial Red disease,Bacterial Red Disease,0,.jpg,640,640,RGB,be2d0a193a7c6586aa105b399c6db1faea28c0f41f0a3149355ebbc493494424,80001898d8b0e0c0,ok,,g2124,train
data/original/aquahealth/train_split/Bacterial Red disease/Bacterial Red disease_aug_182.jpg,train_split,Bacterial Red disease,Bacterial Red Disease,0,.jpg,640,640,RGB,4dcfd0341e1fe94adfe9dc4cb5cef5ebc00421efcdef3ee71ea13c4b8f625770,1d39b888cddd9899,ok,,g974,test
data/original/aquahealth/train_split/Bacterial Red disease/Bacterial Red disease_aug_183.jpg,train_split,Bacterial Red disease,Bacterial Red Disease,0,.jpg,224,224,RGB,0a414ecfe75e848dab9e5410abdf949c5425d21fa299c500e2b87eedf5d55269,100c060743161e1a,ok,,g798,train
data/original/aquahealth/train_split/Bacterial Red disease/Bacterial Red disease_aug_184.jpg,train_split,Bacterial Red disease,Bacterial Red Disease,0,.jpg,640,640,RGB,9de1d54b15827290a15976ce40a35085b3b6ae00d099e40317c92131277756a1,67333f3693978b81,ok,,g1847,train
data/original/aquahealth/train_split/Bacterial Red disease/Bacterial Red disease_aug_185.jpg,train_split,Bacterial Red disease,Bacterial Red Disease,0,.jpg,128,128,RGB,461579de23d5d82069f3c3d2afd94cea2cfc0e0f700837cc75bc1882661a5b9e,0000818b82e2e100,ok,,g36,train
data/original/aquahealth/train_split/Bacterial Red disease/Bacterial Red disease_aug_186.jpg,train_split,Bacterial Red disease,Bacterial Red Disease,0,.jpg,128,128,RGB,f4771b353c1bf5e398152a948498ac9f85b4b26bc0345fd5d7c2780c75ea9230,0d070482c6070000,ok,,g568,val
data/original/aquahealth/train_split/Bacterial Red disease/Bacterial Red disease_aug_19.jpg,train_split,Bacterial Red disease,Bacterial Red Disease,0,.jpg,640,640,RGB,5e0339b076485bbd57c0248705f78f76a4b05fec6cd979851a6b232948c4372d,7ee0c0f4f8f8ba1a,ok,,g2088,val
data/original/aquahealth/train_split/Bacterial Red disease/Bacterial Red disease_aug_190.jpg,train_split,Bacterial Red disease,Bacterial Red Disease,0,.jpg,640,640,RGB,3330a2c680758a89b21837401119221eafdc5f371daef51237027e7ba4d893ca,87c79f1f0f0e0e07,ok,,g2216,test
data/original/aquahealth/train_split/Bacterial Red disease/Bacterial Red disease_aug_192.jpg,train_split,Bacterial Red disease,Bacterial Red Disease,0,.jpg,640,640,RGB,ba4b8bc6de8a424916d0388b3ab6dea466dc5ce2356cdff36795f970239d3429,4c464647074d4465,ok,,g1653,train
data/original/aquahealth/train_split/Bacterial Red disease/Bacterial Red disease_aug_193.jpg,train_split,Bacterial Red disease,Bacterial Red Disease,0,.jpg,640,640,RGB,12aef49823371e52bff30d664b68d5ee8a9e004b2b6f3c51c90f4773bde92a62,6c6c330f0b83010b,ok,,g1879,train
data/original/aquahealth/train_split/Bacterial Red disease/Bacterial Red disease_aug_194.jpg,train_split,Bacterial Red disease,Bacterial Red Disease,0,.jpg,128,128,RGB,10c93440abf8087af375d7392b17249ac04e97451ce35bd901c2b6d71c3b4056,07066637336b6938,ok,,g377,test
data/original/aquahealth/train_split/Bacterial Red disease/Bacterial Red disease_aug_195.jpg,train_split,Bacterial Red disease,Bacterial Red Disease,0,.jpg,640,640,RGB,bcdf02f526b20e63ca41e1766fcbd7cef364e76d4d679d8eabec85c1a02630a8,7decccccccd87033,ok,,g2075,train
data/original/aquahealth/train_split/Bacterial Red disease/Bacterial Red disease_aug_196.jpg,train_split,Bacterial Red disease,Bacterial Red Disease,0,.jpg,224,224,RGB,ea6110a03df21063d3884594436b70b0573245251f0f3807e073eaecca864c77,21078333f7757f7f,ok,,g1132,train
data/original/aquahealth/train_split/Bacterial Red disease/Bacterial Red disease_aug_197.jpg,train_split,Bacterial Red disease,Bacterial Red Disease,0,.jpg,128,128,RGB,7dd10d03863aeaf6e0fa020485d24c73c0327d1119fbce040e4af30c6f0f1c63,391b8b0302234b59,ok,,g1388,test
data/original/aquahealth/train_split/Bacterial Red disease/Bacterial Red disease_aug_199.jpg,train_split,Bacterial Red disease,Bacterial Red Disease,0,.jpg,224,224,RGB,df47317900f8344406699698a81a653698abd5d1a09c013cbf94ec515495560d,61c8cc4c4ce4e133,ok,,g1788,val
data/original/aquahealth/train_split/Bacterial Red disease/Bacterial Red disease_aug_20.jpg,train_split,Bacterial Red disease,Bacterial Red Disease,0,.jpg,128,128,RGB,cb855f333a7ea1a7edcf9551d29d22e0b108a9394429197e3855670d9fe6642b,00007e2eb6b81800,ok,,g32,test
data/original/aquahealth/train_split/Bacterial Red disease/Bacterial Red disease_aug_200.jpg,train_split,Bacterial Red disease,Bacterial Red Disease,0,.jpg,640,640,RGB,5fa4f92f1e04f37cf0413729df984a062830698f41004c9b93e915e9e00c6f45,000f0c191b87c337,ok,x1262,g63,train
data/original/aquahealth/train_split/Bacterial Red disease/Bacterial Red disease_aug_201.jpg,train_split,Bacterial Red disease,Bacterial Red Disease,0,.jpg,640,640,RGB,3d381403982c9c89e17a7b08021ce4e8e7fd26d18b97772cc1c8368134110868,e8c09090603080e0,ok,,g2820,train
data/original/aquahealth/train_split/Bacterial Red disease/Bacterial Red disease_aug_202.jpg,train_split,Bacterial Red disease,Bacterial Red Disease,0,.jpg,640,640,RGB,f0df534566c8e427a842f707c15fb19d809ff6280025fd11329272c2fe1d6b77,870743434b2b2331,ok,,g2204,val
data/original/aquahealth/train_split/Bacterial Red disease/Bacterial Red disease_aug_203.jpg,train_split,Bacterial Red disease,Bacterial Red Disease,0,.jpg,640,640,RGB,b313f93a552a8dd673d51ab5ec5c251dede664b905dacbbb9b41629f094ca042,fb8b8a8acce8f0c0,ok,,g2992,train
data/original/aquahealth/train_split/Bacterial Red disease/Bacterial Red disease_aug_204.jpg,train_split,Bacterial Red disease,Bacterial Red Disease,0,.jpg,640,640,RGB,adff2edcec7896c9e401c7e973c4674550d803469c39dacc3ee7a5570277e05f,70484e0b0b0a0d0d,ok,x2282,g1913,
data/original/aquahealth/train_split/Bacterial Red disease/Bacterial Red disease_aug_205.jpg,train_split,Bacterial Red disease,Bacterial Red Disease,0,.jpg,640,640,RGB,f3b372d82da564ecc924234644b2991404c77136cfc484c6a26592ce89353a05,c188a81810d0c0cc,ok,,g2510,test
data/original/aquahealth/train_split/Bacterial Red disease/Bacterial Red disease_aug_206.jpg,train_split,Bacterial Red disease,Bacterial Red Disease,0,.jpg,640,640,RGB,1d200bc55e2e153dda34c9026019e60175119d36f22ae108511dde6d67fd2010,057ff2d3f3f86c37,ok,,g331,train
data/original/aquahealth/train_split/Bacterial Red disease/Bacterial Red disease_aug_207.jpg,train_split,Bacterial Red disease,Bacterial Red Disease,0,.jpg,224,224,RGB,e98473e829cc8bf7301d90f7d33af58cee19ae5d39b333631b97729155e47714,d1d17949297c7c7d,ok,,g2624,val
data/original/aquahealth/train_split/Bacterial Red disease/Bacterial Red disease_aug_208.jpg,train_split,Bacterial Red disease,Bacterial Red Disease,0,.jpg,640,640,RGB,66add07fece93f73525e23a79ef38ebec04aa384a5c98b39cba84b69316a174b,db8b8a8acce8f0c0,ok,x1341,g2667,train
data/original/aquahealth/train_split/Bacterial Red disease/Bacterial Red disease_aug_211.jpg,train_split,Bacterial Red disease,Bacterial Red Disease,0,.jpg,640,640,RGB,004c8161d689c03948c700514d7933f95062dbef735a348f949ba58d16283f17,775325e8cc675319,ok,,g1982,train
data/original/aquahealth/train_split/Bacterial Red disease/Bacterial Red disease_aug_212.jpg,train_split,Bacterial Red disease,Bacterial Red Disease,0,.jpg,224,224,RGB,c2a5fe8b55524e7b51d2bb05811cd852004fd821804dcae0abdee655a7304b50,0be3fabab9357c7f,ok,,g537,train
data/original/aquahealth/train_split/Bacterial Red disease/Bacterial Red disease_aug_214.jpg,train_split,Bacterial Red disease,Bacterial Red Disease,0,.jpg,128,128,RGB,b232e2bae9186ad9de949ee36b76301c7051d84e3297aa9ac826dd3bde80d7d9,a62aebcacacab818,ok,,g2389,val
data/original/aquahealth/train_split/Bacterial Red disease/Bacterial Red disease_aug_215.jpg,train_split,Bacterial Red disease,Bacterial Red Disease,0,.jpg,640,640,RGB,fa5996fa6f3231e55f47bd575623dc8a06b465d2fa005adca7f87fc3c9f0b7d8,6c69330f0b030109,ok,,g1878,test
data/original/aquahealth/train_split/Bacterial Red disease/Bacterial Red disease_aug_216.jpg,train_split,Bacterial Red disease,Bacterial Red Disease,0,.jpg,640,640,RGB,d291aa582788d36fc684756f31fc0e7054439933448d76f1e2b563b313d9a93b,1c30011b36268c69,ok,,g952,train
data/original/aquahealth/train_split/Bacterial Red disease/Bacterial Red disease_aug_217.jpg,train_split,Bacterial Red disease,Bacterial Red Disease,0,.jpg,128,128,RGB,7a9ddbe1db3016672831fb96c1d96718869508cf465122b5ae9258e6948d507b,0f777961d17a703f,ok,,g763,train
data/original/aquahealth/train_split/Bacterial Red disease/Bacterial Red disease_aug_218.jpg,train_split,Bacterial Red disease,Bacterial Red Disease,0,.jpg,640,640,RGB,eb963f4ea99c2c3a2eba742eb0e8308cc03aa8aa62cf13726c8505b3b1534c32,7ceeeae7f7f0fccc,ok,,g2059,train
data/original/aquahealth/train_split/Bacterial Red disease/Bacterial Red disease_aug_219.jpg,train_split,Bacterial Red disease,Bacterial Red Disease,0,.jpg,224,224,RGB,84966d78e7691b77def387656c7e33d89597589f94d10fd34e60653ec2e66211,210283f3f5d5fbfd,ok,,g1131,train
data/original/aquahealth/train_split/Bacterial Red disease/Bacterial Red disease_aug_22.jpg,train_split,Bacterial Red disease,Bacterial Red Disease,0,.jpg,640,640,RGB,6eaa183e014ba4b4a02455e1a705611241c8bc09bc07d4ed7c6e4bbd96f274b6,1f0f333f3f073f1f,ok,,g1028,test
data/original/aquahealth/train_split/Bacterial Red disease/Bacterial Red disease_aug_220.jpg,train_split,Bacterial Red disease,Bacterial Red Disease,0,.jpg,640,640,RGB,64cc9ad8f7757c73b4bfbfaab31da72a24ce46e4ba026ef7693c4c49979f6f3a,00000e4b69070205,ok,,g17,train
data/original/aquahealth/train_split/Bacterial Red disease/Bacterial Red disease_aug_221.jpg,train_split,Bacterial Red disease,Bacterial Red Disease,0,.jpg,640,640,RGB,c48517c6f7536521b2ebf2bcc35368287e8fa905a8c5afb3cb69e44a9444a6af,05c444888b432214,ok,,g336,train
data/original/aquahealth/train_split/Bacterial Red disease/Bacterial Red disease_aug_223.jpg,train_split,Bacterial Red disease,Bacterial Red Disease,0,.jpg,640,640,RGB,29dac06792e6c0324bbb1e6a3aef5982d62cce8834457fad34af7cd4781590ce,1f0f337f1f073f1f,ok,,g1029,train
data/original/aquahealth/train_split/Bacterial Red disease/Bacterial Red disease_aug_224.jpg,train_split,Bacterial Red disease,Bacterial Red Disease,0,.jpg,128,128,RGB,41de08aeef2e62097fa5f7b0104eef9bc65a5424135d83be0432e108d4bd2d58,071f2b21081d9d1f,ok,,g431,train
data/original/aquahealth/train_split/Bacterial Red disease/Bacterial Red disease_aug_227.jpg,train_split,Bacterial Red disease,Bacterial Red Disease,0,.jpg,224,224,RGB,b5639fd34ad6981d5d50c0b8755b966741ed949fd150bcc833637545102af72c,597160a2a4606063,ok,,g1709,val
data/original/aquahealth/train_split/Bacterial Red disease/Bacterial Red disease_aug_228.jpg,train_split,Bacterial Red disease,Bacterial Red Disease,0,.jpg,640,640,RGB,70d00fddac0c64bf57a0f838e392c8b6bbffffb8a79d2805d62657b69d1bf355,03c3c191a3830707,ok,,g304,test
data/original/aquahealth/train_split/Bacterial Red disease/Bacterial Red disease_aug_229.jpg,train_split,Bacterial Red disease,Bacterial Red Disease,0,.jpg,640,640,RGB,37902429a4e3c08cbe1b39a402e7ba020816c8bc87c9d9702ae3625fc3975037,7e7476f4f6f3ffb9,ok,,g2084,train
data/original/aquahealth/train_split/Bacterial Red disease/Bacterial Red disease_aug_231.jpg,train_split,Bacterial Red disease,Bacterial Red Disease,0,.jpg,640,640,RGB,a79238b11067445fe92fe0206df19f1fe40512f163146bfe01c21971253e3c7a,03135f4f4f666c79,ok,,g254,val
data/original/aquahealth/train_split/Bacterial Red disease/Bacterial Red disease_aug_232.jpg,train_split,Bacterial Red disease,Bacterial Red Disease,0,.jpg,128,128,RGB,a3969e3a56c83eb11628c4b6445937884ad86ffbe9a07dfe62ff058d3a523b3b,703093c1c0808040,ok,,g1909,train
data/original/aquahealth/train_split/Bacterial Red disease/Bacterial Red disease_aug_233.jpg,train_split,Bacterial Red disease,Bacterial Red Disease,0,.jpg,640,640,RGB,b000e01d25793c3b46b4e5cee9dbac88ee4c006567e1699ef055b2e3cad126c2,9bbbc3ef0f87c1e0,ok,,g2323,train
data/original/aquahealth/train_split/Bacterial Red disease/Bacterial Red disease_aug_235.jpg,train_split,Bacterial Red disease,Bacterial Red Disease,0,.jpg,128,128,RGB,d1e3962ce9c90d6b643cdc350295ed1f9b6fcee29b43d4f062dbc8c4cd8c5554,20e0e46626e6e672,ok,,g1128,train
data/original/aquahealth/train_split/Bacterial Red disease/Bacterial Red disease_aug_237.jpg,train_split,Bacterial Red disease,Bacterial Red Disease,0,.jpg,128,128,RGB,8aed04029c2d65a3ca13a9e3b9bcf70f5eb741824d7306727e69518cfc75cbea,7d588e2d8d0d0d01,ok,,g2064,train
data/original/aquahealth/train_split/Bacterial Red disease/Bacterial Red disease_aug_238.jpg,train_split,Bacterial Red disease,Bacterial Red Disease,0,.jpg,640,640,RGB,6a4723f1c3ec1cfbcf34af9744ae458419c16ab51e3d5903667e6fe4ec92f307,1c8e0e0c9e8e8717,ok,,g957,val
data/original/aquahealth/train_split/Bacterial Red disease/Bacterial Red disease_aug_24.jpg,train_split,Bacterial Red disease,Bacterial Red Disease,0,.jpg,128,128,RGB,d82c8544d49ff15b3de733cf43a75a3109b829d8c159d48ae4798bb2cfc9c9f8,0306032777313130,ok,,g235,train
data/original/aquahealth/train_split/Bacterial Red disease/Bacterial Red disease_aug_240.jpg,train_split,Bacterial Red disease,Bacterial Red Disease,0,.jpg,640,640,RGB,67a1a057523382826e4becfb3465bf122696f815f8d983dd5d73769d5f65fbbb,0d0d8c8dccdcccec,ok,,g574,train
data/original/aquahealth/train_split/Bacterial Red disease/Bacterial Red disease_aug_241.jpg,train_split,Bacterial Red disease,Bacterial Red Disease,0,.jpg,128,128,RGB,3395148caad714e430f0146048f62d7565730be3fafc025820fef161c01a07d4,23b0d0d9c9c8cce9,ok,,g1167,train
data/original/aquahealth/train_split/Bacterial Red disease/Bacterial Red disease_aug_242.jpg,train_split,Bacterial Red disease,Bacterial Red Disease,0,.jpg,640,640,RGB,fb1dc0f82cb26a7af3e5088b1c8335ab53772829965e57429546d59054a87cb6,014040e09031f70f,ok,,g182,test
data/original/aquahealth/train_split/Bacterial Red disease/Bacterial Red disease_aug_243.jpg,train_split,Bacterial Red disease,Bacterial Red Disease,0,.jpg,128,128,RGB,1cfaa25e442cdf7f311c3486058f8890e182c9b241ab15148e997b908a4a42af,d5c1c7e3f07c3e1d,ok,,g2632,train
data/original/aquahealth/train_split/Bacterial Red disease/Bacterial Red disease_aug_244.jpg,train_split,Bacterial Red disease,Bacterial Red Disease,0,.jpg,640,640,RGB,b5fa48d497b82674ec9287ef2c862f9770713c678b1dbb43fbb04e87d5298760,21808d1f3c6040cb,ok,,g1143,train
data/original/aquahealth/train_split/Bacterial Red disease/Bacterial Red disease_aug_245.jpg,train_split,Bacterial Red disease,Bacterial Red Disease,0,.jpg,640,640,RGB,a2f6c0446c836431ff20f2a6f6772294892b89640203c89562fbb42f329fb7fd,6120602849c0c0c0,ok,,g1783,train
data/original/aquahealth/train_split/Bacterial Red disease/Bacterial Red disease_aug_246.jpg,train_split,Bacterial Red disease,Bacterial Red Disease,0,.jpg,224,224,RGB,131a9f4d7c064910ca2e1527b6e14f32fd3396b63cf55a408f0648e035a06240,39393707876f793e,ok,,g1399,train
data/original/aquahealth/train_split/Bacterial Red disease/Bacterial Red disease_aug_247.jpg,train_split,Bacterial Red disease,Bacterial Red Disease,0,.jpg,640,640,RGB,8699d18a7630a36379636e4807de42e2ae30c9621169ec57b6ac81cc390be76b,0706074301e1710f,ok,,g376,train
data/original/aquahealth/train_split/Bacterial Red disease/Bacterial Red disease_aug_248.jpg,train_split,Bacterial Red disease,Bacterial Red Disease,0,.jpg,640,640,RGB,044656bb7184b9fee1b9ca38b08808ea8a2411bcc9cb211b0a494fd24cbf842a,7461616d63c14141,ok,,g1970,train
data/original/aquahealth/train_split/Bacterial Red disease/Bacterial Red disease_aug_249.jpg,train_split,Bacterial Red disease,Bacterial Red Disease,0,.jpg,640,640,RGB,e498ed5d6c83aa0d9024796e3a62c027af48c7c9bfdb82006b325c457d4909d7,1f1f3e3fda5b0f01,ok,,g1057,test
data/original/aquahealth/train_split/Bacterial Red disease/Bacterial Red disease_aug_25.jpg,train_split,Bacterial Red disease,Bacterial Red Disease,0,.jpg,224,224,RGB,c61571821d9b9732e6730094a4bce90e51cd515ec3db9eff872b60991cc86d58,79d8787af0f1f507,ok,,g2033,train
data/original/aquahealth/train_split/Bacterial Red disease/Bacterial Red disease_aug_250.jpg,train_split,Bacterial Red disease,Bacterial Red Disease,0,.jpg,640,640,RGB,d943cd6b112de7581cf3ca0942984fad82f7d11f241dffc04412ee2f7bb32f12,e8c09090603080e0,ok,,g2820,train
data/original/aquahealth/train_split/Bacterial Red disease/Bacterial Red disease_aug_251.jpg,train_split,Bacterial Red disease,Bacterial Red Disease,0,.jpg,640,640,RGB,9716e38994ab96192f93cfb0dbb750a4003b2bdfae1f952f99b37be459a8ef51,0d3fbad0c8181f1f,ok,,g589,test
data/original/aquahealth/train_split/Bacterial Red disease/Bacterial Red disease_aug_252.jpg,train_split,Bacterial Red disease,Bacterial Red Disease,0,.jpg,640,640,RGB,50ca93647533fa7cf49c2ce85705e17797aea4af323c6becf5060a5eb055bf0c,44060f83e1001bff,ok,,g1610,train
data/original/aquahealth/train_split/Bacterial Red disease/Bacterial Red disease_aug_254.jpg,train_split,Bacterial Red disease,Bacterial Red Disease,0,.jpg,640,640,RGB,33a4511430c4062a43b136023c08d83d48195c9e956cbdc1be23ffc2f701f2fd,19b99fcca43d1d7b,ok,,g912,train
data/original/aquahealth/train_split/Bacterial Red disease/Bacterial Red disease_aug_255.jpg,train_split,Bacterial Red disease,Bacterial Red Disease,0,.jpg,128,128,RGB,5002e18a916811ae86214863cbe0163042baacdf1e816dcf548cc368ef14c462,5d778783333e3c3d,ok,,g1730,train
data/original/aquahealth/train_split/Bacterial Red disease/Bacterial Red disease_aug_256.jpg,train_split,Bacterial Red disease,Bacterial Red Disease,0,.jpg,640,640,RGB,efd0c76ee32917897d515d572cbb8989ce01a0752f96d44d8e7dc5966446443d,0f0f363e1c9c988c,ok,,g680,train
data/original/aquahealth/train_split/Bacterial Red disease/Bacterial Red disease_aug_257.jpg,train_split,Bacterial Red disease,Bacterial Red Disease,0,.jpg,640,640,RGB,c167ff66b6bc262a588369639fde01f5ea35db0f9003e4c9b9c052d4b179589d,41c8cc4c4ce4e133,ok,,g1583,train
data/original/aquahealth/train_split/Bacterial Red disease/Bacterial Red disease_aug_258.jpg,train_split,Bacterial Red disease,Bacterial Red Disease,0,.jpg,640,640,RGB,5fa4f92f1e04f37cf0413729df984a062830698f41004c9b93e915e9e00c6f45,000f0c191b87c337,ok,x1262,g63,
data/original/aquahealth/train_split/Bacterial Red disease/Bacterial Red disease_aug_26.jpg,train_split,Bacterial Red disease,Bacterial Red Disease,0,.jpg,640,640,RGB,a3d283820a64a8e4414333d98bcda39ac75643c1e3973ef4227bfc88d40caaa8,1f9e5b7c1e1c7860,ok,,g1095,val
data/original/aquahealth/train_split/Bacterial Red disease/Bacterial Red disease_aug_261.jpg,train_split,Bacterial Red disease,Bacterial Red Disease,0,.jpg,640,640,RGB,2e9f56183ce1d9a54e6c37fd74483a1fc6d7e458d28ca6d929e3954e7821962b,1f1f1f3b373e3c38,ok,x604,g1055,train
data/original/aquahealth/train_split/Bacterial Red disease/Bacterial Red disease_aug_262.jpg,train_split,Bacterial Red disease,Bacterial Red Disease,0,.jpg,640,640,RGB,8e85ab8102f5358a0b4dc79c7c36ca2e5efe1aa7ce2eb7667ff39287e49400c4,0f0f363e1c9c988f,ok,,g681,train
data/original/aquahealth/train_split/Bacterial Red disease/Bacterial Red disease_aug_264.jpg,train_split,Bacterial Red disease,Bacterial Red Disease,0,.jpg,128,128,RGB,8e8191d6b1292897477a26b500dee244bf3a79f55ad2e67537da5b586a8afbda,77dc8c9e1c90a083,ok,,g1991,test
data/original/aquahealth/train_split/Bacterial Red disease/Bacterial Red disease_aug_265.jpg,train_split,Bacterial Red disease,Bacterial Red Disease,0,.jpg,128,128,RGB,152703cbc00f40396b30f648f2e0e6a8a67302e892b0315a529cbc3cf0a15b31,bf8fc3c7f376fc3f,ok,,g2459,train
data/original/aquahealth/train_split/Bacterial Red disease/Bacterial Red disease_aug_267.jpg,train_split,Bacterial Red disease,Bacterial Red Disease,0,.jpg,640,640,RGB,4d2a07c37119cd7179472fb377be05487c96672989f0a8e13aba06042a02076e,0f031f231383c727,ok,,g633,train
data/original/aquahealth/train_split/Bacterial Red disease/Bacterial Red disease_aug_268.jpg,train_split,Bacterial Red disease,Bacterial Red Disease,0,.jpg,640,640,RGB,d848054a68bd255391a80dc12d52a0bae306f059138813451a8a7435e160d594,37ef9fd3cec66000,ok,x2880,g1362,train
data/original/aquahealth/train_split/Bacterial Red disease/Bacterial Red disease_aug_269.jpg,train_split,Bacterial Red disease,Bacterial Red Disease,0,.jpg,640,640,RGB,b0ef46b992c19aab1038cfb7dacec18859e4a4ef228190d9452ae5bac68bf5a2,1e3e7e56cbbcf181,ok,,g1001,test
data/original/aquahealth/train_split/Bacterial Red disease/Bacterial Red disease_aug_272.jpg,train_split,Bacterial Red disease,Bacterial Red Disease,0,.jpg,640,640,RGB,17c9693184c8556a6a00cdd7308a24a3b73fb5a3b30ff838db1c92155c78baf9,60404062c4c4f1f3,ok,,g1758,train
data/original/aquahealth/train_split/Bacterial Red disease/Bacterial Red disease_aug_273.jpg,train_split,Bacterial Red disease,Bacterial Red Disease,0,.jpg,640,640,RGB,88a2af1a23bd2d5d634230b2f28887b09ae8a16cde2bd06a4cce8f7d4880318f,3e8ecffb3a1e1f33,ok,,g1493,train
data/original/aquahealth/train_split/Bacterial Red disease/Bacterial Red disease_aug_274.jpg,train_split,Bacterial Red disease,Bacterial Red Disease,0,.jpg,640,640,RGB,1541eea31d58549267d8966bb62a8b30c1a7d8103bea07a4454e09feed849ee8,1f452c6ec3d11d09,ok,,g1075,test
data/original/aquahealth/train_split/Bacterial Red disease/Bacterial Red disease_aug_275.jpg,train_split,Bacterial Red disease,Bacterial Red Disease,0,.jpg,640,640,RGB,2ba35851a2d475691fe69e59c8b93616645260a938a3b043ed1edc9ba3a91362,63e3e96960606023,ok,,g1824,train
data/original/aquahealth/train_split/Bacterial Red disease/Bacterial Red disease_aug_276.jpg,train_split,Bacterial Red disease,Bacterial Red Disease,0,.jpg,640,640,RGB,92fa5efe7b55b99e3aeb7233cd9088f24c4cb29a8e0a333cef9613345a3f85c4,078707434b273533,ok,,g464,test
data/original/aquahealth/train_split/Bacterial Red disease/Bacterial Red disease_aug_277.jpg,train_split,Bacterial Red disease,Bacterial Red Disease,0,.jpg,640,640,RGB,ca13329c21e0badfa50ccd7ef80181631708caae227b8c7a70e2b12d5312f396,19191d9c9c383838,ok,,g898,test
data/original/aquahealth/train_split/Bacterial Red disease/Bacterial Red disease_aug_279.jpg,train_split,Bacterial Red disease,Bacterial Red Disease,0,.jpg,224,224,RGB,2e3d1318ab26b3fb793d43e4bbf3606d2d5a68867ec2baf005a0bfdc6becc6c5,70e44fc98b333f71,ok,,g1935,val
data/original/aquahealth/train_split/Bacterial Red disease/Bacterial Red disease_aug_28.jpg,train_split,Bacterial Red disease,Bacterial Red Disease,0,.jpg,640,640,RGB,51d778f735d947120e2d1c8bcd8a304b5303b5fe5d03d2e129172ba26265dff2,e3c31e8e0f1f1c0c,ok,,g2770,train
data/original/aquahealth/train_split/Bacterial Red disease/Bacterial Red disease_aug_281.jpg,train_split,Bacterial Red disease,Bacterial Red Disease,0,.jpg,640,640,RGB,ca155214837ddf9efbafa0633b612c4f19320ec542b74714cea753bd51eeea68,6f610302c3ff3f03,ok,,g1898,train
data/original/aquahealth/train_split/Bacterial Red disease/Bacterial Red disease_aug_282.jpg,train_split,Bacterial Red disease,Bacterial Red Disease,0,.jpg,640,640,RGB,efd51e76734b57abc88ae51534c714238f7460c8eabc140b21cf28843361f4d8,60d8fcc65313e676,ok,,g1772,train
data/original/aquahealth/train_split/Bacterial Red disease/Bacterial Red disease_aug_284.jpg,train_split,Bacterial Red disease,Bacterial Red Disease,0,.jpg,640,640,RGB,d5a264caa109ff53abfd097e2950e5cd0d51718fbcd5f00c2257ab3b133cb30c,0f172f3c1c0c094f,ok,,g698,val
data/original/aquahealth/train_split/Bacterial Red disease/Bacterial Red disease_aug_285.jpg,train_split,Bacterial Red disease,Bacterial Red Disease,0,.jpg,640,640,RGB,a7d87e3cf238246de1b9df925ef72312730a4864b32023b784f92f0a1ab22ab4,0c4e676b687bc709,ok,,g556,train
data/original/aquahealth/train_split/Bacterial Red disease/Bacterial Red disease_aug_286.jpg,train_split,Bacterial Red disease,Bacterial Red Disease,0,.jpg,224,224,RGB,7f22cf23bac1cb3e6ae76bbe7d2d275fcc6819e28539c41293b8569bbb6b92fa,1b3a7a7af0f6a08e,ok,,g929,train
data/original/aquahealth/train_split/Bacterial Red disease/Bacterial Red disease_aug_287.jpg,train_split,Bacterial Red disease,Bacterial Red Disease,0,.jpg,640,640,RGB,fc360772aad77b611e1b0f13d1cd7df1e881267604be7e68bc727c2d089e0214,0161621c941c0c1f,ok,,g184,train
data/original/aquahealth/train_split/Bacterial Red disease/Bacterial Red disease_aug_288.jpg,train_split,Bacterial Red disease,Bacterial Red Disease,0,.jpg,640,640,RGB,7a134cf74d8f55ef57ee9dc9827cfac6a60c98305e35bce4f41936760414f678,0f0501032425030f,ok,,g635,train
data/original/aquahealth/train_split/Bacterial Red disease/Bacterial Red disease_aug_289.jpg,train_split,Bacterial Red disease,Bacterial Red Disease,0,.jpg,128,128,RGB,42aae5b3d510f46877ac49f9b892b16a87f8c7f4940f9eaf13d0d3033e69ebaf,3f7e7363838b0347,ok,,g1547,train
data/original/aquahealth/train_split/Bacterial Red disease/Bacterial Red disease_aug_29.jpg,train_split,Bacterial Red disease,Bacterial Red Disease,0,.jpg,128,128,RGB,31dcdd55c7e17f2d35ff26d5b4eb7d29d0e9e7ac15f8cd8c43e0b03ef0e83eba,8f1b97a591010000,ok,,g2261,test
data/original/aquahealth/train_split/Bacterial Red disease/Bacterial Red disease_aug_290.jpg,train_split,Bacterial Red disease,Bacterial Red Disease,0,.jpg,128,128,RGB,2e3cd05ac4ac4389dfe28656c23dc68443259adeedbdb2fdf253822830885b6d,9aab28acac2ca2c0,ok,x597,g2319,
data/original/aquahealth/train_split/Bacterial Red disease/Bacterial Red disease_aug_291.jpg,train_split,Bacterial Red disease,Bacterial Red Disease,0,.jpg,640,640,RGB,eb5e3898fa71ae30b4c955e5963c77303ba33560d2d20d65404e945ee6bbc720,6303090d1a1b9d51,ok,,g1798,train
data/original/aquahealth/train_split/Bacterial Red disease/Bacterial Red disease_aug_292.jpg,train_split,Bacterial Red disease,Bacterial Red Disease,0,.jpg,640,640,RGB,91bef99cfde2bbb969fe195d9251f4e6b7360390b2a68c82795ef24707bfa9cc,0d180c0c1e1f1719,ok,,g579,train
data/original/aquahealth/train_split/Bacterial Red disease/Bacterial Red disease_aug_293.jpg,train_split,Bacterial Red disease,Bacterial Red Disease,0,.jpg,640,640,RGB,9f60c94d0f32a73f05781b2c68e1e3728a33b6bbfd6913260937c0903466ca7d,f0d2aa383040401f,ok,,g2868,train
data/original/aquahealth/train_split/Bacterial Red disease/Bacterial Red disease_aug_294.jpg,train_split,Bacterial Red disease,Bacterial Red Disease,0,.jpg,128,128,RGB,62cfd449223fa694cbbfa94fb4f267847a681f60492cc1b18159942a578fd61b,01613022074f0f3f,ok,,g183,train
data/original/aquahealth/train_split/Bacterial Red disease/Bacterial Red disease_aug_295.jpg,train_split,Bacterial Red disease,Bacterial Red Disease,0,.jpg,640,640,RGB,d848054a68bd255391a80dc12d52a0bae306f059138813451a8a7435e160d594,37ef9fd3cec66000,ok,x2880,g1362,
data/original/aquahealth/train_split/Bacterial Red disease/Bacterial Red disease_aug_296.jpg,train_split,Bacterial Red disease,Bacterial Red Disease,0,.jpg,640,640,RGB,eeb7f5ae1f3b859e6b588ea0ce58691de5df063cac7eddb59d432a515fc42c6e,071f2301031f0307,ok,,g430,val
data/original/aquahealth/train_split/Bacterial Red disease/Bacterial Red disease_aug_297.jpg,train_split,Bacterial Red disease,Bacterial Red Disease,0,.jpg,640,640,RGB,11d47dd13ade61ae3108f85a24b982b2e4d48c4c7e357f430a7652dd24f98a8a,0e0e0e8c9c8e2f07,ok,,g605,train
data/original/aquahealth/train_split/Bacterial Red disease/Bacterial Red disease_aug_298.jpg,train_split,Bacterial Red disease,Bacterial Red Disease,0,.jpg,640,640,RGB,7b29f44695e57efab22e862f0fc39beaf7fc731af0987e5f2e1e864ff154082a,676646078fcfc783,ok,,g1855,train
data/original/aquahealth/train_split/Bacterial Red disease/Bacterial Red disease_aug_299.jpg,train_split,Bacterial Red disease,Bacterial Red Disease,0,.jpg,128,128,RGB,93b2d3b29179d8a2e4de6eafa8647d8c6210d2a88719c5d09d3eece10757c235,081f79c5f1f27490,ok,,g486,val
data/original/aquahealth/train_split/Bacterial Red disease/Bacterial Red disease_aug_30.jpg,train_split,Bacterial Red disease,Bacterial Red Disease,0,.jpg,640,640,RGB,7159f961ad7815664ed91852bf313fe66340034721942f5d78a6c5d753435ea9,0319b9c7c6c2c000,ok,,g261,train
data/original/aquahealth/train_split/Bacterial Red disease/Bacterial Red disease_aug_300.jpg,train_split,Bacterial Red disease,Bacterial Red Disease,0,.jpg,128,128,RGB,6eb0e2828371d7ad0a6f20894b7e7032a316fbb37d94feec0469078b1bd9719b,39290d0505010101,ok,,g1391,train
data/original/aquahealth/train_split/Bacterial Red disease/Bacterial Red disease_aug_301.jpg,train_split,Bacterial Red disease,Bacterial Red Disease,0,.jpg,640,640,RGB,c54bdc242743cc52c1395ae6fc6e8d0646fade3f172f85a574595843aa073e89,0f0f8f1b161e0c0d,ok,,g689,test
data/original/aquahealth/train_split/Bacterial Red disease/Bacterial Red disease_aug_302.jpg,train_split,Bacterial Red disease,Bacterial Red Disease,0,.jpg,640,640,RGB,4146e67a4c7f7b3ba721fa3f4032331f409fa58923b0e123c9af8b1e728305ba,21213d0b0f0e3c79,ok,,g1134,train
data/original/aquahealth/train_split/Bacterial Red disease/Bacterial Red disease_aug_303.jpg,train_split,Bacterial Red disease,Bacterial Red Disease,0,.jpg,128,128,RGB,3a3741697e0fa5b7cad97f533687d8c4e27adafc3b733342478a3c4b4ab50e96,020c1c1c3081c003,ok,,g206,train
data/original/aquahealth/train_split/Bacterial Red disease/Bacterial Red disease_aug_304.jpg,train_split,Bacterial Red disease,Bacterial Red Disease,0,.jpg,224,224,RGB,3936610e2b6a481b40e28e5e926b16b8d48ba2b00a1ab85ad1e432a0ffd4a4d3,0018f4e6e6f83810,ok,,g73,train
data/original/aquahealth/train_split/Bacterial Red disease/Bacterial Red disease_aug_306.jpg,train_split,Bacterial Red disease,Bacterial Red Disease,0,.jpg,640,640,RGB,218b595c4c29480987cf5d782da91fed7e6be86264fb62572f1cc9bc07d4de64,0e8e0e8c9c8e2f07,ok,,g619,train
data/original/aquahealth/train_split/Bacterial Red disease/Bacterial Red disease_aug_307.jpg,train_split,Bacterial Red disease,Bacterial Red Disease,0,.jpg,128,128,RGB,5391cf451fea41b4f8ef2c58d719d1dc6e4f62efd527cb0aedde01fbb921fcb9,a5377e3ebf3b696d,ok,,g2387,train
data/original/aquahealth/train_split/Bacterial Red disease/Bacterial Red disease_aug_308.jpg,train_split,Bacterial Red disease,Bacterial Red Disease,0,.jpg,128,128,RGB,1a89da1549b697095a70429a052c14132bb77e099fa55f81df0fe13ec08a0387,79788e0d8d0d0c81,ok,,g2029,test
data/original/aquahealth/train_split/Bacterial Red disease/Bacterial Red disease_aug_31.jpg,train_split,Bacterial Red disease,Bacterial Red Disease,0,.jpg,640,640,RGB,204846001b95cb478777cf445e1f1b80d1ca4a0c95195bc5b95bc88887a7a6fd,07078303a4250706,ok,,g392,train
data/original/aquahealth/train_split/Bacterial Red disease/Bacterial Red disease_aug_313.jpg,train_split,Bacterial Red disease,Bacterial Red Disease,0,.jpg,128,128,RGB,040a008b7b5ce3cbf71520925f3f8626cbd30d2f37d74833044d2b87f011df08,01c4ce86c776b83e,ok,,g193,val
data/original/aquahealth/train_split/Bacterial Red disease/Bacterial Red disease_aug_314.jpg,train_split,Bacterial Red disease,Bacterial Red Disease,0,.jpg,640,640,RGB,c22f5b575832bba133f7909e40e303d527b4d845b3319f9f5e653016ebc92d45,7f7f7dfcf6b2130f,ok,,g2112,train
data/original/aquahealth/train_split/Bacterial Red disease/Bacterial Red disease_aug_315.jpg,train_split,Bacterial Red disease,Bacterial Red Disease,0,.jpg,224,224,RGB,5b9ea3c6fa93430621c0820b8839048a90e4a1ab012ce7af77196caff5accb5e,dfcbdb131cbc9fe6,ok,,g2687,train
data/original/aquahealth/train_split/Bacterial Red disease/Bacterial Red disease_aug_317.jpg,train_split,Bacterial Red disease,Bacterial Red Disease,0,.jpg,128,128,RGB,c1afee4f9049158735c11762c12102200cd933e61ce07505fec3b9c0bd215817,636b6f4f4f7f7f7f,ok,,g1810,train
data/original/aquahealth/train_split/Bacterial Red disease/Bacterial Red disease_aug_318.jpg,train_split,Bacterial Red disease,Bacterial Red Disease,0,.jpg,640,640,RGB,790617406cb4bf3229a13a292e9381a8d33dd514e55eae8ec82faeb97d5a7ee4,414161652534303a,ok,x1583,g1576,
data/original/aquahealth/train_split/Bacterial Red disease/Bacterial Red disease_aug_319.jpg,train_split,Bacterial Red disease,Bacterial Red Disease,0,.jpg,640,640,RGB,fad876b39a1f689c2bf67ce2d20615f7a883830e8cb5af3a99e09ac90f097208,e7c3a1e8cc665168,ok,,g2810,train
data/original/aquahealth/train_split/Bacterial Red disease/Bacterial Red disease_aug_32.jpg,train_split,Bacterial Red disease,Bacterial Red Disease,0,.jpg,224,224,RGB,05c63846160cb9c636ff41cc8eaf5b671a8dcee426c99c3a2abd7f246f3dd58f,278b99cec3d15948,ok,,g1202,train
data/original/aquahealth/train_split/Bacterial Red disease/Bacterial Red disease_aug_320.jpg,train_split,Bacterial Red disease,Bacterial Red Disease,0,.jpg,640,640,RGB,b8e82b609ed9b5cf8f3984bc719e8de243e908aaf1f27f811c380c13d84c14bf,1f80c0f3faf9fa3a,ok,,g1092,train
data/original/aquahealth/train_split/Bacterial Red disease/Bacterial Red disease_aug_321.jpg,train_split,Bacterial Red disease,Bacterial Red Disease,0,.jpg,640,640,RGB,19515759b6b27f5b69066d015b5d13a30984efa781cb57ce683fdf1126c69677,1f01004969393f1f,ok,,g1011,train
data/original/aquahealth/train_split/Bacterial Red disease/Bacterial Red disease_aug_322.jpg,train_split,Bacterial Red disease,Bacterial Red Disease,0,.jpg,640,640,RGB,09fb888ba57670c677ed910af40b8fa66209974cad688846a00d4f21fb553440,0f0f3313070b0b0f,ok,,g678,train
data/original/aquahealth/train_split/Bacterial Red disease/Bacterial Red disease_aug_323.jpg,train_split,Bacterial Red disease,Bacterial Red Disease,0,.jpg,640,640,RGB,0f8a7f6401497cc22b41143247f6043016a064b3ceef09e6bd4599cb280f8804,3cf080f4f8f8787f,ok,,g1461,train
data/original/aquahealth/train_split/Bacterial Red disease/Bacterial Red disease_aug_324.jpg,train_split,Bacterial Red disease,Bacterial Red Disease,0,.jpg,640,640,RGB,2766532ce1e9c87fc94117ad5e9c1c75bd820157c5861d2154b0000e51a28b34,c97b330f2f3e7f2f,ok,,g2578,train
data/original/aquahealth/train_split/Bacterial Red disease/Bacterial Red disease_aug_326.jpg,train_split,Bacterial Red disease,Bacterial Red Disease,0,.jpg,640,640,RGB,4cab1456c64c44f376e020ddbacd9bce11e9eaa217236a4beb71ce36d1cc6891,7773626eeee6e703,ok,,g1987,test
data/original/aquahealth/train_split/Bacterial Red disease/Bacterial Red disease_aug_327.jpg,train_split,Bacterial Red disease,Bacterial Red Disease,0,.jpg,128,128,RGB,74b12562be54773dfff3a3d4c6a5d0820d31b41921afbf74c5eee1d63182d857,0f1f2320090f0e9f,ok,,g716,test
data/original/aquahealth/train_split/Bacterial Red disease/Bacterial Red disease_aug_328.jpg,train_split,Bacterial Red disease,Bacterial Red Disease,0,.jpg,640,640,RGB,37ffcff784c44157d21e8afd66029daeaed6cbfc0c0ab295cff1879f558a3296,f4f8d8daea690f0d,ok,,g2938,train
data/original/aquahealth/train_split/Bacterial Red disease/Bacterial Red disease_aug_329.jpg,train_split,Bacterial Red disease,Bacterial Red Disease,0,.jpg,224,224,RGB,ed180b2505efc35a1283a499b104e26d1c3c757c050b1aad28a565de67dd5cd6,210283b3f1d5fbfd,ok,,g1130,train
data/original/aquahealth/train_split/Bacterial Red disease/Bacterial Red disease_aug_33.jpg,train_split,Bacterial Red disease,Bacterial Red Disease,0,.jpg,640,640,RGB,b769e30fb087cf9677c078a27000990fa9ac8c91c55568d2b110f40d1cfa36a6,0f0f363e1c9c988c,ok,,g680,train
data/original/aquahealth/train_split/Bacterial Red disease/Bacterial Red disease_aug_330.jpg,train_split,Bacterial Red disease,Bacterial Red Disease,0,.jpg,640,640,RGB,235c3aa808a1621d4911bc8a096f071ab3712aa4115badbe3c7293e8d023e5e3,37475717474f2f3f,ok,,g1358,train
data/original/aquahealth/train_split/Bacterial Red disease/Bacterial Red disease_aug_331.jpg,train_split,Bacterial Red disease,Bacterial Red Disease,0,.jpg,128,128,RGB,579c454c6a70222936da62861e4ab4510eee5bcc87788230ae77d679555b6ac9,1f98d0f83e1d9d9b,ok,,g1094,train
data/original/aquahealth/train_split/Bacterial Red disease/Bacterial Red disease_aug_332.jpg,train_split,Bacterial Red disease,Bacterial Red Disease,0,.jpg,640,640,RGB,fbd7d4f0d7b3402d6759f3d3f31888867113bd3e794014b0da13fbdb99e03d9f,381c0f43e1d99d39,ok,,g1365,train
data/original/aquahealth/train_split/Bacterial Red disease/Bacterial Red disease_aug_333.jpg,train_split,Bacterial Red disease,Bacterial Red Disease,0,.jpg,640,640,RGB,6ee28d2365938910d67e9bb08ac80b6c219fcc21afce132c1406c496d3c13bff,63606040c6c5e123,ok,,g1800,train
data/original/aquahealth/train_split/Bacterial Red disease/Bacterial Red disease_aug_334.jpg,train_split,Bacterial Red disease,Bacterial Red Disease,0,.jpg,640,640,RGB,7667bf4cf8beb7c4bec0a21c641ead441ed16afb0ecae2b977e2b70ab249c760,61e1e96963614163,ok,,g1791,train
data/original/aquahealth/train_split/Bacterial Red disease/Bacterial Red disease_aug_336.jpg,train_split,Bacterial Red disease,Bacterial Red Disease,0,.jpg,640,640,RGB,ebb204633ef255acb8f058bdbb907e7b0d895564e1e0dddf3140743553c7d9fc,3070fcdcb9f57d38,ok,,g1267,train
data/original/aquahealth/train_split/Bacterial Red disease/Bacterial Red disease_aug_337.jpg,train_split,Bacterial Red disease,Bacterial Red Disease,0,.jpg,640,640,RGB,cd7779cc21e77e3712d3396d9125d838291465ccb90ada4c801c4d2e987eafa8,07e5446e6663611f,ok,,g478,test
data/original/aquahealth/train_split/Bacterial Red disease/Bacterial Red disease_aug_338.jpg,train_split,Bacterial Red disease,Bacterial Red Disease,0,.jpg,224,224,RGB,3deced716590bf3391fda88ebd1534ae64ebdfec9d7b6a736678598cb0eb51f5,01010011192b261f,ok,,g143,train
data/original/aquahealth/train_split/Bacterial Red disease/Bacterial Red disease_aug_34.jpg,train_split,Bacterial Red disease,Bacterial Red Disease,0,.jpg,640,640,RGB,73fdfa50b5c7eb4df53a76afee3ce2371080432c57855a31de4dddf66e02ef9a,373d2d391a7ae666,ok,,g1355,train
data/original/aquahealth/train_split/Bacterial Red disease/Bacterial Red disease_aug_342.jpg,train_split,Bacterial Red disease,Bacterial Red Disease,0,.jpg,640,640,RGB,f0f0f5a2b71a0b09ec295ce1a0783174e286235eb65ffca580d570069c56e8c4,6370ded2e0614101,ok,,g1812,train
data/original/aquahealth/train_split/Bacterial Red disease/Bacterial Red disease_aug_343.jpg,train_split,Bacterial Red disease,Bacterial Red Disease,0,.jpg,640,640,RGB,9bf46b244cd4c8796021eb3d3109472981be2d0d8d2dc7a39b7895bc7f8cc9b1,36362c2c3830c400,ok,,g1343,train
data/original/aquahealth/train_split/Bacterial Red disease/Bacterial Red disease_aug_344.jpg,train_split,Bacterial Red disease,Bacterial Red Disease,0,.jpg,640,640,RGB,4b8784b545d670b55f6db71577c0fb95408d40162324c4be0428e610b35f5141,13400e0f6c618501,ok,,g833,test
data/original/aquahealth/train_split/Bacterial Red disease/Bacterial Red disease_aug_345.jpg,train_split,Bacterial Red disease,Bacterial Red Disease,0,.jpg,128,128,RGB,bb6be2ff5e265af48d74b358e9ef6d5ed65a0ba04919743268ecf6154864fc0b,3b1890c1c1818103,ok,,g1420,val
data/original/aquahealth/train_split/Bacterial Red disease/Bacterial Red disease_aug_35.jpg,train_split,Bacterial Red disease,Bacterial Red Disease,0,.jpg,224,224,RGB,e04891c6e3f407de8df58b2eea80ccf01517abbb25b78d7ee1753f9dac89d398,f0fc1725470fc7f4,ok,,g2895,test
data/original/aquahealth/train_split/Bacterial Red disease/Bacterial Red disease_aug_36.jpg,train_split,Bacterial Red disease,Bacterial Red Disease,0,.jpg,640,640,RGB,b559415bb1acd2fecd8e42f6612f3f9e2160983eb5954bb0a82fe4cc3c0e0329,1f00ace4f43c0901,ok,,g1010,train
data/original/aquahealth/train_split/Bacterial Red disease/Bacterial Red disease_aug_37.jpg,train_split,Bacterial Red disease,Bacterial Red Disease,0,.jpg,128,128,RGB,d801a2c266a305f5af9261fd300b09118b9ded87532ff3cbdb17cb0b93fb3a62,1ffff6c203370d4d,ok,,g1109,train
data/original/aquahealth/train_split/Bacterial Red disease/Bacterial Red disease_aug_38.jpg,train_split,Bacterial Red disease,Bacterial Red Disease,0,.jpg,640,640,RGB,b25a056404ef65ef8c97c9ea24b4e182c8604f99a983a32b8201bf53c176d843,0f2f1383c7c6660e,ok,,g728,train
data/original/aquahealth/train_split/Bacterial Red disease/Bacterial Red disease_aug_39.jpg,train_split,Bacterial Red disease,Bacterial Red Disease,0,.jpg,640,640,RGB,f1a7245090c483307839a77af8e94de9d97052221f862023f2b340ed4da2a6c0,e6e6646eeee7e300,ok,,g2805,train
data/original/aquahealth/train_split/Bacterial Red disease/Bacterial Red disease_aug_4.jpg,train_split,Bacterial Red disease,Bacterial Red Disease,0,.jpg,224,224,RGB,67276efbdb878298e9211d614fa2536899e2a4de80f514ab446c97ae712a9d9f,1b3afaf2f8f6b783,ok,,g930,train
data/original/aquahealth/train_split/Bacterial Red disease/Bacterial Red disease_aug_40.jpg,train_split,Bacterial Red disease,Bacterial Red Disease,0,.jpg,224,224,RGB,21ce2357e234b2982a2c8aaca164f5f8c93b17c7efda76fafced9ddc53766a54,7968e0a2e641c101,ok,,g2025,train
data/original/aquahealth/train_split/Bacterial Red disease/Bacterial Red disease_aug_41.jpg,train_split,Bacterial Red disease,Bacterial Red Disease,0,.jpg,224,224,RGB,656927b9030ac02cc68fdc14a10b2606cf7d34f4659bccb4624b22880fa7a6c2,1f60c09899e1e101,ok,,g1085,val
data/original/aquahealth/train_split/Bacterial Red disease/Bacterial Red disease_aug_42.jpg,train_split,Bacterial Red disease,Bacterial Red Disease,0,.jpg,224,224,RGB,49dc9b38587f13a3a68b2171bb3134a029b3dcf7416fe7280735a2b124c3ab7f,f0d80d6c2e330360,ok,,g2869,train
data/original/aquahealth/train_split/Bacterial Red disease/Bacterial Red disease_aug_43.jpg,train_split,Bacterial Red disease,Bacterial Red Disease,0,.jpg,640,640,RGB,89f3481833a0c542bd730873c8313f21faafd3d378ec563f45e33bf899098216,2830302020808000,ok,,g1204,train
data/original/aquahealth/train_split/Bacterial Red disease/Bacterial Red disease_aug_44.jpg,train_split,Bacterial Red disease,Bacterial Red Disease,0,.jpg,640,640,RGB,cf4e34ecf3b40633bf224473775d935a43d3a1d6e3bd772f03a128cf751ba2d6,007efc30a060a0a3,ok,,g110,train
data/original/aquahealth/train_split/Bacterial Red disease/Bacterial Red disease_aug_47.jpg,train_split,Bacterial Red disease,Bacterial Red Disease,0,.jpg,224,224,RGB,7b2ebc33e254964adc87305316901e98cba5db70996b217ad69e4731e6f2477c,0000c0c09a9a8300,ok,,g39,train
data/original/aquahealth/train_split/Bacterial Red disease/Bacterial Red disease_aug_48.jpg,train_split,Bacterial Red disease,Bacterial Red Disease,0,.jpg,128,128,RGB,722893e596550771878f71d8323af41d3204e18eae87396436a2c6fd696884a6,7f7f774b26078b1b,ok,,g2110,train
data/original/aquahealth/train_split/Bacterial Red disease/Bacterial Red disease_aug_49.jpg,train_split,Bacterial Red disease,Bacterial Red Disease,0,.jpg,640,640,RGB,f8521c37818b52e436c4a53974fc0cfb72311cffabf7fffdade1223a78659ed4,3f2f97d3cec64101,ok,,g1509,train
data/original/aquahealth/train_split/Bacterial Red disease/Bacterial Red disease_aug_5.jpg,train_split,Bacterial Red disease,Bacterial Red Disease,0,.jpg,640,640,RGB,3d2aa3c3b878712cf99d20ae1996e3a6044982a1a183e12bb63c2ab814130758,4f1f3f1a51010101,ok,,g1674,val
data/original/aquahealth/train_split/Bacterial Red disease/Bacterial Red disease_aug_50.jpg,train_split,Bacterial Red disease,Bacterial Red Disease,0,.jpg,640,640,RGB,d2d3642fa09017abdd02f76d7d67e7bb593b4659b1702f0671428e8ca67bb66d,1f071c3871e16103,ok,,g1022,train
data/original/aquahealth/train_split/Bacterial Red disease/Bacterial Red disease_aug_51.jpg,train_split,Bacterial Red disease,Bacterial Red Disease,0,.jpg,640,640,RGB,585fb923b32b4af15fb5783f9662727c0bc6bcd124eb721b0074d3a88f77997c,071d19303060701f,ok,,g425,train
data/original/aquahealth/train_split/Bacterial Red disease/Bacterial Red disease_aug_52.jpg,train_split,Bacterial Red disease,Bacterial Red Disease,0,.jpg,224,224,RGB,f86cafae94d712870b22f0795b7e0e254d4834e06db064789d7946f57b45de5c,0de1e1b03c3d1d1f,ok,,g598,train
data/original/aquahealth/train_split/Bacterial Red disease/Bacterial Red disease_aug_53.jpg,train_split,Bacterial Red disease,Bacterial Red Disease,0,.jpg,640,640,RGB,54289e79237ecf698e9d9e01989e4ee8258f14bd78ee7354349a956f1373ac83,8fa7cfcf87071767,ok,,g2269,train
data/original/aquahealth/train_split/Bacterial Red disease/Bacterial Red disease_aug_54.jpg,train_split,Bacterial Red disease,Bacterial Red Disease,0,.jpg,640,640,RGB,66add07fece93f73525e23a79ef38ebec04aa384a5c98b39cba84b69316a174b,db8b8a8acce8f0c0,ok,x1341,g2667,
data/original/aquahealth/train_split/Bacterial Red disease/Bacterial Red disease_aug_55.jpg,train_split,Bacterial Red disease,Bacterial Red Disease,0,.jpg,224,224,RGB,8e7a6dbd3c602ba2b575b3dcf5ed01548ae17302207f8008eac7cdb831268cf9,1b3bfaf2f8f2f783,ok,,g932,train
data/original/aquahealth/train_split/Bacterial Red disease/Bacterial Red disease_aug_56.jpg,train_split,Bacterial Red disease,Bacterial Red Disease,0,.jpg,640,640,RGB,6c1909710758c81cada0247ca4b6ae67ef617d20eb15f4ff04542e6aed8df439,202eaeae8ce8f0fc,ok,,g1118,val
data/original/aquahealth/train_split/Bacterial Red disease/Bacterial Red disease_aug_57.jpg,train_split,Bacterial Red disease,Bacterial Red Disease,0,.jpg,640,640,RGB,2e9f56183ce1d9a54e6c37fd74483a1fc6d7e458d28ca6d929e3954e7821962b,1f1f1f3b373e3c38,ok,x604,g1055,
data/original/aquahealth/train_split/Bacterial Red disease/Bacterial Red disease_aug_58.jpg,train_split,Bacterial Red disease,Bacterial Red Disease,0,.jpg,640,640,RGB,f1d4f5eeeb983b41607dbc745ecbdbd37301e172d359beaff2475c2344a3b1d7,30c0020303010000,ok,,g1277,train
data/original/aquahealth/train_split/Bacterial Red disease/Bacterial Red disease_aug_6.jpg,train_split,Bacterial Red disease,Bacterial Red Disease,0,.jpg,640,640,RGB,9b9440f952d2468adc59d5680ef45a9bb16e03660231830dfa0ce49f6ce50ae3,0f0f363e1c9c988c,ok,,g680,train
data/original/aquahealth/train_split/Bacterial Red disease/Bacterial Red disease_aug_60.jpg,train_split,Bacterial Red disease,Bacterial Red Disease,0,.jpg,224,224,RGB,b410f6259a92cfc19318ef467b6079c254aa6dbbc7c3fe3ba2cc6d7bfada1ab8,30b8fce6e6f87830,ok,,g1275,train
data/original/aquahealth/train_split/Bacterial Red disease/Bacterial Red disease_aug_62.jpg,train_split,Bacterial Red disease,Bacterial Red Disease,0,.jpg,224,224,RGB,9bd63c1ed2c5d1d65856939bb642fd9e6a8adae9a957d0557ec5b27bede528b9,06131e1f276fc70f,ok,,g347,val
data/original/aquahealth/train_split/Bacterial Red disease/Bacterial Red disease_aug_63.jpg,train_split,Bacterial Red disease,Bacterial Red Disease,0,.jpg,224,224,RGB,8858b346d34aa4f3145f4c31bbbcb59a4bf72a64b28582f6d4bac78fc4bc3cb5,7474616d6bc1c141,ok,x1767,g1972,
data/original/aquahealth/train_split/Bacterial Red disease/Bacterial Red disease_aug_64.jpg,train_split,Bacterial Red disease,Bacterial Red Disease,0,.jpg,128,128,RGB,ebe8dc88d062d1724666db0523e02de575760594dcb36ffaaf511835273e2a84,fbf8d8989b9898b1,ok,x3143,g2995,
data/original/aquahealth/train_split/Bacterial Red disease/Bacterial Red disease_aug_66.jpg,train_split,Bacterial Red disease,Bacterial Red Disease,0,.jpg,640,640,RGB,1c5777cc30ebe4624c48faef2cf29b4cab71390c31eb65948fc79d3c85ff8adc,3d387c767a3b1f0f,ok,,g1465,val
data/original/aquahealth/train_split/Bacterial Red disease/Bacterial Red disease_aug_67.jpg,train_split,Bacterial Red disease,Bacterial Red Disease,0,.jpg,640,640,RGB,35aaec502dbcee14270d52be361a26cd5088adff79f44accc699648dae4626b9,7bfe4e07c3f9fc2c,ok,,g2047,train
data/original/aquahealth/train_split/Bacterial Red disease/Bacterial Red disease_aug_7.jpg,train_split,Bacterial Red disease,Bacterial Red Disease,0,.jpg,640,640,RGB,28bbc9e88c051f2868138f74fe913fe7128066d3fb14fbe53dad62339a019d91,031f7bd8f040430f,ok,,g264,train
data/original/aquahealth/train_split/Bacterial Red disease/Bacterial Red disease_aug_70.jpg,train_split,Bacterial Red disease,Bacterial Red Disease,0,.jpg,640,640,RGB,58f2e3b775771e1a10c246006815112b97e563a35c318753fa4d90ca404cf954,3070fcdcb9fdfd78,ok,,g1268,train
data/original/aquahealth/train_split/Bacterial Red disease/Bacterial Red disease_aug_71.jpg,train_split,Bacterial Red disease,Bacterial Red Disease,0,.jpg,224,224,RGB,947ce64b00174e8bbf2ec6cda72ce30fb5ea405bdd75901ae6cd71d84d72ee90,078313161e1c596f,ok,,g462,train
data/original/aquahealth/train_split/Bacterial Red disease/Bacterial Red disease_aug_72.jpg,train_split,Bacterial Red disease,Bacterial Red Disease,0,.jpg,224,224,RGB,48ac70eaca8fff8c6ecaa3f2b569d748688c4ec606f0a699a5ee92c3be0ad3ee,35346fc909337773,ok,,g1333,val
data/original/aquahealth/train_split/Bacterial Red disease/Bacterial Red disease_aug_74.jpg,train_split,Bacterial Red disease,Bacterial Red Disease,0,.jpg,128,128,RGB,15487ee6319c8b0d38b90762fd82a3bed6e8c4f362eaa11c52c09ad21b586205,7f7f7f4b26070f33,ok,,g2113,train
data/original/aquahealth/train_split/Bacterial Red disease/Bacterial Red disease_aug_75.jpg,train_split,Bacterial Red disease,Bacterial Red Disease,0,.jpg,640,640,RGB,116a9b428002817088317cc3660d733d531580c20dbf1fc423a8ca9d3ef478c2,0e4e4f2796c6b91d,ok,,g615,test
data/original/aquahealth/train_split/Bacterial Red disease/Bacterial Red disease_aug_77.jpg,train_split,Bacterial Red disease,Bacterial Red Disease,0,.jpg,640,640,RGB,e91f0347db9f0ace85a70d9a903b0e3e5cee99b2f3959b76210a975adce09b77,c9fb330f2f3e7f3f,ok,,g2587,test
data/original/aquahealth/train_split/Bacterial Red disease/Bacterial Red disease_aug_78.jpg,train_split,Bacterial Red disease,Bacterial Red Disease,0,.jpg,640,640,RGB,53798e665496831aa31cc5e851caad392db6aaad3b7e7425c7bf506d10eb7e58,f1f9f87436160e0d,ok,,g2911,test
data/original/aquahealth/train_split/Bacterial Red disease/Bacterial Red disease_aug_79.jpg,train_split,Bacterial Red disease,Bacterial Red Disease,0,.jpg,640,640,RGB,96b8aad44dbaba6bf5091ef4b1f858cffc7ab13de9a45d08e9bb31ae3833fbed,0c363332382c2c24,ok,,g551,train
data/original/aquahealth/train_split/Bacterial Red disease/Bacterial Red disease_aug_8.jpg,train_split,Bacterial Red disease,Bacterial Red Disease,0,.jpg,640,640,RGB,be94d15c45279d8d59134f89804c41f7e8541965f3e1315cf332e006a100010e,183c5ae8cc9925e9,ok,,g886,train
data/original/aquahealth/train_split/Bacterial Red disease/Bacterial Red disease_aug_80.jpg,train_split,Bacterial Red disease,Bacterial Red Disease,0,.jpg,640,640,RGB,0d7b84b590a6330531858c644d358d0f31751812e6e09ae46a773a2283072b8a,5b4bcbcbe3f3d91f,ok,,g1715,test
data/original/aquahealth/train_split/Bacterial Red disease/Bacterial Red disease_aug_83.jpg,train_split,Bacterial Red disease,Bacterial Red Disease,0,.jpg,128,128,RGB,e94f1cda7b34a54bc99b0f6084c2ff5063471204d73d126dd81b92036d9fac20,3f3b40d4e1f16d09,ok,,g1516,test
data/original/aquahealth/train_split/Bacterial Red disease/Bacterial Red disease_aug_84.jpg,train_split,Bacterial Red disease,Bacterial Red Disease,0,.jpg,224,224,RGB,8858b346d34aa4f3145f4c31bbbcb59a4bf72a64b28582f6d4bac78fc4bc3cb5,7474616d6bc1c141,ok,x1767,g1972,
data/original/aquahealth/train_split/Bacterial Red disease/Bacterial Red disease_aug_85.jpg,train_split,Bacterial Red disease,Bacterial Red Disease,0,.jpg,224,224,RGB,688d341fd0f8e2daae9cc7aa851d0b0733e9ce0617c5891aea23901ab2af1a42,29ebf8ba997d7c7f,ok,,g1208,test
data/original/aquahealth/train_split/Bacterial Red disease/Bacterial Red disease_aug_86.jpg,train_split,Bacterial Red disease,Bacterial Red Disease,0,.jpg,640,640,RGB,a070eaf861ff7aa0af3d66c7eb193e225daf6c6e59607b77e97922a49252867a,0307460e0c440c48,ok,,g246,train
data/original/aquahealth/train_split/Bacterial Red disease/Bacterial Red disease_aug_87.jpg,train_split,Bacterial Red disease,Bacterial Red Disease,0,.jpg,640,640,RGB,ad204f3f9c74936d5653ac89b10c1880f3ac916a73bc7dc2f328705ee862a3ce,c0f0fcd0e0e0a0c0,ok,,g2499,test
data/original/aquahealth/train_split/Bacterial Red disease/Bacterial Red disease_aug_88.jpg,train_split,Bacterial Red disease,Bacterial Red Disease,0,.jpg,640,640,RGB,a00f7706ed8f454744af3683305a0db862aafccb2c2ebaf23de985bb32fef3d2,38c0020303010061,ok,,g1382,train
data/original/aquahealth/train_split/Bacterial Red disease/Bacterial Red disease_aug_89.jpg,train_split,Bacterial Red disease,Bacterial Red Disease,0,.jpg,128,128,RGB,b60776b715a92fc5ef68744920e94ee67915ee2e5e2b748e70810ece444dec1e,6b272e3f3b392527,ok,,g1872,val
data/original/aquahealth/train_split/Bacterial Red disease/Bacterial Red disease_aug_9.jpg,train_split,Bacterial Red disease,Bacterial Red Disease,0,.jpg,128,128,RGB,59d0c2e34790c0e77a351899464bd9b823b7f22dbfff1d573d5fe65e018b6deb,636b4f4f4f7f7f7f,ok,,g1808,train
data/original/aquahealth/train_split/Bacterial Red disease/Bacterial Red disease_aug_90.jpg,train_split,Bacterial Red disease,Bacterial Red Disease,0,.jpg,640,640,RGB,9409c2570501f4bd5a459d15858130e8990f5916df806859a44be03ea7afc038,0f89192961211e2f,ok,,g777,test
data/original/aquahealth/train_split/Bacterial Red disease/Bacterial Red disease_aug_91.jpg,train_split,Bacterial Red disease,Bacterial Red Disease,0,.jpg,640,640,RGB,654dd86415f98206a6e42b4d0d35ddb3609ae81b23abd088f3c6a318d6c5ddaf,f9e4c09c34379891,ok,,g2978,train
data/original/aquahealth/train_split/Bacterial Red disease/Bacterial Red disease_aug_92.jpg,train_split,Bacterial Red disease,Bacterial Red Disease,0,.jpg,224,224,RGB,8d540fd615ea1ea5157f43471329b9bef1d5a7dec89dc815d8ad43dbaea06fa1,040c243747c20698,ok,,g321,train
data/original/aquahealth/train_split/Bacterial Red disease/Bacterial Red disease_aug_93.jpg,train_split,Bacterial Red disease,Bacterial Red Disease,0,.jpg,224,224,RGB,f880581f98ce7fe561e51db1e4da3bdf12198b1cbeb13fe429aa247b9ee9cc56,dfcf8f0f8e076c3c,ok,,g2689,test
data/original/aquahealth/train_split/Bacterial Red disease/Bacterial Red disease_aug_94.jpg,train_split,Bacterial Red disease,Bacterial Red Disease,0,.jpg,640,640,RGB,96a3c03d9852af76eec1573ba61056344744c8f7b717cc9bdcd6189c8ef21ee4,184ac68d3d7cd4c0,ok,,g887,train
data/original/aquahealth/train_split/Bacterial Red disease/Bacterial Red disease_aug_95.jpg,train_split,Bacterial Red disease,Bacterial Red Disease,0,.jpg,640,640,RGB,4392e399d0684bf34d3e773220b26f8da7f10794531832173db69d9058dea2b3,01018f1e38602147,ok,,g160,train
data/original/aquahealth/train_split/Bacterial Red disease/Bacterial Red disease_aug_96.jpg,train_split,Bacterial Red disease,Bacterial Red Disease,0,.jpg,640,640,RGB,caa096359f2a3d2ee9ca40068cf592c0e601bfda5ab576b4638555acb354e7b4,4f47cfcf87071767,ok,,g1677,val
data/original/aquahealth/train_split/Bacterial Red disease/Bacterial Red disease_aug_97.jpg,train_split,Bacterial Red disease,Bacterial Red Disease,0,.jpg,640,640,RGB,d9cf6bea087aba378302d53e672cb9aae3588c006c21d5fd5eb0233c37480d6a,61216028c9c1c1c1,ok,,g1785,val
data/original/aquahealth/train_split/Bacterial Red disease/Bacterial Red disease_aug_98.jpg,train_split,Bacterial Red disease,Bacterial Red Disease,0,.jpg,640,640,RGB,dffc828eff7aebfc2716a5f1595d73f4cf9c05733456471a1fcc12ecd9d6a76f,030603f3f5757f7f,ok,,g236,test
data/original/aquahealth/train_split/Bacterial Red disease/Bacterial Red disease_aug_99.jpg,train_split,Bacterial Red disease,Bacterial Red Disease,0,.jpg,640,640,RGB,3b72a45679372091df3e83dd0e245a0d8989a8b4f00ef3855b4b363911d9f058,01071bdcf0c0401f,ok,,g167,train
data/original/aquahealth/train_split/Bacterial diseases - Aeromoniasis/Bacterial diseases - Aeromoniasis_100.jpg,train_split,Bacterial diseases - Aeromoniasis,Aeromoniasis,1,.jpg,128,128,RGB,e35d014b9283e87429d0dae2fad29361abde4c8646e4339ebd9921bb0bded09b,3f77367373371f03,ok,,g1541,train
data/original/aquahealth/train_split/Bacterial diseases - Aeromoniasis/Bacterial diseases - Aeromoniasis_101.jpg,train_split,Bacterial diseases - Aeromoniasis,Aeromoniasis,1,.jpg,128,128,RGB,6fffb33bddd3faf5a2047124033366eb83d2a89bfc7dc63ce59f3b3cde27038d,dcdc9efefcfcfcfc,ok,,g2673,val
data/original/aquahealth/train_split/Bacterial diseases - Aeromoniasis/Bacterial diseases - Aeromoniasis_102.jpg,train_split,Bacterial diseases - Aeromoniasis,Aeromoniasis,1,.jpg,128,128,RGB,08a650881e2e1c539cbfc577eed3ae3317b884ba369450eeb1428880010c5ce7,383878707038383c,ok,,g1372,train
data/original/aquahealth/train_split/Bacterial diseases - Aeromoniasis/Bacterial diseases - Aeromoniasis_104.jpg,train_split,Bacterial diseases - Aeromoniasis,Aeromoniasis,1,.jpg,128,128,RGB,9fe3856eb25bb2441cbe390edae82a5231b7ed4868e9aecc9f534eaa795c79a4,b8b0f87878f0e0e0,ok,,g2434,train
data/original/aquahealth/train_split/Bacterial diseases - Aeromoniasis/Bacterial diseases - Aeromoniasis_105.jpg,train_split,Bacterial diseases - Aeromoniasis,Aeromoniasis,1,.jpg,128,128,RGB,e652f3f862757703707ab8456fd3aab400ed5bb5b9068e3aa4c8a8aba28c98ab,e0c2c3c0c0c0f070,ok,,g2712,train
data/original/aquahealth/train_split/Bacterial diseases - Aeromoniasis/Bacterial diseases - Aeromoniasis_106.jpg,train_split,Bacterial diseases - Aeromoniasis,Aeromoniasis,1,.jpg,128,128,RGB,b3c64f6303307104207c417e9c77f99fdd0b75f2e3f725a5a853724eec0edfd7,1ffefcece4a4e4e8,ok,,g1108,train
data/original/aquahealth/train_split/Bacterial diseases - Aeromoniasis/Bacterial diseases - Aeromoniasis_107.jpg,train_split,Bacterial diseases - Aeromoniasis,Aeromoniasis,1,.jpg,128,128,RGB,ab3c99e99e354b8c950c7319fb5e6e098ef83657c4f23ed58eff9e0a65bd2110,696030d0f0f0e0e1,ok,,g1866,train
data/original/aquahealth/train_split/Bacterial diseases - Aeromoniasis/Bacterial diseases - Aeromoniasis_108.jpg,train_split,Bacterial diseases - Aeromoniasis,Aeromoniasis,1,.jpg,128,128,RGB,6e7b2eecf7f6dc9bfb20df35d1e434126e2321fd5d97110f14f2ea31ca8aa45f,f1e1e5c1e1e16060,ok,,g2905,test
data/original/aquahealth/train_split/Bacterial diseases - Aeromoniasis/Bacterial diseases - Aeromoniasis_109.jpg,train_split,Bacterial diseases - Aeromoniasis,Aeromoniasis,1,.jpg,128,128,RGB,57128cfb905d140b3776e17d120094bac7b08b6b86a8fd0c5df42d7f4750ed16,e0e3e1e1e1f0f878,ok,,g2734,train
data/original/aquahealth/train_split/Bacterial diseases - Aeromoniasis/Bacterial diseases - Aeromoniasis_110.jpg,train_split,Bacterial diseases - Aeromoniasis,Aeromoniasis,1,.jpg,128,128,RGB,cc55494ac499f39c48d8c7619ac27e40c09c375efc06480e5b0bcbd54d97f940,f4c4c4c4c0c2e0e0,ok,,g2934,test
data/original/aquahealth/train_split/Bacterial diseases - Aeromoniasis/Bacterial diseases - Aeromoniasis_111.jpg,train_split,Bacterial diseases - Aeromoniasis,Aeromoniasis,1,.jpg,128,128,RGB,fab6225cb42e50ee54beaec822ae4e4bb7e4e6f6c79bc301d713d726af8ea358,183071f1e1e0c1e1,ok,,g881,train
data/original/aquahealth/train_split/Bacterial diseases - Aeromoniasis/Bacterial diseases - Aeromoniasis_114.jpeg,train_split,Bacterial diseases - Aeromoniasis,Aeromoniasis,1,.jpeg,224,224,RGB,7afa66fac53ea78fbea4d5686101b1981f73bb3b4763fbd9cb72c1ddc0cda7e0,82e2f2e0d082a8b8,ok,,g2157,test
data/original/aquahealth/train_split/Bacterial diseases - Aeromoniasis/Bacterial diseases - Aeromoniasis_117.jpg,train_split,Bacterial diseases - Aeromoniasis,Aeromoniasis,1,.jpg,128,128,RGB,a9c7e0745e496ddc38682fa3d99659678ee4b095f33d6d1f1343f2640bd8ff75,60e3e3c09193e6e1,ok,,g1779,train
data/original/aquahealth/train_split/Bacterial diseases - Aeromoniasis/Bacterial diseases - Aeromoniasis_118.jpg,train_split,Bacterial diseases - Aeromoniasis,Aeromoniasis,1,.jpg,128,128,RGB,fe851415e327d308161ef223afc585e88fb306e162e34fc5fcc59f45f3f44012,e1f8b870a6f0f0f0,ok,,g2756,val
data/original/aquahealth/train_split/Bacterial diseases - Aeromoniasis/Bacterial diseases - Aeromoniasis_119.jpg,train_split,Bacterial diseases - Aeromoniasis,Aeromoniasis,1,.jpg,128,128,RGB,3512dfa2e43179faa48da50fe9f6f393fb4b56a67434f077a2a637f3bd56acb1,7d3e8dcd870707ae,ok,,g2063,train
data/original/aquahealth/train_split/Bacterial diseases - Aeromoniasis/Bacterial diseases - Aeromoniasis_12.jpg,train_split,Bacterial diseases - Aeromoniasis,Aeromoniasis,1,.jpg,128,128,RGB,78b2ad1453ac184083292f6c4818f5ceaf42d94bba8aa6b3ffee5e6028c5ed97,40e080c8dafe6080,ok,,g1567,train
data/original/aquahealth/train_split/Bacterial diseases - Aeromoniasis/Bacterial diseases - Aeromoniasis_120.jpg,train_split,Bacterial diseases - Aeromoniasis,Aeromoniasis,1,.jpg,128,128,RGB,db7cfb3c0d04b2cf7490c771d6dc5d670edf946e029fcce27d7c3be701078ad3,070705cdcf5f3f3e,ok,,g379,test
data/original/aquahealth/train_split/Bacterial diseases - Aeromoniasis/Bacterial diseases - Aeromoniasis_123.jpg,train_split,Bacterial diseases - Aeromoniasis,Aeromoniasis,1,.jpg,128,128,RGB,8f7ba642b6a8b15e57c1d4de813a8106f18c9da7f6038446f2b68d5953bf4d8c,323317878f1e30f0,ok,,g1303,train
data/original/aquahealth/train_split/Bacterial diseases - Aeromoniasis/Bacterial diseases - Aeromoniasis_124.jpg,train_split,Bacterial diseases - Aeromoniasis,Aeromoniasis,1,.jpg,128,128,RGB,168e83ed3927d3c8b558abf045a66d64eafbabd2d8502a04b749df82035ac9f2,40c0e2b0b292c1c0,ok,,g1565,val
data/original/aquahealth/train_split/Bacterial diseases - Aeromoniasis/Bacterial diseases - Aeromoniasis_125.jpg,train_split,Bacterial diseases - Aeromoniasis,Aeromoniasis,1,.jpg,128,128,RGB,5bb97934048d467b94c586bf18cea45a092b782f6d112bc744f29be8aba200bc,00000008e8c8c800,ok,,g6,train
data/original/aquahealth/train_split/Bacterial diseases - Aeromoniasis/Bacterial diseases - Aeromoniasis_126.jpg,train_split,Bacterial diseases - Aeromoniasis,Aeromoniasis,1,.jpg,128,128,RGB,282d20e467648cc9bb73355a6952c1e1a0ff72cb421fa535c6ae6c38f0da99b7,7071e9edede17030,ok,,g1923,train
data/original/aquahealth/train_split/Bacterial diseases - Aeromoniasis/Bacterial diseases - Aeromoniasis_127.jpg,train_split,Bacterial diseases - Aeromoniasis,Aeromoniasis,1,.jpg,224,224,RGB,caf71783d2fd36c7444422b61b4581c86b315c21d272041be6c6b48e3a438395,f1f8fc9cbeecfcf8,ok,,g2909,train
data/original/aquahealth/train_split/Bacterial diseases - Aeromoniasis/Bacterial diseases - Aeromoniasis_128.jpg,train_split,Bacterial diseases - Aeromoniasis,Aeromoniasis,1,.jpg,128,128,RGB,edcb2bc8f37a8b6b5978cffab7e9f3e42d3c1e08039070ba30501b176596c8d5,e4e4ccd8d8d8f0f0,ok,,g2793,train
data/original/aquahealth/train_split/Bacterial diseases - Aeromoniasis/Bacterial diseases - Aeromoniasis_129.jpg,train_split,Bacterial diseases - Aeromoniasis,Aeromoniasis,1,.jpg,128,128,RGB,ce83a91780e8ec2a0e907b40b0d2aee4f0efbea7fe31649ca755a51997cdc496,0103410e1e3e1ccc,ok,,g165,val
data/original/aquahealth/train_split/Bacterial diseases - Aeromoniasis/Bacterial diseases - Aeromoniasis_13.jpg,train_split,Bacterial diseases - Aeromoniasis,Aeromoniasis,1,.jpg,128,128,RGB,6d42958744e73370cc67a3a16f49ae1df4b22cf2df7d4ff6fb6fc64f79b42502,00000080f4321080,ok,,g9,train
data/original/aquahealth/train_split/Bacterial diseases - Aeromoniasis/Bacterial diseases - Aeromoniasis_130.jpg,train_split,Bacterial diseases - Aeromoniasis,Aeromoniasis,1,.jpg,128,128,RGB,72151483990d8e51711ec9ae5b21b89b0a8fcc037e3d94be68c79bc0dec6b0ac,c1c3838707763e0f,ok,,g2516,train
data/original/aquahealth/train_split/Bacterial diseases - Aeromoniasis/Bacterial diseases - Aeromoniasis_131.jpg,train_split,Bacterial diseases - Aeromoniasis,Aeromoniasis,1,.jpg,128,128,RGB,82110cdd4bcc0f2b33331e8918a90174d578cdf406b6e3518ccd7993b92a21a8,43573f3b73736361,ok,,g1599,train
data/original/aquahealth/train_split/Bacterial diseases - Aeromoniasis/Bacterial diseases - Aeromoniasis_132.jpg,train_split,Bacterial diseases - Aeromoniasis,Aeromoniasis,1,.jpg,128,128,RGB,5e66e0c53ecd848846e94cfd3d883030ff5f0f88a6560e606d80fa3c0f46a3cd,38f0f898d8f0d0e0,ok,,g1383,test
data/original/aquahealth/train_split/Bacterial diseases - Aeromoniasis/Bacterial diseases - Aeromoniasis_135.jpg,train_split,Bacterial diseases - Aeromoniasis,Aeromoniasis,1,.jpg,128,128,RGB,e0a671093f17c493cfd1cfc6d0249c6ca4792aa3b79789f22d2bddb8ac8ce0c5,1192c4ece8f0f000,ok,,g820,train
data/original/aquahealth/train_split/Bacterial diseases - Aeromoniasis/Bacterial diseases - Aeromoniasis_136.jpg,train_split,Bacterial diseases - Aeromoniasis,Aeromoniasis,1,.jpg,128,128,RGB,d7769d3a7a09635aa5b704d50c13a386a7efe145aad63760b468088f80d7573f,f13991e2f0707e00,ok,,g2898,test
data/original/aquahealth/train_split/Bacterial diseases - Aeromoniasis/Bacterial diseases - Aeromoniasis_137.jpg,train_split,Bacterial diseases - Aeromoniasis,Aeromoniasis,1,.jpg,128,128,RGB,43ee9d883f57cd8a9b71661fc846d13b93d9f9c44e157a0dae6d6ec5a652db1a,e0e078b7f179e7e7,ok,,g2724,train
data/original/aquahealth/train_split/Bacterial diseases - Aeromoniasis/Bacterial diseases - Aeromoniasis_139.jpg,train_split,Bacterial diseases - Aeromoniasis,Aeromoniasis,1,.jpg,128,128,RGB,5ee308835419f67a5b1140ab62786fe0aa076cff067177a2096c677eb84217ac,20f0f07767c8cccc,ok,,g1129,train
data/original/aquahealth/train_split/Bacterial diseases - Aeromoniasis/Bacterial diseases - Aeromoniasis_14.jpg,train_split,Bacterial diseases - Aeromoniasis,Aeromoniasis,1,.jpg,128,128,RGB,c945946be19c6d3873ae2071a64b85562fbcd597db64ab06f3b47fa5dd46ee43,00e0fcd4d3c30000,ok,,g133,val
data/original/aquahealth/train_split/Bacterial diseases - Aeromoniasis/Bacterial diseases - Aeromoniasis_140.jpg,train_split,Bacterial diseases - Aeromoniasis,Aeromoniasis,1,.jpg,128,128,RGB,afa6271216c487f184d49717fac13ba3967092beaeec1721aba7b9125e77dafb,f8b99baf6efcfc80,ok,,g2957,train
data/original/aquahealth/train_split/Bacterial diseases - Aeromoniasis/Bacterial diseases - Aeromoniasis_142.jpg,train_split,Bacterial diseases - Aeromoniasis,Aeromoniasis,1,.jpg,128,128,RGB,2cd5e56fb12ab52600162866c9900a7b393ee86ca53e1ed07a4b78ee8660a9f4,c3c3c6c6c6e6e4e4,ok,,g2537,train
data/original/aquahealth/train_split/Bacterial diseases - Aeromoniasis/Bacterial diseases - Aeromoniasis_143.jpg,train_split,Bacterial diseases - Aeromoniasis,Aeromoniasis,1,.jpg,128,128,RGB,c06b6ca7fca0d5fcec708fa488238e746fca07613f9d94619cebe14e8e85d32a,73717062e2c0e0e0,ok,,g1962,train
data/original/aquahealth/train_split/Bacterial diseases - Aeromoniasis/Bacterial diseases - Aeromoniasis_145.jpg,train_split,Bacterial diseases - Aeromoniasis,Aeromoniasis,1,.jpg,128,128,RGB,5a61b03eb3736e75a5430ec5d9abba5ebdedba6ea76c30e81230dde54aab37d2,1818181838383838,ok,,g874,train
data/original/aquahealth/train_split/Bacterial diseases - Aeromoniasis/Bacterial diseases - Aeromoniasis_147.jpg,train_split,Bacterial diseases - Aeromoniasis,Aeromoniasis,1,.jpg,128,128,RGB,d05504ba04f3332c20086d646b2bac634821688b73c1c248b74213670c41da63,e0c48623b2c3e3f8,ok,,g2717,train
data/original/aquahealth/train_split/Bacterial diseases - Aeromoniasis/Bacterial diseases - Aeromoniasis_15.jpg,train_split,Bacterial diseases - Aeromoniasis,Aeromoniasis,1,.jpg,224,224,RGB,3783207205b2d8ae2dffa33fe3a7de8cfa28779c31f6f872bd846cbc504dbe0b,60f0e06568c2c666,ok,,g1782,train
data/original/aquahealth/train_split/Bacterial diseases - Aeromoniasis/Bacterial diseases - Aeromoniasis_150.jpg,train_split,Bacterial diseases - Aeromoniasis,Aeromoniasis,1,.jpg,128,128,RGB,316c97d65c81666b5c51295a0370d40542e898c1a3e4ae196c478e7f74637b08,86868890b2f2e0f8,ok,,g2198,train
data/original/aquahealth/train_split/Bacterial diseases - Aeromoniasis/Bacterial diseases - Aeromoniasis_151.jpg,train_split,Bacterial diseases - Aeromoniasis,Aeromoniasis,1,.jpg,128,128,RGB,3d2249adfff93b42f3f98d06d38318583f3b75894e4f7d6ac301846c3ff29a4e,1d0308389c96e008,ok,,g963,train
data/original/aquahealth/train_split/Bacterial diseases - Aeromoniasis/Bacterial diseases - Aeromoniasis_152.jpg,train_split,Bacterial diseases - Aeromoniasis,Aeromoniasis,1,.jpg,128,128,RGB,8319ff85c9dbb57b83d56cd10315e57cc1c1c75ad6d9259accf0a569f17f8f4d,1e0673303119c800,ok,,g986,test
data/original/aquahealth/train_split/Bacterial diseases - Aeromoniasis/Bacterial diseases - Aeromoniasis_154.jpg,train_split,Bacterial diseases - Aeromoniasis,Aeromoniasis,1,.jpg,128,128,RGB,3713858ff26f5633c0c2c7dafa995827a878c7c40aa35a67df8908526e615050,c0c8000406c62682,ok,,g2490,val
data/original/aquahealth/train_split/Bacterial diseases - Aeromoniasis/Bacterial diseases - Aeromoniasis_155.jpg,train_split,Bacterial diseases - Aeromoniasis,Aeromoniasis,1,.jpg,128,128,RGB,f8cc7447888d98ce11b1f786ac9f5d41ff0d3c2129f89cf06e2aff95eae5a822,090b1b39b93bfdc3,ok,,g497,train
data/original/aquahealth/train_split/Bacterial diseases - Aeromoniasis/Bacterial diseases - Aeromoniasis_158.jpg,train_split,Bacterial diseases - Aeromoniasis,Aeromoniasis,1,.jpg,128,128,RGB,9ebd9896f7eb05121d5a5adb61c570479902c227f5924fc41fc872ef0abc4cdf,feec7cb4f0e3229a,ok,,g3033,val
data/original/aquahealth/train_split/Bacterial diseases - Aeromoniasis/Bacterial diseases - Aeromoniasis_16.jpg,train_split,Bacterial diseases - Aeromoniasis,Aeromoniasis,1,.jpg,128,128,RGB,1da65defbf04e9b4aca71219cf8bb003a6bf953422d2d7c0e6411ef2824390d7,7df9c0a624a6b83c,ok,,g2078,val
data/original/aquahealth/train_split/Bacterial diseases - Aeromoniasis/Bacterial diseases - Aeromoniasis_160.jpg,train_split,Bacterial diseases - Aeromoniasis,Aeromoniasis,1,.jpg,224,224,RGB,ec959e39b273ef31187a57b07ca3b3a2c8b0ee75c30910b8701d07227aa39bb6,238050071e1e1c20,ok,,g1166,train
data/original/aquahealth/train_split/Bacterial diseases - Aeromoniasis/Bacterial diseases - Aeromoniasis_163.jpg,train_split,Bacterial diseases - Aeromoniasis,Aeromoniasis,1,.jpg,224,224,RGB,944613939e3ce9c34e8ad27695b5c9a8bc9863f274780f46d67c648a5a8e33a5,0080f8eff3f1f959,ok,,g116,val
data/original/aquahealth/train_split/Bacterial diseases - Aeromoniasis/Bacterial diseases - Aeromoniasis_164.jpg,train_split,Bacterial diseases - Aeromoniasis,Aeromoniasis,1,.jpg,224,224,RGB,614ffd1163c7cfbab4a3f1f4775efb8d8f87d542bfee54cc40c5c75ba70ad748,3c3e1e373d3b230b,ok,,g1447,val
data/original/aquahealth/train_split/Bacterial diseases - Aeromoniasis/Bacterial diseases - Aeromoniasis_165.jpg,train_split,Bacterial diseases - Aeromoniasis,Aeromoniasis,1,.jpg,224,224,RGB,ab62fd28e24c4d304f681a7e675b4db57100480c527af2a20cff4c29f1fef85b,bf3f1f5f0f0f0f8e,ok,,g2456,val
data/original/aquahealth/train_split/Bacterial diseases - Aeromoniasis/Bacterial diseases - Aeromoniasis_167.jpg,train_split,Bacterial diseases - Aeromoniasis,Aeromoniasis,1,.jpg,224,224,RGB,5a20e5a776de8e09b3c073e3b779e1cb991f78ab514eba003e406c42b26353cd,0f3f73f3f3666fff,ok,,g739,train
data/original/aquahealth/train_split/Bacterial diseases - Aeromoniasis/Bacterial diseases - Aeromoniasis_169.jpg,train_split,Bacterial diseases - Aeromoniasis,Aeromoniasis,1,.jpg,224,224,RGB,363b041d2ddb8d17190daed9904ab177ca1c2cd63cc666ea7c922858464551cf,f191b0f0f1fbf1f0,ok,,g2899,train
data/original/aquahealth/train_split/Bacterial diseases - Aeromoniasis/Bacterial diseases - Aeromoniasis_17.jpg,train_split,Bacterial diseases - Aeromoniasis,Aeromoniasis,1,.jpg,128,128,RGB,72204f9d6c301c92fe7c5e8288b43f6c7fe0c041ea4ec1adf6e1463d90aa77ec,d098d8f0a1e0e020,ok,,g2618,val
data/original/aquahealth/train_split/Bacterial diseases - Aeromoniasis/Bacterial diseases - Aeromoniasis_170.jpg,train_split,Bacterial diseases - Aeromoniasis,Aeromoniasis,1,.jpg,224,224,RGB,a9aac7e9d04b4f8d8690eac6dcaa53d17c722c2824e1067728d3ff6c2557b928,e0e4672b0b274786,ok,,g2736,train
data/original/aquahealth/train_split/Bacterial diseases - Aeromoniasis/Bacterial diseases - Aeromoniasis_173.jpg,train_split,Bacterial diseases - Aeromoniasis,Aeromoniasis,1,.jpg,224,224,RGB,72e5dbd989fbec1daa14f36a782e10ee784405dc477c7d427e3773c492d1fddc,737260e2c1c0e0e0,ok,,g1964,train
data/original/aquahealth/train_split/Bacterial diseases - Aeromoniasis/Bacterial diseases - Aeromoniasis_174.jpg,train_split,Bacterial diseases - Aeromoniasis,Aeromoniasis,1,.jpg,224,224,RGB,b061dfcfacc2c000972dc35034107340c98ced4575398fe119ebdb3f26b1b995,e0e3c2e2e2e2e170,ok,,g2733,train
data/original/aquahealth/train_split/Bacterial diseases - Aeromoniasis/Bacterial diseases - Aeromoniasis_175.jpg,train_split,Bacterial diseases - Aeromoniasis,Aeromoniasis,1,.jpg,224,224,RGB,e7ebf6a098c9531e3c727443af0ca8886e373a928884af026523224c8465e5a7,e0e1e1d0b3e2e4f1,ok,,g2731,train
data/original/aquahealth/train_split/Bacterial diseases - Aeromoniasis/Bacterial diseases - Aeromoniasis_176.jpg,train_split,Bacterial diseases - Aeromoniasis,Aeromoniasis,1,.jpg,224,224,RGB,94eb276bef611113abbad0d82eee02b59c3dbe080928cfb3d0695f40691645ac,07044c4c0f1f8fc3,ok,,g373,val
data/original/aquahealth/train_split/Bacterial diseases - Aeromoniasis/Bacterial diseases - Aeromoniasis_177.jpg,train_split,Bacterial diseases - Aeromoniasis,Aeromoniasis,1,.jpg,224,224,RGB,6d18ff183b0c8fb383ee080e1d6ddd1529c0c13d98517f5f5ed823ba8146c7ef,80110f1c3c1db8b0,ok,,g2126,train
data/original/aquahealth/train_split/Bacterial diseases - Aeromoniasis/Bacterial diseases - Aeromoniasis_178.jpeg,train_split,Bacterial diseases - Aeromoniasis,Aeromoniasis,1,.jpeg,224,109,RGB,c77eb3ee99775a18352d74be95078dabcfd068cb1b00e006dc3d074585813d08,69edcedae2e8e8e4,ok,,g1869,train
data/original/aquahealth/train_split/Bacterial diseases - Aeromoniasis/Bacterial diseases - Aeromoniasis_18.jpg,train_split,Bacterial diseases - Aeromoniasis,Aeromoniasis,1,.jpg,128,128,RGB,50a4766898db3f59ef17a1d295a6ecd9531479f70749b2a134ead56de3b20746,00c0e2b02cc4c4c0,ok,,g126,test
data/original/aquahealth/train_split/Bacterial diseases - Aeromoniasis/Bacterial diseases - Aeromoniasis_181.jpg,train_split,Bacterial diseases - Aeromoniasis,Aeromoniasis,1,.jpg,128,128,RGB,a6d2a3725e60a2e61303cc3d5ab258468b85a2feb8c4a30613848d7260a32e17,88482c3818b0b0f0,ok,,g2220,test
data/original/aquahealth/train_split/Bacterial diseases - Aeromoniasis/Bacterial diseases - Aeromoniasis_183.jpg,train_split,Bacterial diseases - Aeromoniasis,Aeromoniasis,1,.jpg,128,128,RGB,0e2a78608edbc7d39684b8ffc44d9c275381b584c678df6fbbcea2f2075b1056,f8d8d89c2c34a4e4,ok,,g2959,test
data/original/aquahealth/train_split/Bacterial diseases - Aeromoniasis/Bacterial diseases - Aeromoniasis_186.jpg,train_split,Bacterial diseases - Aeromoniasis,Aeromoniasis,1,.jpg,128,128,RGB,1e19499f3f0c72ceaf754c46bc3ee38a568603b1f37bc89efeeeab4b6a0df144,18347278f8f9337a,ok,,g883,train
data/original/aquahealth/train_split/Bacterial diseases - Aeromoniasis/Bacterial diseases - Aeromoniasis_187.jpg,train_split,Bacterial diseases - Aeromoniasis,Aeromoniasis,1,.jpg,128,128,RGB,ef7e3d7b8f5a54bffe95b6a88f096462f3f786867465282b737b88a6fd5147b3,e8d49cddd8d8d0c8,ok,,g2824,test
data/original/aquahealth/train_split/Bacterial diseases - Aeromoniasis/Bacterial diseases - Aeromoniasis_188.jpg,train_split,Bacterial diseases - Aeromoniasis,Aeromoniasis,1,.jpg,128,128,RGB,c2f8360fd3ee67669a4a8c4e383944a282a1948aa7162eee0bd155b594af4dd5,4f64e07060a6c64e,ok,,g1685,train
data/original/aquahealth/train_split/Bacterial diseases - Aeromoniasis/Bacterial diseases - Aeromoniasis_189.jpeg,train_split,Bacterial diseases - Aeromoniasis,Aeromoniasis,1,.jpeg,224,224,RGB,172d8c8845ff263be8891c8d8f5821efba844e4eec49889f926fb16c2d7d9a90,8e9ef8e4b4f8f8f8,ok,,g2254,train
data/original/aquahealth/train_split/Bacterial diseases - Aeromoniasis/Bacterial diseases - Aeromoniasis_19.jpg,train_split,Bacterial diseases - Aeromoniasis,Aeromoniasis,1,.jpg,128,128,RGB,47d96f5423a4a9d25e67d47dfebd307e27c5883116d7248144bac8e6efe31e43,0010b8f0f2fce8f0,ok,,g69,train
data/original/aquahealth/train_split/Bacterial diseases - Aeromoniasis/Bacterial diseases - Aeromoniasis_192.jpg,train_split,Bacterial diseases - Aeromoniasis,Aeromoniasis,1,.jpg,128,128,RGB,4aa95111ec1a8f289f4ce2846fb168364319274f3e74e72416114a7bc639760e,e0f0f8ecc4e6e72c,ok,,g2740,train
data/original/aquahealth/train_split/Bacterial diseases - Aeromoniasis/Bacterial diseases - Aeromoniasis_193.jpg,train_split,Bacterial diseases - Aeromoniasis,Aeromoniasis,1,.jpg,128,128,RGB,bd6eaefb670521c5738ecdbd7147f006e47c629355e00066abb0d425f4ff88c2,0000119967f1f141,ok,,g20,train
data/original/aquahealth/train_split/Bacterial diseases - Aeromoniasis/Bacterial diseases - Aeromoniasis_194.jpg,train_split,Bacterial diseases - Aeromoniasis,Aeromoniasis,1,.jpg,128,128,RGB,d00c0d1949b33384289cef498d3bd7de5881ecc4476f24ee4dd134b0b2276e80,00e0f9e10f337300,ok,,g132,train
data/original/aquahealth/train_split/Bacterial diseases - Aeromoniasis/Bacterial diseases - Aeromoniasis_195.jpg,train_split,Bacterial diseases - Aeromoniasis,Aeromoniasis,1,.jpg,128,128,RGB,9dfb77cac0beb0d72932760723724de65825248d342526be5d0636b317bf582b,3ef0c01030f06060,ok,,g1495,train
data/original/aquahealth/train_split/Bacterial diseases - Aeromoniasis/Bacterial diseases - Aeromoniasis_196.jpg,train_split,Bacterial diseases - Aeromoniasis,Aeromoniasis,1,.jpg,128,128,RGB,4e3a75bd4dbb4ef1063e7ecf808aefe8c104fd7136edd684ed5cb112ce84f888,c8e0f03012c0fe1f,ok,,g2574,train
data/original/aquahealth/train_split/Bacterial diseases - Aeromoniasis/Bacterial diseases - Aeromoniasis_197.jpg,train_split,Bacterial diseases - Aeromoniasis,Aeromoniasis,1,.jpg,128,128,RGB,224a11cbe180e7fd752439ae6da895fa6d985e38f86a0ef634d53c2dcab844f0,808cc4c2c8e0383c,ok,,g2130,train
data/original/aquahealth/train_split/Bacterial diseases - Aeromoniasis/Bacterial diseases - Aeromoniasis_198.jpg,train_split,Bacterial diseases - Aeromoniasis,Aeromoniasis,1,.jpg,128,128,RGB,b7323d80d75f47b572a341748c910d5fc9db5cfa7f721a0e148c1e91a8fc98a7,f0f93372f072f2e7,ok,,g2894,train
data/original/aquahealth/train_split/Bacterial diseases - Aeromoniasis/Bacterial diseases - Aeromoniasis_199.jpg,train_split,Bacterial diseases - Aeromoniasis,Aeromoniasis,1,.jpg,128,128,RGB,3b2e695c450a605fb46dd4c4bbe723857d6598f821a4e69d59e3231202d58dc4,70e1014143422408,ok,,g1934,train
data/original/aquahealth/train_split/Bacterial diseases - Aeromoniasis/Bacterial diseases - Aeromoniasis_2.jpg,train_split,Bacterial diseases - Aeromoniasis,Aeromoniasis,1,.jpg,224,224,RGB,49e562ce9982d3fd8d732306402c7935fb20f9b103705393d00be0fc8d0d9331,3c762684cce4e0e1,ok,,g1458,test
data/original/aquahealth/train_split/Bacterial diseases - Aeromoniasis/Bacterial diseases - Aeromoniasis_200.jpeg,train_split,Bacterial diseases - Aeromoniasis,Aeromoniasis,1,.jpeg,224,224,RGB,808f94c66e1e22395de60158ebd164e91471da970eb82b379e1bd8f455172535,3c3cf495377387e8,ok,,g1446,train
data/original/aquahealth/train_split/Bacterial diseases - Aeromoniasis/Bacterial diseases - Aeromoniasis_201.jpg,train_split,Bacterial diseases - Aeromoniasis,Aeromoniasis,1,.jpg,128,128,RGB,b40d88c0b03bf7b43b549f895bda21dbe12c24be3d5e7060da084525a6e4dd9f,0f1cd0a461d24622,ok,,g707,train
data/original/aquahealth/train_split/Bacterial diseases - Aeromoniasis/Bacterial diseases - Aeromoniasis_203.jpg,train_split,Bacterial diseases - Aeromoniasis,Aeromoniasis,1,.jpg,128,128,RGB,b50ee77cb8d69fe19bba975ceaf775272e50453d4fd319ade8163a9135d3befd,878445b8f838187c,ok,,g2209,train
data/original/aquahealth/train_split/Bacterial diseases - Aeromoniasis/Bacterial diseases - Aeromoniasis_204.jpg,train_split,Bacterial diseases - Aeromoniasis,Aeromoniasis,1,.jpg,128,128,RGB,d960eb888d139982e7f8cd609ec9d7db76477b59269ea4d1fa789242506d241f,662604a033f0f030,ok,,g1839,train
data/original/aquahealth/train_split/Bacterial diseases - Aeromoniasis/Bacterial diseases - Aeromoniasis_205.jpg,train_split,Bacterial diseases - Aeromoniasis,Aeromoniasis,1,.jpg,128,128,RGB,1488718342108d114fa03d6e4d02a264c8d4f390ad9a67ad455aa000bc44dc78,c1c3828090d48c8c,ok,,g2515,train
data/original/aquahealth/train_split/Bacterial diseases - Aeromoniasis/Bacterial diseases - Aeromoniasis_206.jpg,train_split,Bacterial diseases - Aeromoniasis,Aeromoniasis,1,.jpg,128,128,RGB,3516f4eebfed6d1727002ca481a036f7ea38bc31fcefe40c3accf170a1e65ced,3032f26348c3c7c0,ok,,g1255,train
data/original/aquahealth/train_split/Bacterial diseases - Aeromoniasis/Bacterial diseases - Aeromoniasis_207.jpg,train_split,Bacterial diseases - Aeromoniasis,Aeromoniasis,1,.jpg,128,128,RGB,cdce2b3d25d18aa0483b0b6c2767dd214b40d6e2673e0b8c847352ac468250b1,f8783c1d8880c8cc,ok,,g2951,train
data/original/aquahealth/train_split/Bacterial diseases - Aeromoniasis/Bacterial diseases - Aeromoniasis_209.jpg,train_split,Bacterial diseases - Aeromoniasis,Aeromoniasis,1,.jpg,128,128,RGB,c4f1acf482e1a4bd1623e661bf63ce90c65b6c1b5a69e54e14db4e4cfb3f38db,861f7e0e01110f17,ok,,g2193,test
data/original/aquahealth/train_split/Bacterial diseases - Aeromoniasis/Bacterial diseases - Aeromoniasis_21.jpg,train_split,Bacterial diseases - Aeromoniasis,Aeromoniasis,1,.jpg,128,128,RGB,b8b4acb4b37eda830d9f858f0d8bce2b7acd3ef1d606fb68f8de797e88994a06,40e6e0b0e8606000,ok,,g1572,train
data/original/aquahealth/train_split/Bacterial diseases - Aeromoniasis/Bacterial diseases - Aeromoniasis_214.jpg,train_split,Bacterial diseases - Aeromoniasis,Aeromoniasis,1,.jpg,128,128,RGB,0229688e547934bf872ca4e6b741178c5871cec1b56e82940202072d5e9c5429,0c1c2f3f6dc101c5,ok,,g548,train
data/original/aquahealth/train_split/Bacterial diseases - Aeromoniasis/Bacterial diseases - Aeromoniasis_216.jpg,train_split,Bacterial diseases - Aeromoniasis,Aeromoniasis,1,.jpg,128,128,RGB,74bb3eab7abb60fae251bbe227f4ac96aa7995ed8e0fdb1f57575d180a85b5c4,08f0e0e484800880,ok,,g491,val
data/original/aquahealth/train_split/Bacterial diseases - Aeromoniasis/Bacterial diseases - Aeromoniasis_218.jpg,train_split,Bacterial diseases - Aeromoniasis,Aeromoniasis,1,.jpg,128,128,RGB,45ff522c3c0e9ed399c7a20cff2b72bd9f183d8d5097d19961810e8951640776,e0e0c0048090e060,ok,,g2725,train
data/original/aquahealth/train_split/Bacterial diseases - Aeromoniasis/Bacterial diseases - Aeromoniasis_219.jpg,train_split,Bacterial diseases - Aeromoniasis,Aeromoniasis,1,.jpg,128,128,RGB,a02b66575253e387dda5ebf062cc967626e2d87a8175287cbb077cbf436f0f4f,f0f0d8fcfcfcfcf0,ok,,g2879,train
data/original/aquahealth/train_split/Bacterial diseases - Aeromoniasis/Bacterial diseases - Aeromoniasis_220.jpg,train_split,Bacterial diseases - Aeromoniasis,Aeromoniasis,1,.jpg,128,128,RGB,29ddc1968e5b366cc09e7c24dabe7bdc720163c569463d36de34c072a1ae8cd9,f8fcfcfcf8e0c044,ok,,g2973,train
data/original/aquahealth/train_split/Bacterial diseases - Aeromoniasis/Bacterial diseases - Aeromoniasis_221.jpg,train_split,Bacterial diseases - Aeromoniasis,Aeromoniasis,1,.jpg,128,128,RGB,37c28b32ca321ba8e83658ff8aa751f0060389c2cbf0a9889eda4b4acd5a630a,7ccc883060600000,ok,,g2058,train
data/original/aquahealth/train_split/Bacterial diseases - Aeromoniasis/Bacterial diseases - Aeromoniasis_222.jpg,train_split,Bacterial diseases - Aeromoniasis,Aeromoniasis,1,.jpg,128,128,RGB,d5565c59e72043f92d418b84274a6efed21726e209e7cbeaa8032558e319c992,00206030c8e8e878,ok,,g80,train
data/original/aquahealth/train_split/Bacterial diseases - Aeromoniasis/Bacterial diseases - Aeromoniasis_223.jpg,train_split,Bacterial diseases - Aeromoniasis,Aeromoniasis,1,.jpg,128,128,RGB,4443086980ddc9af5232ecdec0ed664955f3420f42a7d58b8d436d5347f55e45,2e3c7272f0c4ccf8,ok,,g1221,train
data/original/aquahealth/train_split/Bacterial diseases - Aeromoniasis/Bacterial diseases - Aeromoniasis_224.jpg,train_split,Bacterial diseases - Aeromoniasis,Aeromoniasis,1,.jpg,128,128,RGB,cf7bce04f7147ac6bccc05c295d72e432d9be262e6cc6be8a8ad05f469a665fd,df3e189800000000,ok,,g2682,train
data/original/aquahealth/train_split/Bacterial diseases - Aeromoniasis/Bacterial diseases - Aeromoniasis_226.jpg,train_split,Bacterial diseases - Aeromoniasis,Aeromoniasis,1,.jpg,128,128,RGB,66d6f861d04dafa16ea0e20af421953ac7417060fd3cca74e8eac1cc938d84ee,19b87464e4e46c30,ok,,g911,train
data/original/aquahealth/train_split/Bacterial diseases - Aeromoniasis/Bacterial diseases - Aeromoniasis_227.jpg,train_split,Bacterial diseases - Aeromoniasis,Aeromoniasis,1,.jpg,128,128,RGB,9433f6c006ba68e6e0f136aa21134a01223314b2fbfaf88d3c9ca832980c55d9,0f0f33737373367f,ok,,g679,train
data/original/aquahealth/train_split/Bacterial diseases - Aeromoniasis/Bacterial diseases - Aeromoniasis_228.jpg,train_split,Bacterial diseases - Aeromoniasis,Aeromoniasis,1,.jpg,128,128,RGB,ec9c4534e1bfced539a6ae90c97cf42c7c19b52b2ed740a81bf3fb7ac1e44e00,32333333150f8727,ok,,g1305,train
data/original/aquahealth/train_split/Bacterial diseases - Aeromoniasis/Bacterial diseases - Aeromoniasis_229.jpg,train_split,Bacterial diseases - Aeromoniasis,Aeromoniasis,1,.jpg,128,128,RGB,28d94eeacf4690829c3a7ab956cd0f3caa728df5cc125ff4d0131ae83b87023a,177767e7e6677f3f,ok,,g868,train
data/original/aquahealth/train_split/Bacterial diseases - Aeromoniasis/Bacterial diseases - Aeromoniasis_23.jpg,train_split,Bacterial diseases - Aeromoniasis,Aeromoniasis,1,.jpg,128,128,RGB,4fdc971b37790dfaaa57f2d48c9fb5514d27df83bc5a02798ac72d58a611c8ab,1fdfc1e0787c2c68,ok,,g1103,train
data/original/aquahealth/train_split/Bacterial diseases - Aeromoniasis/Bacterial diseases - Aeromoniasis_230.jpg,train_split,Bacterial diseases - Aeromoniasis,Aeromoniasis,1,.jpg,128,128,RGB,1983fe9d87ad2ad75ff56d0fe02f67fc092c6f10d78e6c2e4ff538e70bfa9ba9,8f43303030911901,ok,,g2264,train
data/original/aquahealth/train_split/Bacterial diseases - Aeromoniasis/Bacterial diseases - Aeromoniasis_231.jpg,train_split,Bacterial diseases - Aeromoniasis,Aeromoniasis,1,.jpg,128,128,RGB,dc49c4288dd1962c99fdde55c40a6fed1cf12948496d89b6162b69f61136535c,013ff2e2c8c8c080,ok,,g181,test
data/original/aquahealth/train_split/Bacterial diseases - Aeromoniasis/Bacterial diseases - Aeromoniasis_232.jpg,train_split,Bacterial diseases - Aeromoniasis,Aeromoniasis,1,.jpg,128,128,RGB,d1a85539a09671c2127702e490931179322aa5b9f532c5a6c8a33f45f8e37f9e,e2c3e1c98c207070,ok,,g2762,test
data/original/aquahealth/train_split/Bacterial diseases - Aeromoniasis/Bacterial diseases - Aeromoniasis_233.jpg,train_split,Bacterial diseases - Aeromoniasis,Aeromoniasis,1,.jpg,128,128,RGB,336bd26fadfd028e2325375d0e8eb606010c46239ca5838745f076725b624f86,008080f6e3d91c3c,ok,,g111,train
data/original/aquahealth/train_split/Bacterial diseases - Aeromoniasis/Bacterial diseases - Aeromoniasis_236.jpg,train_split,Bacterial diseases - Aeromoniasis,Aeromoniasis,1,.jpg,128,128,RGB,6a0b5d6b223684c1b4ee92148d8ecaee654ff1ce40dfdecde57f242a52eeb47d,42e0f1d9cdcde0f0,ok,,g1586,train
data/original/aquahealth/train_split/Bacterial diseases - Aeromoniasis/Bacterial diseases - Aeromoniasis_237.jpg,train_split,Bacterial diseases - Aeromoniasis,Aeromoniasis,1,.jpg,128,128,RGB,0f52a68effebde40d0a186c941170c7b48499f8394bcac8efdb27614684145a0,0c3cf4e6e6f23301,ok,,g555,train
data/original/aquahealth/train_split/Bacterial diseases - Aeromoniasis/Bacterial diseases - Aeromoniasis_238.jpg,train_split,Bacterial diseases - Aeromoniasis,Aeromoniasis,1,.jpg,128,128,RGB,9432e991b063b2b1b07f187a48400e8a3e3dba3bae9f0ed4f30d247f5a6ec67f,98f8f0f4e4e4fcb8,ok,,g2310,train
data/original/aquahealth/train_split/Bacterial diseases - Aeromoniasis/Bacterial diseases - Aeromoniasis_24.jpg,train_split,Bacterial diseases - Aeromoniasis,Aeromoniasis,1,.jpg,128,128,RGB,8c434b7db3db47b84488e44dd19310ad83beaef4494365cfa4ffa54c5408f03d,f1f97878f8bcf0f0,ok,,g2910,val
data/original/aquahealth/train_split/Bacterial diseases - Aeromoniasis/Bacterial diseases - Aeromoniasis_241.jpg,train_split,Bacterial diseases - Aeromoniasis,Aeromoniasis,1,.jpg,128,128,RGB,29a8de81853f77c6aef75c2d53d4770bb21604354213c76781203b60b8de2fc3,0060e0d0d09894d4,ok,,g100,train
data/original/aquahealth/train_split/Bacterial diseases - Aeromoniasis/Bacterial diseases - Aeromoniasis_242.jpg,train_split,Bacterial diseases - Aeromoniasis,Aeromoniasis,1,.jpg,640,640,RGB,b8e97f40cd60135482a272ff43eb812bc6d100e219172af5ed0b749a18c477d9,e4862333b2cbe338,ok,,g2785,val
data/original/aquahealth/train_split/Bacterial diseases - Aeromoniasis/Bacterial diseases - Aeromoniasis_243.jpg,train_split,Bacterial diseases - Aeromoniasis,Aeromoniasis,1,.jpg,640,640,RGB,83b641c6df789a2fb60263c331356c539eb1aa51c68ff4e386f8ff599da3613e,b8b0f87878f0e0e0,ok,,g2434,train
data/original/aquahealth/train_split/Bacterial diseases - Aeromoniasis/Bacterial diseases - Aeromoniasis_244.jpg,train_split,Bacterial diseases - Aeromoniasis,Aeromoniasis,1,.jpg,640,640,RGB,6c7fa32373ba26c64c6102008a86e73935090b56c25d9c3e8b8deef2f709766c,43573f3b73736361,ok,,g1599,train
data/original/aquahealth/train_split/Bacterial diseases - Aeromoniasis/Bacterial diseases - Aeromoniasis_245.jpg,train_split,Bacterial diseases - Aeromoniasis,Aeromoniasis,1,.jpg,640,640,RGB,c76fcfc0fd46cd8a46205330ea7488ce8464ee88f76abcd40a4fa500986d6bc7,e0e078b7f179e3e7,ok,,g2723,train
data/original/aquahealth/train_split/Bacterial diseases - Aeromoniasis/Bacterial diseases - Aeromoniasis_247.jpg,train_split,Bacterial diseases - Aeromoniasis,Aeromoniasis,1,.jpg,640,640,RGB,c0cbfa3076276b764521c7f595bd97a73973a48721518e1b9e394298c4faa8b9,88482c3818b0b0f0,ok,,g2220,test
data/original/aquahealth/train_split/Bacterial diseases - Aeromoniasis/Bacterial diseases - Aeromoniasis_25.jpg,train_split,Bacterial diseases - Aeromoniasis,Aeromoniasis,1,.jpg,128,128,RGB,56b7a2e5a9a2c247d38f3f4185bc78f3d5285918738769f860364f5969fc4fca,f3f8d85c78f1e3e7,ok,,g2927,train
data/original/aquahealth/train_split/Bacterial diseases - Aeromoniasis/Bacterial diseases - Aeromoniasis_250.jpg,train_split,Bacterial diseases - Aeromoniasis,Aeromoniasis,1,.jpg,640,640,RGB,b8a9a684f77692d3fea9fe5d5c56deb5d6efb01d61f632764960acfbdcafd50a,32333333350f8727,ok,,g1306,train
data/original/aquahealth/train_split/Bacterial diseases - Aeromoniasis/Bacterial diseases - Aeromoniasis_26.jpg,train_split,Bacterial diseases - Aeromoniasis,Aeromoniasis,1,.jpg,224,224,RGB,9ab782a5098a4066b97abb8ff890eb5d3575a2badc2b32d7bdc79cd71ecdca66,391f03073eff0317,ok,,g1389,train
data/original/aquahealth/train_split/Bacterial diseases - Aeromoniasis/Bacterial diseases - Aeromoniasis_27.jpg,train_split,Bacterial diseases - Aeromoniasis,Aeromoniasis,1,.jpg,128,128,RGB,839d2bf5791100362b7b413764402721bfe5155af6d4d19c65de6aef4e5d83bf,f8fcec3e9cfcf8f0,ok,,g2972,val
data/original/aquahealth/train_split/Bacterial diseases - Aeromoniasis/Bacterial diseases - Aeromoniasis_28.jpg,train_split,Bacterial diseases - Aeromoniasis,Aeromoniasis,1,.jpg,128,128,RGB,bf18bb91480329c995471e87790df11f0cc95933323811602291e0781c2fff0e,3d9c86f17d7eb0f1,ok,,g1476,train
data/original/aquahealth/train_split/Bacterial diseases - Aeromoniasis/Bacterial diseases - Aeromoniasis_29.jpg,train_split,Bacterial diseases - Aeromoniasis,Aeromoniasis,1,.jpg,128,128,RGB,8f137c35a2ce595c25f106026c5957fca2d6cc7e435c82ffe26fd4d4427d9256,39d88de1737e30e1,ok,,g1411,train
data/original/aquahealth/train_split/Bacterial diseases - Aeromoniasis/Bacterial diseases - Aeromoniasis_3.png,train_split,Bacterial diseases - Aeromoniasis,Aeromoniasis,1,.png,224,224,RGB,9cee0a16af068301fcbcdb095b36e8f832f029f382504c49205e2828c04d87f3,4fe3f2b030b0b3a7,ok,,g1692,train
data/original/aquahealth/train_split/Bacterial diseases - Aeromoniasis/Bacterial diseases - Aeromoniasis_30.jpg,train_split,Bacterial diseases - Aeromoniasis,Aeromoniasis,1,.jpg,128,128,RGB,e558a43d2d3823e1bfd3003f9c1b87a43c54afad825ec1f642c741b0c95ca3b3,c0c1c69cb4313101,ok,,g2485,train
data/original/aquahealth/train_split/Bacterial diseases - Aeromoniasis/Bacterial diseases - Aeromoniasis_31.jpg,train_split,Bacterial diseases - Aeromoniasis,Aeromoniasis,1,.jpg,128,128,RGB,6f5560c7f6cf1319bfbe3379304f9037a0586d2c576a1a657f60cfddc7b6b288,e1387371e5cccc0d,ok,,g2748,test
data/original/aquahealth/train_split/Bacterial diseases - Aeromoniasis/Bacterial diseases - Aeromoniasis_32.jpg,train_split,Bacterial diseases - Aeromoniasis,Aeromoniasis,1,.jpg,128,128,RGB,ffabf023e69df5fe8b04e5f417e98ea32e5e29016230abe7ed23677b354b3949,07e1242c9892e370,ok,,g474,train
data/original/aquahealth/train_split/Bacterial diseases - Aeromoniasis/Bacterial diseases - Aeromoniasis_33.jpg,train_split,Bacterial diseases - Aeromoniasis,Aeromoniasis,1,.jpg,128,128,RGB,b01e1365a9b3161f61a982ae4bddd8e900444903530702d45d1f1d8b344a4332,c090383c1c661259,ok,,g2475,train
data/original/aquahealth/train_split/Bacterial diseases - Aeromoniasis/Bacterial diseases - Aeromoniasis_34.jpg,train_split,Bacterial diseases - Aeromoniasis,Aeromoniasis,1,.jpg,128,128,RGB,47688fc7b7e29c6c828036c35e77e0a341057ded15be750b60567be6da88e17e,c3c0d864288ec4ec,ok,,g2534,train
data/original/aquahealth/train_split/Bacterial diseases - Aeromoniasis/Bacterial diseases - Aeromoniasis_35.jpg,train_split,Bacterial diseases - Aeromoniasis,Aeromoniasis,1,.jpg,128,128,RGB,8b68ce5386fb912981be5f9673c9fccca59747a3593192aafaa201c61ab9a1ad,00006a1e3c3c5040,ok,,g31,test
data/original/aquahealth/train_split/Bacterial diseases - Aeromoniasis/Bacterial diseases - Aeromoniasis_36.jpg,train_split,Bacterial diseases - Aeromoniasis,Aeromoniasis,1,.jpg,128,128,RGB,a6f851a8df642ca24f24476569e19b45be918eb1cb23d14c853c555057560c73,077ffdd10f87c7fb,ok,,g457,test
data/original/aquahealth/train_split/Bacterial diseases - Aeromoniasis/Bacterial diseases - Aeromoniasis_37.jpg,train_split,Bacterial diseases - Aeromoniasis,Aeromoniasis,1,.jpg,224,224,RGB,15de797f71d9834ae33dd5de49fce745413c62996ab5200dd8dc7a78d6817446,d8f8f8fefefefcfc,label_conflict,,g2650,
data/original/aquahealth/train_split/Bacterial diseases - Aeromoniasis/Bacterial diseases - Aeromoniasis_38.jpg,train_split,Bacterial diseases - Aeromoniasis,Aeromoniasis,1,.jpg,128,128,RGB,884ad764d115dffb3685b64cc5eb39edee3fa72fdd62991df5915125ebe7b353,e4f6ba8fc7c3e3f1,ok,,g2796,train
data/original/aquahealth/train_split/Bacterial diseases - Aeromoniasis/Bacterial diseases - Aeromoniasis_39.jpg,train_split,Bacterial diseases - Aeromoniasis,Aeromoniasis,1,.jpg,128,128,RGB,325e56232c3932352829ae047f601e328607d3a7ab9c7f2a6f3d50131278842a,3ffcd1070f0e1000,ok,,g1555,train
data/original/aquahealth/train_split/Bacterial diseases - Aeromoniasis/Bacterial diseases - Aeromoniasis_4.jpg,train_split,Bacterial diseases - Aeromoniasis,Aeromoniasis,1,.jpg,224,224,RGB,4e4fafd491572703ff33e94b0d9760811b2cfd81236238c11948abe1d38acee1,fcdddc78f9f2f38f,ok,,g3005,val
data/original/aquahealth/train_split/Bacterial diseases - Aeromoniasis/Bacterial diseases - Aeromoniasis_40.jpg,train_split,Bacterial diseases - Aeromoniasis,Aeromoniasis,1,.jpg,128,128,RGB,da3c972b932eae45c9bdd35ad077e34631ca7445eb49a6c8780efe5b620c59da,0007ee4d27f9f0e0,ok,,g56,train
data/original/aquahealth/train_split/Bacterial diseases - Aeromoniasis/Bacterial diseases - Aeromoniasis_41.jpg,train_split,Bacterial diseases - Aeromoniasis,Aeromoniasis,1,.jpg,128,128,RGB,16d424d7ea941b7641327e6eaab113cf56792c9e9b4e6ae9881f6f0c231067ab,0c77e3e6667cf8f0,ok,,g558,train
data/original/aquahealth/train_split/Bacterial diseases - Aeromoniasis/Bacterial diseases - Aeromoniasis_42.jpg,train_split,Bacterial diseases - Aeromoniasis,Aeromoniasis,1,.jpg,128,128,RGB,428c7164eacb990ec061fc4881444447fadf9e27218cfad83018a91ed3c3d15a,0fcfcc3661c1e0df,ok,,g790,val
data/original/aquahealth/train_split/Bacterial diseases - Aeromoniasis/Bacterial diseases - Aeromoniasis_44.jpg,train_split,Bacterial diseases - Aeromoniasis,Aeromoniasis,1,.jpg,128,128,RGB,548b532d1987909574b6da458edc8664a74541163533dd31fabe36f7a97dcf2a,d3ee7e3e7c716020,ok,,g2627,train
data/original/aquahealth/train_split/Bacterial diseases - Aeromoniasis/Bacterial diseases - Aeromoniasis_47.jpg,train_split,Bacterial diseases - Aeromoniasis,Aeromoniasis,1,.jpg,128,128,RGB,bf2c7a9d19f10f918feadd93134256b62596f6e7b0ba3cb9ae74b3a40a40f1b6,0707070702010301,ok,,g380,test
data/original/aquahealth/train_split/Bacterial diseases - Aeromoniasis/Bacterial diseases - Aeromoniasis_5.jpg,train_split,Bacterial diseases - Aeromoniasis,Aeromoniasis,1,.jpg,128,128,RGB,5f53558ba71628ccf05cf1894654e67a6caca2405c8b9273106d76b884b6cd36,e2e2d8d8d0e0e044,ok,,g2764,train
data/original/aquahealth/train_split/Bacterial diseases - Aeromoniasis/Bacterial diseases - Aeromoniasis_52.jpg,train_split,Bacterial diseases - Aeromoniasis,Aeromoniasis,1,.jpg,128,128,RGB,fe008458b84e4a2a5a0411efd9ddffec3ce673e8dd76a05bf92885704f0d242b,8110238124e0f272,ok,,g2142,train
data/original/aquahealth/train_split/Bacterial diseases - Aeromoniasis/Bacterial diseases - Aeromoniasis_54.jpg,train_split,Bacterial diseases - Aeromoniasis,Aeromoniasis,1,.jpg,128,128,RGB,e7289aaefb38b1154cd827727a52d7fb666cf7e927cc0c5d272bee13142164b5,2c74c260094d0601,ok,,g1215,train
data/original/aquahealth/train_split/Bacterial diseases - Aeromoniasis/Bacterial diseases - Aeromoniasis_57.jpg,train_split,Bacterial diseases - Aeromoniasis,Aeromoniasis,1,.jpg,128,128,RGB,5e92e6332ff1c7b38c1e831d91e7cc8795b4246917922e3ac3f1d3bc94508614,9e9793c5c5e5e2ab,ok,,g2345,train
data/original/aquahealth/train_split/Bacterial diseases - Aeromoniasis/Bacterial diseases - Aeromoniasis_59.jpg,train_split,Bacterial diseases - Aeromoniasis,Aeromoniasis,1,.jpg,224,224,RGB,d93dfd00dfab94f774cd48c1acd93760828d1e8c08c16a8a548c7df31747f240,071777e2c8b0b0b0,ok,,g423,train
data/original/aquahealth/train_split/Bacterial diseases - Aeromoniasis/Bacterial diseases - Aeromoniasis_60.jpg,train_split,Bacterial diseases - Aeromoniasis,Aeromoniasis,1,.jpg,128,128,RGB,f2baece8057c9a8d41c73900ed17851d092e5d6a287e1577f437190375a06135,78f8fcfcfcf86000,ok,,g2017,train
data/original/aquahealth/train_split/Bacterial diseases - Aeromoniasis/Bacterial diseases - Aeromoniasis_63.jpg,train_split,Bacterial diseases - Aeromoniasis,Aeromoniasis,1,.jpg,128,128,RGB,f4cb63d299d1d9074ae49696e0237a859d638703e00b3ebbc2fbfb6847c7f5fa,c0c8e42030302000,ok,,g2492,test
data/original/aquahealth/train_split/Bacterial diseases - Aeromoniasis/Bacterial diseases - Aeromoniasis_64.jpg,train_split,Bacterial diseases - Aeromoniasis,Aeromoniasis,1,.jpg,128,128,RGB,e005755310d4e108958264f303195e02196a11915c03e3039a925c9a145ac818,fc78488cc4dc9c80,ok,,g3000,train
data/original/aquahealth/train_split/Bacterial diseases - Aeromoniasis/Bacterial diseases - Aeromoniasis_66.jpg,train_split,Bacterial diseases - Aeromoniasis,Aeromoniasis,1,.jpg,128,128,RGB,ef87e93ae2d6e77dc7f20be8d02a51a1fef154e5fde3076625392216c31e0f00,909898cb99983038,ok,,g2274,train
data/original/aquahealth/train_split/Bacterial diseases - Aeromoniasis/Bacterial diseases - Aeromoniasis_67.jpg,train_split,Bacterial diseases - Aeromoniasis,Aeromoniasis,1,.jpg,128,128,RGB,3218b451f8eb1e33cd5c888b51df5511668596971ffda05e529c55fce7708410,f93b7b7b33331b0f,ok,,g2976,train
data/original/aquahealth/train_split/Bacterial diseases - Aeromoniasis/Bacterial diseases - Aeromoniasis_68.jpg,train_split,Bacterial diseases - Aeromoniasis,Aeromoniasis,1,.jpg,128,128,RGB,0f499d6447caa59de36880a94238a612d8d72fedb0e74f5346867fb9ee586dae,0f27323131910900,ok,,g725,val
data/original/aquahealth/train_split/Bacterial diseases - Aeromoniasis/Bacterial diseases - Aeromoniasis_70.jpg,train_split,Bacterial diseases - Aeromoniasis,Aeromoniasis,1,.jpg,224,224,RGB,095b4ebb353e1d70f9c7ec49faeb509acdc3805e87bb301afbd62a18b9ec386a,0f3f3373f3676cff,ok,,g737,val
data/original/aquahealth/train_split/Bacterial diseases - Aeromoniasis/Bacterial diseases - Aeromoniasis_71.jpg,train_split,Bacterial diseases - Aeromoniasis,Aeromoniasis,1,.jpg,128,128,RGB,c6ab5141b25d20d650fc61290c25e82eb251517a62163ba2fea5e6c52db727f1,1f06533030319900,ok,,g1019,train
data/original/aquahealth/train_split/Bacterial diseases - Aeromoniasis/Bacterial diseases - Aeromoniasis_72.jpg,train_split,Bacterial diseases - Aeromoniasis,Aeromoniasis,1,.jpg,128,128,RGB,73cd3473a445a203dfa6e548d934e6ede2e0fc3cb83887731808ef54f43014fc,3c6c6c38f8700083,ok,,g1455,test
data/original/aquahealth/train_split/Bacterial diseases - Aeromoniasis/Bacterial diseases - Aeromoniasis_73.jpg,train_split,Bacterial diseases - Aeromoniasis,Aeromoniasis,1,.jpg,128,128,RGB,10d3bf7ae8cc49c32caa8adcf5aa5f2a8915fe9f97ef1c2b1943a67084ec9d44,1a323326dcfc780c,ok,,g922,val
data/original/aquahealth/train_split/Bacterial diseases - Aeromoniasis/Bacterial diseases - Aeromoniasis_74.jpg,train_split,Bacterial diseases - Aeromoniasis,Aeromoniasis,1,.jpg,128,128,RGB,ee1f8979310aa425a2546005e786626919f44b9063c4c368a6a2faae31fcb677,706020e0f0e66460,ok,,g1914,train
data/original/aquahealth/train_split/Bacterial diseases - Aeromoniasis/Bacterial diseases - Aeromoniasis_75.jpg,train_split,Bacterial diseases - Aeromoniasis,Aeromoniasis,1,.jpg,128,128,RGB,844dbc72d3429d0486548ef77fe089b8a94b69cdda316521957ff6ac10ab220a,c133110591f3f071,ok,,g2502,train
data/original/aquahealth/train_split/Bacterial diseases - Aeromoniasis/Bacterial diseases - Aeromoniasis_76.jpg,train_split,Bacterial diseases - Aeromoniasis,Aeromoniasis,1,.jpg,128,128,RGB,d735c4206b3a1319789c9fb1724c4a7defcb354f1d27fce7cce2dc07b10ea78a,241c1c0c1c3c3c30,ok,,g1172,train
data/original/aquahealth/train_split/Bacterial diseases - Aeromoniasis/Bacterial diseases - Aeromoniasis_77.jpg,train_split,Bacterial diseases - Aeromoniasis,Aeromoniasis,1,.jpg,128,128,RGB,5614d886718c062c2f10c84350f9d37ac4b226f8b4a0c3dc07651949518677d2,0cce471746ecc0c0,ok,,g564,train
data/original/aquahealth/train_split/Bacterial diseases - Aeromoniasis/Bacterial diseases - Aeromoniasis_78.jpg,train_split,Bacterial diseases - Aeromoniasis,Aeromoniasis,1,.jpg,128,128,RGB,6b2babcedfd81fd8a40db956ef6b63090d7b590b39b2d3dc69a496574bd1ea0d,c0ce57174e468484,ok,,g2494,train
data/original/aquahealth/train_split/Bacterial diseases - Aeromoniasis/Bacterial diseases - Aeromoniasis_79.jpg,train_split,Bacterial diseases - Aeromoniasis,Aeromoniasis,1,.jpg,128,128,RGB,86110ce53c69c9fee0be63b6fdb97ff2276ebd72ac2ebe5eeefea9fcc8f3d617,07171507136360a0,ok,,g421,train
data/original/aquahealth/train_split/Bacterial diseases - Aeromoniasis/Bacterial diseases - Aeromoniasis_80.jpg,train_split,Bacterial diseases - Aeromoniasis,Aeromoniasis,1,.jpg,128,128,RGB,4101e757f5d353b81e769aae309b6507b50d226954eda25eaa7d8ea5e9ce8ce3,3ef0803331b3d2e7,ok,,g1494,train
data/original/aquahealth/train_split/Bacterial diseases - Aeromoniasis/Bacterial diseases - Aeromoniasis_82.jpg,train_split,Bacterial diseases - Aeromoniasis,Aeromoniasis,1,.jpg,128,128,RGB,27b7da8a43da20199ce7733aa7c52156ff2907b65f326041b2c4a94cbc671852,e4862333b2cbe338,ok,,g2785,val
data/original/aquahealth/train_split/Bacterial diseases - Aeromoniasis/Bacterial diseases - Aeromoniasis_83.jpg,train_split,Bacterial diseases - Aeromoniasis,Aeromoniasis,1,.jpg,128,128,RGB,f7a7b42092804108d48f0c25dcd5a5cbbb5ba92c0c6a99ecc3408f2a24c61503,f8f8d864660818b3,ok,,g2969,train
data/original/aquahealth/train_split/Bacterial diseases - Aeromoniasis/Bacterial diseases - Aeromoniasis_84.jpg,train_split,Bacterial diseases - Aeromoniasis,Aeromoniasis,1,.jpg,128,128,RGB,908700c5104b811acc0e31c176e61042610855858c7d66939d14bb98486e0b3c,e0c00444c6678597,ok,,g2705,train
data/original/aquahealth/train_split/Bacterial diseases - Aeromoniasis/Bacterial diseases - Aeromoniasis_85.jpg,train_split,Bacterial diseases - Aeromoniasis,Aeromoniasis,1,.jpg,128,128,RGB,62c3a4960805af9b70b028ca485bc1733f2aa26f5a6895b6fb2cdd9d3b1dda9c,e38fccf860012120,ok,,g2769,train
data/original/aquahealth/train_split/Bacterial diseases - Aeromoniasis/Bacterial diseases - Aeromoniasis_86.jpg,train_split,Bacterial diseases - Aeromoniasis,Aeromoniasis,1,.jpg,128,128,RGB,0ffbb6596a561a127a725463acac7ddd0e02e97bfdb994ca3f6f166624fb14dc,67cecc7c381080c4,ok,,g1859,val
data/original/aquahealth/train_split/Bacterial diseases - Aeromoniasis/Bacterial diseases - Aeromoniasis_88.jpg,train_split,Bacterial diseases - Aeromoniasis,Aeromoniasis,1,.jpg,128,128,RGB,f540e765d97838ef2e6e3cdf25d6d36edd096536cc446dbdc430df40c1b011bf,fcf4d2f4f4f87e1f,ok,,g3010,train
data/original/aquahealth/train_split/Bacterial diseases - Aeromoniasis/Bacterial diseases - Aeromoniasis_89.jpg,train_split,Bacterial diseases - Aeromoniasis,Aeromoniasis,1,.jpg,128,128,RGB,9c390dd4a5114026df6c3a91ad241f5bf16be0267e57d7b64becfa2e0a622227,f8bcb8dcfebebc1c,ok,,g2958,train
data/original/aquahealth/train_split/Bacterial diseases - Aeromoniasis/Bacterial diseases - Aeromoniasis_9.jpg,train_split,Bacterial diseases - Aeromoniasis,Aeromoniasis,1,.jpg,128,128,RGB,53f3b30efb708c0e8e2b4c8716f1df8517502485fed9afcbb9def686b35da288,6f0f0b0f0f030f8f,ok,,g1890,train
data/original/aquahealth/train_split/Bacterial diseases - Aeromoniasis/Bacterial diseases - Aeromoniasis_91.jpg,train_split,Bacterial diseases - Aeromoniasis,Aeromoniasis,1,.jpg,128,128,RGB,1c08366429a7c9433447e32338fbad28f987c414e6d755ec4eda0ec05e344cce,fcfedddbee6e64e5,ok,,g3021,test
data/original/aquahealth/train_split/Bacterial diseases - Aeromoniasis/Bacterial diseases - Aeromoniasis_93.jpg,train_split,Bacterial diseases - Aeromoniasis,Aeromoniasis,1,.jpg,128,128,RGB,cb07c7f1d25b562306a12881002c716dda092331baec0f253be993255be83ad1,9c9cfeccf8b8f8f1,ok,,g2330,train
data/original/aquahealth/train_split/Bacterial diseases - Aeromoniasis/Bacterial diseases - Aeromoniasis_94.jpg,train_split,Bacterial diseases - Aeromoniasis,Aeromoniasis,1,.jpg,128,128,RGB,df615a3f868f9006795e84ccf829998ebc78514fa7b8c6fdc33c7e4906802a15,00ccd37ce3e3c3bf,ok,,g129,train
data/original/aquahealth/train_split/Bacterial diseases - Aeromoniasis/Bacterial diseases - Aeromoniasis_95.jpg,train_split,Bacterial diseases - Aeromoniasis,Aeromoniasis,1,.jpg,128,128,RGB,59de63b3a41f4f1a47c6b30e6fb6752815ecd67900fde0e81e4b549df3963890,1110181898c80c00,ok,,g815,val
data/original/aquahealth/train_split/Bacterial diseases - Aeromoniasis/Bacterial diseases - Aeromoniasis_96.jpg,train_split,Bacterial diseases - Aeromoniasis,Aeromoniasis,1,.jpg,128,128,RGB,d7717d45601cb00b01c76c27f9a65940b14e57a9ff0c36ff5ab1c695b2c678cb,efffdf9fcd8f9fdf,ok,,g2851,val
data/original/aquahealth/train_split/Bacterial diseases - Aeromoniasis/Bacterial diseases - Aeromoniasis_97.jpg,train_split,Bacterial diseases - Aeromoniasis,Aeromoniasis,1,.jpg,128,128,RGB,ce8aa9c62ee7d69fb2cb689339a123ef907c2a8cd472af0e81a913f76dd711f1,3f3733333331090d,ok,,g1511,train
data/original/aquahealth/train_split/Bacterial diseases - Aeromoniasis/Bacterial diseases - Aeromoniasis_98.jpg,train_split,Bacterial diseases - Aeromoniasis,Aeromoniasis,1,.jpg,128,128,RGB,688d511d737c6cfa1aa2e377ff44bbd8feb48be5be8143bbbf161e7307ef9b41,1d1d2367e7e66cef,ok,,g970,train
data/original/aquahealth/train_split/Bacterial diseases - Aeromoniasis/Bacterial diseases - Aeromoniasis_99.jpg,train_split,Bacterial diseases - Aeromoniasis,Aeromoniasis,1,.jpg,128,128,RGB,d1a30be21cdf2a70b018dec96c9e1dc8871ca3675ced6fdb3dc381149c60592f,8f1b3b3b17353f3f,ok,,g2260,test
data/original/aquahealth/train_split/Bacterial diseases - Aeromoniasis/Bacterial diseases - Aeromoniasis_aug_0.jpg,train_split,Bacterial diseases - Aeromoniasis,Aeromoniasis,1,.jpg,128,128,RGB,286c66102029768cf8ecd50ae9536ac9327f91684c8fb818acfa0ad8eda18614,30e0e4c5e1703818,ok,,g1279,train
data/original/aquahealth/train_split/Bacterial diseases - Aeromoniasis/Bacterial diseases - Aeromoniasis_aug_1.jpg,train_split,Bacterial diseases - Aeromoniasis,Aeromoniasis,1,.jpg,128,128,RGB,169a138843e4ca52d498feecc124a37a1cf06be796ee410276b95eae190bb074,30e0e4c5e1703818,ok,,g1279,train
data/original/aquahealth/train_split/Bacterial diseases - Aeromoniasis/Bacterial diseases - Aeromoniasis_aug_10.jpg,train_split,Bacterial diseases - Aeromoniasis,Aeromoniasis,1,.jpg,128,128,RGB,08df96dd90a1b012a50cf48928217fd067565300c5f5641ef3427fe1f5c68ba1,e2c3e1c98c207070,ok,,g2762,test
data/original/aquahealth/train_split/Bacterial diseases - Aeromoniasis/Bacterial diseases - Aeromoniasis_aug_100.jpg,train_split,Bacterial diseases - Aeromoniasis,Aeromoniasis,1,.jpg,128,128,RGB,5c4c6f3730b39c37e43f6fc2ff8c2690a76a016fb3c626d26543aa7aaf33da9e,000ccc93797cf804,ok,,g61,train
data/original/aquahealth/train_split/Bacterial diseases - Aeromoniasis/Bacterial diseases - Aeromoniasis_aug_101.jpg,train_split,Bacterial diseases - Aeromoniasis,Aeromoniasis,1,.jpg,640,640,RGB,b5bab1de2957db4213e50a31dd00b5801ac31d3634ce54a347247a49d68a375a,675b1f3b73736341,ok,,g1852,train
data/original/aquahealth/train_split/Bacterial diseases - Aeromoniasis/Bacterial diseases - Aeromoniasis_aug_103.jpg,train_split,Bacterial diseases - Aeromoniasis,Aeromoniasis,1,.jpg,128,128,RGB,5bf8cb1181ba3868f8f5640bcabe3525eb9987f29f530f6916546803e473f5b1,46c0d09898b12101,ok,,g1618,val
data/original/aquahealth/train_split/Bacterial diseases - Aeromoniasis/Bacterial diseases - Aeromoniasis_aug_104.jpg,train_split,Bacterial diseases - Aeromoniasis,Aeromoniasis,1,.jpg,128,128,RGB,f0051e37289b403b1801fbc00b75863ec063c6ce4bca3f6ed5c3b0e8ace8c864,5f1f170f0f070e8b,ok,,g1735,val
data/original/aquahealth/train_split/Bacterial diseases - Aeromoniasis/Bacterial diseases - Aeromoniasis_aug_106.jpg,train_split,Bacterial diseases - Aeromoniasis,Aeromoniasis,1,.jpg,128,128,RGB,81ca5625b8b101eb75944f178c7f3fe77ef97b7210bc69ec8880de3096303398,01010100f4121007,ok,,g144,val
data/original/aquahealth/train_split/Bacterial diseases - Aeromoniasis/Bacterial diseases - Aeromoniasis_aug_107.jpg,train_split,Bacterial diseases - Aeromoniasis,Aeromoniasis,1,.jpg,128,128,RGB,8d7d0fd6c8795f446144f79d15a40239e18d86326b07dfaeee02cd423c743c3b,0f23333131910900,ok,,g723,train
data/original/aquahealth/train_split/Bacterial diseases - Aeromoniasis/Bacterial diseases - Aeromoniasis_aug_109.jpg,train_split,Bacterial diseases - Aeromoniasis,Aeromoniasis,1,.jpg,640,640,RGB,32d7e4ee8644fa6e6e09f4e6abcf77c66b0b6e9206801c1904f90335b5b50048,3233333111cf8727,ok,,g1304,val
data/original/aquahealth/train_split/Bacterial diseases - Aeromoniasis/Bacterial diseases - Aeromoniasis_aug_11.jpg,train_split,Bacterial diseases - Aeromoniasis,Aeromoniasis,1,.jpg,128,128,RGB,024b6619b5ecbbb10a38c2bbf2a1c5991bf162149b0558d3da550a393c56030c,98b091381080c2c2,ok,,g2305,train
data/original/aquahealth/train_split/Bacterial diseases - Aeromoniasis/Bacterial diseases - Aeromoniasis_aug_110.jpg,train_split,Bacterial diseases - Aeromoniasis,Aeromoniasis,1,.jpg,128,128,RGB,02e63a2f14da76251aa8947c1154d08e6fcd4b1dc9033a07c7d41453ac741a82,030f1b39393f7d67,ok,,g249,train
data/original/aquahealth/train_split/Bacterial diseases - Aeromoniasis/Bacterial diseases - Aeromoniasis_aug_111.jpg,train_split,Bacterial diseases - Aeromoniasis,Aeromoniasis,1,.jpg,128,128,RGB,5bd5248e0e9ebd71e1206a668aecef7e1fe16cc96c7b339b5138253bab857b56,c090383c1c661259,ok,,g2475,train
data/original/aquahealth/train_split/Bacterial diseases - Aeromoniasis/Bacterial diseases - Aeromoniasis_aug_112.jpg,train_split,Bacterial diseases - Aeromoniasis,Aeromoniasis,1,.jpg,224,224,RGB,3877b62bf06b34801931d2b4d6e24a0ea129a2add776a2925cfb3c63f1ae8637,020307050f0f0f0c,ok,,g202,train
data/original/aquahealth/train_split/Bacterial diseases - Aeromoniasis/Bacterial diseases - Aeromoniasis_aug_113.jpg,train_split,Bacterial diseases - Aeromoniasis,Aeromoniasis,1,.jpg,128,128,RGB,ffde26efba506c23b306f806f286fdc35e709a4811080646ba9e66137b105f00,060070e4f4f8f231,ok,,g338,train
data/original/aquahealth/train_split/Bacterial diseases - Aeromoniasis/Bacterial diseases - Aeromoniasis_aug_114.jpg,train_split,Bacterial diseases - Aeromoniasis,Aeromoniasis,1,.jpg,128,128,RGB,164ef6bebbeaa48344c6180991097f463ac077b08465d053504bdecedd17f75c,1fdfc1e0787c2c68,ok,,g1103,train
data/original/aquahealth/train_split/Bacterial diseases - Aeromoniasis/Bacterial diseases - Aeromoniasis_aug_115.jpg,train_split,Bacterial diseases - Aeromoniasis,Aeromoniasis,1,.jpg,128,128,RGB,2e8b45216a29aa71882f72a09e128061c25326dde1f0609fa5dea2fe75d61b65,3070f0b8b8fcd878,ok,,g1266,test
data/original/aquahealth/train_split/Bacterial diseases - Aeromoniasis/Bacterial diseases - Aeromoniasis_aug_116.jpg,train_split,Bacterial diseases - Aeromoniasis,Aeromoniasis,1,.jpg,128,128,RGB,240ac1ea085cb0b2b4db42c7f95427d29bfb41d5106b7630c6e56b206bb06e53,0f171f9f3f7f7f7f,ok,,g697,train
data/original/aquahealth/train_split/Bacterial diseases - Aeromoniasis/Bacterial diseases - Aeromoniasis_aug_117.jpg,train_split,Bacterial diseases - Aeromoniasis,Aeromoniasis,1,.jpg,128,128,RGB,6dec0d234f35d74e634fcaf62aeeaf7d0f7c20ae4266726429f8009db3a5da30,0000504e83800000,ok,,g25,test
data/original/aquahealth/train_split/Bacterial diseases - Aeromoniasis/Bacterial diseases - Aeromoniasis_aug_118.jpg,train_split,Bacterial diseases - Aeromoniasis,Aeromoniasis,1,.jpg,128,128,RGB,8826c8603c70958bd77e8ac5fe738d8c1a078f59d53c320f5d2b51518a0fca62,0e27232317130303,ok,,g614,test
data/original/aquahealth/train_split/Bacterial diseases - Aeromoniasis/Bacterial diseases - Aeromoniasis_aug_119.jpg,train_split,Bacterial diseases - Aeromoniasis,Aeromoniasis,1,.jpg,128,128,RGB,bad578ca0b28b7c33695b91b602d10fe095342f2ee86891872c49f4f76855ade,20b0707078f87c78,ok,,g1126,train
data/original/aquahealth/train_split/Bacterial diseases - Aeromoniasis/Bacterial diseases - Aeromoniasis_aug_12.jpg,train_split,Bacterial diseases - Aeromoniasis,Aeromoniasis,1,.jpg,128,128,RGB,36a957cf149a1afcfabdacf7d560580a4e47a010247f032bca2cbe9b60857fa5,0701470e1e3e1c9c,ok,,g363,val
data/original/aquahealth/train_split/Bacterial diseases - Aeromoniasis/Bacterial diseases - Aeromoniasis_aug_120.jpg,train_split,Bacterial diseases - Aeromoniasis,Aeromoniasis,1,.jpg,128,128,RGB,2679c01f371a74b2783fecdddef5ac8fd0515774d182fb53b4a4839de16b3ddd,380ec8e0797f7bf8,ok,,g1363,test
data/original/aquahealth/train_split/Bacterial diseases - Aeromoniasis/Bacterial diseases - Aeromoniasis_aug_121.jpg,train_split,Bacterial diseases - Aeromoniasis,Aeromoniasis,1,.jpg,128,128,RGB,cf857104df07dd396b19a0690e69a38e6ff795a81a8004cb51e88f1e0cfd21db,25e5dcfc7878706f,ok,,g1179,train
data/original/aquahealth/train_split/Bacterial diseases - Aeromoniasis/Bacterial diseases - Aeromoniasis_aug_122.jpg,train_split,Bacterial diseases - Aeromoniasis,Aeromoniasis,1,.jpg,128,128,RGB,5b4733bffbfb1988b7813d1cb740b0daed3091a6a57660d084fc7cba4bb35831,07e1242c9892e370,ok,,g474,train
data/original/aquahealth/train_split/Bacterial diseases - Aeromoniasis/Bacterial diseases - Aeromoniasis_aug_123.jpg,train_split,Bacterial diseases - Aeromoniasis,Aeromoniasis,1,.jpg,128,128,RGB,ea6f8bba634aedb9e6acbdaffc44940f46e4da10afa49d25b701c5a2337ad0e7,277ff58d3efe3e3f,ok,,g1201,train
data/original/aquahealth/train_split/Bacterial diseases - Aeromoniasis/Bacterial diseases - Aeromoniasis_aug_124.jpg,train_split,Bacterial diseases - Aeromoniasis,Aeromoniasis,1,.jpg,128,128,RGB,944926db965ede079a247e66a77e9d0efd8f0618535c1555999b91c6e5d062ac,033ff2e2c8c8c0c1,ok,,g278,train
data/original/aquahealth/train_split/Bacterial diseases - Aeromoniasis/Bacterial diseases - Aeromoniasis_aug_125.jpg,train_split,Bacterial diseases - Aeromoniasis,Aeromoniasis,1,.jpg,128,128,RGB,9313da7bc239623a7283217bb52dabed79efed0398f94c547d4cdef4aaf3b301,e3fbfbf0f098d859,ok,,g2784,train
data/original/aquahealth/train_split/Bacterial diseases - Aeromoniasis/Bacterial diseases - Aeromoniasis_aug_126.jpg,train_split,Bacterial diseases - Aeromoniasis,Aeromoniasis,1,.jpg,128,128,RGB,948838a920d03043419c6888cf70c6b9e08f31a2066e051dfd1209092ba938a7,5e7e1d7f071f3b07,ok,,g1734,train
data/original/aquahealth/train_split/Bacterial diseases - Aeromoniasis/Bacterial diseases - Aeromoniasis_aug_127.jpg,train_split,Bacterial diseases - Aeromoniasis,Aeromoniasis,1,.jpg,128,128,RGB,4bd0f1dc143ecd60bc47fba129b35e39708b0c1314ec4978ae79e14db70d511b,e062260a80c0c0fe,ok,,g2697,test
data/original/aquahealth/train_split/Bacterial diseases - Aeromoniasis/Bacterial diseases - Aeromoniasis_aug_128.jpg,train_split,Bacterial diseases - Aeromoniasis,Aeromoniasis,1,.jpg,128,128,RGB,a8f4cb547979663396086f6b89a45ac7acb0ac2ef4ef54bbe8a59bfd43cc7d5c,6e2f27636223402c,ok,x2198,g1883,train
data/original/aquahealth/train_split/Bacterial diseases - Aeromoniasis/Bacterial diseases - Aeromoniasis_aug_13.jpg,train_split,Bacterial diseases - Aeromoniasis,Aeromoniasis,1,.jpg,224,224,RGB,985e40c30a3c26d357c4bffadbce0a7c373354b964a36e150acbe4837fe9bde8,0000f8eff3f1f959,ok,,g45,train
data/original/aquahealth/train_split/Bacterial diseases - Aeromoniasis/Bacterial diseases - Aeromoniasis_aug_130.jpg,train_split,Bacterial diseases - Aeromoniasis,Aeromoniasis,1,.jpg,128,128,RGB,9f2c8a089d18f3582d2b8f3ca5322414fd30364192e18f667d8a6c0ba7177348,47c4d8d8d070603f,ok,,g1634,train
data/original/aquahealth/train_split/Bacterial diseases - Aeromoniasis/Bacterial diseases - Aeromoniasis_aug_131.jpg,train_split,Bacterial diseases - Aeromoniasis,Aeromoniasis,1,.jpg,128,128,RGB,fbdb998599328fb7cfed564a2812d13b021bd0d0e3a3a1b7df8694cdafc77216,00c0105b79b49dbb,ok,,g122,train
data/original/aquahealth/train_split/Bacterial diseases - Aeromoniasis/Bacterial diseases - Aeromoniasis_aug_132.jpg,train_split,Bacterial diseases - Aeromoniasis,Aeromoniasis,1,.jpg,224,224,RGB,da6bb9c562657dd2e77cc929d167c1bd3b350517a0516d0c2008ac96bf8e73d2,f3f3b226e6e6e3e3,label_conflict,,g2925,
data/original/aquahealth/train_split/Bacterial diseases - Aeromoniasis/Bacterial diseases - Aeromoniasis_aug_133.jpg,train_split,Bacterial diseases - Aeromoniasis,Aeromoniasis,1,.jpg,224,224,RGB,dec2a6e3c79ff072964389ba94f414336ea77f171c33e3090197d294c97cd889,0c38e191182e6662,ok,,g552,val
data/original/aquahealth/train_split/Bacterial diseases - Aeromoniasis/Bacterial diseases - Aeromoniasis_aug_134.jpg,train_split,Bacterial diseases - Aeromoniasis,Aeromoniasis,1,.jpg,224,224,RGB,3449b7924e8095a0620b3ec4f895fd2b8f1cc2b08115f8efb8e6bee94e8917d6,0f03111031911103,ok,,g632,test
data/original/aquahealth/train_split/Bacterial diseases - Aeromoniasis/Bacterial diseases - Aeromoniasis_aug_135.jpg,train_split,Bacterial diseases - Aeromoniasis,Aeromoniasis,1,.jpg,224,224,RGB,b44366c8dd4a5477672fae1bb81865045910c9fb117e87726d21ce89e612ff59,f191b0f0f1fbf1f0,ok,,g2899,train
data/original/aquahealth/train_split/Bacterial diseases - Aeromoniasis/Bacterial diseases - Aeromoniasis_aug_136.jpg,train_split,Bacterial diseases - Aeromoniasis,Aeromoniasis,1,.jpg,224,224,RGB,888c5b461036816c907d7272246737a6f9dae9a0c0be6e7768e66fd610eb2f54,7fcc7a78f9fb370f,ok,,g2117,train
data/original/aquahealth/train_split/Bacterial diseases - Aeromoniasis/Bacterial diseases - Aeromoniasis_aug_137.jpg,train_split,Bacterial diseases - Aeromoniasis,Aeromoniasis,1,.jpg,128,128,RGB,338136828288cb7af022c3f94cb5e5a70f9066b8f74fdc53a1cb43b05b06058c,e0e078b7f079e3e7,ok,,g2722,train
data/original/aquahealth/train_split/Bacterial diseases - Aeromoniasis/Bacterial diseases - Aeromoniasis_aug_138.jpg,train_split,Bacterial diseases - Aeromoniasis,Aeromoniasis,1,.jpg,128,128,RGB,9a1092fdbb746408467d611ec48a7d2622e3a69a1733c8343d6c3303a36081e1,f4c4c4c4c0c2e0e0,ok,,g2934,test
data/original/aquahealth/train_split/Bacterial diseases - Aeromoniasis/Bacterial diseases - Aeromoniasis_aug_139.jpg,train_split,Bacterial diseases - Aeromoniasis,Aeromoniasis,1,.jpg,640,640,RGB,46552dbea880fd6a5e28766e211332708ecaa1f13bfa0744d9b78e7d4dece43b,32333333150f8727,ok,,g1305,train
data/original/aquahealth/train_split/Bacterial diseases - Aeromoniasis/Bacterial diseases - Aeromoniasis_aug_14.jpg,train_split,Bacterial diseases - Aeromoniasis,Aeromoniasis,1,.jpg,128,128,RGB,37d66e8ac6428a815d6ccaebe4f5ae6f840367d9637bf063e5eb38a39f5a285b,070f17071363a301,ok,,g409,train
data/original/aquahealth/train_split/Bacterial diseases - Aeromoniasis/Bacterial diseases - Aeromoniasis_aug_140.jpg,train_split,Bacterial diseases - Aeromoniasis,Aeromoniasis,1,.jpg,128,128,RGB,c7474b05508ac538ad16bd3ecc005710d5087e98169c6b45025512df3bec029c,6e2f27636223403c,ok,,g1884,train
data/original/aquahealth/train_split/Bacterial diseases - Aeromoniasis/Bacterial diseases - Aeromoniasis_aug_141.jpg,train_split,Bacterial diseases - Aeromoniasis,Aeromoniasis,1,.jpg,128,128,RGB,0d3e5ef6a533b10fdf76d4ae7ab5b7c31266054bed60fa9021042b63f2c83e26,7f3e8dcd87070f8e,ok,,g2096,val
data/original/aquahealth/train_split/Bacterial diseases - Aeromoniasis/Bacterial diseases - Aeromoniasis_aug_142.jpg,train_split,Bacterial diseases - Aeromoniasis,Aeromoniasis,1,.jpg,224,224,RGB,cf5b11dced1de97b4eba9a75afb1663d4aec6209d78c4fdcc57495dcedfddb7a,19fef51f0787c7fb,ok,,g920,train
data/original/aquahealth/train_split/Bacterial diseases - Aeromoniasis/Bacterial diseases - Aeromoniasis_aug_144.jpg,train_split,Bacterial diseases - Aeromoniasis,Aeromoniasis,1,.jpg,128,128,RGB,4bf0ba827cf2f8fde9ca7071729fb977b7854eccb878977b85710c25f61e5944,25c6e4f23878380f,ok,,g1178,test
data/original/aquahealth/train_split/Bacterial diseases - Aeromoniasis/Bacterial diseases - Aeromoniasis_aug_145.jpg,train_split,Bacterial diseases - Aeromoniasis,Aeromoniasis,1,.jpg,128,128,RGB,5bd33e42ab2ab2b3e0401c62a6b0ab61537409aa78dff52a0027053f4e6e65fa,057dffffdf747c1f,ok,,g330,train
data/original/aquahealth/train_split/Bacterial diseases - Aeromoniasis/Bacterial diseases - Aeromoniasis_aug_146.jpg,train_split,Bacterial diseases - Aeromoniasis,Aeromoniasis,1,.jpg,224,224,RGB,b00fc2f6878754498f29e6e02d670bf70c16e985c10c37696874f35c9e6f9d9d,737260e2c1c0e0e0,ok,,g1964,train
data/original/aquahealth/train_split/Bacterial diseases - Aeromoniasis/Bacterial diseases - Aeromoniasis_aug_147.jpg,train_split,Bacterial diseases - Aeromoniasis,Aeromoniasis,1,.jpg,128,128,RGB,87d5036e9aff60b4af52b4399b5147dd27034517e03b60f6634a1dd172eec7e6,01c0741f0f87f7ff,ok,,g190,train
data/original/aquahealth/train_split/Bacterial diseases - Aeromoniasis/Bacterial diseases - Aeromoniasis_aug_149.jpg,train_split,Bacterial diseases - Aeromoniasis,Aeromoniasis,1,.jpg,224,224,RGB,792f9a3b40c485e02da33bd5d85204773bc93be39bcc80c2d600a6890a70840a,4fe3f2b030b0b3a7,ok,,g1692,train
data/original/aquahealth/train_split/Bacterial diseases - Aeromoniasis/Bacterial diseases - Aeromoniasis_aug_15.jpg,train_split,Bacterial diseases - Aeromoniasis,Aeromoniasis,1,.jpg,128,128,RGB,df8863a8d374a5192051e152f4eacc674a77d27fc9fda21e4421e5881f7f5384,0f0f4f4c080d0703,ok,,g683,train
data/original/aquahealth/train_split/Bacterial diseases - Aeromoniasis/Bacterial diseases - Aeromoniasis_aug_151.jpg,train_split,Bacterial diseases - Aeromoniasis,Aeromoniasis,1,.jpg,128,128,RGB,15aebebab0e47cc6fd57eeacffc672f5409830eab8137cad8e6aac76b665dc00,61e1c3410206044f,ok,,g1789,train
data/original/aquahealth/train_split/Bacterial diseases - Aeromoniasis/Bacterial diseases - Aeromoniasis_aug_152.jpg,train_split,Bacterial diseases - Aeromoniasis,Aeromoniasis,1,.jpg,128,128,RGB,49620b47dc52128cb09221472f24fbda840f3deab643e6468603af43006abfe8,03833ffdce183837,ok,,g292,val
data/original/aquahealth/train_split/Bacterial diseases - Aeromoniasis/Bacterial diseases - Aeromoniasis_aug_153.jpg,train_split,Bacterial diseases - Aeromoniasis,Aeromoniasis,1,.jpg,128,128,RGB,8f43ba354c745a0da7c468911b80d2fcb4edc114685eca598dd72edb6a4a4894,879731f37367ecff,ok,x1856,g2212,train
data/original/aquahealth/train_split/Bacterial diseases - Aeromoniasis/Bacterial diseases - Aeromoniasis_aug_154.jpg,train_split,Bacterial diseases - Aeromoniasis,Aeromoniasis,1,.jpg,128,128,RGB,0385ac7feea3bc2ba7a8dc612f989568316c21131a54b58d21e59f28b69fae1b,197174e2e6e47076,ok,,g907,val
data/original/aquahealth/train_split/Bacterial diseases - Aeromoniasis/Bacterial diseases - Aeromoniasis_aug_156.jpg,train_split,Bacterial diseases - Aeromoniasis,Aeromoniasis,1,.jpg,128,128,RGB,3abd134082b53d2ebb0775091751692e8cb17b3782d54d37953c3b6dedfe62b2,00206030c8e8e068,ok,,g79,val
data/original/aquahealth/train_split/Bacterial diseases - Aeromoniasis/Bacterial diseases - Aeromoniasis_aug_157.jpg,train_split,Bacterial diseases - Aeromoniasis,Aeromoniasis,1,.jpg,128,128,RGB,39a49daab57a2001c9501e7f1324af93a0974e0fa775d9f2fcc698223bd5fb3d,706020e0f0e66460,ok,,g1914,train
data/original/aquahealth/train_split/Bacterial diseases - Aeromoniasis/Bacterial diseases - Aeromoniasis_aug_158.jpg,train_split,Bacterial diseases - Aeromoniasis,Aeromoniasis,1,.jpg,640,640,RGB,9c7af21821801a50a4c531d18f20266f38bf7cd16d5cf83e5ff4530c2d1aa9bb,63707837e3f16b07,ok,,g1811,train
data/original/aquahealth/train_split/Bacterial diseases - Aeromoniasis/Bacterial diseases - Aeromoniasis_aug_159.jpg,train_split,Bacterial diseases - Aeromoniasis,Aeromoniasis,1,.jpg,128,128,RGB,ffee39bf1574be86155c4b7ceb0899515b27b7b47157e4f2cb04d9120173b437,60e0f8f838e0e000,ok,,g1776,test
data/original/aquahealth/train_split/Bacterial diseases - Aeromoniasis/Bacterial diseases - Aeromoniasis_aug_16.jpg,train_split,Bacterial diseases - Aeromoniasis,Aeromoniasis,1,.jpg,128,128,RGB,412cde25f9f1d0eb385a61018c314cb16571989a99529e391b5d38fd5c7fce8b,63e3d0d8d060601f,ok,,g1822,train
data/original/aquahealth/train_split/Bacterial diseases - Aeromoniasis/Bacterial diseases - Aeromoniasis_aug_160.jpg,train_split,Bacterial diseases - Aeromoniasis,Aeromoniasis,1,.jpg,128,128,RGB,3b3c56897bc299ce8996e1edf373ad9dca8cdfbd09648ea40c93917868dd9281,7f647cb4f0632313,ok,,g2100,train
data/original/aquahealth/train_split/Bacterial diseases - Aeromoniasis/Bacterial diseases - Aeromoniasis_aug_161.jpg,train_split,Bacterial diseases - Aeromoniasis,Aeromoniasis,1,.jpg,128,128,RGB,833e2410be9879ac4a7fed4e5edd8eff245e70fb35fa7f1e20562210a391c9dd,70f0e8c8cae26200,ok,,g1938,train
data/original/aquahealth/train_split/Bacterial diseases - Aeromoniasis/Bacterial diseases - Aeromoniasis_aug_163.jpg,train_split,Bacterial diseases - Aeromoniasis,Aeromoniasis,1,.jpg,128,128,RGB,9f29b06e30056113c52f7f4d8f628c489cb1f4cc3cacc9d916030c2595d42d6d,878787c7c6e26373,ok,,g2210,train
data/original/aquahealth/train_split/Bacterial diseases - Aeromoniasis/Bacterial diseases - Aeromoniasis_aug_164.jpg,train_split,Bacterial diseases - Aeromoniasis,Aeromoniasis,1,.jpg,128,128,RGB,a7b2992cc4a6a63cc629b4649d21247428c222daa642405bd841dc82a5589add,0cce4f174eece0c0,ok,,g565,test
data/original/aquahealth/train_split/Bacterial diseases - Aeromoniasis/Bacterial diseases - Aeromoniasis_aug_165.jpg,train_split,Bacterial diseases - Aeromoniasis,Aeromoniasis,1,.jpg,128,128,RGB,d13c4cdaf50931c7bf458df38702d6f1c96c10875cad8663548e098230e1ac8e,0ffdc1117071604f,ok,,g796,train
data/original/aquahealth/train_split/Bacterial diseases - Aeromoniasis/Bacterial diseases - Aeromoniasis_aug_166.jpg,train_split,Bacterial diseases - Aeromoniasis,Aeromoniasis,1,.jpg,128,128,RGB,26eced8d78f38a5fc003531d83f920890a195cc02f63f37bc745ae649162ae7a,70d898c0e4687030,ok,,g1931,train
data/original/aquahealth/train_split/Bacterial diseases - Aeromoniasis/Bacterial diseases - Aeromoniasis_aug_167.jpg,train_split,Bacterial diseases - Aeromoniasis,Aeromoniasis,1,.jpg,128,128,RGB,d8816ee913d304320b5dc01946d3b9a9f7a469792542b5a587c3721887b2a097,0f0f0dcdef4e1f1f,ok,,g664,test
data/original/aquahealth/train_split/Bacterial diseases - Aeromoniasis/Bacterial diseases - Aeromoniasis_aug_17.jpg,train_split,Bacterial diseases - Aeromoniasis,Aeromoniasis,1,.jpg,128,128,RGB,c136071862fb601aeaa2af385c2b05b6434c56b2511a813470add61dcab77bb6,3370e8c8daea6301,ok,,g1319,val
data/original/aquahealth/train_split/Bacterial diseases - Aeromoniasis/Bacterial diseases - Aeromoniasis_aug_170.jpg,train_split,Bacterial diseases - Aeromoniasis,Aeromoniasis,1,.jpg,128,128,RGB,6242d218d16ca2b06fe47372f9f41d1a5db98333ce72023e7d5554706bc93eae,7370684848f0f101,ok,,g1961,train
data/original/aquahealth/train_split/Bacterial diseases - Aeromoniasis/Bacterial diseases - Aeromoniasis_aug_171.jpg,train_split,Bacterial diseases - Aeromoniasis,Aeromoniasis,1,.jpg,224,224,RGB,533c863c572122bd60ce34967c62326911275757d8cc5fa4993e0d455683f628,63b1b171f3797972,ok,,g1816,train
data/original/aquahealth/train_split/Bacterial diseases - Aeromoniasis/Bacterial diseases - Aeromoniasis_aug_172.jpg,train_split,Bacterial diseases - Aeromoniasis,Aeromoniasis,1,.jpg,128,128,RGB,f98c809cc9bd94bf79329093720a7b710337707d0a6a8370c87009c469cf1c11,0f0f4f4d0c0d0607,ok,,g685,val
data/original/aquahealth/train_split/Bacterial diseases - Aeromoniasis/Bacterial diseases - Aeromoniasis_aug_173.jpg,train_split,Bacterial diseases - Aeromoniasis,Aeromoniasis,1,.jpg,128,128,RGB,71feb6e8237f11d7684221e2d577c5cd25042d83a6329e6fca6f074e29926443,030301c1c3d64001,ok,,g217,train
data/original/aquahealth/train_split/Bacterial diseases - Aeromoniasis/Bacterial diseases - Aeromoniasis_aug_176.jpg,train_split,Bacterial diseases - Aeromoniasis,Aeromoniasis,1,.jpg,128,128,RGB,ca854d4d3ae6279d3d7d1bff38200df81e5c64912687251735c4de806cd888c3,b1f9b9b8fcf8f8f9,ok,,g2418,train
data/original/aquahealth/train_split/Bacterial diseases - Aeromoniasis/Bacterial diseases - Aeromoniasis_aug_177.jpg,train_split,Bacterial diseases - Aeromoniasis,Aeromoniasis,1,.jpg,128,128,RGB,49d5b96408a1517569d57186b25b171422755c472140fe7b4879542c116c572b,1bf1461e1c3c3927,ok,,g944,train
data/original/aquahealth/train_split/Bacterial diseases - Aeromoniasis/Bacterial diseases - Aeromoniasis_aug_178.jpg,train_split,Bacterial diseases - Aeromoniasis,Aeromoniasis,1,.jpg,128,128,RGB,3f67251739b6d10e6446083c7158114fe81fed70c1432faf3e5bc88e6c719d81,f6e6e62c66e6f3e3,ok,,g2942,train
data/original/aquahealth/train_split/Bacterial diseases - Aeromoniasis/Bacterial diseases - Aeromoniasis_aug_179.jpg,train_split,Bacterial diseases - Aeromoniasis,Aeromoniasis,1,.jpg,128,128,RGB,48683e36b131a82f73b4c3d197222bb30c167e68eaf3d00efd8f9b7a87821f71,1f37333333330b01,ok,,g1064,train
data/original/aquahealth/train_split/Bacterial diseases - Aeromoniasis/Bacterial diseases - Aeromoniasis_aug_18.jpg,train_split,Bacterial diseases - Aeromoniasis,Aeromoniasis,1,.jpg,224,224,RGB,2e1f70109a5f8fcd4131a6700fddeb9a1875c15ac8e9b066867527c7db22ca58,bf3f1f5f0f0f0f8c,ok,,g2455,train
data/original/aquahealth/train_split/Bacterial diseases - Aeromoniasis/Bacterial diseases - Aeromoniasis_aug_180.jpg,train_split,Bacterial diseases - Aeromoniasis,Aeromoniasis,1,.jpg,128,128,RGB,02a49f84635ae3b73eaafef894e6a8498c898ec32e2f74d431655afc482dfc44,883870644c4cf8f0,ok,x38,g2218,test
data/original/aquahealth/train_split/Bacterial diseases - Aeromoniasis/Bacterial diseases - Aeromoniasis_aug_182.jpg,train_split,Bacterial diseases - Aeromoniasis,Aeromoniasis,1,.jpg,128,128,RGB,9d9fd7e1e29c394efe89324f779c10afbda47d7a9361a6d98ae0c2c6bda3c6f1,0000f0d8c0e0b0f0,ok,,g43,test
data/original/aquahealth/train_split/Bacterial diseases - Aeromoniasis/Bacterial diseases - Aeromoniasis_aug_183.jpg,train_split,Bacterial diseases - Aeromoniasis,Aeromoniasis,1,.jpg,128,128,RGB,ec36028e6142da63e3ecf3fd0683d95e8f0d41337fe6b4988d9979c86c0a7527,0c1c2f3f4f818381,ok,,g547,train
data/original/aquahealth/train_split/Bacterial diseases - Aeromoniasis/Bacterial diseases - Aeromoniasis_aug_184.jpg,train_split,Bacterial diseases - Aeromoniasis,Aeromoniasis,1,.jpg,128,128,RGB,358c6fb61e50f4c17b4cb5c9701c5fa989fd64e151a22bab8b80ddd43309f02b,d3b33039ed1c1c0c,ok,,g2626,val
data/original/aquahealth/train_split/Bacterial diseases - Aeromoniasis/Bacterial diseases - Aeromoniasis_aug_185.jpg,train_split,Bacterial diseases - Aeromoniasis,Aeromoniasis,1,.jpg,128,128,RGB,4a9731d70390047b16a468e44146bf77a993385195aa6a8d0078c395d157087f,1dc989316060001f,ok,,g982,train
data/original/aquahealth/train_split/Bacterial diseases - Aeromoniasis/Bacterial diseases - Aeromoniasis_aug_187.jpg,train_split,Bacterial diseases - Aeromoniasis,Aeromoniasis,1,.jpg,128,128,RGB,279a232a14e4c0c20670ebd127b26aa3e03bf74d340265275a0f427accf61c83,7b070409838f0c0b,ok,,g2037,train
data/original/aquahealth/train_split/Bacterial diseases - Aeromoniasis/Bacterial diseases - Aeromoniasis_aug_188.jpg,train_split,Bacterial diseases - Aeromoniasis,Aeromoniasis,1,.jpg,128,128,RGB,b31d09cda90134dc910f3c38544662e9527fc686f688a52774642de348166646,3f77767373371f0f,ok,,g1542,test
data/original/aquahealth/train_split/Bacterial diseases - Aeromoniasis/Bacterial diseases - Aeromoniasis_aug_189.jpg,train_split,Bacterial diseases - Aeromoniasis,Aeromoniasis,1,.jpg,128,128,RGB,dc00ebf62bcd060e53413851a0d7e4f4abd13df4a509ccee07262ed32dfbb803,c0c8000406c62682,ok,,g2490,val
data/original/aquahealth/train_split/Bacterial diseases - Aeromoniasis/Bacterial diseases - Aeromoniasis_aug_190.jpg,train_split,Bacterial diseases - Aeromoniasis,Aeromoniasis,1,.jpg,128,128,RGB,e60a865e0e94c048b5951d0edf0554b6d5f2c27181d41ef769811e7f045613d6,18347278f8f9337a,ok,,g883,train
data/original/aquahealth/train_split/Bacterial diseases - Aeromoniasis/Bacterial diseases - Aeromoniasis_aug_192.jpg,train_split,Bacterial diseases - Aeromoniasis,Aeromoniasis,1,.jpg,224,224,RGB,b84d4ea26cce5059f3e1b16b0c4fe2f27ebaa4cc96b93885668fbbae642a04b0,e0c3c2e2e2e2e170,ok,,g2715,train
data/original/aquahealth/train_split/Bacterial diseases - Aeromoniasis/Bacterial diseases - Aeromoniasis_aug_193.jpg,train_split,Bacterial diseases - Aeromoniasis,Aeromoniasis,1,.jpg,128,128,RGB,063faff22c33a373049e9ec8b2ddc8f12a838bdc98a62bff8ed48b01adec4300,1e1e3ffed0b3f7be,ok,,g995,train
data/original/aquahealth/train_split/Bacterial diseases - Aeromoniasis/Bacterial diseases - Aeromoniasis_aug_194.jpg,train_split,Bacterial diseases - Aeromoniasis,Aeromoniasis,1,.jpg,224,224,RGB,4f5a4992aa4308b7a0ba1883394c9a259cb47e03ed1b1bcca4ce73c96625f3ee,3b1130f0f0fbf1c1,ok,,g1418,train
data/original/aquahealth/train_split/Bacterial diseases - Aeromoniasis/Bacterial diseases - Aeromoniasis_aug_197.jpg,train_split,Bacterial diseases - Aeromoniasis,Aeromoniasis,1,.jpg,224,224,RGB,f08183659adb2af66469f0a742381828e0f4ea6c2983f5a0e3bd09153b6c9a62,08f9f8fefefefcfc,ok,,g493,train
data/original/aquahealth/train_split/Bacterial diseases - Aeromoniasis/Bacterial diseases - Aeromoniasis_aug_198.jpg,train_split,Bacterial diseases - Aeromoniasis,Aeromoniasis,1,.jpg,128,128,RGB,af3d7b7512f439dd978d512a5ac103196ddea82df51a49d73c6fcf5a57ef7310,0e0f1b7979bbbb1f,ok,,g612,train
data/original/aquahealth/train_split/Bacterial diseases - Aeromoniasis/Bacterial diseases - Aeromoniasis_aug_199.jpg,train_split,Bacterial diseases - Aeromoniasis,Aeromoniasis,1,.jpg,224,224,RGB,6bda9dda265bd3f5aa0492494e1a6efcf2c5d96968b71b5e5ea6eebc4296c5c8,f87878f032b8d870,ok,,g2952,val
data/original/aquahealth/train_split/Bacterial diseases - Aeromoniasis/Bacterial diseases - Aeromoniasis_aug_2.jpg,train_split,Bacterial diseases - Aeromoniasis,Aeromoniasis,1,.jpg,128,128,RGB,0fdfff52211cf706c627b38002272d2e5fc9b9d5fe5a040c4be4ddfd6a47cfe4,43f3f4f4f078783c,ok,,g1609,train
data/original/aquahealth/train_split/Bacterial diseases - Aeromoniasis/Bacterial diseases - Aeromoniasis_aug_20.jpg,train_split,Bacterial diseases - Aeromoniasis,Aeromoniasis,1,.jpg,224,224,RGB,2fd7949cfdcb58ff0a4167d73105ecc86a61bcf0e8ba7d3433230991250c5c81,8e9ef8e4b4f8f8f8,ok,,g2254,train
data/original/aquahealth/train_split/Bacterial diseases - Aeromoniasis/Bacterial diseases - Aeromoniasis_aug_201.jpg,train_split,Bacterial diseases - Aeromoniasis,Aeromoniasis,1,.jpg,128,128,RGB,9137bf095fd4e677945181140c871f5fa14136a031f8a3665db8dbbe3feaa056,0d1d3d5f5f13030b,ok,,g584,train
data/original/aquahealth/train_split/Bacterial diseases - Aeromoniasis/Bacterial diseases - Aeromoniasis_aug_202.jpg,train_split,Bacterial diseases - Aeromoniasis,Aeromoniasis,1,.jpg,224,224,RGB,46bf2df0077994cf6b96f87da1ed85b37a27775b442ab0f9f3c49f1ccb02341d,11b0b89b99103039,ok,,g821,train
data/original/aquahealth/train_split/Bacterial diseases - Aeromoniasis/Bacterial diseases - Aeromoniasis_aug_203.jpg,train_split,Bacterial diseases - Aeromoniasis,Aeromoniasis,1,.jpg,128,128,RGB,9c75d21bc038d35495cfe97886382b3c59736bc1e6dd48ee31acd88126ad1968,03a1f1b1f0cc6073,ok,,g301,train
data/original/aquahealth/train_split/Bacterial diseases - Aeromoniasis/Bacterial diseases - Aeromoniasis_aug_204.jpg,train_split,Bacterial diseases - Aeromoniasis,Aeromoniasis,1,.jpg,224,224,RGB,c7843a29ccf8ef3d584ecaf572ced4d9c3b128f49faddba301074cd022b5e01b,3d1f03073eff0307,ok,,g1464,train
data/original/aquahealth/train_split/Bacterial diseases - Aeromoniasis/Bacterial diseases - Aeromoniasis_aug_206.jpg,train_split,Bacterial diseases - Aeromoniasis,Aeromoniasis,1,.jpg,128,128,RGB,26b890c0d6291a3930dac5d54cf4018094ecbf291b57f70eb3cd4d53d9e2d803,1971e4d4b010031f,ok,,g908,train
data/original/aquahealth/train_split/Bacterial diseases - Aeromoniasis/Bacterial diseases - Aeromoniasis_aug_207.jpg,train_split,Bacterial diseases - Aeromoniasis,Aeromoniasis,1,.jpg,128,128,RGB,9edc637f6257859d1154e866d0bdfece1deeda76883b26d723154e5239aee927,7d3e8dcd870707ae,ok,x2058,g2063,train
data/original/aquahealth/train_split/Bacterial diseases - Aeromoniasis/Bacterial diseases - Aeromoniasis_aug_209.jpg,train_split,Bacterial diseases - Aeromoniasis,Aeromoniasis,1,.jpg,128,128,RGB,4deef5372e399acd19297da3c48042e88c47604c1db8c290f6b6a237b6d44f93,fcf4d2f4f4f87e1f,ok,,g3010,train
data/original/aquahealth/train_split/Bacterial diseases - Aeromoniasis/Bacterial diseases - Aeromoniasis_aug_21.jpg,train_split,Bacterial diseases - Aeromoniasis,Aeromoniasis,1,.jpg,224,224,RGB,4247555f2fed26c5d8ea9b63bb01ca1f218f8d53052a6a383cbca9986b0b6487,0f7ee00a30707064,ok,,g770,train
data/original/aquahealth/train_split/Bacterial diseases - Aeromoniasis/Bacterial diseases - Aeromoniasis_aug_211.jpg,train_split,Bacterial diseases - Aeromoniasis,Aeromoniasis,1,.jpg,224,224,RGB,70bace500c563e73736ab8b62a6bf74b0c2d13d9696eb1cc40165a9dd1268b07,3bfef51f0787c7fb,ok,,g1435,val
data/original/aquahealth/train_split/Bacterial diseases - Aeromoniasis/Bacterial diseases - Aeromoniasis_aug_212.jpg,train_split,Bacterial diseases - Aeromoniasis,Aeromoniasis,1,.jpg,128,128,RGB,42cd2116d278e96bfcb34601a0958f83b66870a46cda7a1e199e83f30324037d,03b9b9f1b0c0631f,ok,,g302,val
data/original/aquahealth/train_split/Bacterial diseases - Aeromoniasis/Bacterial diseases - Aeromoniasis_aug_213.jpg,train_split,Bacterial diseases - Aeromoniasis,Aeromoniasis,1,.jpg,224,224,RGB,8c45384ce8083230da1118c1db9b02ae3128693c8aee76c44f6305ffe284e7b2,88d8192b0f0f1d9b,ok,,g2222,train
data/original/aquahealth/train_split/Bacterial diseases - Aeromoniasis/Bacterial diseases - Aeromoniasis_aug_214.jpg,train_split,Bacterial diseases - Aeromoniasis,Aeromoniasis,1,.jpg,128,128,RGB,ae5b73523d4edbbd55a7144f20da5f0f9d4c901983bc8663f062cdae9dddb6e9,d8d8cce4e4e47070,ok,,g2643,train
data/original/aquahealth/train_split/Bacterial diseases - Aeromoniasis/Bacterial diseases - Aeromoniasis_aug_215.jpg,train_split,Bacterial diseases - Aeromoniasis,Aeromoniasis,1,.jpg,128,128,RGB,f1014809cd3f602941d22455c16600083c418aa614d293a0a8f0073b78e2f01f,0f3170e2e6e56505,ok,,g731,train
data/original/aquahealth/train_split/Bacterial diseases - Aeromoniasis/Bacterial diseases - Aeromoniasis_aug_216.jpg,train_split,Bacterial diseases - Aeromoniasis,Aeromoniasis,1,.jpg,224,224,RGB,5b37e0e97ac790b35ddf40a4596916d12ccda44cee1510c8cbfee72faa08d227,031776e2c8b0b0f0,ok,,g257,train
data/original/aquahealth/train_split/Bacterial diseases - Aeromoniasis/Bacterial diseases - Aeromoniasis_aug_217.jpg,train_split,Bacterial diseases - Aeromoniasis,Aeromoniasis,1,.jpg,128,128,RGB,3ddd3e6bec2676c3f14de3b958f506698827546fbfdc9a6e4077118f5842178b,9e9eeef6b2b0f8e0,ok,,g2348,test
data/original/aquahealth/train_split/Bacterial diseases - Aeromoniasis/Bacterial diseases - Aeromoniasis_aug_219.jpg,train_split,Bacterial diseases - Aeromoniasis,Aeromoniasis,1,.jpg,128,128,RGB,abe3742b0c1f76b973358d5ec4249dfdbd897d1487ccb61c09484663ff6e7fed,67496ce5e1e12131,ok,,g1851,train
data/original/aquahealth/train_split/Bacterial diseases - Aeromoniasis/Bacterial diseases - Aeromoniasis_aug_221.jpg,train_split,Bacterial diseases - Aeromoniasis,Aeromoniasis,1,.jpg,128,128,RGB,7d38fe47335ae9e00207f0fdb16b20d1e61b67f3ec129bc606b2f238b0e33bfb,fcfedddbee6e74e5,ok,,g3022,val
data/original/aquahealth/train_split/Bacterial diseases - Aeromoniasis/Bacterial diseases - Aeromoniasis_aug_222.jpg,train_split,Bacterial diseases - Aeromoniasis,Aeromoniasis,1,.jpg,128,128,RGB,9f75a5aeae2cee79f52b6135171ca3895cee47266a348eea3adc53c5e2802c7e,1d9c867179bfb161,ok,,g980,val
data/original/aquahealth/train_split/Bacterial diseases - Aeromoniasis/Bacterial diseases - Aeromoniasis_aug_223.jpg,train_split,Bacterial diseases - Aeromoniasis,Aeromoniasis,1,.jpg,224,224,RGB,cb63eb5fcf4a7c17f8cb0ad8eae6e62896fd4ffaae9a6f7b7f02ed64a1715978,7f7f3fdf0f0f0727,ok,,g2109,train
data/original/aquahealth/train_split/Bacterial diseases - Aeromoniasis/Bacterial diseases - Aeromoniasis_aug_224.jpg,train_split,Bacterial diseases - Aeromoniasis,Aeromoniasis,1,.jpg,640,640,RGB,d3b82394f1bb8a7982a2cbd093afa4499d3006c8bfbd1728365b6480caf24d70,07637333370f4f1f,ok,,g451,train
data/original/aquahealth/train_split/Bacterial diseases - Aeromoniasis/Bacterial diseases - Aeromoniasis_aug_225.jpg,train_split,Bacterial diseases - Aeromoniasis,Aeromoniasis,1,.jpg,128,128,RGB,9ea59cfd340eb54f63580628545a7ec82f318eec6f8430f2ee70cffb37d88f0c,c4c48680c0c0c0c0,ok,,g2549,train
data/original/aquahealth/train_split/Bacterial diseases - Aeromoniasis/Bacterial diseases - Aeromoniasis_aug_227.jpg,train_split,Bacterial diseases - Aeromoniasis,Aeromoniasis,1,.jpg,224,224,RGB,3ed5393aaafc95082dbded4ad0d7f2794742e30d21db7fdd7459ce66cdc8350b,07054c4c0f1f8fc3,label_conflict,,g375,
data/original/aquahealth/train_split/Bacterial diseases - Aeromoniasis/Bacterial diseases - Aeromoniasis_aug_228.jpg,train_split,Bacterial diseases - Aeromoniasis,Aeromoniasis,1,.jpg,128,128,RGB,68430f277a0d2c01d1a95318a79aa19c713738ef1f848a99e200bc94b9109364,5f647ee9e6c7c30f,ok,,g1741,val
data/original/aquahealth/train_split/Bacterial diseases - Aeromoniasis/Bacterial diseases - Aeromoniasis_aug_229.jpg,train_split,Bacterial diseases - Aeromoniasis,Aeromoniasis,1,.jpg,128,128,RGB,cca194c046c53646be53324fb00936c0d1dbaa97190eb63311e8df85f7309402,c4c08680c0c1c1c1,ok,,g2547,val
data/original/aquahealth/train_split/Bacterial diseases - Aeromoniasis/Bacterial diseases - Aeromoniasis_aug_23.jpg,train_split,Bacterial diseases - Aeromoniasis,Aeromoniasis,1,.jpg,128,128,RGB,a122eb69049b8883c3c9e7ff0af09d8e0ef8adddf148dc8abe14ddf009d8e460,e0c0c883c6c0e0f0,ok,,g2709,train
data/original/aquahealth/train_split/Bacterial diseases - Aeromoniasis/Bacterial diseases - Aeromoniasis_aug_230.jpg,train_split,Bacterial diseases - Aeromoniasis,Aeromoniasis,1,.jpg,128,128,RGB,5deaee220a34b2da09eda0c5c3620952717c0afcb73478c5b03e81c8054c764f,3f79d1242cecfb19,ok,,g1543,test
data/original/aquahealth/train_split/Bacterial diseases - Aeromoniasis/Bacterial diseases - Aeromoniasis_aug_231.jpg,train_split,Bacterial diseases - Aeromoniasis,Aeromoniasis,1,.jpg,128,128,RGB,44cd0737bdc36e03dc4c7ccab0b78edd115bb283ef9ae88f49079081040644aa,f1f9fbf8f098d9f9,ok,,g2912,train
data/original/aquahealth/train_split/Bacterial diseases - Aeromoniasis/Bacterial diseases - Aeromoniasis_aug_233.jpg,train_split,Bacterial diseases - Aeromoniasis,Aeromoniasis,1,.jpg,224,224,RGB,4881ed6ac782b15070ae66723a40162ec3c82bbf88b2dc44e61a8a85b1a056d4,f191b0f0f1fbf1f0,ok,,g2899,train
data/original/aquahealth/train_split/Bacterial diseases - Aeromoniasis/Bacterial diseases - Aeromoniasis_aug_234.jpg,train_split,Bacterial diseases - Aeromoniasis,Aeromoniasis,1,.jpg,224,224,RGB,8315a7fc2fc33334d9ce21d6926e9cadd79266758c762baa77145ed6389fe443,21e1d3d8b4e4603f,ok,,g1151,train
data/original/aquahealth/train_split/Bacterial diseases - Aeromoniasis/Bacterial diseases - Aeromoniasis_aug_235.jpg,train_split,Bacterial diseases - Aeromoniasis,Aeromoniasis,1,.jpg,128,128,RGB,3c122bbdd4f95a1d9b676df8ba22f837728473a84dde13d31f33f3685743dc5a,1f60b8bcfefcfc0d,ok,,g1084,train
data/original/aquahealth/train_split/Bacterial diseases - Aeromoniasis/Bacterial diseases - Aeromoniasis_aug_237.jpg,train_split,Bacterial diseases - Aeromoniasis,Aeromoniasis,1,.jpg,128,128,RGB,9dc4dab5629e721c1ea487554a2d5cc5a1b13c2a47b4cff95b1a9d4b44b0c04a,e0e0c0c0c0e07000,ok,,g2726,train
data/original/aquahealth/train_split/Bacterial diseases - Aeromoniasis/Bacterial diseases - Aeromoniasis_aug_239.jpg,train_split,Bacterial diseases - Aeromoniasis,Aeromoniasis,1,.jpg,128,128,RGB,ed061294fe2f262f5e87b5668adcfbadbd10ba8ac645258101bf7c1d3f3a0871,4e06070303030707,ok,,g1659,val
data/original/aquahealth/train_split/Bacterial diseases - Aeromoniasis/Bacterial diseases - Aeromoniasis_aug_24.jpg,train_split,Bacterial diseases - Aeromoniasis,Aeromoniasis,1,.jpg,128,128,RGB,7c164eeaad3b96b9c06f96eff47798f1582a2428711021abf6bbaa4e3364aa75,030f1b39393f7967,ok,,g248,test
data/original/aquahealth/train_split/Bacterial diseases - Aeromoniasis/Bacterial diseases - Aeromoniasis_aug_240.jpg,train_split,Bacterial diseases - Aeromoniasis,Aeromoniasis,1,.jpg,128,128,RGB,7a1b968a1b65bb2787208dd87f2b5f7b8782df2e884f670b111fb4a825d1c0b4,3371626061717171,ok,,g1320,test
data/original/aquahealth/train_split/Bacterial diseases - Aeromoniasis/Bacterial diseases - Aeromoniasis_aug_241.jpg,train_split,Bacterial diseases - Aeromoniasis,Aeromoniasis,1,.jpg,128,128,RGB,09d70c47774115fb8e915e3a7f65cc86961ac992bc7f3af173fccfd19d6525f2,0d0f1f0f0f1f0706,ok,,g576,test
data/original/aquahealth/train_split/Bacterial diseases - Aeromoniasis/Bacterial diseases - Aeromoniasis_aug_242.jpg,train_split,Bacterial diseases - Aeromoniasis,Aeromoniasis,1,.jpg,128,128,RGB,3350ed877fd23cb5197a3d03721a90dda810d67146d0aac4867bcc88f075cd38,193860c8d81819c9,ok,,g903,test
data/original/aquahealth/train_split/Bacterial diseases - Aeromoniasis/Bacterial diseases - Aeromoniasis_aug_243.jpg,train_split,Bacterial diseases - Aeromoniasis,Aeromoniasis,1,.jpg,128,128,RGB,6624e9aeb78b08b21c4c9ed3f3bc3357eb8eea34e93c9f57d53b7ace9b25f57a,20f0f07767c8cccc,ok,,g1129,train
data/original/aquahealth/train_split/Bacterial diseases - Aeromoniasis/Bacterial diseases - Aeromoniasis_aug_244.jpg,train_split,Bacterial diseases - Aeromoniasis,Aeromoniasis,1,.jpg,128,128,RGB,e6c10c5fa4808d36e5009f6c985488535d52ac4532056ad04c6af1b97cbc607e,01e97330f030180f,ok,,g198,train
data/original/aquahealth/train_split/Bacterial diseases - Aeromoniasis/Bacterial diseases - Aeromoniasis_aug_245.jpg,train_split,Bacterial diseases - Aeromoniasis,Aeromoniasis,1,.jpg,128,128,RGB,4e057b61403076533c61c0531fd91b6a5f351debc9627d3f363f3024872e5b83,7d7fb37fda78303f,ok,,g2072,train
data/original/aquahealth/train_split/Bacterial diseases - Aeromoniasis/Bacterial diseases - Aeromoniasis_aug_247.jpg,train_split,Bacterial diseases - Aeromoniasis,Aeromoniasis,1,.jpg,128,128,RGB,8aa3cc43856b30db67105094c4841c5448d9c9d9c88d741fa9721100fb503c68,e83931d8f83c9898,ok,,g2816,train
data/original/aquahealth/train_split/Bacterial diseases - Aeromoniasis/Bacterial diseases - Aeromoniasis_aug_249.jpg,train_split,Bacterial diseases - Aeromoniasis,Aeromoniasis,1,.jpg,128,128,RGB,95203a086c4e54f378f86b465d6cd3ccade04a71469709e4f98e3741698108f9,f0f93332f072f2e7,ok,,g2893,test
data/original/aquahealth/train_split/Bacterial diseases - Aeromoniasis/Bacterial diseases - Aeromoniasis_aug_25.jpg,train_split,Bacterial diseases - Aeromoniasis,Aeromoniasis,1,.jpg,128,128,RGB,197a5036afe1455c1a154feaa74cd2d3a93911213ebb528c55819c00b950d837,d8fcdfdd9c191e16,ok,,g2651,test
data/original/aquahealth/train_split/Bacterial diseases - Aeromoniasis/Bacterial diseases - Aeromoniasis_aug_250.jpg,train_split,Bacterial diseases - Aeromoniasis,Aeromoniasis,1,.jpg,128,128,RGB,b35785a16f2580abdbbeec6c443379bc043b38467a6457118dbbdd10ade40743,0707670c08088c04,ok,,g390,train
data/original/aquahealth/train_split/Bacterial diseases - Aeromoniasis/Bacterial diseases - Aeromoniasis_aug_251.jpg,train_split,Bacterial diseases - Aeromoniasis,Aeromoniasis,1,.jpg,640,640,RGB,78d7c18172fa307519a556475456a841843beb5eae4dfd0a8fd4fa80d4ac4a3c,5d586878e9e1e143,ok,,g1728,train
data/original/aquahealth/train_split/Bacterial diseases - Aeromoniasis/Bacterial diseases - Aeromoniasis_aug_253.jpg,train_split,Bacterial diseases - Aeromoniasis,Aeromoniasis,1,.jpg,128,128,RGB,fdd024d49789625e7fcd16a1ba1ae27233ac728d34c5657981b639c7b6f358ee,0707070702010301,ok,,g380,test
data/original/aquahealth/train_split/Bacterial diseases - Aeromoniasis/Bacterial diseases - Aeromoniasis_aug_254.jpg,train_split,Bacterial diseases - Aeromoniasis,Aeromoniasis,1,.jpg,128,128,RGB,02a49f84635ae3b73eaafef894e6a8498c898ec32e2f74d431655afc482dfc44,883870644c4cf8f0,ok,x38,g2218,
data/original/aquahealth/train_split/Bacterial diseases - Aeromoniasis/Bacterial diseases - Aeromoniasis_aug_255.jpg,train_split,Bacterial diseases - Aeromoniasis,Aeromoniasis,1,.jpg,128,128,RGB,a8f4cb547979663396086f6b89a45ac7acb0ac2ef4ef54bbe8a59bfd43cc7d5c,6e2f27636223402c,ok,x2198,g1883,
data/original/aquahealth/train_split/Bacterial diseases - Aeromoniasis/Bacterial diseases - Aeromoniasis_aug_256.jpg,train_split,Bacterial diseases - Aeromoniasis,Aeromoniasis,1,.jpg,128,128,RGB,cbefe09d479feafee1a3a18109ee563db4615fa72a7a80013cab00ddc123bcda,0f0f4f4c0c0d8703,ok,,g684,train
data/original/aquahealth/train_split/Bacterial diseases - Aeromoniasis/Bacterial diseases - Aeromoniasis_aug_257.jpg,train_split,Bacterial diseases - Aeromoniasis,Aeromoniasis,1,.jpg,128,128,RGB,92f5e02ffb154732aea09d26f0f1c647bd0946478b33dcc068d783ea282c3f41,40e4e0b0e8646000,ok,,g1571,train
data/original/aquahealth/train_split/Bacterial diseases - Aeromoniasis/Bacterial diseases - Aeromoniasis_aug_258.jpg,train_split,Bacterial diseases - Aeromoniasis,Aeromoniasis,1,.jpg,128,128,RGB,3304ab989fc655f5c5edef594f9cf16bac99b2f6ce40c94d5e4c0ff0abc89f05,3e3e5f5f27252101,ok,,g1486,train
data/original/aquahealth/train_split/Bacterial diseases - Aeromoniasis/Bacterial diseases - Aeromoniasis_aug_259.jpg,train_split,Bacterial diseases - Aeromoniasis,Aeromoniasis,1,.jpg,128,128,RGB,db2888d3ca35b2bf3af1d816de0f1fe158f1c64b4a3afc565138bbdde5d67d0c,001cb8f2cb9cdc5c,ok,,g76,test
data/original/aquahealth/train_split/Bacterial diseases - Aeromoniasis/Bacterial diseases - Aeromoniasis_aug_26.jpg,train_split,Bacterial diseases - Aeromoniasis,Aeromoniasis,1,.jpg,128,128,RGB,4a22b81a09f166ea71be2940bd38c2eb8b8e0acbeae9b08b32f8ae7f75d3c36e,0707070702010301,ok,,g380,test
data/original/aquahealth/train_split/Bacterial diseases - Aeromoniasis/Bacterial diseases - Aeromoniasis_aug_260.jpg,train_split,Bacterial diseases - Aeromoniasis,Aeromoniasis,1,.jpg,224,224,RGB,f096590f5ef9bae2a1f18855ef73ff2ef11a3d50e08edad5d4aa933bbb4b1ed2,81cdc72b0b276767,ok,,g2153,train
data/original/aquahealth/train_split/Bacterial diseases - Aeromoniasis/Bacterial diseases - Aeromoniasis_aug_261.jpg,train_split,Bacterial diseases - Aeromoniasis,Aeromoniasis,1,.jpg,128,128,RGB,111b55ba323d03ca1f0c6d3766a3c8ba19c310e138c1a649118f3981bdc2f02a,6be1f3f4f070783c,ok,,g1874,train
data/original/aquahealth/train_split/Bacterial diseases - Aeromoniasis/Bacterial diseases - Aeromoniasis_aug_262.jpg,train_split,Bacterial diseases - Aeromoniasis,Aeromoniasis,1,.jpg,224,224,RGB,dd2de77a34426d210a8981390b80ab4f093e3e79973928f68f8bb2cd22a0f32f,9e9ef8e4b4f8f8f8,ok,,g2349,train
data/original/aquahealth/train_split/Bacterial diseases - Aeromoniasis/Bacterial diseases - Aeromoniasis_aug_263.jpg,train_split,Bacterial diseases - Aeromoniasis,Aeromoniasis,1,.jpg,128,128,RGB,d6250b925ec803d31bc0a0c3802dfa763c0e3120d14aa3a8559c10634469383f,0060e0d0d09894d4,ok,,g100,train
data/original/aquahealth/train_split/Bacterial diseases - Aeromoniasis/Bacterial diseases - Aeromoniasis_aug_264.jpg,train_split,Bacterial diseases - Aeromoniasis,Aeromoniasis,1,.jpg,128,128,RGB,3180c7049386b2d2f02eb3048cedad1e01f23a5f9bbc3be6c0a03e5763c123db,03e1e98480002127,ok,,g309,train
data/original/aquahealth/train_split/Bacterial diseases - Aeromoniasis/Bacterial diseases - Aeromoniasis_aug_265.jpg,train_split,Bacterial diseases - Aeromoniasis,Aeromoniasis,1,.jpg,640,640,RGB,bcac154c30b1244c80c1bfe9bc7315df06ca211bedc43e03445fd3da92edb650,3d15032131313979,ok,,g1463,train
data/original/aquahealth/train_split/Bacterial diseases - Aeromoniasis/Bacterial diseases - Aeromoniasis_aug_266.jpg,train_split,Bacterial diseases - Aeromoniasis,Aeromoniasis,1,.jpg,128,128,RGB,c032b5936e969a3bb1f3a5db4776f24a1172c5527cb4a9d942ee9dfa196fd16e,2dd4d8dcbcbebc19,ok,,g1218,train
data/original/aquahealth/train_split/Bacterial diseases - Aeromoniasis/Bacterial diseases - Aeromoniasis_aug_267.jpg,train_split,Bacterial diseases - Aeromoniasis,Aeromoniasis,1,.jpg,128,128,RGB,3642de593e2c237397a9b8c05612ba20d21713c9a9f2d0993ff5b32c96dc9071,919998cbd998b838,ok,,g2276,test
data/original/aquahealth/train_split/Bacterial diseases - Aeromoniasis/Bacterial diseases - Aeromoniasis_aug_270.jpg,train_split,Bacterial diseases - Aeromoniasis,Aeromoniasis,1,.jpg,128,128,RGB,d5d6edfaf5218dcaf47f09e4b3d35f0588d8fe409ff21a723ee333772e5511fc,3830e0c8dc9818c8,ok,,g1370,train
data/original/aquahealth/train_split/Bacterial diseases - Aeromoniasis/Bacterial diseases - Aeromoniasis_aug_271.jpg,train_split,Bacterial diseases - Aeromoniasis,Aeromoniasis,1,.jpg,128,128,RGB,b1504e421eee3d0731e3e5c4fa9b556d7b843c7f15ccc5759f2926f55eb46d3b,0000884d1b607078,ok,,g37,val
data/original/aquahealth/train_split/Bacterial diseases - Aeromoniasis/Bacterial diseases - Aeromoniasis_aug_272.jpg,train_split,Bacterial diseases - Aeromoniasis,Aeromoniasis,1,.jpg,128,128,RGB,3fdf5b6d1935d0dfcbf23b757419adccd8ba82b485513df08bd33d2d8378eda8,00834e6c1e1f1f0f,ok,,g118,train
data/original/aquahealth/train_split/Bacterial diseases - Aeromoniasis/Bacterial diseases - Aeromoniasis_aug_273.jpg,train_split,Bacterial diseases - Aeromoniasis,Aeromoniasis,1,.jpg,128,128,RGB,b4738f852bc856214af05ba3b38e28415507cd99140a7dc415bc69cbf7ccaeb6,00ccd37ce3e3c3bf,ok,,g129,train
data/original/aquahealth/train_split/Bacterial diseases - Aeromoniasis/Bacterial diseases - Aeromoniasis_aug_274.jpg,train_split,Bacterial diseases - Aeromoniasis,Aeromoniasis,1,.jpg,128,128,RGB,638b2ef7535eae2c53d3dd08be9c4353bf2665fa1d60c3288594a4423287e61e,177f67e7e6677f3f,ok,,g869,train
data/original/aquahealth/train_split/Bacterial diseases - Aeromoniasis/Bacterial diseases - Aeromoniasis_aug_275.jpg,train_split,Bacterial diseases - Aeromoniasis,Aeromoniasis,1,.jpg,128,128,RGB,ff8e568e0faf249e34c37f47f97601e260d04d14c3d2126abaf3d22db05f078b,e97c3e1e5b91830f,ok,,g2827,train
data/original/aquahealth/train_split/Bacterial diseases - Aeromoniasis/Bacterial diseases - Aeromoniasis_aug_28.jpg,train_split,Bacterial diseases - Aeromoniasis,Aeromoniasis,1,.jpg,128,128,RGB,5ba39ac15b65a0c6e1934fbb3dd2443fa21d124864f4d8fdd7d17daafc9b2e2c,07e3e2c181927235,ok,,g477,train
data/original/aquahealth/train_split/Bacterial diseases - Aeromoniasis/Bacterial diseases - Aeromoniasis_aug_29.jpg,train_split,Bacterial diseases - Aeromoniasis,Aeromoniasis,1,.jpg,128,128,RGB,b2295532be8cd2a02cc1fe7de8194259bab46e70aeba1dca6f74397d38624c56,93333333430f1e1a,ok,,g2283,train
data/original/aquahealth/train_split/Bacterial diseases - Aeromoniasis/Bacterial diseases - Aeromoniasis_aug_3.jpg,train_split,Bacterial diseases - Aeromoniasis,Aeromoniasis,1,.jpg,128,128,RGB,ec1d8b800bf44de3b4dd03852ddd6c3108e9d23eff8a5c3380838cd36bc6c18e,1707effe1f070773,ok,,g855,train
data/original/aquahealth/train_split/Bacterial diseases - Aeromoniasis/Bacterial diseases - Aeromoniasis_aug_31.jpg,train_split,Bacterial diseases - Aeromoniasis,Aeromoniasis,1,.jpg,128,128,RGB,276bb9417a287bd689bbd1b83f4afa8fdeb5c63ea1c6095c1201986770f3f995,63e2d8d8d0e1e105,ok,,g1821,train
data/original/aquahealth/train_split/Bacterial diseases - Aeromoniasis/Bacterial diseases - Aeromoniasis_aug_32.jpg,train_split,Bacterial diseases - Aeromoniasis,Aeromoniasis,1,.jpg,128,128,RGB,6da3e029fab1604a15dc259692012c2b3bbcf216ed01e7825faae07025c4135b,4766762e3d3d7901,ok,,g1631,val
data/original/aquahealth/train_split/Bacterial diseases - Aeromoniasis/Bacterial diseases - Aeromoniasis_aug_33.jpg,train_split,Bacterial diseases - Aeromoniasis,Aeromoniasis,1,.jpg,128,128,RGB,9edc637f6257859d1154e866d0bdfece1deeda76883b26d723154e5239aee927,7d3e8dcd870707ae,ok,x2058,g2063,
data/original/aquahealth/train_split/Bacterial diseases - Aeromoniasis/Bacterial diseases - Aeromoniasis_aug_34.jpg,train_split,Bacterial diseases - Aeromoniasis,Aeromoniasis,1,.jpg,128,128,RGB,9fdb3356b14d1ef56985be92632520ebf3d7843d3baf8198065c36fad57fd34d,11b1b8cbd998b838,ok,,g822,train
data/original/aquahealth/train_split/Bacterial diseases - Aeromoniasis/Bacterial diseases - Aeromoniasis_aug_35.jpg,train_split,Bacterial diseases - Aeromoniasis,Aeromoniasis,1,.jpg,128,128,RGB,a727ca792ef795860f7491884d157dbf34cd35be9f7cf54cc61cacf41c1e72e3,0f25337331710f0f,ok,,g724,test
data/original/aquahealth/train_split/Bacterial diseases - Aeromoniasis/Bacterial diseases - Aeromoniasis_aug_36.jpg,train_split,Bacterial diseases - Aeromoniasis,Aeromoniasis,1,.jpg,128,128,RGB,9aeca14861409be5e8edc63faa6c0516a698dd514375bd4767a9d8e6d48a50c7,39fcfcfcf8f00006,ok,,g1412,train
data/original/aquahealth/train_split/Bacterial diseases - Aeromoniasis/Bacterial diseases - Aeromoniasis_aug_37.jpg,train_split,Bacterial diseases - Aeromoniasis,Aeromoniasis,1,.jpg,128,128,RGB,8e8c72ba97d555064e42f8f4c719fd3772a74fd61dcacaa585a5a393725dfab2,5666762e3c3c7842,ok,,g1706,train
data/original/aquahealth/train_split/Bacterial diseases - Aeromoniasis/Bacterial diseases - Aeromoniasis_aug_38.jpg,train_split,Bacterial diseases - Aeromoniasis,Aeromoniasis,1,.jpg,128,128,RGB,7664dfeec38b4420714fb60b5a079db4f83a7f809090a828ecbc428395a6cf8d,183838f876369878,ok,,g884,test
data/original/aquahealth/train_split/Bacterial diseases - Aeromoniasis/Bacterial diseases - Aeromoniasis_aug_4.jpg,train_split,Bacterial diseases - Aeromoniasis,Aeromoniasis,1,.jpg,640,640,RGB,93790b82a4f1aa4549f61c498766493fe92f7e6a61c3840bc1f123332625e752,88442c3818b0b0f0,ok,,g2219,train
data/original/aquahealth/train_split/Bacterial diseases - Aeromoniasis/Bacterial diseases - Aeromoniasis_aug_40.jpg,train_split,Bacterial diseases - Aeromoniasis,Aeromoniasis,1,.jpg,128,128,RGB,2ba20db7d7d0b21f50586d5bb45f0542034e94f4fb4d691b59d13e43f0a58939,8f0f276161220203,ok,,g2257,test
data/original/aquahealth/train_split/Bacterial diseases - Aeromoniasis/Bacterial diseases - Aeromoniasis_aug_41.jpg,train_split,Bacterial diseases - Aeromoniasis,Aeromoniasis,1,.jpg,128,128,RGB,7c7ac7ff23e0f24e31f0bc5cf74d79d6b9389fa77edfdf2d58aecd90fae9c9d1,7c58580c3c3ded0d,ok,,g2051,train
data/original/aquahealth/train_split/Bacterial diseases - Aeromoniasis/Bacterial diseases - Aeromoniasis_aug_42.jpg,train_split,Bacterial diseases - Aeromoniasis,Aeromoniasis,1,.jpg,128,128,RGB,8f43ba354c745a0da7c468911b80d2fcb4edc114685eca598dd72edb6a4a4894,879731f37367ecff,ok,x1856,g2212,
data/original/aquahealth/train_split/Bacterial diseases - Aeromoniasis/Bacterial diseases - Aeromoniasis_aug_43.jpg,train_split,Bacterial diseases - Aeromoniasis,Aeromoniasis,1,.jpg,128,128,RGB,f330c6cac0b11c97c2b711450bafa9101a4ba35032ba6b441a7c46c6e8606a67,7f3f7d8f8787c7cc,ok,,g2097,train
data/original/aquahealth/train_split/Bacterial diseases - Aeromoniasis/Bacterial diseases - Aeromoniasis_aug_44.jpg,train_split,Bacterial diseases - Aeromoniasis,Aeromoniasis,1,.jpg,128,128,RGB,8f448bdfc3d56fd3443c110b615456a680dddb125c584906afd0404d1ec85808,0f1b3b3b16373f3f,ok,,g702,train
data/original/aquahealth/train_split/Bacterial diseases - Aeromoniasis/Bacterial diseases - Aeromoniasis_aug_45.jpg,train_split,Bacterial diseases - Aeromoniasis,Aeromoniasis,1,.jpg,128,128,RGB,829c4dec6884bf25b5ceeed7cd972a0dc1208f1dec060b0afc12a1bcffcf8ef4,7c3c9edef6d4cece,ok,,g2050,test
data/original/aquahealth/train_split/Bacterial diseases - Aeromoniasis/Bacterial diseases - Aeromoniasis_aug_46.jpg,train_split,Bacterial diseases - Aeromoniasis,Aeromoniasis,1,.jpg,128,128,RGB,6ed7422f709108276b5278f880b9bb687c3a314569cdcdbed503f464b709ba79,38b0e4e4a4b81800,ok,,g1379,train
data/original/aquahealth/train_split/Bacterial diseases - Aeromoniasis/Bacterial diseases - Aeromoniasis_aug_47.jpg,train_split,Bacterial diseases - Aeromoniasis,Aeromoniasis,1,.jpg,128,128,RGB,3ff214c50263ac39beaeadcdd85bebc010863004c1875848dde8ce792e3f62b5,0363f9f8d8f86863,ok,,g285,test
data/original/aquahealth/train_split/Bacterial diseases - Aeromoniasis/Bacterial diseases - Aeromoniasis_aug_48.jpg,train_split,Bacterial diseases - Aeromoniasis,Aeromoniasis,1,.jpg,128,128,RGB,9ead1f7f91bbe4adb61e466af987f6e12eebe51e444bedb64e1b66d12dbe2e3d,0707133170310c67,ok,,g387,train
data/original/aquahealth/train_split/Bacterial diseases - Aeromoniasis/Bacterial diseases - Aeromoniasis_aug_50.jpg,train_split,Bacterial diseases - Aeromoniasis,Aeromoniasis,1,.jpg,128,128,RGB,315efa2106f06784270680b57792d77ab7d7610a090a2ce1805d35d98311e72f,1cdcfef27a7c7c24,ok,,g959,train
data/original/aquahealth/train_split/Bacterial diseases - Aeromoniasis/Bacterial diseases - Aeromoniasis_aug_52.jpg,train_split,Bacterial diseases - Aeromoniasis,Aeromoniasis,1,.jpg,128,128,RGB,a4e518d8b79626cb438d91c017b1a2968f2cf47697c547f97486e830ad4f5745,9e9793c5c5e5e2ab,ok,,g2345,train
data/original/aquahealth/train_split/Bacterial diseases - Aeromoniasis/Bacterial diseases - Aeromoniasis_aug_53.jpg,train_split,Bacterial diseases - Aeromoniasis,Aeromoniasis,1,.jpg,128,128,RGB,46fb3bdc3dee9e4cd90a544a52e42d29e89caaeb07ebdef2b3d80ab818248952,78f8e0e0e3f87844,ok,,g2016,train
data/original/aquahealth/train_split/Bacterial diseases - Aeromoniasis/Bacterial diseases - Aeromoniasis_aug_54.jpg,train_split,Bacterial diseases - Aeromoniasis,Aeromoniasis,1,.jpg,128,128,RGB,a427797bd1bb41259b3841922f4cbf49b815ece734ee3afeaa23ff2ff5a380af,f8bcb8dcfebebc1c,ok,,g2958,train
data/original/aquahealth/train_split/Bacterial diseases - Aeromoniasis/Bacterial diseases - Aeromoniasis_aug_55.jpg,train_split,Bacterial diseases - Aeromoniasis,Aeromoniasis,1,.jpg,128,128,RGB,5b39bb3fae8b68248440c7003349e0fa5316c2ddaa9fbecd7ead3981ec94bc1b,033165e6e030343d,ok,,g272,train
data/original/aquahealth/train_split/Bacterial diseases - Aeromoniasis/Bacterial diseases - Aeromoniasis_aug_56.jpg,train_split,Bacterial diseases - Aeromoniasis,Aeromoniasis,1,.jpg,128,128,RGB,25c0140a93646ee493a3b8fdda841bafd45b5dbd5a4f6be8d047564bf9c156b4,1f16032321217333,ok,,g1036,train
data/original/aquahealth/train_split/Bacterial diseases - Aeromoniasis/Bacterial diseases - Aeromoniasis_aug_57.jpg,train_split,Bacterial diseases - Aeromoniasis,Aeromoniasis,1,.jpg,128,128,RGB,bf8e9a2e01704771f67a91328b607b581d506b4b74a5c7488b9f831c8a31edfa,e0e0f8f838e0e080,ok,,g2730,train
data/original/aquahealth/train_split/Bacterial diseases - Aeromoniasis/Bacterial diseases - Aeromoniasis_aug_59.jpg,train_split,Bacterial diseases - Aeromoniasis,Aeromoniasis,1,.jpg,128,128,RGB,12805e604a65ca8276d39999831e8e39206592d492d3d31eef711b1c5c5a3bbd,3f6c7cfaf3f37307,ok,,g1534,train
data/original/aquahealth/train_split/Bacterial diseases - Aeromoniasis/Bacterial diseases - Aeromoniasis_aug_60.jpg,train_split,Bacterial diseases - Aeromoniasis,Aeromoniasis,1,.jpg,640,640,RGB,f51052ea3c60a729f98c65e349ecbd51e58f26003845b148aa22eb776abd70ef,4f2f333131311303,ok,,g1675,train
data/original/aquahealth/train_split/Bacterial diseases - Aeromoniasis/Bacterial diseases - Aeromoniasis_aug_61.jpg,train_split,Bacterial diseases - Aeromoniasis,Aeromoniasis,1,.jpg,224,224,RGB,d0c10be13468b3f4b190f2ef7b61b54c03a935f01df62e275f3f1faedf308fc9,0f3f73f3f3666dff,ok,,g738,test
data/original/aquahealth/train_split/Bacterial diseases - Aeromoniasis/Bacterial diseases - Aeromoniasis_aug_62.jpg,train_split,Bacterial diseases - Aeromoniasis,Aeromoniasis,1,.jpg,640,640,RGB,1c3fd4d59f1a663f823d5730f9ff0e3cc3a32599be3caef20ebf92e0a46c32a7,47573f3b73736361,ok,,g1628,test
data/original/aquahealth/train_split/Bacterial diseases - Aeromoniasis/Bacterial diseases - Aeromoniasis_aug_63.jpg,train_split,Bacterial diseases - Aeromoniasis,Aeromoniasis,1,.jpg,128,128,RGB,338f920c6b6bbfb089af73511a23deea0b230c536fec53d7170b28acf21e8a9b,0f07070603010101,ok,,g637,train
data/original/aquahealth/train_split/Bacterial diseases - Aeromoniasis/Bacterial diseases - Aeromoniasis_aug_64.jpg,train_split,Bacterial diseases - Aeromoniasis,Aeromoniasis,1,.jpg,128,128,RGB,c39d5ecf4e335f2ed448fee58b168470b74e50ba703260a4d0f86719db66a4a5,e8d09cddc8d8d088,ok,,g2823,val
data/original/aquahealth/train_split/Bacterial diseases - Aeromoniasis/Bacterial diseases - Aeromoniasis_aug_65.jpg,train_split,Bacterial diseases - Aeromoniasis,Aeromoniasis,1,.jpg,128,128,RGB,d0439e25c3ab3d2cf7127a4d1a939e0ca0b35ba63e2441371e273828c9288e44,3161e4c1e170381c,ok,,g1290,train
data/original/aquahealth/train_split/Bacterial diseases - Aeromoniasis/Bacterial diseases - Aeromoniasis_aug_66.jpg,train_split,Bacterial diseases - Aeromoniasis,Aeromoniasis,1,.jpg,640,640,RGB,3b3357b5d9b020f782ee562a2a154cc86887af7b28c333ff0822400461f5d005,32333333350f8727,ok,,g1306,train
data/original/aquahealth/train_split/Bacterial diseases - Aeromoniasis/Bacterial diseases - Aeromoniasis_aug_68.jpg,train_split,Bacterial diseases - Aeromoniasis,Aeromoniasis,1,.jpg,128,128,RGB,8aad3b0f5f9488fe7d448f5f0d46d5c177f3669981a4734002401b670d6c3b50,e88c15178d9dc4c4,ok,,g2817,train
data/original/aquahealth/train_split/Bacterial diseases - Aeromoniasis/Bacterial diseases - Aeromoniasis_aug_69.jpg,train_split,Bacterial diseases - Aeromoniasis,Aeromoniasis,1,.jpg,128,128,RGB,52be23ebad76d327edb8af6f839ee003f97a6ee943499c1a256535d2699c7359,c0c8c0f27838ab2c,ok,,g2491,train
data/original/aquahealth/train_split/Bacterial diseases - Aeromoniasis/Bacterial diseases - Aeromoniasis_aug_7.jpg,train_split,Bacterial diseases - Aeromoniasis,Aeromoniasis,1,.jpg,224,224,RGB,27534b7669f40455bff47e18b7fae8d4dee8c65d2b5357a5d68d59af41354132,737260e2c1c0e0e0,ok,,g1964,train
data/original/aquahealth/train_split/Bacterial diseases - Aeromoniasis/Bacterial diseases - Aeromoniasis_aug_70.jpg,train_split,Bacterial diseases - Aeromoniasis,Aeromoniasis,1,.jpg,128,128,RGB,18bb99ab3e169cd87a892d81321b7403463a439e08dd1a2851a58282453e896c,1f010079e7e3f313,ok,,g1012,train
data/original/aquahealth/train_split/Bacterial diseases - Aeromoniasis/Bacterial diseases - Aeromoniasis_aug_71.jpg,train_split,Bacterial diseases - Aeromoniasis,Aeromoniasis,1,.jpg,128,128,RGB,565a8d287586bc73db896e19daca31b19cea2e06a22b2f3c07678d27f588587e,21e181414342540f,ok,,g1149,val
data/original/aquahealth/train_split/Bacterial diseases - Aeromoniasis/Bacterial diseases - Aeromoniasis_aug_73.jpg,train_split,Bacterial diseases - Aeromoniasis,Aeromoniasis,1,.jpg,128,128,RGB,0b7effdf80bc3c2064836767d251e2a65b60fd0f2fd4e4a85b02ce42d9a89237,dedefe7e7a383839,ok,,g2680,train
data/original/aquahealth/train_split/Bacterial diseases - Aeromoniasis/Bacterial diseases - Aeromoniasis_aug_74.jpg,train_split,Bacterial diseases - Aeromoniasis,Aeromoniasis,1,.jpg,128,128,RGB,04ae4d26829411283582349257bf30e7503e41cd60d39b39f0d6fbc5284322ca,0379fdfedfff777f,ok,,g291,train
data/original/aquahealth/train_split/Bacterial diseases - Aeromoniasis/Bacterial diseases - Aeromoniasis_aug_75.jpg,train_split,Bacterial diseases - Aeromoniasis,Aeromoniasis,1,.jpg,128,128,RGB,fdbe48e9a255e7df487e92491eb1eb4770a46ea758abe2db9e5a4196b4891c73,4f64e07060a6c64e,ok,,g1685,train
data/original/aquahealth/train_split/Bacterial diseases - Aeromoniasis/Bacterial diseases - Aeromoniasis_aug_76.jpg,train_split,Bacterial diseases - Aeromoniasis,Aeromoniasis,1,.jpg,224,224,RGB,e579da7ecf5b75776055dd776226fe004d14bae6c523385c6e488e9ab045e3df,0c3cf191192ce660,ok,,g554,train
data/original/aquahealth/train_split/Bacterial diseases - Aeromoniasis/Bacterial diseases - Aeromoniasis_aug_77.jpg,train_split,Bacterial diseases - Aeromoniasis,Aeromoniasis,1,.jpg,224,224,RGB,b5286b9abb5751adaf6d33c4d11d5fb37b44a08ac25aa287c3140ec636377413,03073f3f8300030f,ok,,g245,train
data/original/aquahealth/train_split/Bacterial diseases - Aeromoniasis/Bacterial diseases - Aeromoniasis_aug_78.jpg,train_split,Bacterial diseases - Aeromoniasis,Aeromoniasis,1,.jpg,128,128,RGB,bd2e4b17602ad67b5a1fb6f4b174ce70cf2232ca43ac3a7ba0478468e54012dd,80c8c1d2f038b9a6,ok,,g2136,val
data/original/aquahealth/train_split/Bacterial diseases - Aeromoniasis/Bacterial diseases - Aeromoniasis_aug_79.jpg,train_split,Bacterial diseases - Aeromoniasis,Aeromoniasis,1,.jpg,128,128,RGB,d3e8e9fd2650ecce5e4bd8d7deeeca2588c98160ff2eee1ae8af65d25ee2c0f6,3333333303071f1f,ok,,g1313,train
data/original/aquahealth/train_split/Bacterial diseases - Aeromoniasis/Bacterial diseases - Aeromoniasis_aug_80.jpg,train_split,Bacterial diseases - Aeromoniasis,Aeromoniasis,1,.jpg,640,640,RGB,e16ec08a7a91bd8d81e3ca902d23649088bae8215a3b67f81cce8e18017571de,e4862333b2cbe338,ok,,g2785,val
data/original/aquahealth/train_split/Bacterial diseases - Aeromoniasis/Bacterial diseases - Aeromoniasis_aug_82.jpg,train_split,Bacterial diseases - Aeromoniasis,Aeromoniasis,1,.jpg,128,128,RGB,0adf03b0812fcb2d4b965554ea3dcbf3900bfe88b3d4c374e643fda578f0c2ea,03c949791818507b,ok,,g306,val
data/original/aquahealth/train_split/Bacterial diseases - Aeromoniasis/Bacterial diseases - Aeromoniasis_aug_83.jpg,train_split,Bacterial diseases - Aeromoniasis,Aeromoniasis,1,.jpg,128,128,RGB,12ff0d5591034b3dff709057f9d171b971fd8a00e54831c2cde0aee615260c1a,09b1021e3c3c7807,ok,,g512,val
data/original/aquahealth/train_split/Bacterial diseases - Aeromoniasis/Bacterial diseases - Aeromoniasis_aug_85.jpg,train_split,Bacterial diseases - Aeromoniasis,Aeromoniasis,1,.jpg,128,128,RGB,7dc40c4023b038faa26675ef5a7a39a269a43c0158278cb5af2eb840dcd98289,6e06072023e1f131,ok,,g1882,train
data/original/aquahealth/train_split/Bacterial diseases - Aeromoniasis/Bacterial diseases - Aeromoniasis_aug_86.jpg,train_split,Bacterial diseases - Aeromoniasis,Aeromoniasis,1,.jpg,224,109,RGB,f54d11330486c6cbfe4554e8898b4c330eb67f4162d1ae741ea6a553b07a8fb6,0f81bcfcfcf83a0d,ok,,g772,train
data/original/aquahealth/train_split/Bacterial diseases - Aeromoniasis/Bacterial diseases - Aeromoniasis_aug_88.jpg,train_split,Bacterial diseases - Aeromoniasis,Aeromoniasis,1,.jpg,128,128,RGB,1f9387e182e748508df3ce5f13d5837e1865e0e541357d95ed298c0c3da4c57a,1e0673303119c800,ok,,g986,test
data/original/aquahealth/train_split/Bacterial diseases - Aeromoniasis/Bacterial diseases - Aeromoniasis_aug_89.jpg,train_split,Bacterial diseases - Aeromoniasis,Aeromoniasis,1,.jpg,128,128,RGB,93dcce70ec6bc5b3d6c01edae8352b00d273e7de70374101d94b28f3dfee688d,fc78588cc4dc9c80,ok,,g3001,train
data/original/aquahealth/train_split/Bacterial diseases - Aeromoniasis/Bacterial diseases - Aeromoniasis_aug_9.jpg,train_split,Bacterial diseases - Aeromoniasis,Aeromoniasis,1,.jpg,128,128,RGB,244467290f1ec72beecef7cf6e19b7a4770a65ad14af1ef4d64cd30426468a67,9e9793c7c5e5e2ab,ok,,g2346,val
data/original/aquahealth/train_split/Bacterial diseases - Aeromoniasis/Bacterial diseases - Aeromoniasis_aug_91.jpg,train_split,Bacterial diseases - Aeromoniasis,Aeromoniasis,1,.jpg,128,128,RGB,40fdd302f8cc571e906d34be239ea1ce8877485660144ccfbd9a4e9ce56a20ad,1df1c5113070602f,ok,,g985,train
data/original/aquahealth/train_split/Bacterial diseases - Aeromoniasis/Bacterial diseases - Aeromoniasis_aug_92.jpg,train_split,Bacterial diseases - Aeromoniasis,Aeromoniasis,1,.jpg,128,128,RGB,90c4bbcada537ef6f8503af555c3a484e4b964cebf1b2154cf881cef7550fb6f,1e1e1e1c1c383131,ok,,g994,test
data/original/aquahealth/train_split/Bacterial diseases - Aeromoniasis/Bacterial diseases - Aeromoniasis_aug_93.jpg,train_split,Bacterial diseases - Aeromoniasis,Aeromoniasis,1,.jpg,128,128,RGB,6fbb5e7339c46d1825e01eab1954ca900061d8e6664c3f63806e73641db36c15,171f0800071f1f11,ok,,g861,train
data/original/aquahealth/train_split/Bacterial diseases - Aeromoniasis/Bacterial diseases - Aeromoniasis_aug_94.jpg,train_split,Bacterial diseases - Aeromoniasis,Aeromoniasis,1,.jpg,128,128,RGB,6f50a2dbca2594e21f13365e527c3f81d3ebbe0ce9601bd40d54a98564d176f8,077ffdf307074777,ok,,g458,train
data/original/aquahealth/train_split/Bacterial diseases - Aeromoniasis/Bacterial diseases - Aeromoniasis_aug_95.jpg,train_split,Bacterial diseases - Aeromoniasis,Aeromoniasis,1,.jpg,128,128,RGB,b9cbf13da94634eae483a3d9b786183d2422b3d865f11779241fd8c082070f8c,0f70be8fc7c7c323,ok,,g762,train
data/original/aquahealth/train_split/Bacterial diseases - Aeromoniasis/Bacterial diseases - Aeromoniasis_aug_97.jpg,train_split,Bacterial diseases - Aeromoniasis,Aeromoniasis,1,.jpg,128,128,RGB,3068e90a8de847a84eff7a210e9f5b20ae0c282d348cf6efda39626dad2f1fbd,1070f4e2e6e47031,ok,,g809,train
data/original/aquahealth/train_split/Bacterial diseases - Aeromoniasis/Bacterial diseases - Aeromoniasis_aug_98.jpg,train_split,Bacterial diseases - Aeromoniasis,Aeromoniasis,1,.jpg,128,128,RGB,e108a456cedb88d717d74e2b92d76b6a3d7f9909845d543af373079bb3101d2e,e1387371e5cccc0f,ok,,g2749,test
data/original/aquahealth/train_split/Bacterial diseases - Aeromoniasis/Bacterial diseases - Aeromoniasis_aug_99.jpg,train_split,Bacterial diseases - Aeromoniasis,Aeromoniasis,1,.jpg,128,128,RGB,6e31e3c25bc32e5263359b7f65d62a6c48b3082db92d3ef48a2c718766b149a2,83e0fe327332a418,ok,,g2173,train
data/original/aquahealth/train_split/Bacterial gill disease/Bacterial gill disease_100.jpg,train_split,Bacterial gill disease,Bacterial Gill Disease,2,.jpg,640,640,RGB,72aba85f9d87ba4ff5b091d7e4a300bdde2142220916d4b88a71e8925df50938,3c1c9e7632c6fcf1,ok,,g1440,val
data/original/aquahealth/train_split/Bacterial gill disease/Bacterial gill disease_101.jpg,train_split,Bacterial gill disease,Bacterial Gill Disease,2,.jpg,640,640,RGB,3fa2e9dc205bc0cf6ad489e523c0e43b4822f6dca6c44395cd00e09bdd0886ed,0f4f031bb9bd575f,ok,,g752,train
data/original/aquahealth/train_split/Bacterial gill disease/Bacterial gill disease_103.jpg,train_split,Bacterial gill disease,Bacterial Gill Disease,2,.jpg,640,640,RGB,186ca14682ab20169d91bc75f59c689dbd4acbc6726b7a5b94de5855e43b40fd,39434685a30f0161,ok,,g1402,train
data/original/aquahealth/train_split/Bacterial gill disease/Bacterial gill disease_11.jpg,train_split,Bacterial gill disease,Bacterial Gill Disease,2,.jpg,128,128,RGB,8bd069252a70621bacdb475fafd7d68f1986cd58f1fabecdf47c264060492e05,f8d91911cf0f0707,ok,,g2960,train
data/original/aquahealth/train_split/Bacterial gill disease/Bacterial gill disease_112.jpg,train_split,Bacterial gill disease,Bacterial Gill Disease,2,.jpg,640,640,RGB,3ecdcdfdefccb4612ddcd26ed324a5cf7cc47baaffe44d1d4633a1e2344db2e5,030f3676727238f8,ok,,g251,train
data/original/aquahealth/train_split/Bacterial gill disease/Bacterial gill disease_115.jpg,train_split,Bacterial gill disease,Bacterial Gill Disease,2,.jpg,640,640,RGB,e6176e93e547f927a469fe50edd792a434fb0fa4af1ff26091d9c9e541478229,bfbf9b9f8f8fcf47,ok,,g2461,train
data/original/aquahealth/train_split/Bacterial gill disease/Bacterial gill disease_116.jpg,train_split,Bacterial gill disease,Bacterial Gill Disease,2,.jpg,640,640,RGB,8e782d57b2eb6fcdd3024039a0b2280372e85c4f0bd463acfd419d74ee364ea0,893379e1e3d383c3,ok,,g2225,train
data/original/aquahealth/train_split/Bacterial gill disease/Bacterial gill disease_117.jpg,train_split,Bacterial gill disease,Bacterial Gill Disease,2,.jpg,640,640,RGB,78f0bce122d105476d4d2cf4e4013089c3227c71088d3461c593a0cb5b31e247,3626c6c68fcfcfc7,ok,,g1339,train
data/original/aquahealth/train_split/Bacterial gill disease/Bacterial gill disease_118.jpg,train_split,Bacterial gill disease,Bacterial Gill Disease,2,.jpg,640,640,RGB,9b40a692a45e258ba6af25347fda5890c964ece7553dd7ca27252c213943bd60,193d1d3933b34303,ok,,g906,test
data/original/aquahealth/train_split/Bacterial gill disease/Bacterial gill disease_119.jpg,train_split,Bacterial gill disease,Bacterial Gill Disease,2,.jpg,640,640,RGB,559d16c372b7ab105786b89f751e28101c87c3e5ecb12b3f94d6312d375ce8bf,064733331b1b1b1b,ok,,g353,train
data/original/aquahealth/train_split/Bacterial gill disease/Bacterial gill disease_12.jpg,train_split,Bacterial gill disease,Bacterial Gill Disease,2,.jpg,128,128,RGB,c2ac31e2a23509bf6304cc6af839634d2108225adce6bae656e0d5ed34748373,dfcd309199f8f9d9,ok,,g2688,train
data/original/aquahealth/train_split/Bacterial gill disease/Bacterial gill disease_120.jpg,train_split,Bacterial gill disease,Bacterial Gill Disease,2,.jpg,640,640,RGB,bd25067cb746625c05182c21eff6a5d059f5fa05e156f244045b366ae2ed6fd8,00c0f0547c68f101,ok,,g127,train
data/original/aquahealth/train_split/Bacterial gill disease/Bacterial gill disease_121.jpg,train_split,Bacterial gill disease,Bacterial Gill Disease,2,.jpg,640,640,RGB,15abccd694ba5a790f6193a543a1994b80781d294d52f244a8134b6fe26cab33,70382abab6f6f890,ok,,g1910,train
data/original/aquahealth/train_split/Bacterial gill disease/Bacterial gill disease_122.jpg,train_split,Bacterial gill disease,Bacterial Gill Disease,2,.jpg,640,640,RGB,aab380056b5afa7f510a78cfff153c6aa794157e0a448212f0d195046ec92273,e3d1d0f4fcdc9861,ok,,g2773,train
data/original/aquahealth/train_split/Bacterial gill disease/Bacterial gill disease_123.jpg,train_split,Bacterial gill disease,Bacterial Gill Disease,2,.jpg,640,640,RGB,3dc85fb2df7938f9e869512f69c1a9497b6d7701cfccd5874cee35153383f03d,9d71e142530764a1,ok,,g2335,train
data/original/aquahealth/train_split/Bacterial gill disease/Bacterial gill disease_124.jpg,train_split,Bacterial gill disease,Bacterial Gill Disease,2,.jpg,640,640,RGB,1669dbb09c3425a2e9811adc7de658761e95da3291035ce83f2fbfa18498c304,0000f4737f695860,ok,,g44,train
data/original/aquahealth/train_split/Bacterial gill disease/Bacterial gill disease_127.jpg,train_split,Bacterial gill disease,Bacterial Gill Disease,2,.jpg,640,640,RGB,09921ab929df52eee4cdf4fa564c2c4d833ec85720ffd5cbd8c8542fd0e6240a,001884b098cfdb39,ok,,g72,train
data/original/aquahealth/train_split/Bacterial gill disease/Bacterial gill disease_129.jpg,train_split,Bacterial gill disease,Bacterial Gill Disease,2,.jpg,640,640,RGB,2c5fe56a3c629a13ecb3afb8fbca246b57a5a9d87d84947d2f25c886222f6173,c1c999ba6cccc888,ok,,g2519,val
data/original/aquahealth/train_split/Bacterial gill disease/Bacterial gill disease_130.jpg,train_split,Bacterial gill disease,Bacterial Gill Disease,2,.jpg,640,640,RGB,9b5547d5fbb3170cfc77d611943ec7fc434432e7b9d175fdf035d26773950ddd,e060703ed8e89cf0,ok,,g2694,test
data/original/aquahealth/train_split/Bacterial gill disease/Bacterial gill disease_131.jpg,train_split,Bacterial gill disease,Bacterial Gill Disease,2,.jpg,640,640,RGB,588971d9d39a40a3cd2d5bbb04467481d8637f8f849b3c16823141784ec8b13d,f0dcfcec8e181850,ok,,g2870,val
data/original/aquahealth/train_split/Bacterial gill disease/Bacterial gill disease_135.jpg,train_split,Bacterial gill disease,Bacterial Gill Disease,2,.jpg,640,640,RGB,0e64fb5285fd5e88eb6945df99d7e2d537b29eba19f3be477564b326d98c8877,6060e202baa6e68c,ok,,g1762,test
data/original/aquahealth/train_split/Bacterial gill disease/Bacterial gill disease_136.jpg,train_split,Bacterial gill disease,Bacterial Gill Disease,2,.jpg,640,640,RGB,cad6e7547692a204dd82b651ace595791789ac5cc7b380a7a6d0bfa1db5472d5,e8cedcbcb0e0e0f1,ok,,g2822,train
data/original/aquahealth/train_split/Bacterial gill disease/Bacterial gill disease_137.jpg,train_split,Bacterial gill disease,Bacterial Gill Disease,2,.jpg,640,640,RGB,0874fdd10b66401e2f40a9cf125f6b8c2189ef8d90207ea2fe20014de9aa595e,0364c6e3e9f97c7c,ok,,g286,train
data/original/aquahealth/train_split/Bacterial gill disease/Bacterial gill disease_138.jpg,train_split,Bacterial gill disease,Bacterial Gill Disease,2,.jpg,640,640,RGB,bba84bfe0f845d7afa639b4d7a624b24df3c546a9c91b0adf72f64c24d9b04a9,e2f0e04c9c38603c,ok,,g2766,train
data/original/aquahealth/train_split/Bacterial gill disease/Bacterial gill disease_139.jpg,train_split,Bacterial gill disease,Bacterial Gill Disease,2,.jpg,640,640,RGB,83ad0dba12f4a49d6b7dee4253e84fb35cc79326a88ef6faf0ff500d485a52d3,8389407499eec089,ok,,g2165,train
data/original/aquahealth/train_split/Bacterial gill disease/Bacterial gill disease_14.jpg,train_split,Bacterial gill disease,Bacterial Gill Disease,2,.jpg,128,128,RGB,7170fe9929f3321a368a9e6ba97bd3411014569cf16c35bdb92189c618464888,39391d1c1c8ffdf9,ok,,g1396,val
data/original/aquahealth/train_split/Bacterial gill disease/Bacterial gill disease_140.jpg,train_split,Bacterial gill disease,Bacterial Gill Disease,2,.jpg,640,640,RGB,2a75c5e1a706695530555b348637b361ed04046b89825b3cc04e4b1ab15c7d70,001881d0f3a3240f,ok,,g71,val
data/original/aquahealth/train_split/Bacterial gill disease/Bacterial gill disease_141.jpg,train_split,Bacterial gill disease,Bacterial Gill Disease,2,.jpg,640,640,RGB,cbbe8d4521916882258c197472a721e497c33f28f228575c8cd8199689afc712,0189d1f07c19cbcc,ok,,g188,train
data/original/aquahealth/train_split/Bacterial gill disease/Bacterial gill disease_142.jpg,train_split,Bacterial gill disease,Bacterial Gill Disease,2,.jpg,640,640,RGB,278f9c75163b0aa8ccea786acc5a344a9b8858893b64fa112f78174d7e9bca38,9e3370c082808888,ok,,g2342,train
data/original/aquahealth/train_split/Bacterial gill disease/Bacterial gill disease_143.jpg,train_split,Bacterial gill disease,Bacterial Gill Disease,2,.jpg,640,640,RGB,f91d7f2c80cdcd47fcd33e86c5920f6f8e4018f2f367d7bef69d888759e3e998,e1a1b1312020d87c,ok,,g2750,train
data/original/aquahealth/train_split/Bacterial gill disease/Bacterial gill disease_145.jpg,train_split,Bacterial gill disease,Bacterial Gill Disease,2,.jpg,640,640,RGB,eb7f7220a46735519953fd51635a7d11621a63d917945a35e81b17f888a53617,fefe1f7ae4eef8f8,ok,,g3038,train
data/original/aquahealth/train_split/Bacterial gill disease/Bacterial gill disease_146.jpg,train_split,Bacterial gill disease,Bacterial Gill Disease,2,.jpg,640,640,RGB,1c0867622c8d8526b3b3a49da81566e7c5cd51a133f8f703390ab4f80408f7ff,f0f4f3f3f9797cf0,ok,,g2886,train
data/original/aquahealth/train_split/Bacterial gill disease/Bacterial gill disease_151.jpg,train_split,Bacterial gill disease,Bacterial Gill Disease,2,.jpg,640,640,RGB,9883d46f575b31b005ba4b8d50983a7566bfb2483bfb0f801aca76410af707f4,e0e0f0703070f0e0,ok,,g2728,train
data/original/aquahealth/train_split/Bacterial gill disease/Bacterial gill disease_152.jpg,train_split,Bacterial gill disease,Bacterial Gill Disease,2,.jpg,640,640,RGB,5cfbe0413aafe5f7ac87298649648fa3632a25c4ea1aba6678ed02b379ebe6e2,0cccccf8f8f8f0e0,ok,,g563,train
data/original/aquahealth/train_split/Bacterial gill disease/Bacterial gill disease_153.jpg,train_split,Bacterial gill disease,Bacterial Gill Disease,2,.jpg,640,640,RGB,1f82876535624fa99421c6066515e401f6bfe5c99f0a22f0916264f97c52a483,f0f0f0c0c6e3e971,ok,,g2881,train
data/original/aquahealth/train_split/Bacterial gill disease/Bacterial gill disease_154.jpg,train_split,Bacterial gill disease,Bacterial Gill Disease,2,.jpg,640,640,RGB,5630f055bc6e84f979f6c9a74dee1c0b0f7badb5f82b5bfc69d380cfc4b6d008,c1b93f990fe7e7e7,ok,,g2512,train
data/original/aquahealth/train_split/Bacterial gill disease/Bacterial gill disease_155.jpg,train_split,Bacterial gill disease,Bacterial Gill Disease,2,.jpg,640,640,RGB,f2664074b7031d3aca4acc3f5b1bfd90bfd112a67d4e86f38220af62cc055478,02062e0e18191901,ok,,g204,train
data/original/aquahealth/train_split/Bacterial gill disease/Bacterial gill disease_156.jpg,train_split,Bacterial gill disease,Bacterial Gill Disease,2,.jpg,640,640,RGB,760cb7900e34611bfd2e854cd6b1ae0ded64d9054adbb6ffda2fc34ce744a13d,10e1c1607038d8c8,ok,,g811,train
data/original/aquahealth/train_split/Bacterial gill disease/Bacterial gill disease_157.jpg,train_split,Bacterial gill disease,Bacterial Gill Disease,2,.jpg,640,640,RGB,f40d2bcb5497611867262156038b15d0f9704090bd80024b531ab3348d674030,5cce9830c8c0ebbf,ok,,g1725,train
data/original/aquahealth/train_split/Bacterial gill disease/Bacterial gill disease_159.jpg,train_split,Bacterial gill disease,Bacterial Gill Disease,2,.jpg,640,640,RGB,772d46252e83a98dd177a31a053c504f81c04dbb1b6a877a528dd905307e055a,03c3c9e86830b4c1,ok,,g305,test
data/original/aquahealth/train_split/Bacterial gill disease/Bacterial gill disease_16.jpg,train_split,Bacterial gill disease,Bacterial Gill Disease,2,.jpg,128,128,RGB,d689760d709fcbdcec0105ac1a9af9358b97801edd34db537bf7738f09d1b1d6,e6e3c78d1ba0e789,ok,,g2803,train
data/original/aquahealth/train_split/Bacterial gill disease/Bacterial gill disease_160.jpg,train_split,Bacterial gill disease,Bacterial Gill Disease,2,.jpg,640,640,RGB,9fa61a5170c744d4e4d954ec14e552b9d8f4190c9735a8ccbfdbfd4690c1d9a8,381c975b17100020,ok,,g1366,train
data/original/aquahealth/train_split/Bacterial gill disease/Bacterial gill disease_162.jpg,train_split,Bacterial gill disease,Bacterial Gill Disease,2,.jpg,640,640,RGB,70c669856c98554d6eb93a5886ac8afc7cb93218eebec897c184603b1ef74533,7b7370f478535261,ok,,g2043,test
data/original/aquahealth/train_split/Bacterial gill disease/Bacterial gill disease_163.jpg,train_split,Bacterial gill disease,Bacterial Gill Disease,2,.jpg,640,640,RGB,e622acbb5b9957a43d59aa7f500b5213c0407afe16774b34efc539e02bc03d9e,ce7c76cc44283032,ok,,g2605,train
data/original/aquahealth/train_split/Bacterial gill disease/Bacterial gill disease_164.jpg,train_split,Bacterial gill disease,Bacterial Gill Disease,2,.jpg,640,640,RGB,218671c9adca64bc3b633c1626eeab2a6c129d21e5ead65be27ddbc13237706c,0020e1697934ec5c,ok,,g82,train
data/original/aquahealth/train_split/Bacterial gill disease/Bacterial gill disease_165.jpg,train_split,Bacterial gill disease,Bacterial Gill Disease,2,.jpg,640,640,RGB,7d80845dc189e50761303c579da79af17b523a42d4a49865e78d08b1d53c2dea,78f0a12901b0c0f0,ok,,g2015,val
data/original/aquahealth/train_split/Bacterial gill disease/Bacterial gill disease_166.jpg,train_split,Bacterial gill disease,Bacterial Gill Disease,2,.jpg,640,640,RGB,7e6181340f5bb19deb5a14345b4517f6f0a41a2e4255ec73a1aa80f8bcebe295,0000e0d0c8f86848,ok,,g40,train
data/original/aquahealth/train_split/Bacterial gill disease/Bacterial gill disease_167.jpg,train_split,Bacterial gill disease,Bacterial Gill Disease,2,.jpg,640,640,RGB,a52d1435edf2514e502209afa016f6249a7af9f78d6a6e5a642d068c02d6cc0c,1f3f72c4c0f03a1e,ok,,g1070,test
data/original/aquahealth/train_split/Bacterial gill disease/Bacterial gill disease_168.jpg,train_split,Bacterial gill disease,Bacterial Gill Disease,2,.jpg,640,640,RGB,c15f78629f413746c49b4997f7b6be81e21aaf503eaa14eb90c5522863b34037,30b8b8be760cc141,ok,,g1274,val
data/original/aquahealth/train_split/Bacterial gill disease/Bacterial gill disease_17.jpg,train_split,Bacterial gill disease,Bacterial Gill Disease,2,.jpg,128,128,RGB,782dec27fa296c4f3cce95c775f43276b1ddb56b05ee2dd6c3d4feedb967dbcb,3226c64ee4f07878,ok,,g1301,train
data/original/aquahealth/train_split/Bacterial gill disease/Bacterial gill disease_170.jpg,train_split,Bacterial gill disease,Bacterial Gill Disease,2,.jpg,640,640,RGB,74be06b4f46ef9e722d069fae117bbf69262802c9666a8c8bb0d196d7e265f5e,c4163e9cd8800020,ok,,g2545,val
data/original/aquahealth/train_split/Bacterial gill disease/Bacterial gill disease_171.jpg,train_split,Bacterial gill disease,Bacterial Gill Disease,2,.jpg,640,640,RGB,f08f2c2f287fce8f0c057b8fa3ef2ea7b997d198b6dcc2ffe38f0d1910d5e938,f1f160c4c8e1e039,ok,,g2906,train
data/original/aquahealth/train_split/Bacterial gill disease/Bacterial gill disease_173.jpg,train_split,Bacterial gill disease,Bacterial Gill Disease,2,.jpg,640,640,RGB,af30b4023afbcb61b0b625c38a764950986938ac431b877cffd1a3f2f02a4463,c0c0c1d9c1c2861e,ok,,g2479,train
data/original/aquahealth/train_split/Bacterial gill disease/Bacterial gill disease_174.jpg,train_split,Bacterial gill disease,Bacterial Gill Disease,2,.jpg,640,640,RGB,9d0175d52dc24f2933fc14d7bf9a5c3ce57331748e22144f91e73f4d483ee18c,47e1f0f8f2f0f0f0,ok,,g1638,train
data/original/aquahealth/train_split/Bacterial gill disease/Bacterial gill disease_175.jpg,train_split,Bacterial gill disease,Bacterial Gill Disease,2,.jpg,640,640,RGB,41607da846a991bf619bfd890a65745316eafcc12f0c83d6db62bc8c81564135,f1f8f8f2f2f0f0f0,ok,,g2908,test
data/original/aquahealth/train_split/Bacterial gill disease/Bacterial gill disease_177.jpg,train_split,Bacterial gill disease,Bacterial Gill Disease,2,.jpg,640,640,RGB,5d2ff3643407597b4dfed8934631dc6e340121070f230151249dac503fc690c9,e3e3e3d3d3cac9db,ok,,g2775,train
data/original/aquahealth/train_split/Bacterial gill disease/Bacterial gill disease_179.jpg,train_split,Bacterial gill disease,Bacterial Gill Disease,2,.jpg,640,640,RGB,016a912df9075fc0f6b8e55d2a7de50b2066a52f6c87a8d4b8d1f54c5be32f8b,22c0246c6c6ce879,ok,,g1156,val
data/original/aquahealth/train_split/Bacterial gill disease/Bacterial gill disease_18.jpg,train_split,Bacterial gill disease,Bacterial Gill Disease,2,.jpg,128,128,RGB,1f6a143b0e9fe2238d28180d60ae6984bb994c3ec4fba4492f013913b09699a9,befcf6e3c7cd9ae1,ok,,g2454,train
data/original/aquahealth/train_split/Bacterial gill disease/Bacterial gill disease_180.jpg,train_split,Bacterial gill disease,Bacterial Gill Disease,2,.jpg,640,640,RGB,acf38e9c03faf8a556b8616033ea465e35b4e3dd781c903347decc01c8a91661,c0203030644f0fe0,ok,,g2466,train
data/original/aquahealth/train_split/Bacterial gill disease/Bacterial gill disease_182.jpg,train_split,Bacterial gill disease,Bacterial Gill Disease,2,.jpg,640,640,RGB,520763a2fc54c031fac1abda4e1ca0eb29f349631ae232ade6c26b0c6f18e67f,3870707979783c0c,ok,,g1375,test
data/original/aquahealth/train_split/Bacterial gill disease/Bacterial gill disease_183.jpg,train_split,Bacterial gill disease,Bacterial Gill Disease,2,.jpg,640,640,RGB,d61fa4cc648dd333cbf2491ed751ebd3a391e105cdfbdef83dd35e7f5f45614c,3010b0f0f0f0e080,ok,,g1249,train
data/original/aquahealth/train_split/Bacterial gill disease/Bacterial gill disease_184.jpg,train_split,Bacterial gill disease,Bacterial Gill Disease,2,.jpg,640,640,RGB,bf26044016d79c6873c4231f936dd9e13e774af3e5f307db28f96e865dc42d6f,90c0f0fcfccc8c18,ok,,g2275,train
data/original/aquahealth/train_split/Bacterial gill disease/Bacterial gill disease_186.jpg,train_split,Bacterial gill disease,Bacterial Gill Disease,2,.jpg,640,640,RGB,3444343994f97d904cca2824f612162646c9321ccd5e81ddc1d6c69b8a77c706,30386c6f63230f07,ok,,g1257,train
data/original/aquahealth/train_split/Bacterial gill disease/Bacterial gill disease_19.jpg,train_split,Bacterial gill disease,Bacterial Gill Disease,2,.jpg,128,128,RGB,83a49480ec57a2d5408ce32c6becf7dfffec7cdded86c76f81a5d68e852bb667,dcf8f3b7e7e3f3f6,ok,,g2674,test
data/original/aquahealth/train_split/Bacterial gill disease/Bacterial gill disease_192.jpg,train_split,Bacterial gill disease,Bacterial Gill Disease,2,.jpg,640,640,RGB,792a92a9dfa80c5f2572eb942a6310b9e5ac61b7417b2cc108eddc7f86413086,07090b1f03000808,ok,,g397,train
data/original/aquahealth/train_split/Bacterial gill disease/Bacterial gill disease_193.jpg,train_split,Bacterial gill disease,Bacterial Gill Disease,2,.jpg,640,640,RGB,4122f59686cacd31acac82adcd9e4e8a3cd94a7dd3c3a0906a07e298f0e54741,e3cf0b3f360d0780,ok,,g2772,train
data/original/aquahealth/train_split/Bacterial gill disease/Bacterial gill disease_194.jpg,train_split,Bacterial gill disease,Bacterial Gill Disease,2,.jpg,640,640,RGB,7165c08b4d442a4756d37f9485e0c32922d06ea90a6176ca4dde2b00f8b52a69,9ccee77f3f1f073f,ok,,g2333,val
data/original/aquahealth/train_split/Bacterial gill disease/Bacterial gill disease_195.jpg,train_split,Bacterial gill disease,Bacterial Gill Disease,2,.jpg,640,640,RGB,e08cad21dafc2f84d2bd15af7a445dcbc52b9b3bd1f46e8e71f7f17e0bad54d5,80e0f0f8a84880e0,ok,,g2138,train
data/original/aquahealth/train_split/Bacterial gill disease/Bacterial gill disease_196.jpg,train_split,Bacterial gill disease,Bacterial Gill Disease,2,.jpg,640,640,RGB,510d75bad23d3ec6abfe45be4bffe9ce1cf8759446a532b9376f4334f9c8facc,fcf7e4e5e1f0f8f8,ok,,g3012,train
data/original/aquahealth/train_split/Bacterial gill disease/Bacterial gill disease_198.jpg,train_split,Bacterial gill disease,Bacterial Gill Disease,2,.jpg,640,640,RGB,2e500db3ea58b4f22b46489b9062f38bd9562ed903188b1fd319f3c87b6a8125,f0e8ac2880c0f098,ok,,g2875,train
data/original/aquahealth/train_split/Bacterial gill disease/Bacterial gill disease_199.jpg,train_split,Bacterial gill disease,Bacterial Gill Disease,2,.jpg,640,640,RGB,3ca172dec427584681a6fa833dfaf96bce28eaa27c7db17974fd918ded524aed,0808060707230301,ok,,g483,train
data/original/aquahealth/train_split/Bacterial gill disease/Bacterial gill disease_20.jpeg,train_split,Bacterial gill disease,Bacterial Gill Disease,2,.jpeg,224,224,RGB,b624044ae12ba4853ad58051907060ac21770b46a33dd9115b9a0590d5d57d20,7c78e0e0f3e3f1f0,ok,,g2056,train
data/original/aquahealth/train_split/Bacterial gill disease/Bacterial gill disease_200.jpg,train_split,Bacterial gill disease,Bacterial Gill Disease,2,.jpg,640,640,RGB,162abcf06d0af627b2d2d03e2dde2e6af0825984048b3881ecd1249dfdeba958,bebe3e3f9f9fdff8,ok,,g2453,val
data/original/aquahealth/train_split/Bacterial gill disease/Bacterial gill disease_201.jpg,train_split,Bacterial gill disease,Bacterial Gill Disease,2,.jpg,640,640,RGB,96a432ed8285a5d7a332c047515ce2e1f1b643e84754f158e572a5f2d43cecfa,8e317143c3c7c78f,ok,,g2251,test
data/original/aquahealth/train_split/Bacterial gill disease/Bacterial gill disease_202.jpg,train_split,Bacterial gill disease,Bacterial Gill Disease,2,.jpg,640,640,RGB,ed0594eabce127d65ec0e66e4fe0b9937dcfd6cc71e6645fcc7acc2cbf3b4342,101c0c0707272212,ok,,g804,test
data/original/aquahealth/train_split/Bacterial gill disease/Bacterial gill disease_208.jpg,train_split,Bacterial gill disease,Bacterial Gill Disease,2,.jpg,640,640,RGB,6384410ac828defa6aadcf4776c763f1aeccbca92bcec046235416c98bded63c,4fce8f8fcfcfc767,ok,,g1691,train
data/original/aquahealth/train_split/Bacterial gill disease/Bacterial gill disease_21.jpg,train_split,Bacterial gill disease,Bacterial Gill Disease,2,.jpg,224,224,RGB,5394f5e384e2623b2ae86da76e716d2b8d95435203c8118b9df278f68dae6078,0070e6e6e2e3330a,ok,,g104,test
data/original/aquahealth/train_split/Bacterial gill disease/Bacterial gill disease_210.jpg,train_split,Bacterial gill disease,Bacterial Gill Disease,2,.jpg,640,640,RGB,bd2abdc219ff8130a70065a20edea4a695fd79a878ae0256c24f859ed0dbd536,e9f9d9f1b9f1f0c0,ok,,g2830,train
data/original/aquahealth/train_split/Bacterial gill disease/Bacterial gill disease_212.jpg,train_split,Bacterial gill disease,Bacterial Gill Disease,2,.jpg,640,640,RGB,25ee6e87e9274a343c483a9c75544c3921b7ac316c857b9f936afa0973f5ba58,070be7e7e7783f3f,ok,,g400,train
data/original/aquahealth/train_split/Bacterial gill disease/Bacterial gill disease_213.jpg,train_split,Bacterial gill disease,Bacterial Gill Disease,2,.jpg,640,640,RGB,3dc391b10849d9792ee76dcec65265f3f1749b186115521ab011da0d6ad05aec,00f0f8f8fcec7800,ok,,g136,val
data/original/aquahealth/train_split/Bacterial gill disease/Bacterial gill disease_214.jpg,train_split,Bacterial gill disease,Bacterial Gill Disease,2,.jpg,640,640,RGB,94122116136cbbdc03b0545d5aa5e1cf8fc7d9ff6183199d36381001c8de7ab4,67e3e3e3f6f0c000,ok,,g1860,val
data/original/aquahealth/train_split/Bacterial gill disease/Bacterial gill disease_215.jpg,train_split,Bacterial gill disease,Bacterial Gill Disease,2,.jpg,640,640,RGB,f0d814d16c91b9f1a3b7965d09f6ca889544f03074daa35cb3fbd0a939d80389,1d272767e3f1fbfc,ok,,g972,train
data/original/aquahealth/train_split/Bacterial gill disease/Bacterial gill disease_216.jpg,train_split,Bacterial gill disease,Bacterial Gill Disease,2,.jpg,640,640,RGB,2e00cfedc1d1d218469fc0bfe2d4728d041513d635f38e65125838dc1d5891e0,7473e3e0ef1fc7f1,ok,,g1971,test
data/original/aquahealth/train_split/Bacterial gill disease/Bacterial gill disease_217.jpg,train_split,Bacterial gill disease,Bacterial Gill Disease,2,.jpg,640,640,RGB,009096e012d736e7d64fdf2d38d431db010c9cd202b5fe0b6ef53a2e479957bb,17171733312020c0,ok,,g859,train
data/original/aquahealth/train_split/Bacterial gill disease/Bacterial gill disease_218.jpg,train_split,Bacterial gill disease,Bacterial Gill Disease,2,.jpg,640,640,RGB,99ee09028c8631ffedef81e488c8739fa002596c169c06821a773a3532120f94,13002849900080c8,ok,,g825,test
data/original/aquahealth/train_split/Bacterial gill disease/Bacterial gill disease_220.jpg,train_split,Bacterial gill disease,Bacterial Gill Disease,2,.jpg,640,640,RGB,d27abb43543283c915b45ed964e00c44ba484cd4b5b9b1805532f1dff899e2f8,090c183170e1e1ce,ok,,g498,train
data/original/aquahealth/train_split/Bacterial gill disease/Bacterial gill disease_222.jpg,train_split,Bacterial gill disease,Bacterial Gill Disease,2,.jpg,640,640,RGB,1e090a5a2ea28e00c3aacd5f196b35b634650d53665b5c277d2661c2309c53e4,1e3b6370381e1c38,ok,,g997,train
data/original/aquahealth/train_split/Bacterial gill disease/Bacterial gill disease_223.jpg,train_split,Bacterial gill disease,Bacterial Gill Disease,2,.jpg,640,640,RGB,7006607e6848c4fa2475a1874170a9eb50505a02ce1abf5bbcc7321d6fefc4bc,ffb313c9e1631f1f,ok,,g3044,train
data/original/aquahealth/train_split/Bacterial gill disease/Bacterial gill disease_224.jpg,train_split,Bacterial gill disease,Bacterial Gill Disease,2,.jpg,640,640,RGB,34251e3d3c531bcce1db24783132d4130c2ecac5f3ff970468a4dda4e37c7b53,fbeb899981f1f8e0,ok,,g2994,test
data/original/aquahealth/train_split/Bacterial gill disease/Bacterial gill disease_225.jpg,train_split,Bacterial gill disease,Bacterial Gill Disease,2,.jpg,640,640,RGB,c14d51da32e1a9f04b33f04c2601cc3320690eb12b76c50fb2fa988c3b8bd8fd,5fc6207090c064c9,ok,,g1745,train
data/original/aquahealth/train_split/Bacterial gill disease/Bacterial gill disease_226.jpg,train_split,Bacterial gill disease,Bacterial Gill Disease,2,.jpg,640,640,RGB,72eb8606c510041bbdc73d1df803e3e8f5ee2b6f1ce5d191ff0aebb7c48163f3,81c1e9f848586000,ok,,g2151,train
data/original/aquahealth/train_split/Bacterial gill disease/Bacterial gill disease_227.jpg,train_split,Bacterial gill disease,Bacterial Gill Disease,2,.jpg,640,640,RGB,838914dc884117b0f917085b1130998c8ebc78fc3950ab8c8b1301565bfaa23d,3c0c9f5b1b1b1004,ok,,g1439,train
data/original/aquahealth/train_split/Bacterial gill disease/Bacterial gill disease_229.jpg,train_split,Bacterial gill disease,Bacterial Gill Disease,2,.jpg,640,640,RGB,50bded5fb1401726504d94fd8061b06e6da9f1f407fdf31c562c002bed2d3f38,e381a4e7effcf436,ok,,g2768,test
data/original/aquahealth/train_split/Bacterial gill disease/Bacterial gill disease_230.jpg,train_split,Bacterial gill disease,Bacterial Gill Disease,2,.jpg,640,640,RGB,82a3382b309ece5e6a1fe81705e4b7a050efff64369714b81310ec1a92689ad6,1b3c64e0ece9faf3,ok,,g934,val
data/original/aquahealth/train_split/Bacterial gill disease/Bacterial gill disease_235.jpg,train_split,Bacterial gill disease,Bacterial Gill Disease,2,.jpg,640,640,RGB,59050018cfb6265162a2af4210e0af0c3a11adff68011bf90e8bee33f9dc6183,1410202662e1c5c7,ok,,g843,test
data/original/aquahealth/train_split/Bacterial gill disease/Bacterial gill disease_236.jpg,train_split,Bacterial gill disease,Bacterial Gill Disease,2,.jpg,640,640,RGB,f25a6e84a263e9fd375fe1effcfaf6b9d59ceb38eb6fd4f73522e1af510a4c8f,721acec7c1c24e64,ok,,g1951,test
data/original/aquahealth/train_split/Bacterial gill disease/Bacterial gill disease_238.jpg,train_split,Bacterial gill disease,Bacterial Gill Disease,2,.jpg,640,640,RGB,ad2a119dd9d364fb7b7c3bff8102a2b7a7cb3feca2adf0448e86798a9fb0db15,e98ebedcf8f1aeef,ok,,g2828,train
data/original/aquahealth/train_split/Bacterial gill disease/Bacterial gill disease_239.jpg,train_split,Bacterial gill disease,Bacterial Gill Disease,2,.jpg,640,640,RGB,296b233946de4269ccfbf1f2f71d1a905d277ecd098d7e0e6761876d39af8232,a091c08894041414,ok,,g2372,train
data/original/aquahealth/train_split/Bacterial gill disease/Bacterial gill disease_24.jpeg,train_split,Bacterial gill disease,Bacterial Gill Disease,2,.jpeg,224,224,RGB,640fbc9b453b93fa9c088e7317494f7d7c1c18f78e700fd54b942decb7f919ad,9fb8e0c0e2e7c6e2,ok,,g2367,test
data/original/aquahealth/train_split/Bacterial gill disease/Bacterial gill disease_241.jpg,train_split,Bacterial gill disease,Bacterial Gill Disease,2,.jpg,640,640,RGB,9bd13e9939addaae60cb22ceb3a4b4f2894318e72b293bbda6c2274b02fd4395,ace4e4e4f4f1f97b,ok,,g2396,train
data/original/aquahealth/train_split/Bacterial gill disease/Bacterial gill disease_242.jpg,train_split,Bacterial gill disease,Bacterial Gill Disease,2,.jpg,640,640,RGB,6d7b065dee1e084eb9b493b8f7be6795ae130aba869e8039f3faa8d5013c396e,480c0e26251d4b43,ok,,g1639,train
data/original/aquahealth/train_split/Bacterial gill disease/Bacterial gill disease_243.jpg,train_split,Bacterial gill disease,Bacterial Gill Disease,2,.jpg,640,640,RGB,1f6ced30583ffbf8efb1d97a187843231df83093a1fa68fe20a9b5a75df576f9,87933b4b4c1d39b1,ok,,g2211,train
data/original/aquahealth/train_split/Bacterial gill disease/Bacterial gill disease_244.jpg,train_split,Bacterial gill disease,Bacterial Gill Disease,2,.jpg,640,640,RGB,8f177e954ed84ec0c6335bf0df5991c3b5f7f7dbc953de5df980647c1b660edd,5dc5c78f8d69673c,ok,,g1731,test
data/original/aquahealth/train_split/Bacterial gill disease/Bacterial gill disease_249.jpg,train_split,Bacterial gill disease,Bacterial Gill Disease,2,.jpg,640,640,RGB,c12c895244160b62e300e298db8ab1104e685c172f5ed2ac84e5d3162b8f3709,1b61c989991b5368,ok,,g937,train
data/original/aquahealth/train_split/Bacterial gill disease/Bacterial gill disease_25.jpg,train_split,Bacterial gill disease,Bacterial Gill Disease,2,.jpg,224,224,RGB,322f05aea2b048ad607b6e358fa1d23d0bf7d24c653e0073483910e41116fee7,b13565c871371d39,ok,,g2410,val
data/original/aquahealth/train_split/Bacterial gill disease/Bacterial gill disease_250.jpg,train_split,Bacterial gill disease,Bacterial Gill Disease,2,.jpg,640,640,RGB,71ba59955f1b8a75d0466ef2dd6d15239409237582a0e9163ff222cd6f8d4c19,3c2d63998dc7e67c,ok,,g1442,test
data/original/aquahealth/train_split/Bacterial gill disease/Bacterial gill disease_252.jpg,train_split,Bacterial gill disease,Bacterial Gill Disease,2,.jpg,640,640,RGB,a9f9f63dbcf02270448efe13ef728f969203135a73d38bc5784c3d62a6bbd975,23716c6c27337d41,ok,,g1165,test
data/original/aquahealth/train_split/Bacterial gill disease/Bacterial gill disease_255.jpg,train_split,Bacterial gill disease,Bacterial Gill Disease,2,.jpg,640,640,RGB,8f4cb4a4479272ad3cda8c9bb91a2b1a473558c2ad8162f7e50bd67f5329c745,e03c33a6eeecf8a3,ok,,g2691,train
data/original/aquahealth/train_split/Bacterial gill disease/Bacterial gill disease_256.jpg,train_split,Bacterial gill disease,Bacterial Gill Disease,2,.jpg,640,640,RGB,e26a5b2d5bcd3e224a3a602d077acb0506fa7e56d439eb02d4366fdcd5e31aa8,11b91c0f6931036f,ok,,g823,train
data/original/aquahealth/train_split/Bacterial gill disease/Bacterial gill disease_257.jpg,train_split,Bacterial gill disease,Bacterial Gill Disease,2,.jpg,640,640,RGB,d56c42ac5a78e65c60c2dce5546aae491ac9e5f7a44b353cf42b39ba01950935,3964c88c1833c3f1,ok,,g1404,val
data/original/aquahealth/train_split/Bacterial gill disease/Bacterial gill disease_258.jpg,train_split,Bacterial gill disease,Bacterial Gill Disease,2,.jpg,640,640,RGB,605c8ab0ab8ca965f9f03e834243fa547ac6bcaf571f6ca771eb7ed84658afc1,3e62c78f4b637f0b,ok,,g1489,val
data/original/aquahealth/train_split/Bacterial gill disease/Bacterial gill disease_259.jpg,train_split,Bacterial gill disease,Bacterial Gill Disease,2,.jpg,640,640,RGB,7ebdc2ecdd30f3b0a37e6c5eb1da32ccdbc7f5d42ec2a0d74c2cbe6195200a6d,e3f8ecee66333ee0,ok,,g2782,train
data/original/aquahealth/train_split/Bacterial gill disease/Bacterial gill disease_260.jpg,train_split,Bacterial gill disease,Bacterial Gill Disease,2,.jpg,640,640,RGB,6888308591a482fe54680ee7b148828d26006b5f0fc3d8a289f36ba3fd7d8bd4,3e04639b8b8fcd79,ok,,g1479,test
data/original/aquahealth/train_split/Bacterial gill disease/Bacterial gill disease_261.jpg,train_split,Bacterial gill disease,Bacterial Gill Disease,2,.jpg,640,640,RGB,542cf203c5ce83de6db998415dc65a0c9cea246e3ed21ae4f605e3938c631293,67981c4c6e3a9f93,ok,,g1858,train
data/original/aquahealth/train_split/Bacterial gill disease/Bacterial gill disease_262.jpg,train_split,Bacterial gill disease,Bacterial Gill Disease,2,.jpg,640,640,RGB,796254d2bab8066b6e0ba0140b2719ddd8bdb82b670283a6fd76a0203d65d61b,cf431d2d260e4e68,ok,,g2610,train
data/original/aquahealth/train_split/Bacterial gill disease/Bacterial gill disease_263.jpg,train_split,Bacterial gill disease,Bacterial Gill Disease,2,.jpg,640,640,RGB,6ea5c0ab45d13e6e610c2ffc59bfc4e73acf51baa1fce8b08f38a58eca887fb8,0783100c2466623f,ok,,g461,train
data/original/aquahealth/train_split/Bacterial gill disease/Bacterial gill disease_265.jpg,train_split,Bacterial gill disease,Bacterial Gill Disease,2,.jpg,640,640,RGB,3c8cb904815594a81f195b9f6a29dec38b4ba6464c4fab96a1f1212feb0dc4dd,41bceecfe7331e3f,ok,,g1580,train
data/original/aquahealth/train_split/Bacterial gill disease/Bacterial gill disease_266.jpg,train_split,Bacterial gill disease,Bacterial Gill Disease,2,.jpg,640,640,RGB,629c3f3700c1d2b0fc7401294d5321fa75cd3249c4b33b6e4add359132d24f7f,c1981c0e25350c24,ok,,g2511,val
data/original/aquahealth/train_split/Bacterial gill disease/Bacterial gill disease_267.jpg,train_split,Bacterial gill disease,Bacterial Gill Disease,2,.jpg,640,640,RGB,ead76a40d30f4eff6262bfbb5c7025075515dd9ba00317fd118e7911beccad3f,c3991c1c4e6b1dc3,ok,,g2530,test
data/original/aquahealth/train_split/Bacterial gill disease/Bacterial gill disease_268.jpg,train_split,Bacterial gill disease,Bacterial Gill Disease,2,.jpg,640,640,RGB,f97a894fcf67ee33f8418f30a26cff901aff79e1d27bb2a1d8e64552ef09a8d1,89991c0e653c096f,ok,,g2226,train
data/original/aquahealth/train_split/Bacterial gill disease/Bacterial gill disease_27.jpg,train_split,Bacterial gill disease,Bacterial Gill Disease,2,.jpg,224,224,RGB,14d99d59968b6bec50f8bb0ca6296b9399c357c2ceccb063837ccca63a6e8515,f8f5f2c2c8c0ec33,ok,,g2967,train
data/original/aquahealth/train_split/Bacterial gill disease/Bacterial gill disease_270.jpg,train_split,Bacterial gill disease,Bacterial Gill Disease,2,.jpg,640,640,RGB,1a095d37eb3fe1662a969557dbb9e69912005ff8640cf30d5ad36441bcc1fbd6,c7991c1c4e691d4b,ok,,g2565,train
data/original/aquahealth/train_split/Bacterial gill disease/Bacterial gill disease_271.jpg,train_split,Bacterial gill disease,Bacterial Gill Disease,2,.jpg,640,640,RGB,08f645b28fe9d55dfe27f1f2699e280f06d2ae55c41c7557d28e5a8f08d31b3e,3d67db5b0f87c5dd,ok,,g1474,train
data/original/aquahealth/train_split/Bacterial gill disease/Bacterial gill disease_272.jpg,train_split,Bacterial gill disease,Bacterial Gill Disease,2,.jpg,640,640,RGB,cbefb090ba58f4adf3637baf86f2152302da87626e0917dffc55483236652367,875f3a262e0e4833,ok,,g2207,train
data/original/aquahealth/train_split/Bacterial gill disease/Bacterial gill disease_273.jpg,train_split,Bacterial gill disease,Bacterial Gill Disease,2,.jpg,640,640,RGB,1f169df3d3695a2254c93af1f2d911642e0eb0344822cc33492f8c9f995207ee,e1f8ecee6736fce0,ok,,g2758,train
data/original/aquahealth/train_split/Bacterial gill disease/Bacterial gill disease_274.jpg,train_split,Bacterial gill disease,Bacterial Gill Disease,2,.jpg,640,640,RGB,27ed9d427263e70ced5d92b7eb3b64862114821376fbc8255684d8a4651e4266,3dcfcf8b9b670d3d,ok,,g1478,train
data/original/aquahealth/train_split/Bacterial gill disease/Bacterial gill disease_277.jpg,train_split,Bacterial gill disease,Bacterial Gill Disease,2,.jpg,640,640,RGB,e12923f1a0a68887f377383b3f7b6dbd4b9ca732be3282daee945a9f3dc60a0e,31c33218ac64703f,ok,,g1295,train
data/original/aquahealth/train_split/Bacterial gill disease/Bacterial gill disease_278.jpg,train_split,Bacterial gill disease,Bacterial Gill Disease,2,.jpg,640,640,RGB,5b9cebaa37c951581e841c74b27a7f4462d6840cfd13e555c04500bd6973e698,e1f8ec6e77333ef0,ok,,g2757,train
data/original/aquahealth/train_split/Bacterial gill disease/Bacterial gill disease_279.jpg,train_split,Bacterial gill disease,Bacterial Gill Disease,2,.jpg,640,640,RGB,14e3b7834bb12942e787f252761325ace3da8bab440fa5101edf927e3aec2fb6,013736266c747937,ok,,g179,test
data/original/aquahealth/train_split/Bacterial gill disease/Bacterial gill disease_280.jpg,train_split,Bacterial gill disease,Bacterial Gill Disease,2,.jpg,640,640,RGB,d742cc31926a1e96e2959a9dc445d06d0ebfefb426beefb751bea88e9d3fe192,89991c0e6d394b4b,ok,,g2227,train
data/original/aquahealth/train_split/Bacterial gill disease/Bacterial gill disease_298.jpg,train_split,Bacterial gill disease,Bacterial Gill Disease,2,.jpg,640,640,RGB,ad5001c1a8eeb10c9b7e8cec4c9a607460812b56ce7cf5505b359b20258508f8,156179796d6d3925,ok,,g848,train
data/original/aquahealth/train_split/Bacterial gill disease/Bacterial gill disease_318.jpg,train_split,Bacterial gill disease,Bacterial Gill Disease,2,.jpg,640,640,RGB,91e05467bb562cc5c0406c5c77284ada16c81976fe06e43fe95a393fd1d7e02a,e0c0a20131130b09,ok,,g2706,test
data/original/aquahealth/train_split/Bacterial gill disease/Bacterial gill disease_32.jpg,train_split,Bacterial gill disease,Bacterial Gill Disease,2,.jpg,224,224,RGB,40b2cd7f358176ca680dcd2172b3cc47970c5661a3426e52805d568f2fcb6ca7,f3f8fcfddcdecc8f,ok,,g2928,val
data/original/aquahealth/train_split/Bacterial gill disease/Bacterial gill disease_34.jpg,train_split,Bacterial gill disease,Bacterial Gill Disease,2,.jpg,224,224,RGB,060496a0c8868e3491f89534f6c470180164609924b4663010c0f9d368dbf344,d8eee7e7aec7e733,ok,,g2648,train
data/original/aquahealth/train_split/Bacterial gill disease/Bacterial gill disease_357.jpg,train_split,Bacterial gill disease,Bacterial Gill Disease,2,.jpg,640,640,RGB,611235b66cc89eac71eac4a0eb2302f3dc2f81c409b6805160b52a618f4a7fe8,d8ecefcd6777337e,ok,,g2647,test
data/original/aquahealth/train_split/Bacterial gill disease/Bacterial gill disease_358.jpg,train_split,Bacterial gill disease,Bacterial Gill Disease,2,.jpg,640,640,RGB,29ede60375b1dd35e9b41c138eafe7d448e16e5b9477ef6a4600cb555b170e39,3d676bab86c6e4fc,ok,,g1473,test
data/original/aquahealth/train_split/Bacterial gill disease/Bacterial gill disease_359.jpg,train_split,Bacterial gill disease,Bacterial Gill Disease,2,.jpg,640,640,RGB,7f65e88806759adfe8c2cb2136e353b686955e87335402dfa3e4db28be5d177f,7b70cccc881b4378,ok,,g2042,train
data/original/aquahealth/train_split/Bacterial gill disease/Bacterial gill disease_360.jpg,train_split,Bacterial gill disease,Bacterial Gill Disease,2,.jpg,640,640,RGB,5904e9f3b1f825a435569bf84a1e31f2f7a3b1ddac25f9f700e1b71a8c712248,7e64c6862beb6739,ok,,g2082,train
data/original/aquahealth/train_split/Bacterial gill disease/Bacterial gill disease_361.jpg,train_split,Bacterial gill disease,Bacterial Gill Disease,2,.jpg,640,640,RGB,678323cc293b931731878dedbf37181188a4ef9e02974467f6bbccf9d409b8f0,3b7be75b8fc7c7fd,ok,,g1433,train
data/original/aquahealth/train_split/Bacterial gill disease/Bacterial gill disease_363.jpg,train_split,Bacterial gill disease,Bacterial Gill Disease,2,.jpg,640,640,RGB,3f8aa8a08f92e2ca181e61174abffd046933185891c6e5da85e3bf629d77b1b8,f883139988c87038,ok,,g2954,train
data/original/aquahealth/train_split/Bacterial gill disease/Bacterial gill disease_368.jpg,train_split,Bacterial gill disease,Bacterial Gill Disease,2,.jpg,640,640,RGB,f08e9e7e4b582a71b1be72bf11790d14149ce540e19db69da575788759816834,93b1f4c141048682,ok,,g2290,train
data/original/aquahealth/train_split/Bacterial gill disease/Bacterial gill disease_372.jpg,train_split,Bacterial gill disease,Bacterial Gill Disease,2,.jpg,640,640,RGB,b596c6abe567356dcee0acc269ccca7de4d6730842c7325ceb85f48d91bc8b28,c31971434185017f,ok,,g2525,test
data/original/aquahealth/train_split/Bacterial gill disease/Bacterial gill disease_373.jpg,train_split,Bacterial gill disease,Bacterial Gill Disease,2,.jpg,640,640,RGB,815010eacd96c266686138d4bddca2a77941f45f4929f97881fda19881c7beff,0ffd9c79397b3b1f,ok,,g795,train
data/original/aquahealth/train_split/Bacterial gill disease/Bacterial gill disease_374.jpg,train_split,Bacterial gill disease,Bacterial Gill Disease,2,.jpg,640,640,RGB,c9b03faa494f443893400ad24e04f546e56e69631adbc9c0ca848eace020afdd,1765454363333303,ok,,g866,val
data/original/aquahealth/train_split/Bacterial gill disease/Bacterial gill disease_375.jpg,train_split,Bacterial gill disease,Bacterial Gill Disease,2,.jpg,640,640,RGB,39fcf3b252f28c573abb9c237d5d6c9f782c9aeaf7eef516569f6d7054ced71d,071b3973c3cb4b0f,ok,,g424,train
data/original/aquahealth/train_split/Bacterial gill disease/Bacterial gill disease_377.jpg,train_split,Bacterial gill disease,Bacterial Gill Disease,2,.jpg,640,640,RGB,4412c3b2df6366e6f628cd9839c980c247d5940900309414a0d81b375f0666ab,cf1b183343436525,ok,,g2608,train
data/original/aquahealth/train_split/Bacterial gill disease/Bacterial gill disease_38.jpg,train_split,Bacterial gill disease,Bacterial Gill Disease,2,.jpg,224,224,RGB,576677d46fd7437f086614b0a74334b8203c69849e2617d968240178dd3f5d13,3d0f8f9b171f0703,ok,,g1462,test
data/original/aquahealth/train_split/Bacterial gill disease/Bacterial gill disease_381.jpg,train_split,Bacterial gill disease,Bacterial Gill Disease,2,.jpg,640,640,RGB,f68c80c8a8100f469f41de0b287a01674feaec0d3bfaf0f4115b3456f47865af,fcffedcdc9ebefff,ok,,g3023,test
data/original/aquahealth/train_split/Bacterial gill disease/Bacterial gill disease_39.jpg,train_split,Bacterial gill disease,Bacterial Gill Disease,2,.jpg,224,224,RGB,e6ebb3722f9bb37a28b9d4305e7fe308a30a01d4fb03acdd6b46883855593e02,f9313123674302e3,ok,,g2974,val
data/original/aquahealth/train_split/Bacterial gill disease/Bacterial gill disease_392.jpg,train_split,Bacterial gill disease,Bacterial Gill Disease,2,.jpg,640,640,RGB,fe3ef22cb05c31143389bea381208f58c5a051e11ab8f26bdc724869b753bcf9,63e1e1c1c1999919,ok,,g1819,train
data/original/aquahealth/train_split/Bacterial gill disease/Bacterial gill disease_393.jpg,train_split,Bacterial gill disease,Bacterial Gill Disease,2,.jpg,640,640,RGB,6dd934e6fd16a90bc2fbff45f653f2b644229106d7716172f3cb93e583b0059f,79787c7c7c666666,ok,,g2028,train
data/original/aquahealth/train_split/Bacterial gill disease/Bacterial gill disease_40.jpg,train_split,Bacterial gill disease,Bacterial Gill Disease,2,.jpg,224,224,RGB,7ef69a25f48eece59abff4793a11000bf2e6cd28a6fd33a0428cccaae62c63fb,4fce8f8fcfcfc767,ok,,g1691,train
data/original/aquahealth/train_split/Bacterial gill disease/Bacterial gill disease_403.jpg,train_split,Bacterial gill disease,Bacterial Gill Disease,2,.jpg,640,640,RGB,89aa02e44683c3a7153694288114ef2399d3263b321816d03fb38acbf509d665,1f1f1e3d1f07030f,ok,,g1051,test
data/original/aquahealth/train_split/Bacterial gill disease/Bacterial gill disease_405.jpg,train_split,Bacterial gill disease,Bacterial Gill Disease,2,.jpg,640,640,RGB,b69ed4fa91096db9cb991a05965959d1c981cbf57fcd10beae61843d29664ffe,1f11784c74354d07,ok,,g1031,train
data/original/aquahealth/train_split/Bacterial gill disease/Bacterial gill disease_41.jpg,train_split,Bacterial gill disease,Bacterial Gill Disease,2,.jpg,224,224,RGB,9b353f0434eb9fd7191af2b6004275d6bcd08ec895261f17947a3cdc80a0d487,2068687a766608c1,label_conflict,,g1123,
data/original/aquahealth/train_split/Bacterial gill disease/Bacterial gill disease_42.jpg,train_split,Bacterial gill disease,Bacterial Gill Disease,2,.jpg,224,224,RGB,28410a4ef0e2912d6f7881e6b3be008988531347cc60dc3666968beddb5ed157,0f0f1b5f171b9bd9,ok,,g671,train
data/original/aquahealth/train_split/Bacterial gill disease/Bacterial gill disease_43.jpeg,train_split,Bacterial gill disease,Bacterial Gill Disease,2,.jpeg,224,224,RGB,83312ce386f5e2ed12a1395a946e8a764ec8e172fc7e4b253e18e5eec61fa027,0070e6e6e3e3330a,ok,,g105,train
data/original/aquahealth/train_split/Bacterial gill disease/Bacterial gill disease_44.jpg,train_split,Bacterial gill disease,Bacterial Gill Disease,2,.jpg,224,224,RGB,1a9e3c40530e64012f710704ad66d71e4cda876e72024116b772d2e2abe67455,0c3cf0d0d8f8f8fa,ok,,g553,val
data/original/aquahealth/train_split/Bacterial gill disease/Bacterial gill disease_45.jpg,train_split,Bacterial gill disease,Bacterial Gill Disease,2,.jpg,224,224,RGB,537fcb863367669063b9f29c6fb24a9d1da7a6f1734ce1f65e9aab11e97adeb5,bccfcfe5e7e7fffe,ok,,g2449,train
data/original/aquahealth/train_split/Bacterial gill disease/Bacterial gill disease_46.jpg,train_split,Bacterial gill disease,Bacterial Gill Disease,2,.jpg,224,224,RGB,a50abd2b562a55318e522df9ae5dfac060f4f472e8ba1872782566225365f04a,f9f931236703c378,ok,,g2981,train
data/original/aquahealth/train_split/Bacterial gill disease/Bacterial gill disease_47.jpg,train_split,Bacterial gill disease,Bacterial Gill Disease,2,.jpg,128,128,RGB,ffa38ce742fcb7a48a75781af4dc6abff41a8dc70aa7e3065a1993abf452a420,c76737b7193e4000,ok,,g2563,train
data/original/aquahealth/train_split/Bacterial gill disease/Bacterial gill disease_49.jpg,train_split,Bacterial gill disease,Bacterial Gill Disease,2,.jpg,128,128,RGB,4263aa7bff8605651eb782c5126303892ce0b25cba765d0aab87a627b6d200ac,7e3c3e1bdb7074c0,ok,,g2081,test
data/original/aquahealth/train_split/Bacterial gill disease/Bacterial gill disease_5.jpg,train_split,Bacterial gill disease,Bacterial Gill Disease,2,.jpg,640,640,RGB,595e88e9a6731c800247effbe11bc3a7b582b4ce12115ad4bd8023dee769df83,2323879f1f3d3430,ok,,g1162,test
data/original/aquahealth/train_split/Bacterial gill disease/Bacterial gill disease_51.png,train_split,Bacterial gill disease,Bacterial Gill Disease,2,.png,224,224,RGB,becf4f71a8ee034275db83d1994c09115ede5b685bad00076a11f3b45f104c9d,060e16061e1a0606,ok,,g346,train
data/original/aquahealth/train_split/Bacterial gill disease/Bacterial gill disease_52.jpg,train_split,Bacterial gill disease,Bacterial Gill Disease,2,.jpg,128,128,RGB,ccc5335aed9a458eb027c55655478a5a79295421b9048420cf232ad597b9bd8f,b212131303038787,ok,,g2419,train
data/original/aquahealth/train_split/Bacterial gill disease/Bacterial gill disease_53.jpg,train_split,Bacterial gill disease,Bacterial Gill Disease,2,.jpg,128,128,RGB,0fe21b5fbd5fe15943b1514ac845d9460a4b7bb89e19894ba33bc06ed16f4ac0,b333311109410387,ok,,g2421,train
data/original/aquahealth/train_split/Bacterial gill disease/Bacterial gill disease_54.jpg,train_split,Bacterial gill disease,Bacterial Gill Disease,2,.jpg,128,128,RGB,0959bee68b2f1fbc62bfc75dc8298cc9cdeb2b15786972fb430239f9969b5e5d,3ffefe9e6a64f0f0,ok,,g1556,train
data/original/aquahealth/train_split/Bacterial gill disease/Bacterial gill disease_55.jpg,train_split,Bacterial gill disease,Bacterial Gill Disease,2,.jpg,128,128,RGB,32c3cac50ddf7592a2af72e8e9cdb87d15d55e2268638d84034b0148a0458a6e,80e83c4e4fcdcb8f,ok,,g2139,val
data/original/aquahealth/train_split/Bacterial gill disease/Bacterial gill disease_56.jpg,train_split,Bacterial gill disease,Bacterial Gill Disease,2,.jpg,128,128,RGB,30fbcf2302e6c45c9c73066b910d408db08fb2986cd8790af942128677a96d42,001fffe3cbfdfcfc,ok,,g78,train
data/original/aquahealth/train_split/Bacterial gill disease/Bacterial gill disease_57.jpg,train_split,Bacterial gill disease,Bacterial Gill Disease,2,.jpg,128,128,RGB,d1adaa20b8fc81b96e4fc3dad886fdf5fe2f7767d9c6ba77ba28254238f6a55e,f0f0f2332f0fdff7,ok,,g2883,test
data/original/aquahealth/train_split/Bacterial gill disease/Bacterial gill disease_58.jpg,train_split,Bacterial gill disease,Bacterial Gill Disease,2,.jpg,128,128,RGB,84984251b8191b54286d11049aba07bd99eb5145f87a93e6c9bb99d923ccdfbd,e7ceceeeacb8c0c0,ok,,g2812,val
data/original/aquahealth/train_split/Bacterial gill disease/Bacterial gill disease_60.jpg,train_split,Bacterial gill disease,Bacterial Gill Disease,2,.jpg,128,128,RGB,f7fdfd66652d41fc18b906f274114731531bbdeb7f9eae43dda2abf8a093ff6a,e4e4e0c0c8d01800,ok,,g2794,train
data/original/aquahealth/train_split/Bacterial gill disease/Bacterial gill disease_62.png,train_split,Bacterial gill disease,Bacterial Gill Disease,2,.png,224,224,RGB,8d48c98afe2101e9d7210e9ea98a401e6b07cdbf1badf6de58a9b2e3c75afd11,f0d0f0e4f4d0d8f0,ok,,g2867,test
data/original/aquahealth/train_split/Bacterial gill disease/Bacterial gill disease_63.jpg,train_split,Bacterial gill disease,Bacterial Gill Disease,2,.jpg,128,128,RGB,f3a77c03ec220981cb9f789f5fe0dd13dce8de1865cce5ff76fb6421d887e2a7,200000c070180000,ok,,g1114,val
data/original/aquahealth/train_split/Bacterial gill disease/Bacterial gill disease_64.jpg,train_split,Bacterial gill disease,Bacterial Gill Disease,2,.jpg,128,128,RGB,d2578668371c97618c44ecbd6c24773c7568caf947826e305c961d8d634efb85,70d1d8d0d1f16068,ok,,g1929,train
data/original/aquahealth/train_split/Bacterial gill disease/Bacterial gill disease_65.jpg,train_split,Bacterial gill disease,Bacterial Gill Disease,2,.jpg,128,128,RGB,2577f9f6803b6ba014b3f32fd95ddf3bf5d2c7359050b209458c1afaee222183,626164747c7dbfbf,ok,,g1795,train
data/original/aquahealth/train_split/Bacterial gill disease/Bacterial gill disease_66.jpg,train_split,Bacterial gill disease,Bacterial Gill Disease,2,.jpg,128,128,RGB,69878842781ce6a5c9c4c7932e5e7e1dbe7d0483192d17d8396a859d77adaf68,3131e4c06878391d,ok,,g1286,val
data/original/aquahealth/train_split/Bacterial gill disease/Bacterial gill disease_68.jpg,train_split,Bacterial gill disease,Bacterial Gill Disease,2,.jpg,128,128,RGB,bccd5b5d0b0a532eaa181ccf65e69a03bef7b3caaff6eecb80b7b71bcc1fe754,cccec6c2c5e47078,ok,,g2595,val
data/original/aquahealth/train_split/Bacterial gill disease/Bacterial gill disease_69.jpeg,train_split,Bacterial gill disease,Bacterial Gill Disease,2,.jpeg,224,224,RGB,d8f38a43fc063d26971d506d88b510de1654754499edeff6b3dc623e3c329504,00f0f8f8fcec7800,ok,,g136,val
data/original/aquahealth/train_split/Bacterial gill disease/Bacterial gill disease_70.jpg,train_split,Bacterial gill disease,Bacterial Gill Disease,2,.jpg,128,128,RGB,c286890c646c9b1081d20659431622815410c35855c2daadd486ebf668f68ade,9f4fe7e5f4d65767,ok,,g2358,train
data/original/aquahealth/train_split/Bacterial gill disease/Bacterial gill disease_71.jpg,train_split,Bacterial gill disease,Bacterial Gill Disease,2,.jpg,128,128,RGB,6d729f55b1cb9be00a454c9122101a9c4aa4c449459546617ea8a9749d3154ba,f6ecd99c0c3c5c1e,ok,,g2943,test
data/original/aquahealth/train_split/Bacterial gill disease/Bacterial gill disease_74.jpg,train_split,Bacterial gill disease,Bacterial Gill Disease,2,.jpg,128,128,RGB,1370a72246d29ab579ea20627ae59967ab44ddf25252104c93ad7a114a1c6533,d9d3c7ebfbfbf9fc,ok,,g2655,val
data/original/aquahealth/train_split/Bacterial gill disease/Bacterial gill disease_77.jpg,train_split,Bacterial gill disease,Bacterial Gill Disease,2,.jpg,128,128,RGB,a690d66c49c95bcce6da2f054397643ceef64f3e095428f3d91e7a2ffd2a3c13,eda1406414084080,ok,,g2841,val
data/original/aquahealth/train_split/Bacterial gill disease/Bacterial gill disease_78.jpg,train_split,Bacterial gill disease,Bacterial Gill Disease,2,.jpg,128,128,RGB,8b6f641e32b2227fa89bed8a4b66656c11c29eb4fbae99ca2c9badf9d3d8750a,76636f777e753d7d,ok,,g1980,train
data/original/aquahealth/train_split/Bacterial gill disease/Bacterial gill disease_8.jpg,train_split,Bacterial gill disease,Bacterial Gill Disease,2,.jpg,224,224,RGB,fac6af7c113f0d08745ce021e53c05ea362a8e844902cc02643be01c4c28a6d9,0f0f1b5f171b9bd9,ok,,g671,train
data/original/aquahealth/train_split/Bacterial gill disease/Bacterial gill disease_80.jpg,train_split,Bacterial gill disease,Bacterial Gill Disease,2,.jpg,224,224,RGB,11f7a7b31f7a10ed247106c7f0f5571e2cd423b198b6f9cdb81ffe7d04b2a33f,60e0d0c0e2e06028,ok,,g1773,train
data/original/aquahealth/train_split/Bacterial gill disease/Bacterial gill disease_81.jpg,train_split,Bacterial gill disease,Bacterial Gill Disease,2,.jpg,128,128,RGB,b5f9334d5df81809018f9b212a48b7d0450f3560d920c2d6d0278a92a70adaef,f8f8a02130301090,ok,,g2968,train
data/original/aquahealth/train_split/Bacterial gill disease/Bacterial gill disease_82.jpg,train_split,Bacterial gill disease,Bacterial Gill Disease,2,.jpg,128,128,RGB,1b97f56428a555d134d7cc2d681a3c436744c59e4c6403e7c180f9f537616139,002070d8d8c8cec7,ok,,g81,train
data/original/aquahealth/train_split/Bacterial gill disease/Bacterial gill disease_83.jpg,train_split,Bacterial gill disease,Bacterial Gill Disease,2,.jpg,128,128,RGB,672aa5939f4a51f8cf692c596a2e5ce17528141f80aaf3c7a7cb867b3aa2eed4,08f87e3f3d75e767,ok,,g492,train
data/original/aquahealth/train_split/Bacterial gill disease/Bacterial gill disease_84.jpg,train_split,Bacterial gill disease,Bacterial Gill Disease,2,.jpg,128,128,RGB,13fec9de64325a21241cbf3d358da4048610184609cbecded328752df8798abf,ce9bb8bce8f337f7,ok,,g2606,train
data/original/aquahealth/train_split/Bacterial gill disease/Bacterial gill disease_85.jpg,train_split,Bacterial gill disease,Bacterial Gill Disease,2,.jpg,128,128,RGB,e2d5ffc1f773161736290b5d8928d91c13e1436939747fe31832bd9feebf4772,8f3b73fb78780904,ok,,g2263,train
data/original/aquahealth/train_split/Bacterial gill disease/Bacterial gill disease_86.jpg,train_split,Bacterial gill disease,Bacterial Gill Disease,2,.jpg,128,128,RGB,1fafe95ed2bf37d183a10afcd97ba5998744005b3bbac5f673402340176481e6,d8c6c443474f3f87,ok,,g2641,val
data/original/aquahealth/train_split/Bacterial gill disease/Bacterial gill disease_9.png,train_split,Bacterial gill disease,Bacterial Gill Disease,2,.png,224,224,RGB,22d8cdb22f5e32fb388ca4ee369d8d8afb7abd125d165e542370db26ac18f590,ec8f97d5f1f2f0c6,ok,,g2836,train
data/original/aquahealth/train_split/Bacterial gill disease/Bacterial gill disease_92.jpg,train_split,Bacterial gill disease,Bacterial Gill Disease,2,.jpg,640,640,RGB,30ca478baab9ac58f0e0ca3d2c6a9ba83993fa9e09fdf3fb39d54df8293481ab,b8f6e48c9c9898c8,ok,,g2436,train
data/original/aquahealth/train_split/Bacterial gill disease/Bacterial gill disease_93.jpg,train_split,Bacterial gill disease,Bacterial Gill Disease,2,.jpg,640,640,RGB,d4219bb398f2d30a985017973167baf25cb23fe466dc3b5f2953baca1904b230,f6f6f7e3e3c7cc1b,ok,,g2946,val
data/original/aquahealth/train_split/Bacterial gill disease/Bacterial gill disease_95.jpg,train_split,Bacterial gill disease,Bacterial Gill Disease,2,.jpg,640,640,RGB,46ad6b3a4708a86d0aaccad21cae36094319108a71c5cfecb47141b73d6f7bf9,e6ceceecece870e4,ok,,g2802,train
data/original/aquahealth/train_split/Bacterial gill disease/Bacterial gill disease_96.jpg,train_split,Bacterial gill disease,Bacterial Gill Disease,2,.jpg,640,640,RGB,00a509e7ff5bbfbd883589864bcd5b89052503f38797c77b4ef34a54b96c929a,3b7273f3c34595c3,ok,,g1431,train
data/original/aquahealth/train_split/Bacterial gill disease/Bacterial gill disease_97.jpg,train_split,Bacterial gill disease,Bacterial Gill Disease,2,.jpg,640,640,RGB,cf383390ba85fa450c226d61e1c993c03f7d3f9222b47e7a25deb77c91ddb78d,3060e3e341208007,ok,,g1259,train
data/original/aquahealth/train_split/Bacterial gill disease/Bacterial gill disease_99.jpg,train_split,Bacterial gill disease,Bacterial Gill Disease,2,.jpg,640,640,RGB,5bf34b6175757e0115a2ecfd104884402e9c3f41aab91ef1fb8289521a52cd82,0103297135119d8e,ok,,g164,train
data/original/aquahealth/train_split/Bacterial gill disease/Bacterial gill disease_aug_0.jpg,train_split,Bacterial gill disease,Bacterial Gill Disease,2,.jpg,640,640,RGB,c887f2a1f59c1a3f5d7d894c1b61b3010b933a6fa866828a544a91c47d2ef718,e5c68f1b5b476d1d,ok,,g2799,train
data/original/aquahealth/train_split/Bacterial gill disease/Bacterial gill disease_aug_1.jpg,train_split,Bacterial gill disease,Bacterial Gill Disease,2,.jpg,640,640,RGB,a56318ceacf3717efbb6f8c75edfc559817dc5d12007813361fccb54de9aa452,0f0e090f03000809,ok,,g658,train
data/original/aquahealth/train_split/Bacterial gill disease/Bacterial gill disease_aug_10.jpg,train_split,Bacterial gill disease,Bacterial Gill Disease,2,.jpg,128,128,RGB,486405ab600351610faec7cb981211b2cff3f313ae32ee0fb901b9fe285a0894,3f3e1edbdb73c501,ok,,g1522,train
data/original/aquahealth/train_split/Bacterial gill disease/Bacterial gill disease_aug_100.jpg,train_split,Bacterial gill disease,Bacterial Gill Disease,2,.jpg,640,640,RGB,b5075a56391660236a046b9cb91a91fc1b1835143dad5c90fef6d09c5ceaca31,47e1f0f8f2f0f0f0,ok,,g1638,train
data/original/aquahealth/train_split/Bacterial gill disease/Bacterial gill disease_aug_101.jpg,train_split,Bacterial gill disease,Bacterial Gill Disease,2,.jpg,128,128,RGB,45dad54ea0e1ed85b75f8eac12ae103f7df27d06d24e20348d983813ab9ad81d,0f1f1b1a1d0d5c6c,ok,,g714,val
data/original/aquahealth/train_split/Bacterial gill disease/Bacterial gill disease_aug_102.jpg,train_split,Bacterial gill disease,Bacterial Gill Disease,2,.jpg,640,640,RGB,030d99064945a3716e32ad7fe351707c940659851f40988d1853e5070d5336c1,79687a7b39331737,ok,,g2024,test
data/original/aquahealth/train_split/Bacterial gill disease/Bacterial gill disease_aug_103.jpg,train_split,Bacterial gill disease,Bacterial Gill Disease,2,.jpg,640,640,RGB,42a14cbde2b6d2ec2904c0655aa4853fd061eea7674bdb74be303b324094818d,eef22c363437a3a3,ok,,g2844,train
data/original/aquahealth/train_split/Bacterial gill disease/Bacterial gill disease_aug_104.jpg,train_split,Bacterial gill disease,Bacterial Gill Disease,2,.jpg,640,640,RGB,76febdcde6f97c2ed5b4c8ca0e5574f5db764c37f60f62701e10ec57e60ae41f,0032376c78390707,ok,,g86,train
data/original/aquahealth/train_split/Bacterial gill disease/Bacterial gill disease_aug_105.jpg,train_split,Bacterial gill disease,Bacterial Gill Disease,2,.jpg,640,640,RGB,99a133a3f105d1927f96ba3d5fc8dd8b59cbc64418985e9128de7216c9669fb8,3b1b4f6ee7f6df5f,ok,,g1421,train
data/original/aquahealth/train_split/Bacterial gill disease/Bacterial gill disease_aug_106.jpg,train_split,Bacterial gill disease,Bacterial Gill Disease,2,.jpg,640,640,RGB,bf6d866235e08f77376023126c768de318d32cb8e6965369ae16ef25ac77b24b,8180484c6c280800,ok,,g2144,train
data/original/aquahealth/train_split/Bacterial gill disease/Bacterial gill disease_aug_107.jpg,train_split,Bacterial gill disease,Bacterial Gill Disease,2,.jpg,640,640,RGB,6860977a152432f3d6a04c4d6a94f225f169e343e43656e44da81846550fdbcc,bebe3e3f9f9fdff8,ok,,g2453,val
data/original/aquahealth/train_split/Bacterial gill disease/Bacterial gill disease_aug_108.jpg,train_split,Bacterial gill disease,Bacterial Gill Disease,2,.jpg,640,640,RGB,a9580b8162656ffd9864ba05051335c5e90498bb23f0ba3a269ec2882d1493a1,059cfbf1f2f8d96c,ok,x2204,g335,train
data/original/aquahealth/train_split/Bacterial gill disease/Bacterial gill disease_aug_109.jpg,train_split,Bacterial gill disease,Bacterial Gill Disease,2,.jpg,640,640,RGB,086ccd1dc43cd1cfe9e252c9253635aa2040f2cd0206119a252c102f124d6f91,e060713ed8e89cf0,ok,,g2695,train
data/original/aquahealth/train_split/Bacterial gill disease/Bacterial gill disease_aug_11.jpg,train_split,Bacterial gill disease,Bacterial Gill Disease,2,.jpg,640,640,RGB,673c4378e7aee6412eb6478fd55a795ebbbd457fc3fccff5f6887fc0f45140e5,1b61c989991b5368,ok,,g937,train
data/original/aquahealth/train_split/Bacterial gill disease/Bacterial gill disease_aug_110.jpg,train_split,Bacterial gill disease,Bacterial Gill Disease,2,.jpg,640,640,RGB,178aba729a9a591811ae121b9bd24eb8ff5d289496ae1ce070474d8e1fcb6517,09290b0707230109,ok,,g506,val
data/original/aquahealth/train_split/Bacterial gill disease/Bacterial gill disease_aug_112.jpg,train_split,Bacterial gill disease,Bacterial Gill Disease,2,.jpg,640,640,RGB,95eb49f58077479b8448d36840d9d0f432853a5d5a467c0430bbe1ba83907bc5,11b91c0f6931036f,ok,,g823,train
data/original/aquahealth/train_split/Bacterial gill disease/Bacterial gill disease_aug_114.jpg,train_split,Bacterial gill disease,Bacterial Gill Disease,2,.jpg,640,640,RGB,8bd0993683695c1f1e1f8da54fba7c13b9547343e5c5db47d59dc80f1c89ec64,171bdd3d3933333f,ok,,g860,train
data/original/aquahealth/train_split/Bacterial gill disease/Bacterial gill disease_aug_116.jpg,train_split,Bacterial gill disease,Bacterial Gill Disease,2,.jpg,640,640,RGB,707805a5c2fe1b180ad7cb1bab781c1d6f3e8cf8046f8d146389fc5bd8961d28,0f1f191c1831010f,ok,,g713,val
data/original/aquahealth/train_split/Bacterial gill disease/Bacterial gill disease_aug_117.jpg,train_split,Bacterial gill disease,Bacterial Gill Disease,2,.jpg,640,640,RGB,c801082b6035eac689f9f51beae1268afdea0aaf98b67eb3d5cd8939d9d8848d,7f28613031130703,ok,,g2093,train
data/original/aquahealth/train_split/Bacterial gill disease/Bacterial gill disease_aug_119.jpg,train_split,Bacterial gill disease,Bacterial Gill Disease,2,.jpg,640,640,RGB,21dba11acb954743b98dc2115769705b3be52c970d51c591c5472f9388b9f3f9,3b7be75b8fc7c76d,ok,,g1432,train
data/original/aquahealth/train_split/Bacterial gill disease/Bacterial gill disease_aug_12.jpg,train_split,Bacterial gill disease,Bacterial Gill Disease,2,.jpg,640,640,RGB,b74c10fc19acc4f192f5bd99f66e7467877a7b78757228088a8f84bdcc51dc7a,f6f6f7e3e3c7cc1b,ok,,g2946,val
data/original/aquahealth/train_split/Bacterial gill disease/Bacterial gill disease_aug_120.jpg,train_split,Bacterial gill disease,Bacterial Gill Disease,2,.jpg,640,640,RGB,227a79ee907766f92a3afdbae74e1c83a9bcd3a013149a45c35e7d14e28fb156,f0f4f3f3f9797cf0,ok,,g2886,train
data/original/aquahealth/train_split/Bacterial gill disease/Bacterial gill disease_aug_121.jpg,train_split,Bacterial gill disease,Bacterial Gill Disease,2,.jpg,128,128,RGB,3680bf5096642eb26d95421ba0d59a5532ea65ec648424bddac334438b0b5fb3,b979d9d1c1410202,ok,,g2441,val
data/original/aquahealth/train_split/Bacterial gill disease/Bacterial gill disease_aug_122.jpg,train_split,Bacterial gill disease,Bacterial Gill Disease,2,.jpg,224,224,RGB,d4bc750bc9647dc4340b00f551c68d4a22081f9029d94aa19765f0d6d14c1cdb,0c3cf0d0d8f8f8fa,ok,,g553,val
data/original/aquahealth/train_split/Bacterial gill disease/Bacterial gill disease_aug_123.jpg,train_split,Bacterial gill disease,Bacterial Gill Disease,2,.jpg,224,224,RGB,b25977f0b461d8275489e3f921d8eb84e07602ffab5c189d1ecb6e82249a0ff0,d1a5e7d0c8cc683f,ok,,g2623,train
data/original/aquahealth/train_split/Bacterial gill disease/Bacterial gill disease_aug_124.jpg,train_split,Bacterial gill disease,Bacterial Gill Disease,2,.jpg,128,128,RGB,ed68770d177774dc6554ef7633da84fc4f965a67f9d7db2fdb5bdd0d1ab83a9a,8b3b73fb78780904,ok,,g2231,val
data/original/aquahealth/train_split/Bacterial gill disease/Bacterial gill disease_aug_125.jpg,train_split,Bacterial gill disease,Bacterial Gill Disease,2,.jpg,640,640,RGB,d5022fd1db634a33d85102f18afa6d2c1f907ed76a38e76c44c9c0379ac01baa,064733331b1b1b1b,ok,,g353,train
data/original/aquahealth/train_split/Bacterial gill disease/Bacterial gill disease_aug_127.jpg,train_split,Bacterial gill disease,Bacterial Gill Disease,2,.jpg,640,640,RGB,a93da262483627ffe76dc2fecd5d8474f05979c4f7cfd850b6f6f40a7dbb3406,460c180103071f03,ok,x2203,g1615,val
data/original/aquahealth/train_split/Bacterial gill disease/Bacterial gill disease_aug_128.jpg,train_split,Bacterial gill disease,Bacterial Gill Disease,2,.jpg,640,640,RGB,c5353df56112cdfc167200e92d83c99251ad4e56a217a164018c87fe5c662ffb,0d0f3e766262dc98,ok,,g577,train
data/original/aquahealth/train_split/Bacterial gill disease/Bacterial gill disease_aug_129.jpg,train_split,Bacterial gill disease,Bacterial Gill Disease,2,.jpg,128,128,RGB,4756a07e1d8d1aa8bb3c51d0017f8628ef923dc2b01b8c5a77579fa85b965b6c,0f08493870b99f0f,ok,,g648,train
data/original/aquahealth/train_split/Bacterial gill disease/Bacterial gill disease_aug_13.jpg,train_split,Bacterial gill disease,Bacterial Gill Disease,2,.jpg,640,640,RGB,eb3587caa561a817be3e2e0a48d8846e2ffad0977bdb7d31301aa414b0955fbf,17595d3d3933331f,ok,,g865,train
data/original/aquahealth/train_split/Bacterial gill disease/Bacterial gill disease_aug_131.jpg,train_split,Bacterial gill disease,Bacterial Gill Disease,2,.jpg,128,128,RGB,cfc3488e38a76bb9df038564366c506ae4f9b15440c098971569e14b4a7eff84,6f674746c1877f0f,ok,,g1900,train
data/original/aquahealth/train_split/Bacterial gill disease/Bacterial gill disease_aug_132.jpg,train_split,Bacterial gill disease,Bacterial Gill Disease,2,.jpg,640,640,RGB,7583048f296b29c0e9c898bef3660be0ac4696d88559f06fc7b7985f2397a240,0078f0c0c0cccee7,ok,,g107,train
data/original/aquahealth/train_split/Bacterial gill disease/Bacterial gill disease_aug_134.jpg,train_split,Bacterial gill disease,Bacterial Gill Disease,2,.jpg,640,640,RGB,a61a3d75e4b1a7c005920064f854230d49568005035815f0e9e9e9c6a122fc3c,cac8d8d8d0706121,ok,,g2588,train
data/original/aquahealth/train_split/Bacterial gill disease/Bacterial gill disease_aug_135.jpg,train_split,Bacterial gill disease,Bacterial Gill Disease,2,.jpg,640,640,RGB,9554d957dee491188088e7b98674114bdc5fd92fe9ecea292271fe9ef4e19e04,cf431d2d260e4e68,ok,,g2610,train
data/original/aquahealth/train_split/Bacterial gill disease/Bacterial gill disease_aug_136.jpg,train_split,Bacterial gill disease,Bacterial Gill Disease,2,.jpg,640,640,RGB,2c6bb79d025f1e72ab12116be207164dfb1c67ea6dd8a6e78514f348f149f1f1,03193f998f676777,ok,,g260,train
data/original/aquahealth/train_split/Bacterial gill disease/Bacterial gill disease_aug_137.jpg,train_split,Bacterial gill disease,Bacterial Gill Disease,2,.jpg,640,640,RGB,26cf349dad38b90c41daec0fdc1de8c6e263ffc8e14d41fad3d8de367973f8cb,fcffedcdc9ebefff,ok,,g3023,test
data/original/aquahealth/train_split/Bacterial gill disease/Bacterial gill disease_aug_138.jpg,train_split,Bacterial gill disease,Bacterial Gill Disease,2,.jpg,640,640,RGB,dd8a82db062170cb61eee338eb43c642a1087b2d4deca69adf64b3848de60042,3f6267874deb630b,ok,,g1532,test
data/original/aquahealth/train_split/Bacterial gill disease/Bacterial gill disease_aug_139.jpg,train_split,Bacterial gill disease,Bacterial Gill Disease,2,.jpg,640,640,RGB,c6941b87785cc6d5a740dd76517d7fe06aaa5431c945d84b30d5c4c84c5ca7b3,27c3c1f8c868a030,ok,,g1203,train
data/original/aquahealth/train_split/Bacterial gill disease/Bacterial gill disease_aug_14.jpg,train_split,Bacterial gill disease,Bacterial Gill Disease,2,.jpg,640,640,RGB,99296ef26c7574d02ca9c0acc6c910f96285663b8c2f700ca6f1fd90850d9d5e,f0c4c0c88ee7e7e1,ok,,g2861,train
data/original/aquahealth/train_split/Bacterial gill disease/Bacterial gill disease_aug_141.jpg,train_split,Bacterial gill disease,Bacterial Gill Disease,2,.jpg,640,640,RGB,1d33ca6e3c29a93771a488be21f19df622387437de021ca8ee7888fa859f0776,0103297135119d8e,ok,,g164,train
data/original/aquahealth/train_split/Bacterial gill disease/Bacterial gill disease_aug_142.jpg,train_split,Bacterial gill disease,Bacterial Gill Disease,2,.jpg,224,224,RGB,c86df1d8cd7ceb93ccc2d6f21ab7887c74772a310d208482c1536b0d92c656cd,430f0e2617071f3f,ok,,g1592,train
data/original/aquahealth/train_split/Bacterial gill disease/Bacterial gill disease_aug_143.jpg,train_split,Bacterial gill disease,Bacterial Gill Disease,2,.jpg,640,640,RGB,cebed5df35f13a8a6344452f568703e1a035cc9ab819d72b4673f9121d07ab82,5fc6217090c064e9,ok,,g1746,train
data/original/aquahealth/train_split/Bacterial gill disease/Bacterial gill disease_aug_146.jpg,train_split,Bacterial gill disease,Bacterial Gill Disease,2,.jpg,640,640,RGB,a85292b3615010acabc6f233926fa7784edc39a6a3d89af666c64c06dbaa7a98,4949e5f06070707f,ok,,g1642,train
data/original/aquahealth/train_split/Bacterial gill disease/Bacterial gill disease_aug_147.jpg,train_split,Bacterial gill disease,Bacterial Gill Disease,2,.jpg,224,224,RGB,2e235b51f462e6dec819b6cd9822d657f4c7bb7238dbe76e0165a2e9b428af60,372763e5c5e1e1e8,label_conflict,,g1350,
data/original/aquahealth/train_split/Bacterial gill disease/Bacterial gill disease_aug_148.jpg,train_split,Bacterial gill disease,Bacterial Gill Disease,2,.jpg,640,640,RGB,795faf8f7176ed2941ead0819ba8497469d184e8e08b7b3dc81240cd9af12b3f,199d1e4725382127,ok,,g910,train
data/original/aquahealth/train_split/Bacterial gill disease/Bacterial gill disease_aug_149.jpg,train_split,Bacterial gill disease,Bacterial Gill Disease,2,.jpg,640,640,RGB,ba92c686aa46564094810c459343ffd4bda72dc5296d5deb1a89b2e8f5009c1e,6068200031130301,ok,,g1765,train
data/original/aquahealth/train_split/Bacterial gill disease/Bacterial gill disease_aug_15.jpg,train_split,Bacterial gill disease,Bacterial Gill Disease,2,.jpg,128,128,RGB,0a81b52432361c15c87aaee4fcdf58e2e2e9d9b0deb42f83827c6127c734ed33,e6e3c78d1ba0e789,ok,,g2803,train
data/original/aquahealth/train_split/Bacterial gill disease/Bacterial gill disease_aug_150.jpg,train_split,Bacterial gill disease,Bacterial Gill Disease,2,.jpg,640,640,RGB,0999f3be56ec2f5332a7f45add39f2e5799d6c717f50f0a8e6d0799d38a1ec10,480c0e26251d4b43,ok,,g1639,train
data/original/aquahealth/train_split/Bacterial gill disease/Bacterial gill disease_aug_151.jpg,train_split,Bacterial gill disease,Bacterial Gill Disease,2,.jpg,640,640,RGB,ff14a783c0b6d4b72d1afde19eaaa0014e638e658752108d019db29a4421b62d,64c6871d5bc37909,ok,,g1835,train
data/original/aquahealth/train_split/Bacterial gill disease/Bacterial gill disease_aug_152.jpg,train_split,Bacterial gill disease,Bacterial Gill Disease,2,.jpg,640,640,RGB,b970eb2c34fdbd91729cfce4f3d5e32f475f2c91c978800bdb85b1b5402f5a52,61f8ecee6736fce0,ok,,g1793,train
data/original/aquahealth/train_split/Bacterial gill disease/Bacterial gill disease_aug_154.jpg,train_split,Bacterial gill disease,Bacterial Gill Disease,2,.jpg,640,640,RGB,f6af7e711a7ee7d8566d205425a66bb218965f2f0895c6a960758ae2670b42a7,1e3c632d8d476372,ok,,g999,train
data/original/aquahealth/train_split/Bacterial gill disease/Bacterial gill disease_aug_155.jpg,train_split,Bacterial gill disease,Bacterial Gill Disease,2,.jpg,224,224,RGB,ac138c39eab448380cc623256074241f3d47a14600f0e69dc1e818ac527f5486,0103170e0f0b0f07,ok,,g163,val
data/original/aquahealth/train_split/Bacterial gill disease/Bacterial gill disease_aug_156.jpg,train_split,Bacterial gill disease,Bacterial Gill Disease,2,.jpg,640,640,RGB,c4384aed7e1a00a43bc740dd5dd10a7673418d03b04949ce30a78e166debd272,30b8b8be760cc141,ok,,g1274,val
data/original/aquahealth/train_split/Bacterial gill disease/Bacterial gill disease_aug_157.jpg,train_split,Bacterial gill disease,Bacterial Gill Disease,2,.jpg,640,640,RGB,ff91aac6dc6b131c26f94d4ed20d441045af02ab0be7f7539cd3c9b618baa4e2,c160713e58ec9cf0,ok,,g2506,train
data/original/aquahealth/train_split/Bacterial gill disease/Bacterial gill disease_aug_159.jpg,train_split,Bacterial gill disease,Bacterial Gill Disease,2,.jpg,640,640,RGB,1e8ad6dca368712f516df6a30c010a7909e2095e0a60679c23aabb18088d66d7,7cfeedcdc9ebefff,ok,,g2061,val
data/original/aquahealth/train_split/Bacterial gill disease/Bacterial gill disease_aug_16.jpg,train_split,Bacterial gill disease,Bacterial Gill Disease,2,.jpg,640,640,RGB,b8fc10d8bfe0d72f92358f2caf397f1b4440a3f0c8c1abc9b64641854c95ce44,67716c6c2637fd81,ok,,g1857,train
data/original/aquahealth/train_split/Bacterial gill disease/Bacterial gill disease_aug_160.jpg,train_split,Bacterial gill disease,Bacterial Gill Disease,2,.jpg,128,128,RGB,0bb9914498e89ee5f0d707c4a914a92e9fc4837d124a877257d4c0719f1b1aa1,eded3f795d663878,ok,,g2842,train
data/original/aquahealth/train_split/Bacterial gill disease/Bacterial gill disease_aug_161.jpg,train_split,Bacterial gill disease,Bacterial Gill Disease,2,.jpg,640,640,RGB,9a65fd26fdb958d40890067f5f62d79ca9c740ead65137fb1248f6f38970ddfe,7f7b3869e1d0c4c5,ok,,g2105,train
data/original/aquahealth/train_split/Bacterial gill disease/Bacterial gill disease_aug_163.jpg,train_split,Bacterial gill disease,Bacterial Gill Disease,2,.jpg,640,640,RGB,7d73a03be7e8a2885203496acf8185e0a4c71646fc0192d81be9cc72e58d5ddd,a53cf0d0c1e9707f,ok,,g2388,train
data/original/aquahealth/train_split/Bacterial gill disease/Bacterial gill disease_aug_165.jpg,train_split,Bacterial gill disease,Bacterial Gill Disease,2,.jpg,128,128,RGB,1a6f0f653ae6bc49b5af187c31e7e9357012b7d7bfdbba0d84ff7653ac3064d7,00008087a9d9f1f0,ok,,g34,train
data/original/aquahealth/train_split/Bacterial gill disease/Bacterial gill disease_aug_167.jpg,train_split,Bacterial gill disease,Bacterial Gill Disease,2,.jpg,640,640,RGB,6fb2f1cb27138c2c02c548dacbb9e152535e0b9da28de11f165e4ec72497b7d2,6868210031130703,ok,,g1863,train
data/original/aquahealth/train_split/Bacterial gill disease/Bacterial gill disease_aug_168.jpg,train_split,Bacterial gill disease,Bacterial Gill Disease,2,.jpg,128,128,RGB,ade7c6b606f277b701f05bb8bdda37046ba80aad8c4f258950eb0b557bc06786,7ee8c38d0d4c2c0e,ok,,g2089,train
data/original/aquahealth/train_split/Bacterial gill disease/Bacterial gill disease_aug_169.jpg,train_split,Bacterial gill disease,Bacterial Gill Disease,2,.jpg,224,224,RGB,f93127a550bb859465ef3cdc53fa27a650946dbb5dffc8d030d856ec133218f7,4f60c53c28c9c103,ok,,g1684,train
data/original/aquahealth/train_split/Bacterial gill disease/Bacterial gill disease_aug_17.jpg,train_split,Bacterial gill disease,Bacterial Gill Disease,2,.jpg,640,640,RGB,1f77a76422469db6641133c938a0c2d359212343f4b1408413fc87ca2bea80de,6c21615838143e3c,ok,,g1876,train
data/original/aquahealth/train_split/Bacterial gill disease/Bacterial gill disease_aug_171.jpg,train_split,Bacterial gill disease,Bacterial Gill Disease,2,.jpg,640,640,RGB,091b1c1a19ca5d2b270d46993fe4c37a58b0cb5f894db9f7f7b22f2bd02abf94,89991c0e653c096f,ok,,g2226,train
data/original/aquahealth/train_split/Bacterial gill disease/Bacterial gill disease_aug_172.jpg,train_split,Bacterial gill disease,Bacterial Gill Disease,2,.jpg,640,640,RGB,caa324ca803feb6222baa3733b55affb5e30670474599d531a182d88dc280692,1f19784c74354d07,ok,,g1041,test
data/original/aquahealth/train_split/Bacterial gill disease/Bacterial gill disease_aug_173.jpg,train_split,Bacterial gill disease,Bacterial Gill Disease,2,.jpg,640,640,RGB,240fbdff94918ff520456a64356293029dd0eccf82c7f3f84ae03bf3a409b6ba,3e7c68e0ede5f97f,ok,,g1492,train
data/original/aquahealth/train_split/Bacterial gill disease/Bacterial gill disease_aug_174.jpg,train_split,Bacterial gill disease,Bacterial Gill Disease,2,.jpg,640,640,RGB,5728c024399c49c1f9863730abe729a0597fd7bcb044c70a2c2f973b356edf3e,1dcd9130e8c06d3f,ok,,g983,train
data/original/aquahealth/train_split/Bacterial gill disease/Bacterial gill disease_aug_175.jpg,train_split,Bacterial gill disease,Bacterial Gill Disease,2,.jpg,128,128,RGB,664aeed0ad536cd29b1b97313339024c319dc2b6226a804d2ef4584ce758335b,597cfdd3d7df7e7f,ok,,g1710,val
data/original/aquahealth/train_split/Bacterial gill disease/Bacterial gill disease_aug_176.jpg,train_split,Bacterial gill disease,Bacterial Gill Disease,2,.jpg,128,128,RGB,ae0550b6db68bb3587779258afbd5e7dbc2af7eedf473ecb93557e834ad37e05,e6e3c78d1ba0e789,ok,,g2803,train
data/original/aquahealth/train_split/Bacterial gill disease/Bacterial gill disease_aug_177.jpg,train_split,Bacterial gill disease,Bacterial Gill Disease,2,.jpg,640,640,RGB,55f8f0a924a7925a5a1101ebcd28b541322cda6f4fee475e403bfdfb51e08e1a,1b7be75b8fc7c76d,ok,,g939,train
data/original/aquahealth/train_split/Bacterial gill disease/Bacterial gill disease_aug_178.jpg,train_split,Bacterial gill disease,Bacterial Gill Disease,2,.jpg,640,640,RGB,f686c610e815369788b61d2e2cde0cebd1f817c172547e8e525d9112a8c64ab7,001884b098cfdb39,ok,,g72,train
data/original/aquahealth/train_split/Bacterial gill disease/Bacterial gill disease_aug_179.jpg,train_split,Bacterial gill disease,Bacterial Gill Disease,2,.jpg,224,224,RGB,a1ab60c53032dde60f3827a5708893fb88b2ef21fda89b885452d3dce6bbac56,6760e8e4e6f6f331,ok,,g1853,train
data/original/aquahealth/train_split/Bacterial gill disease/Bacterial gill disease_aug_18.jpg,train_split,Bacterial gill disease,Bacterial Gill Disease,2,.jpg,128,128,RGB,feb0cc64500f420afa316c722bb4113d1804f5f6f2edb2a3c7ccc0cbe955a506,df4db09199d8f9db,ok,,g2683,val
data/original/aquahealth/train_split/Bacterial gill disease/Bacterial gill disease_aug_181.jpg,train_split,Bacterial gill disease,Bacterial Gill Disease,2,.jpg,640,640,RGB,2b3b6b972efa25d84eefdf41ca0b479e12119328c8d4156358c00eaf64c8dbac,90c0f0fcfccc8c18,ok,,g2275,train
data/original/aquahealth/train_split/Bacterial gill disease/Bacterial gill disease_aug_183.jpg,train_split,Bacterial gill disease,Bacterial Gill Disease,2,.jpg,640,640,RGB,ebba8ff32c33623c901909941c4ee7c3065cc3e32629a026c2af710af5fc3a38,875f3a262e0e4833,ok,,g2207,train
data/original/aquahealth/train_split/Bacterial gill disease/Bacterial gill disease_aug_187.jpg,train_split,Bacterial gill disease,Bacterial Gill Disease,2,.jpg,640,640,RGB,4bf1fe503e6e1b8209a15a37bea4a205164bf47b93a962b131b274325c89d0a3,ce7872cc4c283012,ok,,g2604,train
data/original/aquahealth/train_split/Bacterial gill disease/Bacterial gill disease_aug_191.jpg,train_split,Bacterial gill disease,Bacterial Gill Disease,2,.jpg,640,640,RGB,891211611283bbd11917325c3d805a60002fcafec1711003157c03457735dd10,47cf8d252717776f,ok,,g1636,train
data/original/aquahealth/train_split/Bacterial gill disease/Bacterial gill disease_aug_192.jpg,train_split,Bacterial gill disease,Bacterial Gill Disease,2,.jpg,128,128,RGB,41669c4b1d90e98c077ec2177987fb8dac9b66d234fc774ff7774c2027d59c24,c1f325adcce6ee7f,ok,,g2522,train
data/original/aquahealth/train_split/Bacterial gill disease/Bacterial gill disease_aug_193.jpg,train_split,Bacterial gill disease,Bacterial Gill Disease,2,.jpg,640,640,RGB,2f091dedee0d9bc75a26a0a8b94df1bf551d4c41872531fb5f80a4675b075a8c,47080c0e26350d61,ok,,g1624,train
data/original/aquahealth/train_split/Bacterial gill disease/Bacterial gill disease_aug_194.jpg,train_split,Bacterial gill disease,Bacterial Gill Disease,2,.jpg,224,224,RGB,989a06d4509f0291b59112dc661fed93590fdb34e684494125e9a7bb8b185c5e,2f0f0f2616073f3f,ok,,g1226,train
data/original/aquahealth/train_split/Bacterial gill disease/Bacterial gill disease_aug_196.jpg,train_split,Bacterial gill disease,Bacterial Gill Disease,2,.jpg,640,640,RGB,a93da262483627ffe76dc2fecd5d8474f05979c4f7cfd850b6f6f40a7dbb3406,460c180103071f03,ok,x2203,g1615,
data/original/aquahealth/train_split/Bacterial gill disease/Bacterial gill disease_aug_197.jpg,train_split,Bacterial gill disease,Bacterial Gill Disease,2,.jpg,640,640,RGB,3eeedb0a32db5e25d07656626d1260b4fb34bbe32fa23035101ef76636d9bec1,c3c78690b18cc070,ok,,g2539,val
data/original/aquahealth/train_split/Bacterial gill disease/Bacterial gill disease_aug_198.jpg,train_split,Bacterial gill disease,Bacterial Gill Disease,2,.jpg,640,640,RGB,5c98335c917553e75d6c429fc7bdc354316e8efd1ed331f511e5bf5348906886,f3f938383dfbfe1f,ok,,g2929,train
data/original/aquahealth/train_split/Bacterial gill disease/Bacterial gill disease_aug_199.jpg,train_split,Bacterial gill disease,Bacterial Gill Disease,2,.jpg,224,224,RGB,3b7cebfc35a53bcbec2eb65b0084b4dc6207da72c92d3b6a34407ba97c5007d8,6050b0b4ecfcc823,ok,,g1759,train
data/original/aquahealth/train_split/Bacterial gill disease/Bacterial gill disease_aug_20.jpg,train_split,Bacterial gill disease,Bacterial Gill Disease,2,.jpg,224,224,RGB,24afb2b0782fb34e5c43b9a62c0a7a8b78d06ff522a66672e2f56cd9ca9c400b,3878f4fcb8f87828,ok,,g1377,val
data/original/aquahealth/train_split/Bacterial gill disease/Bacterial gill disease_aug_200.jpg,train_split,Bacterial gill disease,Bacterial Gill Disease,2,.jpg,128,128,RGB,39a8c79aec32f7ce3952198abdf71fea939621851a3ba35db69e8f9be3034331,1f08493870bf8f8f,ok,,g1024,test
data/original/aquahealth/train_split/Bacterial gill disease/Bacterial gill disease_aug_201.jpg,train_split,Bacterial gill disease,Bacterial Gill Disease,2,.jpg,640,640,RGB,bd0d934f1a6402eab9faa679d6013f85bfc86fe740455ae3bf7b0e24e5ec7609,e2f0e04c9c38603c,ok,,g2766,train
data/original/aquahealth/train_split/Bacterial gill disease/Bacterial gill disease_aug_202.jpg,train_split,Bacterial gill disease,Bacterial Gill Disease,2,.jpg,640,640,RGB,a584b2376caea54fe3ddfc09f92c168c9222cefb2c9b84f11f150d677891ba8b,1e3b6370381e1c38,ok,,g997,train
data/original/aquahealth/train_split/Bacterial gill disease/Bacterial gill disease_aug_203.jpg,train_split,Bacterial gill disease,Bacterial Gill Disease,2,.jpg,640,640,RGB,e57cf21d054448762f6608d6fa5923e17cba0029cd2ffc155c162c0f37462292,0020e1697934ec5c,ok,,g82,train
data/original/aquahealth/train_split/Bacterial gill disease/Bacterial gill disease_aug_205.jpg,train_split,Bacterial gill disease,Bacterial Gill Disease,2,.jpg,224,224,RGB,219cf55eccd8d71f6bfc09c6e31fd7094c1759dfd6184c285523eb2b2a538651,9fb8e0c0a2e6cee6,ok,,g2366,train
data/original/aquahealth/train_split/Bacterial gill disease/Bacterial gill disease_aug_206.jpg,train_split,Bacterial gill disease,Bacterial Gill Disease,2,.jpg,640,640,RGB,c3ec13a8ae3a8c74348a3064b9d2bc7e7b53a4a0c75887eca5a866d62d4d32c6,470102e099c9c109,ok,,g1621,train
data/original/aquahealth/train_split/Bacterial gill disease/Bacterial gill disease_aug_207.jpg,train_split,Bacterial gill disease,Bacterial Gill Disease,2,.jpg,128,128,RGB,490b17a7d89ff9c2266f1545a4d4f6c0883f5dd6cc122d103e6316e6a09fd8b6,252333130103034f,ok,,g1174,val
data/original/aquahealth/train_split/Bacterial gill disease/Bacterial gill disease_aug_208.jpg,train_split,Bacterial gill disease,Bacterial Gill Disease,2,.jpg,224,224,RGB,611d53def106a14e1d7be8259c8a3ea9cb25ede8144f09d6e7fd0222ab26d3f3,ec8f97d5f1f2f0c6,ok,,g2836,train
data/original/aquahealth/train_split/Bacterial gill disease/Bacterial gill disease_aug_209.jpg,train_split,Bacterial gill disease,Bacterial Gill Disease,2,.jpg,640,640,RGB,4af06e762f8a4dc95b1e88fd8be23e824f8a74e3acfc4dd2677f6256281d93ba,3f3b386961d1c0c5,ok,,g1515,test
data/original/aquahealth/train_split/Bacterial gill disease/Bacterial gill disease_aug_210.jpg,train_split,Bacterial gill disease,Bacterial Gill Disease,2,.jpg,640,640,RGB,766470ba7623402902a0a61bd84124f1c7ce10e6abe991a3f41ba1212b3f4fce,70e0e0b0b0f0f0f0,ok,,g1933,train
data/original/aquahealth/train_split/Bacterial gill disease/Bacterial gill disease_aug_211.jpg,train_split,Bacterial gill disease,Bacterial Gill Disease,2,.jpg,128,128,RGB,f5786e554b0b55ba3ee2effd5e4db3fb271b1b24709db4051a387679e95a67c0,f6ecd99c0c3c5c1e,ok,,g2943,test
data/original/aquahealth/train_split/Bacterial gill disease/Bacterial gill disease_aug_212.jpg,train_split,Bacterial gill disease,Bacterial Gill Disease,2,.jpg,640,640,RGB,ddd487d8719590a2b9fd8affc0611b3809cb7e39f166b2007a0063a55046a9ff,1f50555f8f9c9d0f,ok,,g1081,train
data/original/aquahealth/train_split/Bacterial gill disease/Bacterial gill disease_aug_213.jpg,train_split,Bacterial gill disease,Bacterial Gill Disease,2,.jpg,640,640,RGB,4201995996b21444315733c8cbc09da432e563e120653e47be12535684e31846,3f071390b1b1e3e1,ok,,g1497,train
data/original/aquahealth/train_split/Bacterial gill disease/Bacterial gill disease_aug_215.jpg,train_split,Bacterial gill disease,Bacterial Gill Disease,2,.jpg,640,640,RGB,a9580b8162656ffd9864ba05051335c5e90498bb23f0ba3a269ec2882d1493a1,059cfbf1f2f8d96c,ok,x2204,g335,
data/original/aquahealth/train_split/Bacterial gill disease/Bacterial gill disease_aug_216.jpg,train_split,Bacterial gill disease,Bacterial Gill Disease,2,.jpg,224,224,RGB,a10fb3b2c3770e25187cd140e0bd5e6e8707dfd6293bffbac79993df94c7de73,f9f5f2c2c8c0ec33,ok,,g2980,train
data/original/aquahealth/train_split/Bacterial gill disease/Bacterial gill disease_aug_219.jpg,train_split,Bacterial gill disease,Bacterial Gill Disease,2,.jpg,224,224,RGB,8978155f7087be3f75835dcb2c20c6250797748925987454c6dadda3b1a3e988,0f43f074e4e0e101,ok,,g745,test
data/original/aquahealth/train_split/Bacterial gill disease/Bacterial gill disease_aug_220.jpg,train_split,Bacterial gill disease,Bacterial Gill Disease,2,.jpg,224,224,RGB,fccea7cfc8502dffd65c3fafe0f4715ff49eedad06065d41999b92d68b2bfc21,07e2f8fcb8188c98,ok,,g476,train
data/original/aquahealth/train_split/Bacterial gill disease/Bacterial gill disease_aug_221.jpg,train_split,Bacterial gill disease,Bacterial Gill Disease,2,.jpg,128,128,RGB,ef6b9bfa61ecca0331765d4b256283b3d4edcaab452e0c30cf9c2f5b1c7f483a,0f0727a74766454d,ok,,g641,train
data/original/aquahealth/train_split/Bacterial gill disease/Bacterial gill disease_aug_222.jpg,train_split,Bacterial gill disease,Bacterial Gill Disease,2,.jpg,640,640,RGB,8010dd3db99b6a1ff643de118df45e1341299a48b4e641542ad2a31b287ef085,0711794c56340507,ok,,g420,train
data/original/aquahealth/train_split/Bacterial gill disease/Bacterial gill disease_aug_225.jpg,train_split,Bacterial gill disease,Bacterial Gill Disease,2,.jpg,640,640,RGB,f30b403432e9ac0ce0bcbe1627b674f6cfbba11899b80f3c2c1ed3610eb5f14e,077333331b3b3b13,ok,,g455,train
data/original/aquahealth/train_split/Bacterial gill disease/Bacterial gill disease_aug_226.jpg,train_split,Bacterial gill disease,Bacterial Gill Disease,2,.jpg,128,128,RGB,4f0444d280829ad782580c7f23f3284b72bcf11262b65b6c059e28f3d0d25111,7358c8d0f0e16109,ok,,g1959,train
data/original/aquahealth/train_split/Bacterial gill disease/Bacterial gill disease_aug_227.jpg,train_split,Bacterial gill disease,Bacterial Gill Disease,2,.jpg,640,640,RGB,78d02700ad1065facd09b8f7640e0ff6c826f18cc1b44f67036569ca138137bb,7878707173717078,ok,,g2009,train
data/original/aquahealth/train_split/Bacterial gill disease/Bacterial gill disease_aug_228.jpg,train_split,Bacterial gill disease,Bacterial Gill Disease,2,.jpg,224,224,RGB,c65dac43ea9fa2bddf29d8ec083d0db76b7b56a381171d095e808dcdb8e1ad80,0fc3f0f4e4e0e001,ok,,g785,train
data/original/aquahealth/train_split/Bacterial gill disease/Bacterial gill disease_aug_229.jpg,train_split,Bacterial gill disease,Bacterial Gill Disease,2,.jpg,640,640,RGB,ed2caa50209d38d2093b66106d056b64462018e4a841d8e2fc34d2c53cf65b6f,8e317143c3c7c78f,ok,,g2251,test
data/original/aquahealth/train_split/Bacterial gill disease/Bacterial gill disease_aug_23.jpg,train_split,Bacterial gill disease,Bacterial Gill Disease,2,.jpg,640,640,RGB,a65e4218d578bc490183d12f892685a3468c254d8e65b419f03bdc7de079e10c,87a399f3a3076763,ok,,g2213,train
data/original/aquahealth/train_split/Bacterial gill disease/Bacterial gill disease_aug_230.jpg,train_split,Bacterial gill disease,Bacterial Gill Disease,2,.jpg,128,128,RGB,d4c770fbafd01fe18df7bece50661d88fbb160fc494982cbefc452aade3b56b5,33313d1c1e071c7c,ok,,g1312,train
data/original/aquahealth/train_split/Bacterial gill disease/Bacterial gill disease_aug_231.jpg,train_split,Bacterial gill disease,Bacterial Gill Disease,2,.jpg,224,224,RGB,dd43cc250e74ffcefff7aa399f43c50c1991b27bdcc285dbdc2adab601b13d8e,31e9d1889913126f,ok,,g1297,train
data/original/aquahealth/train_split/Bacterial gill disease/Bacterial gill disease_aug_232.jpg,train_split,Bacterial gill disease,Bacterial Gill Disease,2,.jpg,224,224,RGB,fbe7d6ce95667683429c3d08747941633a8ac93fdd482ff119e53fb98e86a9de,090f0f9b971f0303,ok,,g500,train
data/original/aquahealth/train_split/Bacterial gill disease/Bacterial gill disease_aug_233.jpg,train_split,Bacterial gill disease,Bacterial Gill Disease,2,.jpg,128,128,RGB,8ef41a417f41b84945bf779d875d18c1bdf0f831ddf48cfa9a6b9cc72a54093b,2523331303030347,ok,,g1175,train
data/original/aquahealth/train_split/Bacterial gill disease/Bacterial gill disease_aug_234.jpg,train_split,Bacterial gill disease,Bacterial Gill Disease,2,.jpg,640,640,RGB,dfa6dcb38f3507fbf7d38d52b91db58c27ff6749a2a7281d33cd601dc99da85f,4f336bd19383391b,ok,,g1676,train
data/original/aquahealth/train_split/Bacterial gill disease/Bacterial gill disease_aug_235.jpg,train_split,Bacterial gill disease,Bacterial Gill Disease,2,.jpg,640,640,RGB,9558a061a65c04c1e7ce7f621269621eb9f32cdccb83329db4372333af1e7254,3f6e64f0c0672ccc,ok,,g1535,train
data/original/aquahealth/train_split/Bacterial gill disease/Bacterial gill disease_aug_236.jpg,train_split,Bacterial gill disease,Bacterial Gill Disease,2,.jpg,224,224,RGB,0ee5fc27691a856c671dc2ef37a5d9cbc9a7b1f4f02cef9b813b2886ff7d4421,0f7ae0e0a0c7cf45,ok,,g764,train
data/original/aquahealth/train_split/Bacterial gill disease/Bacterial gill disease_aug_237.jpg,train_split,Bacterial gill disease,Bacterial Gill Disease,2,.jpg,640,640,RGB,19b6444978ef99bdf68d785b3a1d4d046b87cde9222310f25e507a336a91b033,381c975b17100420,ok,,g1367,test
data/original/aquahealth/train_split/Bacterial gill disease/Bacterial gill disease_aug_238.jpg,train_split,Bacterial gill disease,Bacterial Gill Disease,2,.jpg,640,640,RGB,d6e54cc6f001e7e820de5d2288055003f2fea0646958a85280ed3bc61be3dfc0,c3c78690b19cc070,ok,,g2540,train
data/original/aquahealth/train_split/Bacterial gill disease/Bacterial gill disease_aug_239.jpg,train_split,Bacterial gill disease,Bacterial Gill Disease,2,.jpg,224,224,RGB,4a2293c8af16133c2c4ceba3cdf16018b1e14bd0f2234caa97addae783932914,1fb8e0c0e2a7cee4,ok,,g1099,test
data/original/aquahealth/train_split/Bacterial gill disease/Bacterial gill disease_aug_24.jpg,train_split,Bacterial gill disease,Bacterial Gill Disease,2,.jpg,640,640,RGB,f179be826ff7c661fcefaeaa23db52ebd915bfeff4ee1efaeb66feed0b861fb6,0b71e92101104b3f,ok,,g531,train
data/original/aquahealth/train_split/Bacterial gill disease/Bacterial gill disease_aug_241.jpg,train_split,Bacterial gill disease,Bacterial Gill Disease,2,.jpg,640,640,RGB,ac4dcea778506947dacfa5d8e03e6a8cf50e5a06a735167b51600d096178ff3c,3839397434ac2e24,ok,,g1373,train
data/original/aquahealth/train_split/Bacterial gill disease/Bacterial gill disease_aug_242.jpg,train_split,Bacterial gill disease,Bacterial Gill Disease,2,.jpg,640,640,RGB,bff2c2bd95cc01d1331608794029a7178af655bc1571ade13afbef0b1a135766,072fc3a13c3c252f,ok,,g436,train
data/original/aquahealth/train_split/Bacterial gill disease/Bacterial gill disease_aug_243.jpg,train_split,Bacterial gill disease,Bacterial Gill Disease,2,.jpg,224,224,RGB,f9dd6d7a5e42b1c98aea8d9fa709f0200cceb39bb9cbf0b1f596b063bc944208,725359ec71534763,ok,,g1953,test
data/original/aquahealth/train_split/Bacterial gill disease/Bacterial gill disease_aug_246.jpg,train_split,Bacterial gill disease,Bacterial Gill Disease,2,.jpg,640,640,RGB,836fea82a01dc3d14036ee68a21d3529e42e1482c0e17b46091a61c58c879a1f,f0d030306061c1f0,ok,,g2864,train
data/original/aquahealth/train_split/Bacterial gill disease/Bacterial gill disease_aug_247.jpg,train_split,Bacterial gill disease,Bacterial Gill Disease,2,.jpg,640,640,RGB,873a2b5dc8eb084286fe65eb2758582cb37ba915d6a30ee8ec9fe4668376b936,6068a12163330723,ok,,g1766,train
data/original/aquahealth/train_split/Bacterial gill disease/Bacterial gill disease_aug_248.jpg,train_split,Bacterial gill disease,Bacterial Gill Disease,2,.jpg,640,640,RGB,cda6281db8b88c274ed485793dfc8e21500235096fdd497bbcaef03f1a2f9b77,6743436133323c3f,ok,,g1848,train
data/original/aquahealth/train_split/Bacterial gill disease/Bacterial gill disease_aug_249.jpg,train_split,Bacterial gill disease,Bacterial Gill Disease,2,.jpg,640,640,RGB,7c3abcc79b810a9dad78a67ba03ea7d6b11a9514c2520605098baf71ecc30820,72ca480c1c312383,ok,,g1956,val
data/original/aquahealth/train_split/Bacterial gill disease/Bacterial gill disease_aug_250.jpg,train_split,Bacterial gill disease,Bacterial Gill Disease,2,.jpg,640,640,RGB,a480cfe3a84081825974f647a99d6ec4ee0e44c0414a1d4772aa3dc57ea050ae,31f1f4fc9c38693b,ok,,g1299,train
data/original/aquahealth/train_split/Bacterial gill disease/Bacterial gill disease_aug_251.jpg,train_split,Bacterial gill disease,Bacterial Gill Disease,2,.jpg,640,640,RGB,5692baf061f5df3d633577a3db10c1fa776b28c9edc905820563e2988b3e2664,31b5d75fce8ccccc,ok,,g1294,train
data/original/aquahealth/train_split/Bacterial gill disease/Bacterial gill disease_aug_252.jpg,train_split,Bacterial gill disease,Bacterial Gill Disease,2,.jpg,640,640,RGB,1c2b9751b234fb441f030c13cfc9f76d889696e7e872a5d1726009ccba066003,1dddd9e0e0f0703f,ok,,g984,val
data/original/aquahealth/train_split/Bacterial gill disease/Bacterial gill disease_aug_253.jpg,train_split,Bacterial gill disease,Bacterial Gill Disease,2,.jpg,640,640,RGB,7f279c78aad960a3d637e0e084abdee9f7d5459890d3dac2b2087ea27fd31ca2,131212048ccecc0d,ok,,g829,train
data/original/aquahealth/train_split/Bacterial gill disease/Bacterial gill disease_aug_254.jpg,train_split,Bacterial gill disease,Bacterial Gill Disease,2,.jpg,224,224,RGB,9a672989dd796d5645cb9addc7879388450cc2231978dedaec35fbf243f0f8bd,2068687a766608c1,label_conflict,,g1123,
data/original/aquahealth/train_split/Bacterial gill disease/Bacterial gill disease_aug_255.jpg,train_split,Bacterial gill disease,Bacterial Gill Disease,2,.jpg,640,640,RGB,b4ee5973d3aca23e0328f6c4401a48128a4eab515d7a879652a6bd75a160d6c1,0717173373f3fbfc,ok,,g422,train
data/original/aquahealth/train_split/Bacterial gill disease/Bacterial gill disease_aug_26.jpg,train_split,Bacterial gill disease,Bacterial Gill Disease,2,.jpg,224,224,RGB,c6edf2f57146ed746b5b3483f5bf3a839e7a27b31a0274919b3c640144219df8,0781f8f8fa1c0c5d,ok,,g459,test
data/original/aquahealth/train_split/Bacterial gill disease/Bacterial gill disease_aug_27.jpg,train_split,Bacterial gill disease,Bacterial Gill Disease,2,.jpg,224,224,RGB,eca48e072224daaf888af6073d44e25830308f157429e3799225017e76b7bc23,80e0e8f8fc7d7f3f,ok,,g2137,train
data/original/aquahealth/train_split/Bacterial gill disease/Bacterial gill disease_aug_28.jpg,train_split,Bacterial gill disease,Bacterial Gill Disease,2,.jpg,640,640,RGB,c6bbd69eee394a783a9f65a1c4759dc371f60c21f1a16edeb073ba025a8429da,00f0f8f8fcec7800,ok,,g136,val
data/original/aquahealth/train_split/Bacterial gill disease/Bacterial gill disease_aug_3.jpg,train_split,Bacterial gill disease,Bacterial Gill Disease,2,.jpg,128,128,RGB,7fbbb7917072db08e4d3d2af3a2f588a1104d5da65829ab9250b6a45abc2bc4e,674858f8e1f18101,ok,,g1849,train
data/original/aquahealth/train_split/Bacterial gill disease/Bacterial gill disease_aug_30.jpg,train_split,Bacterial gill disease,Bacterial Gill Disease,2,.jpg,640,640,RGB,145a7c6c2583aab194eb47ed1d5ec66fd5b8300d556086bd2ccaecdad6fd1b37,1fcfe585b081d353,ok,,g1102,test
data/original/aquahealth/train_split/Bacterial gill disease/Bacterial gill disease_aug_31.jpg,train_split,Bacterial gill disease,Bacterial Gill Disease,2,.jpg,224,224,RGB,922bfbf427002ab4ba6c1c56c7aa04b80e74f54c1ce758ee6724d189a2be3ff2,1fb8e0c0a2e7cfe4,ok,,g1098,train
data/original/aquahealth/train_split/Bacterial gill disease/Bacterial gill disease_aug_33.jpg,train_split,Bacterial gill disease,Bacterial Gill Disease,2,.jpg,224,224,RGB,b87e67c0b3b8cec33b1ea62b75315e78c7af3be90f396429335272d849e698a1,0f0f1b5f171b9b99,ok,,g670,train
data/original/aquahealth/train_split/Bacterial gill disease/Bacterial gill disease_aug_34.jpg,train_split,Bacterial gill disease,Bacterial Gill Disease,2,.jpg,640,640,RGB,4c0f5201be38a7722a4d9778301b3c5f5860ddc11c4a678e17ca4dff3c732993,c0b313190c88c4f4,ok,,g2477,train
data/original/aquahealth/train_split/Bacterial gill disease/Bacterial gill disease_aug_35.jpg,train_split,Bacterial gill disease,Bacterial Gill Disease,2,.jpg,128,128,RGB,25e165c71e077d8dedb291392451c81b73c1ed495ae56ffdcf0b972c4257ff6e,0cf87e3f3d75e767,ok,,g566,val
data/original/aquahealth/train_split/Bacterial gill disease/Bacterial gill disease_aug_36.jpg,train_split,Bacterial gill disease,Bacterial Gill Disease,2,.jpg,224,224,RGB,53ab93fbce69e4785a801d06647183bf817489b85d5d127e449feb442820d52b,4303134343331f0d,ok,,g1590,train
data/original/aquahealth/train_split/Bacterial gill disease/Bacterial gill disease_aug_37.jpg,train_split,Bacterial gill disease,Bacterial Gill Disease,2,.jpg,640,640,RGB,bf9797e56b6011f8fbbf6904194117769904c3d27d2db575cab4fea355bb8f47,051726266c74393f,ok,,g328,test
data/original/aquahealth/train_split/Bacterial gill disease/Bacterial gill disease_aug_38.jpg,train_split,Bacterial gill disease,Bacterial Gill Disease,2,.jpg,640,640,RGB,de7f794ff141bf8260e01229b6e382b0b5ea6d8ff8d5dc84a8566fef1b2b4f01,434b39664e1c98c1,ok,,g1597,train
data/original/aquahealth/train_split/Bacterial gill disease/Bacterial gill disease_aug_39.jpg,train_split,Bacterial gill disease,Bacterial Gill Disease,2,.jpg,128,128,RGB,483fbc14ba704c64e171f788b937da6d35a935695da6d9defa2546b781307eb4,d8d8f8fc6c742000,ok,,g2645,train
data/original/aquahealth/train_split/Bacterial gill disease/Bacterial gill disease_aug_40.jpg,train_split,Bacterial gill disease,Bacterial Gill Disease,2,.jpg,128,128,RGB,87517b2b70ded00841a3c7d8247347dd5dc1e7544e87b6aee6c4a5760c2aaee4,636347c7c70e4060,ok,,g1804,train
data/original/aquahealth/train_split/Bacterial gill disease/Bacterial gill disease_aug_41.jpg,train_split,Bacterial gill disease,Bacterial Gill Disease,2,.jpg,640,640,RGB,b8c396ed3ec8411b151887214890fa3de236f58320e34b74e8e5309e99e65042,3838383434ac6c24,ok,,g1371,train
data/original/aquahealth/train_split/Bacterial gill disease/Bacterial gill disease_aug_42.jpg,train_split,Bacterial gill disease,Bacterial Gill Disease,2,.jpg,640,640,RGB,eb71399fe41dc5efe0489a5e19580e30e95273e6bc6e888466599647bcd4e357,024074737b695861,ok,,g208,train
data/original/aquahealth/train_split/Bacterial gill disease/Bacterial gill disease_aug_43.jpg,train_split,Bacterial gill disease,Bacterial Gill Disease,2,.jpg,224,224,RGB,75e15116dd7f337e929d21150bc49d5aabe36588774f85de28268ca25b029be4,7be9e9a19199e77c,ok,,g2045,val
data/original/aquahealth/train_split/Bacterial gill disease/Bacterial gill disease_aug_44.jpg,train_split,Bacterial gill disease,Bacterial Gill Disease,2,.jpg,640,640,RGB,7b8cce83c70e48be21c31e1e0d7d221472b6c3d990e2bba0ea0699db824477d3,0808060707230301,ok,,g483,train
data/original/aquahealth/train_split/Bacterial gill disease/Bacterial gill disease_aug_45.jpg,train_split,Bacterial gill disease,Bacterial Gill Disease,2,.jpg,640,640,RGB,10e1d9cdad6d0978edc855566c827693e25d35cfce91df38646888cccbaea8a9,2131242663606367,ok,,g1138,val
data/original/aquahealth/train_split/Bacterial gill disease/Bacterial gill disease_aug_46.jpg,train_split,Bacterial gill disease,Bacterial Gill Disease,2,.jpg,640,640,RGB,6157f2b18c88a545b42978aeb1507aa22c74bf6669654ef76e420e69a192e2f9,e88cc4c2f2f8f870,ok,,g2818,train
data/original/aquahealth/train_split/Bacterial gill disease/Bacterial gill disease_aug_47.jpg,train_split,Bacterial gill disease,Bacterial Gill Disease,2,.jpg,640,640,RGB,67d699ef8dcfd734437d4fb3b324e023db425e0454f03f292c15fefb54e6f104,3f3c7c7c7ccccd0d,ok,,g1520,train
data/original/aquahealth/train_split/Bacterial gill disease/Bacterial gill disease_aug_48.jpg,train_split,Bacterial gill disease,Bacterial Gill Disease,2,.jpg,128,128,RGB,8b9c9c0bc218ad71865a4f175993bbc1f4d0cb284a8a1312847579831e5655da,06090848d0941519,ok,,g343,train
data/original/aquahealth/train_split/Bacterial gill disease/Bacterial gill disease_aug_49.jpg,train_split,Bacterial gill disease,Bacterial Gill Disease,2,.jpg,224,224,RGB,e755577155997ba0944a935b8535f01748bd0f38f112d284ff7998fc893a47d7,998e36105030704f,ok,,g2313,train
data/original/aquahealth/train_split/Bacterial gill disease/Bacterial gill disease_aug_5.jpg,train_split,Bacterial gill disease,Bacterial Gill Disease,2,.jpg,640,640,RGB,ede92367bf93680cb1bc2df1b31053f40cb5fb28972f0a37eccc10771cebc8d6,818139e3e7d3c143,ok,,g2146,train
data/original/aquahealth/train_split/Bacterial gill disease/Bacterial gill disease_aug_50.jpg,train_split,Bacterial gill disease,Bacterial Gill Disease,2,.jpg,640,640,RGB,7ea4a8eff5b50f0e72300505600c142cb741a3fcf015c419a04ab983e1593da2,c31971434185017f,ok,,g2525,test
data/original/aquahealth/train_split/Bacterial gill disease/Bacterial gill disease_aug_51.jpg,train_split,Bacterial gill disease,Bacterial Gill Disease,2,.jpg,128,128,RGB,6fdcd60a10eca95626d8d364f69a832afc22d2d5dffdf054ef75a24b131f2f87,05e5e1c1c858181f,ok,,g337,train
data/original/aquahealth/train_split/Bacterial gill disease/Bacterial gill disease_aug_52.jpg,train_split,Bacterial gill disease,Bacterial Gill Disease,2,.jpg,128,128,RGB,b024e6456f37e2d967b4a9b5c9ac5f01e0e6ca5cbcd9054cee168b303700a4ec,061fffe3cbfdfcfc,ok,,g349,train
data/original/aquahealth/train_split/Bacterial gill disease/Bacterial gill disease_aug_53.jpg,train_split,Bacterial gill disease,Bacterial Gill Disease,2,.jpg,640,640,RGB,48b13e437fcb2b6effdf3f99896f2706496c8a85f0aac5c334f57d3f711e3e16,0000000000080000,ok,,g1,val
data/original/aquahealth/train_split/Bacterial gill disease/Bacterial gill disease_aug_54.jpg,train_split,Bacterial gill disease,Bacterial Gill Disease,2,.jpg,224,224,RGB,9d66b1d2c986804964feb516c968d110af64f2364a16f6eae4592ada72af65b7,4307337341131e0d,ok,,g1591,train
data/original/aquahealth/train_split/Bacterial gill disease/Bacterial gill disease_aug_55.jpg,train_split,Bacterial gill disease,Bacterial Gill Disease,2,.jpg,128,128,RGB,77d5d6158e37d47e7e249a27e90333fd1dca452a603fa82cdb7c58e120e80ba4,0f03010083131113,ok,,g629,train
data/original/aquahealth/train_split/Bacterial gill disease/Bacterial gill disease_aug_56.jpg,train_split,Bacterial gill disease,Bacterial Gill Disease,2,.jpg,640,640,RGB,ae350c51b12ab1333fe413fa0d56c2e14c675781286d6940837441f90e1b8694,213171d1e1343578,ok,,g1139,train
data/original/aquahealth/train_split/Bacterial gill disease/Bacterial gill disease_aug_57.jpg,train_split,Bacterial gill disease,Bacterial Gill Disease,2,.jpg,640,640,RGB,964f9c76631a133ee2504d10b7565328cecc0df1b14aab1dd93c67e15ead7c37,fbeb899981f1f8e0,ok,,g2994,test
data/original/aquahealth/train_split/Bacterial gill disease/Bacterial gill disease_aug_58.jpg,train_split,Bacterial gill disease,Bacterial Gill Disease,2,.jpg,640,640,RGB,431cd260c05d1061d39a71855d5073ab2b7b5ca63e9611986c3699b5b0642fc7,dd376767cde64c79,ok,,g2676,train
data/original/aquahealth/train_split/Bacterial gill disease/Bacterial gill disease_aug_6.jpg,train_split,Bacterial gill disease,Bacterial Gill Disease,2,.jpg,640,640,RGB,ec6b7f844387117bd9bfc3a5bbbca834adcf2ffc2e25181979bc6fbb170892d2,19f9f1e3ed657e3e,ok,,g919,train
data/original/aquahealth/train_split/Bacterial gill disease/Bacterial gill disease_aug_60.jpg,train_split,Bacterial gill disease,Bacterial Gill Disease,2,.jpg,224,224,RGB,33daf8dd0139eabd093633ea32626745f592647318cf668c4dc672afb035fd0f,1f07130e3f1f0b03,ok,,g1020,train
data/original/aquahealth/train_split/Bacterial gill disease/Bacterial gill disease_aug_61.jpg,train_split,Bacterial gill disease,Bacterial Gill Disease,2,.jpg,224,224,RGB,2cca64e4aeebe38fb4a4d24cc08b075e6d6d7214b9d9418994e475dada88d218,e0d8eceee7333ef8,ok,,g2720,train
data/original/aquahealth/train_split/Bacterial gill disease/Bacterial gill disease_aug_62.jpg,train_split,Bacterial gill disease,Bacterial Gill Disease,2,.jpg,640,640,RGB,104dabac8d7d185eea4f54b342802372278dbbbc585f777fccfb53ded2f4bb11,7760e1c181991b13,ok,,g1983,train
data/original/aquahealth/train_split/Bacterial gill disease/Bacterial gill disease_aug_65.jpg,train_split,Bacterial gill disease,Bacterial Gill Disease,2,.jpg,224,224,RGB,43c64c3909e919c80fd25f9ba1ef2c35b23e963701f7b1cfc1f9b121b69e76bc,f8e4c888183383e0,ok,,g2965,train
data/original/aquahealth/train_split/Bacterial gill disease/Bacterial gill disease_aug_66.jpg,train_split,Bacterial gill disease,Bacterial Gill Disease,2,.jpg,640,640,RGB,8259d0cdb13f9d0d902cf44f41891de38adf57e3d75be92663e3c067a0e71469,e3f0e04c9c38603c,ok,,g2778,train
data/original/aquahealth/train_split/Bacterial gill disease/Bacterial gill disease_aug_67.jpg,train_split,Bacterial gill disease,Bacterial Gill Disease,2,.jpg,640,640,RGB,25096b0d7202597981e3e7c423ec4ac963b40fa6e3d864cd437ac86f3778f03c,93999c9c0e0c0c1c,ok,,g2288,val
data/original/aquahealth/train_split/Bacterial gill disease/Bacterial gill disease_aug_69.jpg,train_split,Bacterial gill disease,Bacterial Gill Disease,2,.jpg,224,224,RGB,f704dd3592a67009c9ab9c003782c9f19a4f7c1f0b4a29fa921791b52b7afd73,0f0f1b5f171b9bd9,ok,,g671,train
data/original/aquahealth/train_split/Bacterial gill disease/Bacterial gill disease_aug_70.jpg,train_split,Bacterial gill disease,Bacterial Gill Disease,2,.jpg,640,640,RGB,8edfe8e73f7e20fdaa354124712f0c375fbd5addb1c1d6e9521ff357ed0df241,c4163e9cd8800020,ok,,g2545,val
data/original/aquahealth/train_split/Bacterial gill disease/Bacterial gill disease_aug_71.jpg,train_split,Bacterial gill disease,Bacterial Gill Disease,2,.jpg,640,640,RGB,6bb4385b59f378882a20d78430d0b52c2fdf57ee5302ace29a4c5070f5ba6e81,1b3c64e0ece97a73,ok,,g933,train
data/original/aquahealth/train_split/Bacterial gill disease/Bacterial gill disease_aug_72.jpg,train_split,Bacterial gill disease,Bacterial Gill Disease,2,.jpg,640,640,RGB,0862596b3c0a6ac14034fd09cb3b0ddc2ae1d737918899d0348524b75e2c77b1,0371dcc8cf363c70,ok,,g289,train
data/original/aquahealth/train_split/Bacterial gill disease/Bacterial gill disease_aug_73.jpg,train_split,Bacterial gill disease,Bacterial Gill Disease,2,.jpg,640,640,RGB,08e330478ebd3e79c90a9396dabe4d15ceaf642a2d6c171723d39fa946a3c8df,050545060e060e0f,ok,,g326,test
data/original/aquahealth/train_split/Bacterial gill disease/Bacterial gill disease_aug_74.jpg,train_split,Bacterial gill disease,Bacterial Gill Disease,2,.jpg,640,640,RGB,07f3e72bf7a6274237cb81531452657e08d243bc162a0fab9f8b90a3602bf349,0783100c2464623f,ok,,g460,train
data/original/aquahealth/train_split/Bacterial gill disease/Bacterial gill disease_aug_76.jpg,train_split,Bacterial gill disease,Bacterial Gill Disease,2,.jpg,224,224,RGB,59dd5dd39a9c4f55a554902c449a196748b746569660668daaba9f4897c59325,1d0f8f9b171f0703,ok,,g965,train
data/original/aquahealth/train_split/Bacterial gill disease/Bacterial gill disease_aug_77.jpg,train_split,Bacterial gill disease,Bacterial Gill Disease,2,.jpg,640,640,RGB,f1678dbef27fbc375f86cfd3f8d26751dc67dd656b867c7a7239b32b67964a43,01d533266e6c6973,ok,,g194,train
data/original/aquahealth/train_split/Bacterial gill disease/Bacterial gill disease_aug_78.jpg,train_split,Bacterial gill disease,Bacterial Gill Disease,2,.jpg,128,128,RGB,9fa3c5c56e29476b14060c7a49083f3a72b577b652c45a833d0b986f214cd938,3f7ffe1e6f65f1a1,ok,,g1550,train
data/original/aquahealth/train_split/Bacterial gill disease/Bacterial gill disease_aug_8.jpg,train_split,Bacterial gill disease,Bacterial Gill Disease,2,.jpg,640,640,RGB,ad89c61615f2a7afbfe5b1a1eab0d8bf3dc3fb8e3e392dee2a8827dbca283013,87933b4b4c1d39b1,ok,,g2211,train
data/original/aquahealth/train_split/Bacterial gill disease/Bacterial gill disease_aug_81.jpg,train_split,Bacterial gill disease,Bacterial Gill Disease,2,.jpg,640,640,RGB,70412e937888f02791d61536b00fba156404c3d19a094ed91087cf27b13b5446,0f1f33727278687e,ok,,g717,train
data/original/aquahealth/train_split/Bacterial gill disease/Bacterial gill disease_aug_82.jpg,train_split,Bacterial gill disease,Bacterial Gill Disease,2,.jpg,640,640,RGB,75b54da286659f8bf7196398015201bd90f8fa3f918b98508cebfd3ba7fb1ced,79f9b8bfa29ad84e,ok,,g2035,train
data/original/aquahealth/train_split/Bacterial gill disease/Bacterial gill disease_aug_83.jpg,train_split,Bacterial gill disease,Bacterial Gill Disease,2,.jpg,640,640,RGB,73d38b1ee574f2d0347e97444381379c76d03d7c1de40d638140ca509069b050,c719193343436526,ok,,g2562,test
data/original/aquahealth/train_split/Bacterial gill disease/Bacterial gill disease_aug_84.jpg,train_split,Bacterial gill disease,Bacterial Gill Disease,2,.jpg,640,640,RGB,1b9a76892ef59a6ac64f5a733f6792845fb60a454a8c9c112d480cc4c0614923,e060703ed8e89cf0,ok,,g2694,test
data/original/aquahealth/train_split/Bacterial gill disease/Bacterial gill disease_aug_85.jpg,train_split,Bacterial gill disease,Bacterial Gill Disease,2,.jpg,640,640,RGB,ac2e930524d72323d1ee07a80b123d32ea29bfb31d9037863f479972ad5b2af7,07085a9e5e3b8341,ok,,g396,train
data/original/aquahealth/train_split/Bacterial gill disease/Bacterial gill disease_aug_86.jpg,train_split,Bacterial gill disease,Bacterial Gill Disease,2,.jpg,640,640,RGB,cd09d749bc84dccefc62534c34ce191d8a02de995c293bcd2e8e94e38ba72648,0783100c2466623f,ok,,g461,train
data/original/aquahealth/train_split/Bacterial gill disease/Bacterial gill disease_aug_87.jpg,train_split,Bacterial gill disease,Bacterial Gill Disease,2,.jpg,640,640,RGB,25a8332bf891eb773b22bb89dddbe51c314849cd389d5e624f6c0ff7111bb0b9,6028212163330727,ok,,g1752,train
data/original/aquahealth/train_split/Bacterial gill disease/Bacterial gill disease_aug_88.jpg,train_split,Bacterial gill disease,Bacterial Gill Disease,2,.jpg,640,640,RGB,6bdd795c84e598fa621c5fcc89e055ccea87d4d2adbdf6dee120763149cbb964,0c0c060707270303,ok,,g539,test
data/original/aquahealth/train_split/Bacterial gill disease/Bacterial gill disease_aug_89.jpg,train_split,Bacterial gill disease,Bacterial Gill Disease,2,.jpg,640,640,RGB,07368d27aafbb720a4e5d7f14f8a6d19f861c0df4b0bae3b28fd5edc6ab9b852,0f40c66163212307,ok,,g742,train
data/original/aquahealth/train_split/Bacterial gill disease/Bacterial gill disease_aug_94.jpg,train_split,Bacterial gill disease,Bacterial Gill Disease,2,.jpg,128,128,RGB,2dff3cb6441f87a9e80b260ba5c5c0953b35a911057bb7dcca4c2ed5944e8843,5b4bcdccf9f1c183,ok,,g1716,val
data/original/aquahealth/train_split/Bacterial gill disease/Bacterial gill disease_aug_95.jpg,train_split,Bacterial gill disease,Bacterial Gill Disease,2,.jpg,128,128,RGB,ca0a47ae64cd0d07dca91a74c1cd024b398268c4a063940f4354204ae379b2e3,f6ecd99c0c3c5c1e,ok,,g2943,test
data/original/aquahealth/train_split/Bacterial gill disease/Bacterial gill disease_aug_96.jpg,train_split,Bacterial gill disease,Bacterial Gill Disease,2,.jpg,224,224,RGB,d7edad68f13ea9be386d58d44850fe46e08ccaf2278cec66b7f82adea1116641,0f4f470716133333,ok,,g754,train
data/original/aquahealth/train_split/Bacterial gill disease/Bacterial gill disease_aug_97.jpg,train_split,Bacterial gill disease,Bacterial Gill Disease,2,.jpg,640,640,RGB,a97ffa5c937f1923e1fc1c6b09c61d306277a12afc98381fc725547273c72b89,3c66c7c58d29473c,ok,,g1453,train
data/original/aquahealth/train_split/Bacterial gill disease/Bacterial gill disease_aug_98.jpg,train_split,Bacterial gill disease,Bacterial Gill Disease,2,.jpg,224,224,RGB,c122942d8effbe6e4b8b49205f0bfa9396a3c7c5290c0f461c3dbde13e844bfa,1ff191189838131f,ok,,g1104,train
data/original/aquahealth/train_split/Bacterial gill disease/Bacterial gill disease_aug_99.jpg,train_split,Bacterial gill disease,Bacterial Gill Disease,2,.jpg,640,640,RGB,20c90750b27914e18d15b6d91a500a509ee48c40ae2494754773da12872da225,e9f9d9f1b9f1f0c0,ok,,g2830,train
data/original/aquahealth/train_split/EUS/EUS_1.jpg,train_split,EUS,EUS Disease,3,.jpg,640,640,RGB,fe8ca87689a7203846f5aca6045d5d4615f69ed1fda61faef8d9e45de5c6017f,0c8239d39f1b0707,ok,,g560,train
data/original/aquahealth/train_split/EUS/EUS_10.jpg,train_split,EUS,EUS Disease,3,.jpg,640,640,RGB,b27b3cae4d52d3db533201e19349893a381a1fea395ead9ae295c36f0240ade6,e2c3820246c6c3c3,ok,,g2761,val
data/original/aquahealth/train_split/EUS/EUS_101.jpg,train_split,EUS,EUS Disease,3,.jpg,640,640,RGB,b63047f5a018d0e3c8dcb4b7afcf7baf3045bb541bcade93d3d06861469e2190,c3c5060f0f0b0e58,ok,,g2538,train
data/original/aquahealth/train_split/EUS/EUS_102.jpg,train_split,EUS,EUS Disease,3,.jpg,640,640,RGB,edbeb4c58684fcb71068ee42d1462c3e79b80e38e490af9b3d024c914f407062,30e48682c090b030,ok,,g1280,train
data/original/aquahealth/train_split/EUS/EUS_103.jpg,train_split,EUS,EUS Disease,3,.jpg,640,640,RGB,daf1f0ac1c73e94b3f0851c11cd8dd37dc3091ffa27eb829bc29fdd1138f8c26,80808c860f1a1c81,ok,,g2129,train
data/original/aquahealth/train_split/EUS/EUS_104.jpg,train_split,EUS,EUS Disease,3,.jpg,640,640,RGB,42c81d54dff1538cf5126b677c9744e50dc433510eb0c2911abfa1f3ed4639b9,0102f0c882b07003,ok,,g162,train
data/original/aquahealth/train_split/EUS/EUS_106.jpg,train_split,EUS,EUS Disease,3,.jpg,640,640,RGB,7616ab2f8e7eecf3374290cf0b6c17089342a62623399e67003b3a807d43c859,c0c0e170f0e0828f,label_conflict,,g2483,
data/original/aquahealth/train_split/EUS/EUS_108.jpg,train_split,EUS,EUS Disease,3,.jpg,640,640,RGB,0fa14b078c59bdc3b99e5d9181e4cb4ac7518e2cc775bb1a039a27c4a1328e70,ffe3c38787472538,ok,,g3045,train
data/original/aquahealth/train_split/EUS/EUS_109.jpg,train_split,EUS,EUS Disease,3,.jpg,640,640,RGB,f8c70022e92336ceb899a3716f6288b992db76349ae5e442f1ab3f3a67a83ba4,958585a5b5e8ccc8,ok,,g2292,train
data/original/aquahealth/train_split/EUS/EUS_110.jpg,train_split,EUS,EUS Disease,3,.jpg,640,640,RGB,d5920d778c5a0ba19e2ce0c121417fdac6ef3126574ab63eb56120e41180d652,a486163734860726,ok,,g2381,test
data/original/aquahealth/train_split/EUS/EUS_115.jpg,train_split,EUS,EUS Disease,3,.jpg,640,640,RGB,1b73b28600a386970a60f029a5562d5dd7bc6c41fedc3623b4be590ab6b8603a,6d7d75e484985016,ok,,g1881,train
data/original/aquahealth/train_split/EUS/EUS_116.jpg,train_split,EUS,EUS Disease,3,.jpg,640,640,RGB,e1da6b8650ef9f007e0303ae7658fc2d6abde03e2ccb81dd18443f9e9abca59c,84870f1f5b33c4a0,ok,,g2177,test
data/original/aquahealth/train_split/EUS/EUS_117.jpg,train_split,EUS,EUS Disease,3,.jpg,640,640,RGB,cf48ba3f1037a749a8acde5313fb9e9b0df5fe626e4d0247ad888af87b92d60d,c383078383cb9388,ok,,g2527,val
data/original/aquahealth/train_split/EUS/EUS_118.jpg,train_split,EUS,EUS Disease,3,.jpg,640,640,RGB,c0acb9cfa53c20efb83a5db15df304f3849d365035f48f460ef05d941d419232,c30707078f8b93c8,ok,,g2524,test
data/original/aquahealth/train_split/EUS/EUS_119.jpg,train_split,EUS,EUS Disease,3,.jpg,640,640,RGB,779e0848e039d9b5c460ccd19cee57fe6a11b34afed28739c5ce5b15333141db,98d8d8de969f9686,ok,x1568,g2309,train
data/original/aquahealth/train_split/EUS/EUS_12.jpg,train_split,EUS,EUS Disease,3,.jpg,640,640,RGB,e6b3cc9c5f864db66b669933c4bc63a4617acfa34b3a97a43fee6eac614db17a,31880a3e3f1f3870,ok,,g1293,val
data/original/aquahealth/train_split/EUS/EUS_120.jpg,train_split,EUS,EUS Disease,3,.jpg,640,640,RGB,b521c709ae11cc53186959299215213ff17a12bd005010976ec79f42d20f3716,013070cfa3e17019,ok,,g176,test
data/original/aquahealth/train_split/EUS/EUS_121.jpg,train_split,EUS,EUS Disease,3,.jpg,640,640,RGB,2a41444e04f313b9f6b86b535e2b081303268720e1305c684740469c81cadb69,e3f3f9e8ecf9f9f9,ok,,g2781,train
data/original/aquahealth/train_split/EUS/EUS_122.jpg,train_split,EUS,EUS Disease,3,.jpg,640,640,RGB,5b0abc97c9d2052fffb75eb8b1812899d461bbdfac55e9bdd1bb0f7cf72eecd9,e3f3f1e8e8f8f9f9,ok,,g2780,val
data/original/aquahealth/train_split/EUS/EUS_123.jpg,train_split,EUS,EUS Disease,3,.jpg,640,640,RGB,0dc13445919757cd215e57adc4edd58e2d5011b53a64e455d561226cae47c86c,4f0f8e8f0f8f8d4d,ok,,g1672,test
data/original/aquahealth/train_split/EUS/EUS_124.jpg,train_split,EUS,EUS Disease,3,.jpg,640,640,RGB,b19d0f40e4083dd6d2743ad8e403d323335bc3ab790ac5b6d291f544f1b575af,969f8f0f07830cae,ok,,g2294,train
data/original/aquahealth/train_split/EUS/EUS_125.jpg,train_split,EUS,EUS Disease,3,.jpg,640,640,RGB,170781a4447ac55057bab1eea38baddde581aef3c1be238362128d11e3d4bfe6,89138b870e3ca6b3,ok,,g2224,train
data/original/aquahealth/train_split/EUS/EUS_126.jpg,train_split,EUS,EUS Disease,3,.jpg,640,640,RGB,e610f6eb3eee4b9a5897006f8d3735d84b08c563852982812aff4365396b31dc,72d0b4246868c864,ok,,g1957,train
data/original/aquahealth/train_split/EUS/EUS_128.jpg,train_split,EUS,EUS Disease,3,.jpg,640,640,RGB,f9504d1c811e628675ab362fd30dcf2a8b066f00688a9237e1188ef2bb010a36,f4f640800368e002,ok,,g2937,val
data/original/aquahealth/train_split/EUS/EUS_129.jpg,train_split,EUS,EUS Disease,3,.jpg,640,640,RGB,b4d55606b4ca2335bef18e86dfa66a9b947bbd94badd8517283c99337d5e8604,c8c8c0c4c4c2c2c2,ok,,g2573,train
data/original/aquahealth/train_split/EUS/EUS_132.jpg,train_split,EUS,EUS Disease,3,.jpg,640,640,RGB,38bea831641006fa356698bc0b34d2b06bb5738f5f6efef1e334508719d34b26,0038f0a6e83000e0,ok,,g92,train
data/original/aquahealth/train_split/EUS/EUS_136.jpg,train_split,EUS,EUS Disease,3,.jpg,640,640,RGB,dac69ae69c34291439a6cdab79dd232bdf8613f5840a6207433772fd82d393f3,f0f1bb3bd9d8b8f0,ok,,g2885,train
data/original/aquahealth/train_split/EUS/EUS_137.jpg,train_split,EUS,EUS Disease,3,.jpg,640,640,RGB,6e61cf1eda0bda48e513a149af13091f3cf546860beaefb6b33d19906babecc2,e0e0c8e08381c0e4,ok,x1443,g2727,train
data/original/aquahealth/train_split/EUS/EUS_138.jpg,train_split,EUS,EUS Disease,3,.jpg,640,640,RGB,c64d0f4b2cb54ad5073746aa605fdaa83ef1440cf617e70ada89379854273e55,d8ec663af2ccf838,ok,,g2646,train
data/original/aquahealth/train_split/EUS/EUS_14.jpg,train_split,EUS,EUS Disease,3,.jpg,640,640,RGB,f72fab6f6bf4886bf305f58a8275b4a3025d028b6a4e33de1b5b15a5ac7376e7,0303110d0e0c0363,ok,,g230,test
data/original/aquahealth/train_split/EUS/EUS_140.jpg,train_split,EUS,EUS Disease,3,.jpg,640,640,RGB,8f899d0b7b5cd9c602f4a0aa9514f6413958771d8d5b9cbe2eb6c4a62d350347,89c2c363381c1c1e,ok,,g2228,train
data/original/aquahealth/train_split/EUS/EUS_143.jpg,train_split,EUS,EUS Disease,3,.jpg,640,640,RGB,030ebc02f657878ffb20eea39b67690f59acc20a00ed4cec167281c3c9976f6e,3078f8fcece8e0e0,ok,,g1272,train
data/original/aquahealth/train_split/EUS/EUS_144.jpg,train_split,EUS,EUS Disease,3,.jpg,640,640,RGB,b22c85d3a9ae34222c0ef651b753b640fdd22143411dbddd553a6ee423043383,e1f158fee29919e1,ok,,g2755,train
data/original/aquahealth/train_split/EUS/EUS_146.jpg,train_split,EUS,EUS Disease,3,.jpg,640,640,RGB,3d8b673094e57b23ff5095f6d9138080c71b1f12c24d5adaefe716151ccf1f0b,cccccccccccccccc,ok,,g2594,train
data/original/aquahealth/train_split/EUS/EUS_148.jpg,train_split,EUS,EUS Disease,3,.jpg,640,640,RGB,5660956d5c7ea459791278c7dafddd557dbe8327ed8d0204ea937b2ea74a08b7,1c1f1f06606000e0,ok,,g950,val
data/original/aquahealth/train_split/EUS/EUS_149.jpg,train_split,EUS,EUS Disease,3,.jpg,640,640,RGB,db5b491cc754ee5f46d5fddcb8ca2f86cf4fe9e6ebf8525334a5e5547b3cf609,406777716b79391d,ok,,g1563,train
data/original/aquahealth/train_split/EUS/EUS_150.jpg,train_split,EUS,EUS Disease,3,.jpg,640,640,RGB,a32c672ac0aab5c73dbc934a0973cac80b4000927915f822a3f3d1859ead9777,5f9f8fcd9b0a0e0d,ok,,g1744,train
data/original/aquahealth/train_split/EUS/EUS_152.jpg,train_split,EUS,EUS Disease,3,.jpg,640,640,RGB,f7c6fbaee4d0698c59dab8ec93560bda3e7d3516b7c14a8c12093e9274434681,a78bcbdae4e4c5f5,ok,,g2392,train
data/original/aquahealth/train_split/EUS/EUS_153.jpg,train_split,EUS,EUS Disease,3,.jpg,640,640,RGB,26bbdf391ed34e0d1d1718e18418a1a57b1904b3cde71b31ee873a114cfedbc9,988c9c1e171b0f1f,ok,,g2303,train
data/original/aquahealth/train_split/EUS/EUS_160.jpg,train_split,EUS,EUS Disease,3,.jpg,640,640,RGB,01f0442f41c77213b939b0489d2b09c8733af0df58038242850bf5575d67d592,60c089e088082e3c,ok,,g1770,test
data/original/aquahealth/train_split/EUS/EUS_161.jpg,train_split,EUS,EUS Disease,3,.jpg,640,640,RGB,7128593f91fb7a2205dcb47de709f75f3890c6f8317bff354dbc08e7ff18dffb,cccecfcdccccc8dc,ok,,g2596,train
data/original/aquahealth/train_split/EUS/EUS_163.jpg,train_split,EUS,EUS Disease,3,.jpg,640,640,RGB,cad5ac8fbc819d8b96ece27302a51b082b5c7ffbd17bf235da652ac1d32a63c6,20e0b1ba3ebbd3e0,ok,,g1127,train
data/original/aquahealth/train_split/EUS/EUS_164.jpg,train_split,EUS,EUS Disease,3,.jpg,640,640,RGB,cfae7c7ed790fa9343a9693b464484e1820f957d4a9585437b3679bb6ba94f28,070f8f8f27870f0f,ok,,g418,train
data/original/aquahealth/train_split/EUS/EUS_165.jpg,train_split,EUS,EUS Disease,3,.jpg,640,640,RGB,81655a52b801a95c61862a1da3aa142a8bac3e800cc7f0089262dde49d6c55e5,03331f1f1d130303,ok,,g275,val
data/original/aquahealth/train_split/EUS/EUS_166.jpg,train_split,EUS,EUS Disease,3,.jpg,640,640,RGB,b39c206619e12553ae7d6869e0e6a8c2f1e8c501b252beb99e9e7fe9759b1d01,0f07293c39131737,ok,,g642,test
data/original/aquahealth/train_split/EUS/EUS_169.jpg,train_split,EUS,EUS Disease,3,.jpg,640,640,RGB,ecd9d6166b2849e2d80f00d6b3be3961303724736ccb26bd7940f1941080954e,8043410346460f0f,ok,,g2127,train
data/original/aquahealth/train_split/EUS/EUS_17.jpg,train_split,EUS,EUS Disease,3,.jpg,640,640,RGB,a050ea25b5081a75f7310bb5932c8e01e664f816cd20f54e55b8a5f4e7a6a305,f7c78f1f1d1587a7,ok,,g2947,train
data/original/aquahealth/train_split/EUS/EUS_171.jpg,train_split,EUS,EUS Disease,3,.jpg,640,640,RGB,ac018a232dea1db69f78dd4e14d945b76fa5021deb763890dce403314272200d,3f7050607100a3f3,ok,,g1536,train
data/original/aquahealth/train_split/EUS/EUS_175.jpg,train_split,EUS,EUS Disease,3,.jpg,640,640,RGB,5de5a29f7603fb2887ce19f85749f73c9959905f26d7f6b28e6fb14af1c86c8a,e06146d0e391241e,ok,x1237,g2696,train
data/original/aquahealth/train_split/EUS/EUS_177.jpg,train_split,EUS,EUS Disease,3,.jpg,640,640,RGB,484aa4e604c5c92e38739240fbaae010b662811e55d0986afa820bf9ba130e23,81111919192d6663,ok,,g2143,train
data/original/aquahealth/train_split/EUS/EUS_179.jpg,train_split,EUS,EUS Disease,3,.jpg,640,640,RGB,873afd0900af7aae89e35d082f079a73f1a3bbbdd04299132121a0f0c90bc0dd,29e8d898b1879fd9,ok,,g1207,train
data/original/aquahealth/train_split/EUS/EUS_180.jpg,train_split,EUS,EUS Disease,3,.jpg,640,640,RGB,d8f51bed8e9ffde8478e1ed796167c89512cbc87969ad9fb6c09ea63b6e6a2e0,787864c29213c7ae,ok,,g2008,train
data/original/aquahealth/train_split/EUS/EUS_181.jpg,train_split,EUS,EUS Disease,3,.jpg,640,640,RGB,d41a10ed617791f10a0d352d6de6525378f70c95768bab1094ea6fdff234d2ff,31313111191b1b1a,ok,,g1285,val
data/original/aquahealth/train_split/EUS/EUS_182.jpg,train_split,EUS,EUS Disease,3,.jpg,640,640,RGB,2f4fac40cbd3c3f2cb2f47631ec3cc3080c30706a6d91658d0d54eef666da2ac,03123263232122e2,ok,x611,g253,test
data/original/aquahealth/train_split/EUS/EUS_183.jpg,train_split,EUS,EUS Disease,3,.jpg,640,640,RGB,03c128e2ecde880fcc137642614f129cf92df7d178ad22cfa977f73bfff3af92,0f0f0f1e3c79e30f,ok,,g669,test
data/original/aquahealth/train_split/EUS/EUS_184.jpg,train_split,EUS,EUS Disease,3,.jpg,640,640,RGB,7710e03470d07dc24aa363220ffba029f26f253b419310d873e7d31feb1ffc75,0fc3f0fceeccd091,ok,,g786,train
data/original/aquahealth/train_split/EUS/EUS_185.jpg,train_split,EUS,EUS Disease,3,.jpg,640,640,RGB,9c042115009c0dbaaa1ef3b8d2688936e276810a6a2d7065e67c30af0b61ef06,1c2c8c8c8ccdc979,ok,,g951,val
data/original/aquahealth/train_split/EUS/EUS_186.jpg,train_split,EUS,EUS Disease,3,.jpg,640,640,RGB,22f42a415d2b74c424cf7355ac2fef4b019a0d903d7322fae4960f58df83e6cd,e5dcd89ef8b0ba67,ok,,g2800,test
data/original/aquahealth/train_split/EUS/EUS_188.jpg,train_split,EUS,EUS Disease,3,.jpg,640,640,RGB,69be0e460aafd754f17ab4cfdb1f43789c94639a2b42004198201affa366a452,8d8d243e3e14141c,ok,,g2246,train
data/original/aquahealth/train_split/EUS/EUS_189.jpg,train_split,EUS,EUS Disease,3,.jpg,640,640,RGB,214f02768b5bfb2dfb39058dc018abdd6920310bfa8285efd7b5b4bd38aaef22,f1e1e0f4a6baeb39,ok,,g2904,test
data/original/aquahealth/train_split/EUS/EUS_191.jpg,train_split,EUS,EUS Disease,3,.jpg,640,640,RGB,b20db34364fc8d339b1d6fa83b91df7c4f6657b9331092439f6671ec0d20160a,86077a39957c7d4f,ok,,g2190,train
data/original/aquahealth/train_split/EUS/EUS_192.jpg,train_split,EUS,EUS Disease,3,.jpg,640,640,RGB,170b8f5ce2c32dc8d9b51741bcbbe58d3561a647d95d30020c9fa70f2f8b1f75,d838338c9a8f276c,ok,,g2636,train
data/original/aquahealth/train_split/EUS/EUS_193.jpg,train_split,EUS,EUS Disease,3,.jpg,640,640,RGB,82157fca28e3c08315a56b1e928a8c5a585fb70adb81e9ceabbefb68e7dbe032,2663c3150c27feb8,ok,,g1185,test
data/original/aquahealth/train_split/EUS/EUS_194.jpg,train_split,EUS,EUS Disease,3,.jpg,640,640,RGB,00be9057a271e1b9fc25193adb4f9ecee7cc045f1a5b3497dfc911847117bf4d,252c2d0d1e8a87c7,ok,,g1176,train
data/original/aquahealth/train_split/EUS/EUS_195.jpg,train_split,EUS,EUS Disease,3,.jpg,640,640,RGB,7bcbad1c15753d92f88ea047be2fa269fe83531f79fa427b1830b228ca1d8547,4f4f4f4567673f5e,ok,,g1679,train
data/original/aquahealth/train_split/EUS/EUS_196.jpg,train_split,EUS,EUS Disease,3,.jpg,640,640,RGB,13da8a109bc40a206a3edd82eaa68aa0613df9b0d90f421667de420a77f63191,6b4bdbdbcbc94b6b,ok,,g1873,train
data/original/aquahealth/train_split/EUS/EUS_197.jpg,train_split,EUS,EUS Disease,3,.jpg,640,640,RGB,73ab28270eb5fd8dd58f699c68966dcaeadfe46f8037b4ebeb709dfe72dcce30,4333337367676363,ok,,g1594,train
data/original/aquahealth/train_split/EUS/EUS_198.jpg,train_split,EUS,EUS Disease,3,.jpg,640,640,RGB,a59f49bdc0a3c1a520cac1b1a774f1382bb27b463413f4595b250e6a94371ac2,2063070505456770,ok,,g1121,train
data/original/aquahealth/train_split/EUS/EUS_199.jpg,train_split,EUS,EUS Disease,3,.jpg,640,640,RGB,de8115298e08d8110df6884cf6c8dc31710f5dd3645f80d7c0d89fd742b9e7bb,3066ef8bce80a088,ok,,g1261,train
data/original/aquahealth/train_split/EUS/EUS_2.jpg,train_split,EUS,EUS Disease,3,.jpg,640,640,RGB,0cb30afea25d9754ffee0989346b623b943f335c788be124d6084ff8068f592c,6c367e776f273773,ok,,g1877,train
data/original/aquahealth/train_split/EUS/EUS_20.jpg,train_split,EUS,EUS Disease,3,.jpg,640,640,RGB,cbb66a9fc47de0899167e791ca0e70e1b93a3d277aed96c22e8713e06470bffb,cf2f0f1f0e947c78,ok,,g2609,train
data/original/aquahealth/train_split/EUS/EUS_200.jpg,train_split,EUS,EUS Disease,3,.jpg,640,640,RGB,7358fec06b206cdd4fc040b7d0b5671eebcf9dfdeabab39f2b939e3236e01173,69e1c0858181c383,ok,,g1867,train
data/original/aquahealth/train_split/EUS/EUS_202.jpg,train_split,EUS,EUS Disease,3,.jpg,640,640,RGB,31197c4f5186436271a28bcdf02fae352fab584754153fc59dcf89173ae116c3,c16262c2c3c0c2c6,ok,,g2507,train
data/original/aquahealth/train_split/EUS/EUS_204.jpg,train_split,EUS,EUS Disease,3,.jpg,640,640,RGB,d28625faee0a421188d15cb11c2e0200aa9672ead8b1cc8ac46213ef82f2e592,f0c0095d1c260ecc,ok,,g2860,train
data/original/aquahealth/train_split/EUS/EUS_205.jpg,train_split,EUS,EUS Disease,3,.jpg,640,640,RGB,de058b4da6085d82cd93f1f78d3af5eb72597c6a69b5207ab012cbb78ef7d208,001c3c66e4e4f400,ok,,g75,train
data/original/aquahealth/train_split/EUS/EUS_206.jpg,train_split,EUS,EUS Disease,3,.jpg,640,640,RGB,b499636866e67653f534c8f02f3ebd8545eb61d71fbd0ff96dd9e2c1e5cd4e80,92deb0c6c5f19b95,ok,,g2281,val
data/original/aquahealth/train_split/EUS/EUS_207.jpg,train_split,EUS,EUS Disease,3,.jpg,640,640,RGB,92b34ce37cd18dd8ca257728b32b55e7238a1cb8deddda55cd54e229b7d4a557,70f0e06568c2c666,ok,,g1937,train
data/original/aquahealth/train_split/EUS/EUS_208.jpg,train_split,EUS,EUS Disease,3,.jpg,640,640,RGB,b94dab4ed8ffe40266ddd90e061ae927a8cb9f2c1afc4b646368b8a28c0b5488,0f87170f35073323,ok,,g774,train
data/original/aquahealth/train_split/EUS/EUS_210.jpg,train_split,EUS,EUS Disease,3,.jpg,640,640,RGB,ded186f94fffe3da9cd8188c59c7d444ab41d24aa89d0f59a7646fd85cb457a8,707038b83098c870,ok,,g1919,train
data/original/aquahealth/train_split/EUS/EUS_211.jpg,train_split,EUS,EUS Disease,3,.jpg,640,640,RGB,135a11dd68d3cbfe59ea219cd8907fd0318584bcc342db3368cb0f139b9486c3,f0f0c080890b24e0,ok,,g2878,train
data/original/aquahealth/train_split/EUS/EUS_214.jpg,train_split,EUS,EUS Disease,3,.jpg,640,640,RGB,5a66a02c514ca721e8d4ec4345afefaff6b99e4c544f8c05e90dd90c7a55ba48,d8f8f8fefefefcfc,label_conflict,,g2650,
data/original/aquahealth/train_split/EUS/EUS_216.jpg,train_split,EUS,EUS Disease,3,.jpg,640,640,RGB,675bcb8845da44f815063d70708baec238b7b9ef908b6c87fca0792996a4c7ab,e9e5c6ecacaca8b0,ok,,g2829,val
data/original/aquahealth/train_split/EUS/EUS_217.jpg,train_split,EUS,EUS Disease,3,.jpg,640,640,RGB,a8f86f4f757e08f1d3e83654a64bb1316fe2377e4d115647aa762160e865ecf0,0f0fe1981c99e3d5,ok,,g692,train
data/original/aquahealth/train_split/EUS/EUS_218.jpg,train_split,EUS,EUS Disease,3,.jpg,640,640,RGB,152e12f7075258839f483014039500474a8a38bf33d6bdaebaad30e64e91e2ed,e0e07070e07030c0,ok,,g2721,train
data/original/aquahealth/train_split/EUS/EUS_219.jpg,train_split,EUS,EUS Disease,3,.jpg,640,640,RGB,1653dc90cf1d4b9e496c2fcd3238ac70c70e647e594e573c67ede1d59ed9fac5,f8988cca7af2e0f0,ok,,g2955,test
data/original/aquahealth/train_split/EUS/EUS_220.jpg,train_split,EUS,EUS Disease,3,.jpg,640,640,RGB,5e1a2c72e979f0a7d31bb6349434d98884fcfd05fc3c01df69add60234d8b28e,f0f03c9f8fcfe7f3,ok,,g2876,test
data/original/aquahealth/train_split/EUS/EUS_222.jpg,train_split,EUS,EUS Disease,3,.jpg,640,640,RGB,61260e5ca6cb5a07510a820417be2b4587f4128e3bacdcd7245e61ffc581ec2c,39236373303a7060,ok,,g1390,train
data/original/aquahealth/train_split/EUS/EUS_223.jpg,train_split,EUS,EUS Disease,3,.jpg,640,640,RGB,ad764a58b58eb88d5684a7aad1626cbc7a7038bf195040dcb3747004600ca207,df9f1b381a1b7b39,ok,,g2686,test
data/original/aquahealth/train_split/EUS/EUS_225.jpg,train_split,EUS,EUS Disease,3,.jpg,640,640,RGB,81a4823b6e318e078256ee7e0306c7c14981ce08f4e231a9013290f7f3c42f88,dc9f1f9f9f3f3f1f,ok,,g2671,train
data/original/aquahealth/train_split/EUS/EUS_227.jpg,train_split,EUS,EUS Disease,3,.jpg,640,640,RGB,f6bafcc80acb515d30bc7b7c3fa92048cfaacd4560f75302be8b21355bb4e029,081e1e4747672610,ok,,g485,train
data/original/aquahealth/train_split/EUS/EUS_229.jpg,train_split,EUS,EUS Disease,3,.jpg,640,640,RGB,085e4173969e9e567f70a2461032283429b5959be636a9a624e55e3bd51319e0,5fffc0181854fc7e,ok,,g1747,test
data/original/aquahealth/train_split/EUS/EUS_230.jpg,train_split,EUS,EUS Disease,3,.jpg,640,640,RGB,0249857407c0b7d52be6131287677f008732b47bff5cd6444a560352885c9ebd,d9996047070f0f1f,ok,,g2653,train
data/original/aquahealth/train_split/EUS/EUS_232.jpg,train_split,EUS,EUS Disease,3,.jpg,640,640,RGB,56fe1fed09317c394cb645d87dcebc0dabb4981d40a771148aa55c1850c4a692,b0f8e8d8d8e0e0e0,ok,,g2409,train
data/original/aquahealth/train_split/EUS/EUS_238.jpg,train_split,EUS,EUS Disease,3,.jpg,640,640,RGB,00b4d5169c6943c6fa34f3abbe1d597c66f41acdd31398308fbaa0757e5fab78,0f1f0e0e0f0f1f0f,ok,x11,g712,train
data/original/aquahealth/train_split/EUS/EUS_24.jpg,train_split,EUS,EUS Disease,3,.jpg,640,640,RGB,4b1620b31ad74186337bbdab3379e54617cf414588a600f036dc5345b7a747b4,f0d0b27870a0e467,ok,,g2865,val
data/original/aquahealth/train_split/EUS/EUS_240.jpg,train_split,EUS,EUS Disease,3,.jpg,640,640,RGB,00764d7de6e0682be64080069080aa1060cfca863adb13a6bb1c363e1f75d4ff,e1e0e6e7f1d9f8fc,ok,,g2752,train
data/original/aquahealth/train_split/EUS/EUS_241.jpg,train_split,EUS,EUS Disease,3,.jpg,640,640,RGB,d5784c6aa55bc268f45fee532ea5f5d980fb0dbd79544c5310ffaf5006f63d23,cc8421fbbafed8f8,ok,,g2593,train
data/original/aquahealth/train_split/EUS/EUS_242.jpg,train_split,EUS,EUS Disease,3,.jpg,640,640,RGB,7b75072392d08c4a05ddccee3622017862f3e87c9ab87d3e448d04b892dc0541,5c1c0e8e07060f4d,ok,,g1721,train
data/original/aquahealth/train_split/EUS/EUS_243.jpg,train_split,EUS,EUS Disease,3,.jpg,640,640,RGB,dadf2d7d64c084d9ebb9c1f7d3c888ef612c15e57f249dcbb6da8ddae0f8c070,5c1c0e8e07068f4d,ok,,g1722,test
data/original/aquahealth/train_split/EUS/EUS_244.jpg,train_split,EUS,EUS Disease,3,.jpg,640,640,RGB,092737f7aca2de1d6d60923ce8c2005d77a4ae4988eea78d5fc56c4e3e36efe9,0282f08880000882,ok,,g212,train
data/original/aquahealth/train_split/EUS/EUS_246.jpg,train_split,EUS,EUS Disease,3,.jpg,640,640,RGB,51609ac699068d2c28a0ca6675dc99e99e5112ed3dee4424a0ff3428560e345f,9fb3d266a0e0633f,ok,,g2365,train
data/original/aquahealth/train_split/EUS/EUS_247.jpg,train_split,EUS,EUS Disease,3,.jpg,640,640,RGB,a22abbb5c6c2e8b3ce7c3384f54c8956716e0e897771ba7aebe17527ac6b4428,c1c030f0f1f0f1b9,ok,,g2513,train
data/original/aquahealth/train_split/EUS/EUS_248.jpg,train_split,EUS,EUS Disease,3,.jpg,640,640,RGB,ea6dc1a48595f97ac4a9201ed9a83913445583f7928043c8f6a5b49bc8d5d5d3,2f3f331d17713337,ok,,g1241,train
data/original/aquahealth/train_split/EUS/EUS_249.jpg,train_split,EUS,EUS Disease,3,.jpg,640,640,RGB,ddbc9b5e3fa1e14a72cf5d4fb399a61851369b2a01937c2479d54ff3efc98898,e0f0199999b9dbc8,ok,,g2737,val
data/original/aquahealth/train_split/EUS/EUS_25.jpg,train_split,EUS,EUS Disease,3,.jpg,260,194,RGB,a3dfcc53fc1bb50714052c0e2d6f079093cfd1c57bfddb5ddf6465218a330806,07054c4c0f1f8fc3,label_conflict,,g375,
data/original/aquahealth/train_split/EUS/EUS_250.jpg,train_split,EUS,EUS Disease,3,.jpg,640,640,RGB,311743fa4ddd01eb87506d2aca3620ef3abe3927cf8b4933e07925ec997f4ec7,c4c4c8889982c3c2,ok,,g2550,train
data/original/aquahealth/train_split/EUS/EUS_253.jpg,train_split,EUS,EUS Disease,3,.jpg,640,640,RGB,d59f1ee54273cd4e8c7dd45e6465b8c0dda2d71cb0ac773cc6025ba211c65d25,60305c6420a1b090,ok,,g1755,train
data/original/aquahealth/train_split/EUS/EUS_254.jpg,train_split,EUS,EUS Disease,3,.jpg,640,640,RGB,4b7bc01a583ee804a39fed0767a22e4fe2a80d3830f6454e2a19e8474ddda155,78e88ed2f27068e0,ok,,g2013,test
data/original/aquahealth/train_split/EUS/EUS_255.jpg,train_split,EUS,EUS Disease,3,.jpg,640,640,RGB,f7575d9a257e10a040edc626a68c158a58f023c34e01066f756661302689f92a,dace6a19d9c5cc62,ok,,g2657,test
data/original/aquahealth/train_split/EUS/EUS_256.jpg,train_split,EUS,EUS Disease,3,.jpg,640,640,RGB,2f4b4791ff17dc61a8e7ea65d28aecbc0495cb5f3bbd3fc3e7a3a0cf4347f094,fddcf8f8f9f2c38d,ok,,g3026,train
data/original/aquahealth/train_split/EUS/EUS_257.jpg,train_split,EUS,EUS Disease,3,.jpg,640,640,RGB,7cec324199b3ae004af0d0cf149c9524abe28fd1ef81976bfb9d3af57815cdf4,007cfc99b9e87000,ok,,g109,train
data/original/aquahealth/train_split/EUS/EUS_258.jpg,train_split,EUS,EUS Disease,3,.jpg,640,640,RGB,b837066ad3bac43a7b57054549833525c60cf7b5e37033763ab04da3504e3319,ff9b7bd99fbcf0e4,ok,x2452,g3043,train
data/original/aquahealth/train_split/EUS/EUS_259.jpg,train_split,EUS,EUS Disease,3,.jpg,640,640,RGB,89b4ad2d61ec32a01fa3e3713d7262b31636fd6eb41c14400ce89bf417b13895,003f3f7f3b3fcf00,ok,,g94,train
data/original/aquahealth/train_split/EUS/EUS_26.jpg,train_split,EUS,EUS Disease,3,.jpg,640,640,RGB,a529a9a72e18c96ff4abacf0e2ff23b4a2340494b1d783dd510b448c9712e2af,0206030323078c90,ok,,g203,train
data/original/aquahealth/train_split/EUS/EUS_260.jpg,train_split,EUS,EUS Disease,3,.jpg,640,640,RGB,c05348f01b8f4b8ad3c8d8a8f784664a1486933988ab6aa56a6059e70db0c9ed,ccdcdcdcccd8d8c8,ok,,g2597,train
data/original/aquahealth/train_split/EUS/EUS_264.jpg,train_split,EUS,EUS Disease,3,.jpg,640,640,RGB,80e62f7d329fae90987871f2a104245cb4a12e7809754e3fe04e1669713ddb36,0d0f6f67ef7ea707,ok,,g578,train
data/original/aquahealth/train_split/EUS/EUS_265.jpg,train_split,EUS,EUS Disease,3,.jpg,640,640,RGB,63ef49af27f64cd4caf6757483cbe9958ab10f0bae0f29df0e14d3be0152bee2,5098c9cf86c7e1c2,ok,,g1694,train
data/original/aquahealth/train_split/EUS/EUS_266.jpg,train_split,EUS,EUS Disease,3,.jpg,640,640,RGB,00e1baf688ee6856a6475b203631551b99b48c5ab3dec1aee34bc413626b9e2f,008840f8f7ed8c1f,ok,x15,g120,train
data/original/aquahealth/train_split/EUS/EUS_267.jpg,train_split,EUS,EUS Disease,3,.jpg,640,640,RGB,19b452223183167d71b9da8ae49a23b550f7042b731c58646bbcfe9b79f779c9,f070606060e0e0e0,ok,,g2856,train
data/original/aquahealth/train_split/EUS/EUS_268.jpg,train_split,EUS,EUS Disease,3,.jpg,640,640,RGB,6dc38922e3c955805c8370341d597127231f4bbe36d37990f2c454eabc383b6e,78fcc99998f8798d,ok,,g2018,train
data/original/aquahealth/train_split/EUS/EUS_269.jpg,train_split,EUS,EUS Disease,3,.jpg,640,640,RGB,28f52e905a97845bb4156e3129d851ffea1b1667a3460e172d28b05f5561b878,99239834a1c46674,ok,,g2311,train
data/original/aquahealth/train_split/EUS/EUS_270.jpg,train_split,EUS,EUS Disease,3,.jpg,640,640,RGB,7907f3d4a072c72d1b44a96e6e0034b4bd7ede7d3e35287b4cbb61f239d8365f,1f3f7d0e0f9b17c4,ok,,g1071,train
data/original/aquahealth/train_split/EUS/EUS_271.jpg,train_split,EUS,EUS Disease,3,.jpg,640,640,RGB,7318dbee9f55c80cda1599bd289eec25cb0fea8b3e38c8e05478c2fa410860b8,1f30311d87fadef4,ok,,g1060,test
data/original/aquahealth/train_split/EUS/EUS_274.jpg,train_split,EUS,EUS Disease,3,.jpg,640,640,RGB,d4abfa6b1098666e82dcd09a3dbc70186421a1da970f6625c9341b14e963080e,068cccce9e8e1eb0,ok,,g355,train
data/original/aquahealth/train_split/EUS/EUS_275.jpg,train_split,EUS,EUS Disease,3,.jpg,640,640,RGB,98116f3f1adecf736c0ecb78c640fcee6af60e27fd11f37a3f74de207326037f,e58d15c7878f0f0f,ok,,g2798,train
data/original/aquahealth/train_split/EUS/EUS_276.jpg,train_split,EUS,EUS Disease,3,.jpg,640,640,RGB,8fc3952d46b7c718518b73c40d81139b81505f0b8cc377fd16cfb7e7dbd18ac5,3f740c031227071f,ok,,g1540,train
data/original/aquahealth/train_split/EUS/EUS_277.jpg,train_split,EUS,EUS Disease,3,.jpg,640,640,RGB,37cc9a6eacc7ebc43a980ba38470c9c42477fa2cc0df60e2c282e5090a0631f3,ffffdf3c6c69cbcb,ok,,g3054,test
data/original/aquahealth/train_split/EUS/EUS_278.jpg,train_split,EUS,EUS Disease,3,.jpg,640,640,RGB,662494a9f0748114eff2906603df358e76f7c2adf3896ceb21acd7ce65ee878b,074739392b3d6d4f,ok,,g447,train
data/original/aquahealth/train_split/EUS/EUS_279.jpg,train_split,EUS,EUS Disease,3,.jpg,640,640,RGB,c2be523e07683fd01e0a1fdf915488e3ac05b9d273a25d8203009025210a3f11,074721392b3d4d4f,ok,,g446,train
data/original/aquahealth/train_split/EUS/EUS_280.jpg,train_split,EUS,EUS Disease,3,.jpg,640,640,RGB,5583999ee01d63bac18062e9640430be8f6ea5fbe10be641a5062d3eea2c7f85,43d38785c9d983b3,ok,,g1608,train
data/original/aquahealth/train_split/EUS/EUS_281.jpg,train_split,EUS,EUS Disease,3,.jpg,640,640,RGB,a0c8891bb4f396f0d0c154e5b82df1c568d5c4f83137d58343be090e39e13235,f223261d0d2c5a1e,ok,,g2914,train
data/original/aquahealth/train_split/EUS/EUS_284.jpg,train_split,EUS,EUS Disease,3,.jpg,640,640,RGB,6bf3e220fcd2df2bb52f3838660fbdd6b93ed41014df29012e15f51a0a644662,7272f0e0e8e0f262,ok,,g1955,test
data/original/aquahealth/train_split/EUS/EUS_285.jpg,train_split,EUS,EUS Disease,3,.jpg,640,640,RGB,a65924d02229850c5c165c4b7972de5c1fbaba5ce015dd6cce9733d691c6e212,80f06e27178320d8,ok,,g2140,train
data/original/aquahealth/train_split/EUS/EUS_286.jpg,train_split,EUS,EUS Disease,3,.jpg,640,640,RGB,0fc1e495165201faa534ec1f2d6c79e49056b5cb4c470af0ebde1c87d34f54c0,3c6ecece8c8c1c88,ok,,g1456,val
data/original/aquahealth/train_split/EUS/EUS_290.jpg,train_split,EUS,EUS Disease,3,.jpg,640,640,RGB,72ee7aa4189e12822d9702c8282913fbc16d77dd636bb944b87634cdb272fa80,8d8c8c040c0c0c0c,ok,,g2245,val
data/original/aquahealth/train_split/EUS/EUS_292.jpg,train_split,EUS,EUS Disease,3,.jpg,640,640,RGB,d486bbbb1d8feae21c3c4ae2638756c38eec13ed5ad4603294bdd53523f77146,4edef8f4e0c8f8f0,ok,,g1665,train
data/original/aquahealth/train_split/EUS/EUS_294.jpg,train_split,EUS,EUS Disease,3,.jpg,640,640,RGB,6112abf256e9c122cb163dc14d379dfe720f84eee3e8ff201e8500f6b0acd51e,416171f89cfc9c9e,ok,,g1578,train
data/original/aquahealth/train_split/EUS/EUS_295.jpg,train_split,EUS,EUS Disease,3,.jpg,640,640,RGB,d33948ad36212c5a82dccb60a236a10be87d3c86e2545b32741738fb0a3dcb09,4349f9f89cfcdc9e,ok,,g1596,train
data/original/aquahealth/train_split/EUS/EUS_298.jpg,train_split,EUS,EUS Disease,3,.jpg,640,640,RGB,572328b4298fab48df1e62eca043816da8a2d301f5082e685af4b63acf216b94,091909103032969e,ok,,g502,train
data/original/aquahealth/train_split/EUS/EUS_3.jpg,train_split,EUS,EUS Disease,3,.jpg,640,640,RGB,61315c49d02903b6d102dbbe3f07beed7c0dcc455be116a3c7b50554750f13bd,9cde4ecfce0e0c2e,ok,,g2334,test
data/original/aquahealth/train_split/EUS/EUS_300.jpg,train_split,EUS,EUS Disease,3,.jpg,640,640,RGB,1cac297d6a9e6eaff0b62aa613dc1c60052af2dee77aa23a4d13d10ebaffc3cc,dcc4c4f1c31292db,ok,x381,g2672,val
data/original/aquahealth/train_split/EUS/EUS_301.jpg,train_split,EUS,EUS Disease,3,.jpg,640,640,RGB,99d60c8447ba167c88fb7308ca9ccbb8b6f7ebacba1b3256f4b246e0b94d5360,d4c4c4f1c19212cf,ok,,g2629,test
data/original/aquahealth/train_split/EUS/EUS_302.jpg,train_split,EUS,EUS Disease,3,.jpg,640,640,RGB,42cd6badca4b5037674e2f9137fb1599025057cd2f4d0248a2aec4a0a7fd0a28,e5673636d31f0f23,ok,,g2797,train
data/original/aquahealth/train_split/EUS/EUS_303.jpg,train_split,EUS,EUS Disease,3,.jpg,640,640,RGB,0d0c2ccb68b1117ee0ef33939c054db1287d0b7d7dc8c54a05c16d3abc37f9d8,13c38f0e1e061d5b,ok,,g838,train
data/original/aquahealth/train_split/EUS/EUS_304.jpg,train_split,EUS,EUS Disease,3,.jpg,640,640,RGB,7a19b00e374afb53bc4a39d50e2257316580f8b9c13249d991aa1a5d818c24a8,4948545c98303818,ok,,g1641,val
data/original/aquahealth/train_split/EUS/EUS_305.jpg,train_split,EUS,EUS Disease,3,.jpg,640,640,RGB,e2841ac47b37d29be8a7ec8fcc2648bfd6f30afd81102b1465384e94d7e82c51,c46041101033e0c0,ok,,g2546,train
data/original/aquahealth/train_split/EUS/EUS_308.jpg,train_split,EUS,EUS Disease,3,.jpg,640,640,RGB,da3c5eef295b645e39c4727783599b864fcd0e786436cfb59066bbe520d9cef9,fff3d99e6e2cf1e0,ok,,g3047,train
data/original/aquahealth/train_split/EUS/EUS_309.jpg,train_split,EUS,EUS Disease,3,.jpg,640,640,RGB,2c0a59c2644ea812fb0db03756a8d715d5f821d4eb78a879520d262416b7eb5b,39188c8c98583030,ok,,g1385,train
data/original/aquahealth/train_split/EUS/EUS_31.jpg,train_split,EUS,EUS Disease,3,.jpg,640,640,RGB,7c09fa84c05f96cff99a82f2a3c5e48b8941de022dbdb686a11b2209cdba14b0,6363131f1e090101,label_conflict,,g1802,
data/original/aquahealth/train_split/EUS/EUS_310.jpg,train_split,EUS,EUS Disease,3,.jpg,640,640,RGB,c15086c24bdf04d78e82c29e623752a9eb800588f8ab5f02d61e322da2dd5b1a,1e9ece0e0bc72e2c,ok,,g1005,val
data/original/aquahealth/train_split/EUS/EUS_311.jpg,train_split,EUS,EUS Disease,3,.jpg,640,640,RGB,036285cd79277781606a326bccac569b44d42b066744137c1e12645b4061415e,60e0d88ea3c1e0e0,ok,,g1775,val
data/original/aquahealth/train_split/EUS/EUS_312.jpg,train_split,EUS,EUS Disease,3,.jpg,640,640,RGB,fa27d40d54d798f8261c5da83af4e1635f833d881e877c97837d2186a1721268,e0444f1cd1d9d9f1,ok,,g2692,train
data/original/aquahealth/train_split/EUS/EUS_313.jpg,train_split,EUS,EUS Disease,3,.jpg,640,640,RGB,3700d0a6cdada1f18b38c221e2ebcc92eff57c0cad7e0d51188fc950ab0cf4c9,60203810c2c16060,ok,,g1750,train
data/original/aquahealth/train_split/EUS/EUS_314.jpg,train_split,EUS,EUS Disease,3,.jpg,640,640,RGB,92d5be61ab53ec22f1a71d9b5482d4f3031b7ee182cb8a108110493526da507c,60203810c2d36160,ok,,g1751,train
data/original/aquahealth/train_split/EUS/EUS_317.jpg,train_split,EUS,EUS Disease,3,.jpg,640,640,RGB,bca38895730eee880d00cdbecff7fbf8cd33214838d84c2201813aec4afa256a,cbfe7ffb7bbab0b4,ok,,g2590,test
data/original/aquahealth/train_split/EUS/EUS_318.jpg,train_split,EUS,EUS Disease,3,.jpg,640,640,RGB,aca9488dfdd8234f8fbfd55c052a0669574248f6ed7602748b315768561f4cff,4d44fcf6f7f7676f,ok,,g1656,train
data/original/aquahealth/train_split/EUS/EUS_319.jpg,train_split,EUS,EUS Disease,3,.jpg,640,640,RGB,37690f0db525940fb55cd4e3b23058ecce408d48195dc01d0362af6e9f2d281a,0f43f1648ccc68b9,ok,,g746,test
data/original/aquahealth/train_split/EUS/EUS_322.jpg,train_split,EUS,EUS Disease,3,.jpg,640,640,RGB,6bfce938ccb40e0340f300b6acebee79c1b466916fad5b4867b4097ecc136527,f0c4c614dc873370,ok,,g2862,train
data/original/aquahealth/train_split/EUS/EUS_323.jpg,train_split,EUS,EUS Disease,3,.jpg,640,640,RGB,a637c591d6cde2eee7fb70555797527a3f88acb00c4380d556e42f32c479af20,6fe778e0c04061f3,ok,,g1905,train
data/original/aquahealth/train_split/EUS/EUS_324.jpg,train_split,EUS,EUS Disease,3,.jpg,640,640,RGB,f6c756affbcd2f5b7b666fb1cac11db57f33c6a4e360b98c5c7901a6dcc0ba36,7bf1d1d8f8f8f95f,ok,,g2046,train
data/original/aquahealth/train_split/EUS/EUS_325.jpg,train_split,EUS,EUS Disease,3,.jpg,640,640,RGB,f7fe5c28faf5f3edcf11d5b25c937d6a176df72c62cf71f1a19a0c4fe2330f29,f9f2f2d010f8f0e0,ok,,g2979,val
data/original/aquahealth/train_split/EUS/EUS_326.jpg,train_split,EUS,EUS Disease,3,.jpg,640,640,RGB,41207c2c96abcf726378e555f3a0ae874b27bf784c85382b867ca4d03355a025,161e1f4f470f1f18,ok,,g850,train
data/original/aquahealth/train_split/EUS/EUS_327.jpg,train_split,EUS,EUS Disease,3,.jpg,640,640,RGB,6c478234d3e1770445c6a9cb59d99a7f0518c20386815d8d4c1ed915dabed082,99f9b9982aca1a18,ok,,g2316,test
data/original/aquahealth/train_split/EUS/EUS_328.jpg,train_split,EUS,EUS Disease,3,.jpg,640,640,RGB,1943e6555cda5e70ae8cb288d6f99bc0edf13fac4c85848bde220a9ff3f14ff9,e3f3cdcf1f0be307,ok,,g2779,val
data/original/aquahealth/train_split/EUS/EUS_329.jpg,train_split,EUS,EUS Disease,3,.jpg,640,640,RGB,13adea80aaf9dc6a909297eacc29f572a4e4e634c9cf4c85dde7806e0a95a7a0,07070f0f0f1f3b3e,ok,,g384,train
data/original/aquahealth/train_split/EUS/EUS_331.jpg,train_split,EUS,EUS Disease,3,.jpg,640,640,RGB,17191aa5423df5c56ebcc1b1aa04911c82c94d480d1700eec69ca7ffddf8278e,0f39640606071b0f,ok,,g733,train
data/original/aquahealth/train_split/EUS/EUS_332.jpg,train_split,EUS,EUS Disease,3,.jpg,640,640,RGB,52205ade0fc59183d11ecd523d24d8c5fdc156e9f464f982a3e6a5118375bfea,531d1c373e78a0e1,ok,,g1699,train
data/original/aquahealth/train_split/EUS/EUS_333.jpg,train_split,EUS,EUS Disease,3,.jpg,640,640,RGB,5d1d9d67876ac960b367a16916136362593b38f829619c2317d2488f42c3424a,82810f0707820203,ok,,g2154,train
data/original/aquahealth/train_split/EUS/EUS_335.jpg,train_split,EUS,EUS Disease,3,.jpg,640,640,RGB,ee15942ff7ecf77c9296a2602afbaf1db97c8194fbafa63df8d5b55c1deacf7c,7c781838b8f83c0c,ok,,g2054,val
data/original/aquahealth/train_split/EUS/EUS_336.jpg,train_split,EUS,EUS Disease,3,.jpg,640,640,RGB,0adb6d488a1e7e38344a60471e2ab1db839fab40fa477f0d414a96edb3bf54fe,19f9e347ccdc726b,ok,,g918,test
data/original/aquahealth/train_split/EUS/EUS_341.jpg,train_split,EUS,EUS Disease,3,.jpg,640,640,RGB,bf10881b5afde3e73093747c634d57553da6c5d47ed4344dfdb8a7498eaa7790,07c381404890c387,ok,,g471,test
data/original/aquahealth/train_split/EUS/EUS_344.jpg,train_split,EUS,EUS Disease,3,.jpg,640,640,RGB,02493368be192e993fe5d689c425b85846c895cec2be706d68a509a286f04db9,c4d40e0f0e8e37b1,ok,,g2552,train
data/original/aquahealth/train_split/EUS/EUS_347.jpg,train_split,EUS,EUS Disease,3,.jpg,640,640,RGB,ed86acdfd7f78bc53f588694add23a70adfa5e03b6c0ddcdaa0d499aa34ccd60,d4707c6e4e9ebdd4,ok,,g2628,train
data/original/aquahealth/train_split/EUS/EUS_351.jpg,train_split,EUS,EUS Disease,3,.jpg,640,640,RGB,708157efe95ff2802a49353b9c1ffa569dafd3ae87c768e06acc48ed2e175ed1,0f0f038bc703071a,ok,,g660,val
data/original/aquahealth/train_split/EUS/EUS_38.jpg,train_split,EUS,EUS Disease,3,.jpg,640,640,RGB,a2a13a01f64bc6d2d395f474203a4f58e99810bc553879274b61f5f4ab25266e,2361616071313938,ok,,g1164,train
data/original/aquahealth/train_split/EUS/EUS_42.jpg,train_split,EUS,EUS Disease,3,.jpg,640,640,RGB,69150c8cfaa914e26525304dfacccad7b859d4c7fb629695cbf1fbf07bb7c7e4,0303030746430300,ok,,g221,train
data/original/aquahealth/train_split/EUS/EUS_43.jpg,train_split,EUS,EUS Disease,3,.jpg,640,640,RGB,e46015ccb2721ed2293892456034595652838be791bd2757459ed16e23798b4b,f8f8f8fcf8f8fcfe,ok,,g2970,train
data/original/aquahealth/train_split/EUS/EUS_44.jpg,train_split,EUS,EUS Disease,3,.jpg,640,640,RGB,9c87e73187f284509685ff28b786e40f39fd79f8a73785887427423112c766f1,030303074e430300,ok,,g222,train
data/original/aquahealth/train_split/EUS/EUS_47.jpg,train_split,EUS,EUS Disease,3,.jpg,640,640,RGB,110890e34bfed95b03f826fe98cf4dc9beebd66a8d30292486f7339bcb6e62c3,41818115af8f0f0b,ok,,g1579,train
data/original/aquahealth/train_split/EUS/EUS_48.jpg,train_split,EUS,EUS Disease,3,.jpg,640,640,RGB,1f036cbb444531886c1ccd933b1c2f52ffcac443032cc1a5ee0b03558aee4dc3,f37969c1c9c7c7b3,ok,,g2921,test
data/original/aquahealth/train_split/EUS/EUS_5.jpg,train_split,EUS,EUS Disease,3,.jpg,640,640,RGB,ec56da9a132de7b9ce6bcf741d3bd164db781f5cbd79c8983acb1128639f21b5,39392c8c8c8c9918,ok,,g1397,train
data/original/aquahealth/train_split/EUS/EUS_50.jpg,train_split,EUS,EUS Disease,3,.jpg,640,640,RGB,9ee0edf35537944b3c7e56677600cff96cbc0f52ad0597f9ee458db50759fab8,1b8bebbd2ea2ba3a,ok,,g943,train
data/original/aquahealth/train_split/EUS/EUS_51.jpg,train_split,EUS,EUS Disease,3,.jpg,640,640,RGB,d78494d0569d6a53165177df680496482fb259c07ce5fd0629144738c7721445,87fcee8397d8e037,ok,,g2217,train
data/original/aquahealth/train_split/EUS/EUS_55.jpg,train_split,EUS,EUS Disease,3,.jpg,640,640,RGB,fa2ac15699411c0107cf5361d36cd622092740a5fb3bb35bf611531f731cb9ae,fc7ef6e64cdcdcc8,ok,,g3003,test
data/original/aquahealth/train_split/EUS/EUS_56.jpg,train_split,EUS,EUS Disease,3,.jpg,640,640,RGB,c3aa7637bd4c893a14f61f62a52f18f6228cc17fc8fa593e85d133220ebe1cc0,9cbe7c3fbb7b7c79,ok,,g2332,train
data/original/aquahealth/train_split/EUS/EUS_57.jpg,train_split,EUS,EUS Disease,3,.jpg,640,640,RGB,779bb2e1a5beafd1dda3e6316faa9365a11978e9fd3705748863dd0b7457d12e,9cbc3c3fbb7b7c79,ok,,g2331,train
data/original/aquahealth/train_split/EUS/EUS_58.jpg,train_split,EUS,EUS Disease,3,.jpg,640,640,RGB,a9658b6a51efaed5f02d97756dc2d966971ce8301ca834cb19b8377825cac8b8,a486c68882020305,ok,,g2382,train
data/original/aquahealth/train_split/EUS/EUS_59.jpg,train_split,EUS,EUS Disease,3,.jpg,640,640,RGB,73773063d1a8a33f336387f9783066bfa3db4be9685aeb96f1a0c0feac8e1a26,c3f0d6d7d8632ea0,ok,,g2543,train
data/original/aquahealth/train_split/EUS/EUS_6.jpg,train_split,EUS,EUS Disease,3,.jpg,640,640,RGB,2c169a380291e60853657220911e4dd5a07f53031c27d08864a610ccb2f5a970,3296963633333378,ok,,g1310,train
data/original/aquahealth/train_split/EUS/EUS_61.jpg,train_split,EUS,EUS Disease,3,.jpg,640,640,RGB,7e889e8cd492f6ffe843e32c6c0a21023978ce6fac734aa99f378aca7e6d7187,b978761fcfcffdbf,ok,,g2440,val
data/original/aquahealth/train_split/EUS/EUS_62.jpg,train_split,EUS,EUS Disease,3,.jpg,640,640,RGB,164f4fbca1dfa53adc9e29ed3471178123b99e3a8cd938de45c76d275e34a334,8747650f1f3f634b,ok,,g2206,train
data/original/aquahealth/train_split/EUS/EUS_63.jpg,train_split,EUS,EUS Disease,3,.jpg,640,640,RGB,71c4ac1166d9b72557d1f195bb5015a23f3cc7bb1ac2eadad40bab2897043fd2,1c1f1f0660202080,ok,,g949,train
data/original/aquahealth/train_split/EUS/EUS_65.jpg,train_split,EUS,EUS Disease,3,.jpg,640,640,RGB,74b50d791fb1dfd6a874353248f848d6f2903d586683a97d7902d24a6a402894,a4ec4c9c1c3c3c38,ok,,g2384,train
data/original/aquahealth/train_split/EUS/EUS_66.jpg,train_split,EUS,EUS Disease,3,.jpg,640,640,RGB,72d158b31330de57c42594b9e9db4e7c53991f52a1a5926a70f438d9f7d733cd,474511401a321301,ok,,g1625,train
data/original/aquahealth/train_split/EUS/EUS_67.jpg,train_split,EUS,EUS Disease,3,.jpg,640,640,RGB,dd9ae940025a7e3aad114063097518baced3b4ffbf69225c7a592280cba64c4a,8ed494157716aef0,ok,,g2255,train
data/original/aquahealth/train_split/EUS/EUS_7.jpg,train_split,EUS,EUS Disease,3,.jpg,640,640,RGB,51cb0f9d820e978c94d29148a287436b8acbcde5d37f375c91a22091a8329b60,99cb4b0b9919193a,ok,,g2315,val
data/original/aquahealth/train_split/EUS/EUS_70.jpg,train_split,EUS,EUS Disease,3,.jpg,640,640,RGB,4c90eab8ca5f0e35eeb9b82b3362d893dc70acc06bd8ad587084fd5c6cea046b,3b1db8e0e0eee080,ok,,g1423,val
data/original/aquahealth/train_split/EUS/EUS_71.jpg,train_split,EUS,EUS Disease,3,.jpg,640,640,RGB,0d525a8be8ef8a1640e52f4d5d462db3900530f27286047f6edd0802425b0afe,00381c4e86295b17,ok,,g89,train
data/original/aquahealth/train_split/EUS/EUS_72.jpg,train_split,EUS,EUS Disease,3,.jpg,640,640,RGB,7b0ecc9f412cc8c3eb97fe0cb768447d843a84c4246f071f3b1653c5abecab05,1f1f1d1d9712c75f,ok,,g1050,train
data/original/aquahealth/train_split/EUS/EUS_75.jpg,train_split,EUS,EUS Disease,3,.jpg,640,640,RGB,6987c937a85f4b5d77546ad29f6e192ed6a53e810392acfbb69de330722afbfa,c6c0e0e1e1e1e1f1,ok,,g2558,train
data/original/aquahealth/train_split/EUS/EUS_76.jpg,train_split,EUS,EUS Disease,3,.jpg,640,640,RGB,7bcbd96db3188145bdb0843194ae33ae6ff42636bb0053b769a2d95cad48da52,fcfc7c7c3c389093,ok,,g3017,train
data/original/aquahealth/train_split/EUS/EUS_77.jpg,train_split,EUS,EUS Disease,3,.jpg,640,640,RGB,2b3699dfe55f4c129f80dc90ec8e0fdd618994036a02fe144c91eb73c5ef365d,3c3e374797072383,ok,,g1449,val
data/original/aquahealth/train_split/EUS/EUS_78.jpg,train_split,EUS,EUS Disease,3,.jpg,640,640,RGB,b6dbb2248f54795636e8cc6d54b6d7f2aa594c7da079ababe7bd1acd21b189ef,8707181e3f7ffef8,ok,,g2203,val
data/original/aquahealth/train_split/EUS/EUS_79.jpg,train_split,EUS,EUS Disease,3,.jpg,640,640,RGB,00913ac24fad3924339a72d6abdfa4068030909a7ec325b27eed124da7a43319,3c3e274797072383,ok,,g1448,train
data/original/aquahealth/train_split/EUS/EUS_8.jpg,train_split,EUS,EUS Disease,3,.jpg,640,640,RGB,031231b3044938ba9345f6761dde7d9ad792932e29a9f7e4abcc73a4b73ab11b,5bc3831f1fc7eeae,ok,,g1719,train
data/original/aquahealth/train_split/EUS/EUS_82.jpg,train_split,EUS,EUS Disease,3,.jpg,640,640,RGB,4c2a3dd68cc915eef73c5b4aa690a962c7712c5df3b40ad8ab8d26b64c26fd81,0626120a03212327,ok,,g350,train
data/original/aquahealth/train_split/EUS/EUS_83.jpg,train_split,EUS,EUS Disease,3,.jpg,640,640,RGB,91959f51dbad4266fca07993da55fd1b9e9b9bbbc258c59cefbb321c6fd8a6da,1b3b7b3fafb79b9f,ok,,g931,train
data/original/aquahealth/train_split/EUS/EUS_84.jpg,train_split,EUS,EUS Disease,3,.jpg,640,640,RGB,ab0007df0f26dfe6c4fcd328cb4eb092e8cfbfac2dc4ac7f1a28801b36464648,0244ecccdcfcd828,ok,,g209,test
data/original/aquahealth/train_split/EUS/EUS_86.jpg,train_split,EUS,EUS Disease,3,.jpg,640,640,RGB,1a8dae4f61833eea1e00768ff261b2858f2e7d3d19b2cb510fb711fcea440ed8,6060484960313343,ok,,g1760,train
data/original/aquahealth/train_split/EUS/EUS_88.jpg,train_split,EUS,EUS Disease,3,.jpg,640,640,RGB,c3c9b9e33c66c6fcfd03faded658fb4d31eae7644b411bdd76f17c89c5f95394,e1030716f4c8c0c0,ok,,g2745,train
data/original/aquahealth/train_split/EUS/EUS_89.jpg,train_split,EUS,EUS Disease,3,.jpg,640,640,RGB,bf76644ae5a2abe53674e8d4939338a0dbc435aa48a85910cdc1eee49f287f72,00e0e6acaec4f0e0,ok,,g131,train
data/original/aquahealth/train_split/EUS/EUS_9.jpg,train_split,EUS,EUS Disease,3,.jpg,640,640,RGB,a4d7c85893e911d829184563bd90005a09c70e97f1b213da631b2d6b60724436,9c3f2797974670bc,ok,,g2326,train
data/original/aquahealth/train_split/EUS/EUS_90.jpg,train_split,EUS,EUS Disease,3,.jpg,640,640,RGB,0bccd5c144e231ab15639858520f7ee4763338d9975c10ccb2913a652a2893b8,f4780f07078b03c4,ok,,g2932,val
data/original/aquahealth/train_split/EUS/EUS_91.jpg,train_split,EUS,EUS Disease,3,.jpg,640,640,RGB,f5143f0a4b4c2365320065a57c2cf52304c802ba58c3d8c868df83961173cf35,073a3d2e2f1b8b84,ok,,g441,val
data/original/aquahealth/train_split/EUS/EUS_92.jpg,train_split,EUS,EUS Disease,3,.jpg,640,640,RGB,af1d35e3b1f981170951a745531f89cbb324dd2f056ba802c0251e881ebb9d9a,fc8f0d0f1f9b46d4,ok,,g3004,train
data/original/aquahealth/train_split/EUS/EUS_93.jpg,train_split,EUS,EUS Disease,3,.jpg,640,640,RGB,edced15cf8629bd76dd4d87b4e1d29140e216fb3926549c56a6e696e07852c29,971c1e0e0c4d4c5c,ok,,g2296,train
data/original/aquahealth/train_split/EUS/EUS_95.jpg,train_split,EUS,EUS Disease,3,.jpg,640,640,RGB,3eac2e8b16722c66462ee0a2de92ae2aaeae0eeb7ce90d2dfa29df5cfd1c9b49,2124a40f0f3c2c45,ok,,g1135,train
data/original/aquahealth/train_split/EUS/EUS_96.jpg,train_split,EUS,EUS Disease,3,.jpg,640,640,RGB,ddde004ea64620a9ad9fdff1758d08c4dcdbfb7625edbcc1b15c24f1dab04e07,0f27e1d0bc630707,ok,,g727,train
data/original/aquahealth/train_split/EUS/EUS_97.jpg,train_split,EUS,EUS Disease,3,.jpg,640,640,RGB,173f6cadcee74bec0212aec0265e6498f216b98acf7bccac6056d74fd52276a7,0343767e7e7fefcf,ok,,g279,val
data/original/aquahealth/train_split/EUS/EUS_aug_0.jpg,train_split,EUS,EUS Disease,3,.jpg,640,640,RGB,1646c1bdb452474d2b351687ee7fae0f0c4e27f586bd2540d16c42e05302fe69,787864c29213c7ae,ok,,g2008,train
data/original/aquahealth/train_split/EUS/EUS_aug_1.jpg,train_split,EUS,EUS Disease,3,.jpg,640,640,RGB,35595be214e665dd8175317aa405a481cfd207af6fc0503504fadff2837b4132,bf9f3f3f3b1fce76,ok,,g2460,train
data/original/aquahealth/train_split/EUS/EUS_aug_10.jpg,train_split,EUS,EUS Disease,3,.jpg,640,640,RGB,38f3ebf2c74aa3a2f8df351abc1482cb29e4c5aa98151e9c3a1338ef84440c49,ffe3c38787472538,ok,,g3045,train
data/original/aquahealth/train_split/EUS/EUS_aug_100.jpg,train_split,EUS,EUS Disease,3,.jpg,640,640,RGB,e7dbf9681dfafea7d0a0151d161ea91a1b34b6576c65b88b4f5ccb00341a3cac,7223261d0d3c5a1e,ok,,g1952,test
data/original/aquahealth/train_split/EUS/EUS_aug_101.jpg,train_split,EUS,EUS Disease,3,.jpg,640,640,RGB,21d3e79e43266258a0c6bf7b6ed7192e75eaff184043d7d93c54ab2469503528,070b78e6c7663810,ok,,g399,test
data/original/aquahealth/train_split/EUS/EUS_aug_103.jpg,train_split,EUS,EUS Disease,3,.jpg,640,640,RGB,c61e3b36d50dfb0d2f737125ec7ba5377f22037187d42d4d89a00d0121e14788,7c78843e3bbde4e9,ok,,g2055,train
data/original/aquahealth/train_split/EUS/EUS_aug_105.jpg,train_split,EUS,EUS Disease,3,.jpg,640,640,RGB,77f0e41199594652c81ddd51b979a567788725da6c385875ec3226fb56f16d52,1f4551565cad6521,ok,,g1076,val
data/original/aquahealth/train_split/EUS/EUS_aug_107.jpg,train_split,EUS,EUS Disease,3,.jpg,640,640,RGB,9b603fc911f8c872e8d8157faaafeba17159e71e945d6502234e2b93387f8004,03e5c58b832c586d,ok,,g310,train
data/original/aquahealth/train_split/EUS/EUS_aug_108.jpg,train_split,EUS,EUS Disease,3,.jpg,640,640,RGB,45163832c4839d41142ad9378aa90a7884b6bc11a34e0d8ca55764b0008a8900,85a70f1f5b33426c,ok,,g2184,val
data/original/aquahealth/train_split/EUS/EUS_aug_11.jpg,train_split,EUS,EUS Disease,3,.jpg,640,640,RGB,5269d019773d877b8ccd8c3cfd388e77e56eed67ed90d63540d63b71e768aa77,0f134b3d07371f0f,ok,,g694,train
data/original/aquahealth/train_split/EUS/EUS_aug_110.jpg,train_split,EUS,EUS Disease,3,.jpg,640,640,RGB,c7608cf6c3559a7c104289b4317da8f8613a32d588e556d29360ccee6d5f26b0,9fb3d066a0e0633f,ok,,g2364,train
data/original/aquahealth/train_split/EUS/EUS_aug_111.jpg,train_split,EUS,EUS Disease,3,.jpg,640,640,RGB,25be0b5d7f6094fddf57740646fc026689ca35c680f9751e0e435082adcacc82,60e0d88ea3c1e0e0,ok,,g1775,val
data/original/aquahealth/train_split/EUS/EUS_aug_112.jpg,train_split,EUS,EUS Disease,3,.jpg,640,640,RGB,2f4fac40cbd3c3f2cb2f47631ec3cc3080c30706a6d91658d0d54eef666da2ac,03123263232122e2,ok,x611,g253,
data/original/aquahealth/train_split/EUS/EUS_aug_113.jpg,train_split,EUS,EUS Disease,3,.jpg,640,640,RGB,22113ca2b27d046d702466a15d64a6c60e94c9fe356bca329e237ba764cb5282,031d7e646470711f,ok,,g262,test
data/original/aquahealth/train_split/EUS/EUS_aug_114.jpg,train_split,EUS,EUS Disease,3,.jpg,640,640,RGB,b837066ad3bac43a7b57054549833525c60cf7b5e37033763ab04da3504e3319,ff9b7bd99fbcf0e4,ok,x2452,g3043,
data/original/aquahealth/train_split/EUS/EUS_aug_115.jpg,train_split,EUS,EUS Disease,3,.jpg,640,640,RGB,1c98afbe874df08ec6ddbfa0a99598b62ff04acf701214fee0c4b12e6aa389b4,462c2d2e26677763,ok,,g1616,test
data/original/aquahealth/train_split/EUS/EUS_aug_117.jpg,train_split,EUS,EUS Disease,3,.jpg,640,640,RGB,ea49468c6ce4c4aeaccf500831dfc6fd9d3f4f2eeb534f1fb469b1569955b0b7,6f595b0e87c3d313,ok,,g1897,test
data/original/aquahealth/train_split/EUS/EUS_aug_118.jpg,train_split,EUS,EUS Disease,3,.jpg,640,640,RGB,b3de34a032eca00827fc81acee51c2cdc1ce43891ffc3515ff71e95c2e9f4089,0d0d76fda7b7377f,ok,,g573,train
data/original/aquahealth/train_split/EUS/EUS_aug_119.jpg,train_split,EUS,EUS Disease,3,.jpg,640,640,RGB,3ceb86083e878424d563fa9bd5163f293bfec8b6cbea4e85303cf1f8184eaab7,f4780f07078b03c4,ok,,g2932,val
data/original/aquahealth/train_split/EUS/EUS_aug_121.jpg,train_split,EUS,EUS Disease,3,.jpg,640,640,RGB,58a2fa243a58959d07fed146610be2f03e6a5cabeae1f094b15f3e8d9b3f0602,979f8f0f07830cae,ok,,g2298,train
data/original/aquahealth/train_split/EUS/EUS_aug_122.jpg,train_split,EUS,EUS Disease,3,.jpg,640,640,RGB,e356341c2143c92428b4ce4e71a4a97ab2c546fce5ca4949606c142f2d5de95f,37366c5959133737,ok,,g1353,train
data/original/aquahealth/train_split/EUS/EUS_aug_123.jpg,train_split,EUS,EUS Disease,3,.jpg,640,640,RGB,b717ae4543f0567ddca032fcb47832871be34514c64c16309768c7e5c2c08fb1,068cccce9e8e1eb0,ok,,g355,train
data/original/aquahealth/train_split/EUS/EUS_aug_124.jpg,train_split,EUS,EUS Disease,3,.jpg,640,640,RGB,d88ab7982d5856c770cd4dfcf8656bf2c08225e22d12b74ea9a170898e96441d,ac89a966645ccc79,ok,,g2395,train
data/original/aquahealth/train_split/EUS/EUS_aug_126.jpg,train_split,EUS,EUS Disease,3,.jpg,640,640,RGB,08ca52ddf4dd9185295f1f729bb99d7f3ba51a619676ccdf4f0ed4d5a31e1209,4f59590f87c3d313,ok,,g1681,train
data/original/aquahealth/train_split/EUS/EUS_aug_128.jpg,train_split,EUS,EUS Disease,3,.jpg,640,640,RGB,caf786854280fd91fef1b6039da7dd20761145c4fffe0cacf0bd9f01660cc296,03191f1b1d130707,ok,,g258,train
data/original/aquahealth/train_split/EUS/EUS_aug_13.jpg,train_split,EUS,EUS Disease,3,.jpg,640,640,RGB,a75a21fdbed5884b9d1c5eff6a5751029e0bec175c35ff8b20fe454f5c0b48e9,0965258f0e3c3437,ok,,g509,train
data/original/aquahealth/train_split/EUS/EUS_aug_131.jpg,train_split,EUS,EUS Disease,3,.jpg,640,640,RGB,0d71a067fa5660385350f5bd40076442d381ee9c1a945a3de8692dc53832312e,040627e3a7272163,ok,,g318,train
data/original/aquahealth/train_split/EUS/EUS_aug_132.jpg,train_split,EUS,EUS Disease,3,.jpg,640,640,RGB,b67b252c6b28128becccafc730e4faac4cc720fb4efeaa262cfcd4348c83cbee,5a585b47cfab0d0b,ok,,g1714,train
data/original/aquahealth/train_split/EUS/EUS_aug_133.jpg,train_split,EUS,EUS Disease,3,.jpg,640,640,RGB,841debfeca5c198129d0f5df1952da615960b4795630ff4c942e0166043ae6d6,9fbef0eefefe6f96,ok,,g2368,train
data/original/aquahealth/train_split/EUS/EUS_aug_134.jpg,train_split,EUS,EUS Disease,3,.jpg,640,640,RGB,b01409ec7d35f58cc51377e4c7385c33053ce89b24e8ba0a0a10ed04711fa6cc,1cc0883e16e4f812,ok,,g958,train
data/original/aquahealth/train_split/EUS/EUS_aug_135.jpg,train_split,EUS,EUS Disease,3,.jpg,640,640,RGB,d9920fd75bbad6fd9ad5645d31315da24336d844f9e6c6426e16bd7fbf7779bd,6060484960313343,ok,x2898,g1760,train
data/original/aquahealth/train_split/EUS/EUS_aug_136.jpg,train_split,EUS,EUS Disease,3,.jpg,640,640,RGB,41af2346cb76590390930d0dbe574b8b32a86f74c4248578cd5839d9f23c3197,17397f77cb1b1047,ok,,g863,train
data/original/aquahealth/train_split/EUS/EUS_aug_137.jpg,train_split,EUS,EUS Disease,3,.jpg,640,640,RGB,417937066f6d443e0b78b02a76df7bdbe710a39cbd20baa7baf826ac6c6487d9,0bc1cf3f351b170f,ok,,g535,train
data/original/aquahealth/train_split/EUS/EUS_aug_139.jpg,train_split,EUS,EUS Disease,3,.jpg,640,640,RGB,e4cf6bde665d0e8b3e17824518c9a639fdaf8686ded0525f2a43e6a24fe2d95e,0f1f7edfb923070f,ok,,g720,test
data/original/aquahealth/train_split/EUS/EUS_aug_14.jpg,train_split,EUS,EUS Disease,3,.jpg,640,640,RGB,9206bc18ccd1843cadfd834705c5acf37862f87995f87c125157d90976383abc,0f078f8f0f0f070f,ok,,g647,train
data/original/aquahealth/train_split/EUS/EUS_aug_140.jpg,train_split,EUS,EUS Disease,3,.jpg,640,640,RGB,74504829aa5816d4a5be9d50182c85b93afbae2206f6ca5a9791d49c17a93c38,4f67676773333b1b,ok,,g1686,val
data/original/aquahealth/train_split/EUS/EUS_aug_141.jpg,train_split,EUS,EUS Disease,3,.jpg,640,640,RGB,b16723493d23db476a37bfe6c7fab4f22cfca9f482f36ef25a9c466ede02cda7,5f5b131333371383,ok,,g1739,train
data/original/aquahealth/train_split/EUS/EUS_aug_143.jpg,train_split,EUS,EUS Disease,3,.jpg,640,640,RGB,c58d70ae187faef996b691093ebf5f0c4876be159031b8666e302f077355f4c4,1ffb09072e1b2f07,ok,,g1107,train
data/original/aquahealth/train_split/EUS/EUS_aug_144.jpg,train_split,EUS,EUS Disease,3,.jpg,640,640,RGB,b51cd4ed04b851b574c56fb9014cb05f5d461a199f28af10a6358e60f6ade80c,5098c9cf86c7e1c2,ok,,g1694,train
data/original/aquahealth/train_split/EUS/EUS_aug_145.jpg,train_split,EUS,EUS Disease,3,.jpg,640,640,RGB,ead399e6978e7afae3da42509260575410694844052000a62d7b8f60a7cfe13c,3f3f774f8fcf3f39,ok,,g1529,train
data/original/aquahealth/train_split/EUS/EUS_aug_146.jpg,train_split,EUS,EUS Disease,3,.jpg,640,640,RGB,bac1455e1913e1e22cb2d6bb26dcc0324e7eddb05217ed67346ed9301ec4466c,8747650f1f3f634b,ok,,g2206,train
data/original/aquahealth/train_split/EUS/EUS_aug_147.jpg,train_split,EUS,EUS Disease,3,.jpg,640,640,RGB,9f5972166ab53ec3211efe3519a6c313ec100d6cdb3cca7b6de730dfe1ed478e,6f676ff7f3b38686,ok,,g1901,val
data/original/aquahealth/train_split/EUS/EUS_aug_148.jpg,train_split,EUS,EUS Disease,3,.jpg,640,640,RGB,21f122e3e6314e38e0c6f2eb0e88cf27b5ba7393340a5d8a925abed74b7c2fd1,a486c68882020305,ok,,g2382,train
data/original/aquahealth/train_split/EUS/EUS_aug_149.jpg,train_split,EUS,EUS Disease,3,.jpg,640,640,RGB,e93f26a98359a9f15d15b7ec2f767d788b96db0c1e63ef9b5141faafa370c10a,7c09107129616307,ok,,g2048,train
data/original/aquahealth/train_split/EUS/EUS_aug_15.jpg,train_split,EUS,EUS Disease,3,.jpg,640,640,RGB,24eb485a4c0e8a022eefd894ba1c3143af30962975716b75ea0ebe282f1ab218,2f7d6347cddc706b,ok,,g1247,train
data/original/aquahealth/train_split/EUS/EUS_aug_151.jpg,train_split,EUS,EUS Disease,3,.jpg,640,640,RGB,ff12f4320151b8c2a033cbc2acf62a27e3dc8bb61ad0162b0d5887b73e668a5b,646062e6abaca7e7,ok,,g1829,train
data/original/aquahealth/train_split/EUS/EUS_aug_154.jpg,train_split,EUS,EUS Disease,3,.jpg,640,640,RGB,923da60307cd832824dfcbdc200449bd2bd2b0cd0c34f0938f077dbc6a0bc0e6,603c6f45c71b8fcd,ok,,g1757,test
data/original/aquahealth/train_split/EUS/EUS_aug_155.jpg,train_split,EUS,EUS Disease,3,.jpg,640,640,RGB,3281373269a26a4c72aba3fa54c74ad8fbd574904a8db8512337c6ef44631165,0f39640607071b0f,ok,,g734,train
data/original/aquahealth/train_split/EUS/EUS_aug_156.jpg,train_split,EUS,EUS Disease,3,.jpg,640,640,RGB,eb4edb0d81b3445064c7f8a7c60e0f1e660254d87836535250b35fea7c0efee4,dc5e4ecf8e0f0c2c,ok,,g2669,test
data/original/aquahealth/train_split/EUS/EUS_aug_158.jpg,train_split,EUS,EUS Disease,3,.jpg,640,640,RGB,074b634366f92f83f3b9051f0c1463504cadcf3c15b416c6b69b522e8a47c3e3,59ec663ef2cc7c3c,ok,,g1713,train
data/original/aquahealth/train_split/EUS/EUS_aug_159.jpg,train_split,EUS,EUS Disease,3,.jpg,640,640,RGB,1e2e320a287386a717831d4ea202a0bf0fb38629d55deca2a53a4842e170b6fb,0c81838322210067,ok,,g559,train
data/original/aquahealth/train_split/EUS/EUS_aug_160.jpg,train_split,EUS,EUS Disease,3,.jpg,640,640,RGB,c76915cae9163bd67633d5680387a719e55ea73fcc6736431940184f51ffe7c5,f8f9ed657973333d,ok,,g2971,train
data/original/aquahealth/train_split/EUS/EUS_aug_161.jpg,train_split,EUS,EUS Disease,3,.jpg,640,640,RGB,16d2b6381dc56213e7ed09ab72cca0001f02c5d06df5f04d5db953f2fb8a538b,2068687a766608c1,label_conflict,,g1123,
data/original/aquahealth/train_split/EUS/EUS_aug_162.jpg,train_split,EUS,EUS Disease,3,.jpg,640,640,RGB,2fdfb041018316ba2e533c52a4f8685447dc5af08dafd3a507ed84377d60ae4d,01e48483f8d8b839,ok,,g197,test
data/original/aquahealth/train_split/EUS/EUS_aug_163.jpg,train_split,EUS,EUS Disease,3,.jpg,640,640,RGB,a3f68cd0838058ff8dfb1d35668db09daa0ac0cb187545f30afdfcb5ba25063c,ff9b7bd99fbcf0e4,ok,,g3043,train
data/original/aquahealth/train_split/EUS/EUS_aug_164.jpg,train_split,EUS,EUS Disease,3,.jpg,640,640,RGB,8ddb39db61e98a375b44b1cfbf29854530a8b00ceeb4fe76dd26f9ee2638e277,b1f4d2dbc9e8ecd9,ok,,g2417,train
data/original/aquahealth/train_split/EUS/EUS_aug_165.jpg,train_split,EUS,EUS Disease,3,.jpg,640,640,RGB,b8f14a5b66a0d55388cb7ee27827f622b1f2fc4930aa33f277968040fe4faccf,82810f0707820203,ok,,g2154,train
data/original/aquahealth/train_split/EUS/EUS_aug_166.jpg,train_split,EUS,EUS Disease,3,.jpg,640,640,RGB,0956f94d59dddf6b74cb1f36f961ff145ff85bd4bd1ac7350df577f9ea5393f5,070f0f0f4f1d1b3f,ok,,g406,train
data/original/aquahealth/train_split/EUS/EUS_aug_168.jpg,train_split,EUS,EUS Disease,3,.jpg,640,640,RGB,adb1ed295ad601ae68f51b99b523c7f40fd1013a0fc5602add7b89ba94307684,09191d5d19190306,ok,,g503,val
data/original/aquahealth/train_split/EUS/EUS_aug_169.jpg,train_split,EUS,EUS Disease,3,.jpg,640,640,RGB,23d84a8074a071ac6fd56a02838e1a866060876e8b7021feb9541ba59972ec1d,971c1e0e0e8ddc1c,ok,,g2297,train
data/original/aquahealth/train_split/EUS/EUS_aug_17.jpg,train_split,EUS,EUS Disease,3,.jpg,640,640,RGB,1109689683575c531086d9f2acb67a2108dacc825c597ecb1e9f1983dbfffac7,070f0f87c361380f,ok,,g408,val
data/original/aquahealth/train_split/EUS/EUS_aug_170.jpg,train_split,EUS,EUS Disease,3,.jpg,640,640,RGB,e1215642e8995a5a9ba4b4ac97f93f2d43bea0f39ad42c2f5b2cda45802cd64f,cfbe233406271f1d,ok,,g2614,train
data/original/aquahealth/train_split/EUS/EUS_aug_171.jpg,train_split,EUS,EUS Disease,3,.jpg,640,640,RGB,e076643623f779bf66e72b0f5f603a801df57bc3818e68cbefd33dcb8e656e31,60203810c2c16060,ok,,g1750,train
data/original/aquahealth/train_split/EUS/EUS_aug_172.jpg,train_split,EUS,EUS Disease,3,.jpg,640,640,RGB,15bd8475213d5b7923f2cda8a8106c8616b25071c80b359130a5274741f8bea8,47603c379747a301,ok,,g1629,val
data/original/aquahealth/train_split/EUS/EUS_aug_173.jpg,train_split,EUS,EUS Disease,3,.jpg,640,640,RGB,f67e44ac29d39aa67f6f4ad3e4f3ce9fd90b9696f0e0d3da315024f34563c2d7,7efece9e0fa7c77e,ok,,g2090,train
data/original/aquahealth/train_split/EUS/EUS_aug_175.jpg,train_split,EUS,EUS Disease,3,.jpg,640,640,RGB,a371d464daf050954881f67d147dd068493cd61a16a810a7c624eeefc6eac8ac,1fa3430b0b272e7e,ok,,g1097,train
data/original/aquahealth/train_split/EUS/EUS_aug_176.jpg,train_split,EUS,EUS Disease,3,.jpg,640,640,RGB,8108432c54101949d0d4ef9cec677ba36667c2cfbb31497b58b3402aa8e786ee,01637d6e6e5f5e6f,ok,,g185,train
data/original/aquahealth/train_split/EUS/EUS_aug_177.jpg,train_split,EUS,EUS Disease,3,.jpg,640,640,RGB,779e0848e039d9b5c460ccd19cee57fe6a11b34afed28739c5ce5b15333141db,98d8d8de969f9686,ok,x1568,g2309,
data/original/aquahealth/train_split/EUS/EUS_aug_178.jpg,train_split,EUS,EUS Disease,3,.jpg,640,640,RGB,758e0700af8afef7c401d547736369f40071e8444fbac1e01c12b73ef7f97d07,070f8f8f27870f0f,ok,,g418,train
data/original/aquahealth/train_split/EUS/EUS_aug_18.jpg,train_split,EUS,EUS Disease,3,.jpg,640,640,RGB,506c23e433dab4bc6cc37650b44e96ab6dfa390fd56ef9cdb7ba0daca7e12208,01e373471ea000d0,ok,,g195,val
data/original/aquahealth/train_split/EUS/EUS_aug_180.jpg,train_split,EUS,EUS Disease,3,.jpg,640,640,RGB,49ba2f7d0bc56bae24fc31f03a2e4e8e962f20efb223ae64a6b3be973e399df6,8380c0aeaeec8cc8,ok,,g2161,test
data/original/aquahealth/train_split/EUS/EUS_aug_181.jpg,train_split,EUS,EUS Disease,3,.jpg,640,640,RGB,146911787bdd5266cf20ff84cb7c3bc40b25fcfec798985bc98d75d827fe9b18,1c1f1f0660202080,ok,,g949,train
data/original/aquahealth/train_split/EUS/EUS_aug_182.jpg,train_split,EUS,EUS Disease,3,.jpg,640,640,RGB,f8ecedd10f22e37591c280524ad1659aa8dc037150529f9d0be5fd55c91a66c1,f3f9f9c1c9c7c793,ok,,g2930,train
data/original/aquahealth/train_split/EUS/EUS_aug_184.jpg,train_split,EUS,EUS Disease,3,.jpg,640,640,RGB,6782ed331fa087df428e0fbab94692824ac2f439f5f4239f3d7787117bf51efb,3f13491d0e330f0f,ok,,g1501,train
data/original/aquahealth/train_split/EUS/EUS_aug_185.jpg,train_split,EUS,EUS Disease,3,.jpg,640,640,RGB,55085312f511bbd979fa58bee87b9199d46ea7b32adafb3500b6ab65e7f72d6c,1b3958988da9b113,ok,,g928,test
data/original/aquahealth/train_split/EUS/EUS_aug_186.jpg,train_split,EUS,EUS Disease,3,.jpg,640,640,RGB,b5cb6256462093b93da3064f7b21f9f62c05825467864761607490658292c70a,fefc7c7c3c389093,ok,,g3034,train
data/original/aquahealth/train_split/EUS/EUS_aug_188.jpg,train_split,EUS,EUS Disease,3,.jpg,640,640,RGB,3653bee2cdd9de6c01689565ff4929df76296719ac9a20564ac7a34ae8b4dcca,2663c3110c27febc,ok,,g1184,train
data/original/aquahealth/train_split/EUS/EUS_aug_189.jpg,train_split,EUS,EUS Disease,3,.jpg,640,640,RGB,07c4f5d04f4a6d07a1259cd91844db3fa4456626df52dcea689f79610c76ec8b,07cf0d3d3f0f3d3f,ok,,g473,val
data/original/aquahealth/train_split/EUS/EUS_aug_19.jpg,train_split,EUS,EUS Disease,3,.jpg,640,640,RGB,68816dbfb2a21705d505132aea70d8a483eded218f27d893ef1d2c15c9bcaa91,78ec6e78eeef8bc1,ok,,g2014,train
data/original/aquahealth/train_split/EUS/EUS_aug_190.jpg,train_split,EUS,EUS Disease,3,.jpg,640,640,RGB,326253ad83441d4fe06aa31ade81df61bda14654f864b78099baf68411dea960,0f1f0e0e0f0f1f0f,ok,,g712,train
data/original/aquahealth/train_split/EUS/EUS_aug_192.jpg,train_split,EUS,EUS Disease,3,.jpg,640,640,RGB,e9a2b15419b7261ee48d0900c60c100bfd02852797d00bd27a58d01996eb99ab,010143870f1e771b,ok,,g154,train
data/original/aquahealth/train_split/EUS/EUS_aug_193.jpg,train_split,EUS,EUS Disease,3,.jpg,640,640,RGB,f9b3afe5effc4cd26cac4efdba732c638a2ec639e458a816ac3780d1fcf74059,4f7878f4e4e0e125,ok,,g1687,test
data/original/aquahealth/train_split/EUS/EUS_aug_195.jpg,train_split,EUS,EUS Disease,3,.jpg,640,640,RGB,dc419fbe3c97e105d9bd05d2b6d93675f86fd8ba34be0f00e77b9e7233d743f1,3755d5c5e6e6e78b,ok,,g1359,train
data/original/aquahealth/train_split/EUS/EUS_aug_196.jpg,train_split,EUS,EUS Disease,3,.jpg,640,640,RGB,203985e2821030162c03ac4fe10fb922120eddafc235f00fe78b78202fdd8814,f4f640800368e002,ok,,g2937,val
data/original/aquahealth/train_split/EUS/EUS_aug_198.jpg,train_split,EUS,EUS Disease,3,.jpg,640,640,RGB,9911e798335bc2340af89a3f2c5c68eef12e7014ba54cedbf29b163d0da116b6,0d0d0d5d19190385,ok,,g571,test
data/original/aquahealth/train_split/EUS/EUS_aug_199.jpg,train_split,EUS,EUS Disease,3,.jpg,640,640,RGB,eb844245dc0dbb8f88c6a41bd604dcf51f1a2abc31c4a81b926bca83b397bb1c,f399082e8cfefaee,ok,,g2922,train
data/original/aquahealth/train_split/EUS/EUS_aug_2.jpg,train_split,EUS,EUS Disease,3,.jpg,640,640,RGB,c63ced69d3b8f8700503243c0c9fa34247b7fae08229666de6ba0f29ad12410e,420683030323078c,ok,,g1585,train
data/original/aquahealth/train_split/EUS/EUS_aug_20.jpg,train_split,EUS,EUS Disease,3,.jpg,640,640,RGB,548ddc47575204632963dc598aa874e961c860fbd9de954ced53bcbde602ac8e,09617d6e6e5d5e7f,ok,,g508,train
data/original/aquahealth/train_split/EUS/EUS_aug_200.jpg,train_split,EUS,EUS Disease,3,.jpg,640,640,RGB,0e6b04467e84ed102db7d92db61ad39b095ded95fa8fc7d1d8fb5d22bcd8d481,7773616969613333,ok,,g1986,test
data/original/aquahealth/train_split/EUS/EUS_aug_201.jpg,train_split,EUS,EUS Disease,3,.jpg,640,640,RGB,57b9dcfc786e1215eb4fc8a53e8a525f2bf911e7d2345297321e3db0a9c697eb,2124a60f1f3c2041,ok,,g1136,train
data/original/aquahealth/train_split/EUS/EUS_aug_202.jpg,train_split,EUS,EUS Disease,3,.jpg,640,640,RGB,e91366ebdc5cb69fe8c9406617fad299e5ddbed4a00f2997e1fb740d5622897f,091909103032969e,ok,,g502,train
data/original/aquahealth/train_split/EUS/EUS_aug_203.jpg,train_split,EUS,EUS Disease,3,.jpg,640,640,RGB,bedc39fdb19ca271efc5230d504096e3713a1455bfeff7e19395ecc5d0e3c694,0060f09ae87000c0,ok,,g101,train
data/original/aquahealth/train_split/EUS/EUS_aug_205.jpg,train_split,EUS,EUS Disease,3,.jpg,640,640,RGB,ad38ca30890aa631ebc30d2f8bf108708b8e86a3cf5184725f26042e1c828f08,33e3c3a11099773f,ok,,g1327,val
data/original/aquahealth/train_split/EUS/EUS_aug_206.jpg,train_split,EUS,EUS Disease,3,.jpg,640,640,RGB,ed5639fad7934d8b96716823573a8ab2b5ef5a36e0ab64e4c6b0041217406f83,0f878f191c191b77,ok,,g775,train
data/original/aquahealth/train_split/EUS/EUS_aug_207.jpg,train_split,EUS,EUS Disease,3,.jpg,640,640,RGB,2be90635d219b1c93ac416e56cd4aa499b74363d6071885e6f32563b7d4f132b,00383c1e1e1d5be3,ok,,g91,val
data/original/aquahealth/train_split/EUS/EUS_aug_208.jpg,train_split,EUS,EUS Disease,3,.jpg,640,640,RGB,75433bda361705e9122ddcd9ceb114abee88b882b8cd6b12bbb7e91692880b7e,7060222164e4e270,ok,,g1915,val
data/original/aquahealth/train_split/EUS/EUS_aug_209.jpg,train_split,EUS,EUS Disease,3,.jpg,640,640,RGB,38331abf10b79b3c98a6a50fa1cb8750e03391d0465c05464ee04dd7b2db792a,272540d0e1373105,ok,,g1192,test
data/original/aquahealth/train_split/EUS/EUS_aug_21.jpg,train_split,EUS,EUS Disease,3,.jpg,640,640,RGB,bc0281f4db4d506056952b13748d766d3c5db111a1a9622db9f1443a41e68a7f,7070f878f8f8f8f8,ok,,g1922,train
data/original/aquahealth/train_split/EUS/EUS_aug_210.jpg,train_split,EUS,EUS Disease,3,.jpg,640,640,RGB,cc140f9edecbc0294825d6f7ba74d48d529859b01a75186da46f5eff0aaa002b,f346442020d41c26,ok,,g2918,train
data/original/aquahealth/train_split/EUS/EUS_aug_211.jpg,train_split,EUS,EUS Disease,3,.jpg,640,640,RGB,920d55a502f8f534a7f0a45d74a2083549f3131d4d4170258b740a19569c072f,0c0f0e0e0f0e0e4c,ok,,g544,train
data/original/aquahealth/train_split/EUS/EUS_aug_212.jpg,train_split,EUS,EUS Disease,3,.jpg,640,640,RGB,0a833d4a69b1940a3e0fce61a47b8ffdcbe4eb86ccd61d619e01675573bbaf52,70d0b27a70b0e503,ok,,g1928,val
data/original/aquahealth/train_split/EUS/EUS_aug_213.jpg,train_split,EUS,EUS Disease,3,.jpg,640,640,RGB,deca86e8ce332589d1cdb431619e2a642f7437bc1398e5ef9b3c18262d37fa59,476731392f3dc90f,ok,,g1632,train
data/original/aquahealth/train_split/EUS/EUS_aug_214.jpg,train_split,EUS,EUS Disease,3,.jpg,640,640,RGB,a16e22b61925c1247496c7d1f610b3e576e2aad04898d25b8962f291b62d3878,fd09117129616307,ok,,g3025,train
data/original/aquahealth/train_split/EUS/EUS_aug_215.jpg,train_split,EUS,EUS Disease,3,.jpg,640,640,RGB,8c08dc83d5a498098505463a7a74440022c2494d804422a3979c42e7ff77090b,8bb383010909191d,ok,,g2232,train
data/original/aquahealth/train_split/EUS/EUS_aug_217.jpg,train_split,EUS,EUS Disease,3,.jpg,640,640,RGB,f4913253f08b54f49c819cd39d2f431a7fc6d21f4a64f40bbaa2827a15fb9b49,e0f0199999f9dbca,ok,,g2738,val
data/original/aquahealth/train_split/EUS/EUS_aug_218.jpg,train_split,EUS,EUS Disease,3,.jpg,640,640,RGB,fffd6366ff656d5cd953bbc92b1925a584262341ccf91cfdd3b0ea8d3d521d54,0f030029d1dd3d0f,ok,,g628,train
data/original/aquahealth/train_split/EUS/EUS_aug_219.jpg,train_split,EUS,EUS Disease,3,.jpg,640,640,RGB,e0871d2cde71c0e7844b12c54a28227e3e8b90b44e2b1a7116f7fe808e71b1e0,78e88ed2f27068e0,ok,,g2013,test
data/original/aquahealth/train_split/EUS/EUS_aug_22.jpg,train_split,EUS,EUS Disease,3,.jpg,640,640,RGB,973911f39ad182be0caef1fb22f8dfd137e3fa123182177054a285bafdba372d,cfff7ffb7b3ab834,ok,,g2616,train
data/original/aquahealth/train_split/EUS/EUS_aug_220.jpg,train_split,EUS,EUS Disease,3,.jpg,260,194,RGB,9545d4921a3d28b576d03d982ad992396d683c3192e2b7def5dcf922d96c10f5,1f4eef0d0d0f0f1c,ok,,g1079,val
data/original/aquahealth/train_split/EUS/EUS_aug_221.jpg,train_split,EUS,EUS Disease,3,.jpg,640,640,RGB,8d9999f10ec149042dd720bfb8e86e50f2ce5a268ce28acf09bed4d803efbd2e,39392c8c8c8c9918,ok,,g1397,train
data/original/aquahealth/train_split/EUS/EUS_aug_222.jpg,train_split,EUS,EUS Disease,3,.jpg,640,640,RGB,772abe17ca091398c66955fee1386d1afc57554c5d23c53c5b81e0626fc529f2,e0a6061fb9702031,ok,,g2700,train
data/original/aquahealth/train_split/EUS/EUS_aug_223.jpg,train_split,EUS,EUS Disease,3,.jpg,640,640,RGB,6581479f78445078136758264380645ff5ed59102e39a770b66b2abc6eb48fcb,73f0e8e4e4f8b031,ok,,g1966,test
data/original/aquahealth/train_split/EUS/EUS_aug_23.jpg,train_split,EUS,EUS Disease,3,.jpg,640,640,RGB,fa31eb6ae9d47092c857b0888205ea50cde7d15c9f81eac635c6a3afb3f0e67a,3f61a92193d1e31f,ok,,g1531,train
data/original/aquahealth/train_split/EUS/EUS_aug_24.jpg,train_split,EUS,EUS Disease,3,.jpg,640,640,RGB,f649efbbc530f55233e38d5e13d83b402fb60ae4c0527663950190f372754ca1,a48ca967645cccb9,ok,,g2383,train
data/original/aquahealth/train_split/EUS/EUS_aug_25.jpg,train_split,EUS,EUS Disease,3,.jpg,640,640,RGB,5de5a29f7603fb2887ce19f85749f73c9959905f26d7f6b28e6fb14af1c86c8a,e06146d0e391241e,ok,x1237,g2696,
data/original/aquahealth/train_split/EUS/EUS_aug_26.jpg,train_split,EUS,EUS Disease,3,.jpg,640,640,RGB,984b9367a0261ace7427f65f703f451824d8327b47a9296068efcbab4b2fe92e,3171616160606063,ok,,g1291,train
data/original/aquahealth/train_split/EUS/EUS_aug_27.jpg,train_split,EUS,EUS Disease,3,.jpg,640,640,RGB,52066e4d3afa879dc0413a67d6583a5e761667454aca3561d2e0638c1adcf6bd,e1f158fee29919e1,ok,,g2755,train
data/original/aquahealth/train_split/EUS/EUS_aug_28.jpg,train_split,EUS,EUS Disease,3,.jpg,640,640,RGB,2d5b55fa7bde41331022ac02afc24456f96e1dbfc17d5c17cbd961c1ebf17331,793139bc387c5e4e,ok,,g2020,train
data/original/aquahealth/train_split/EUS/EUS_aug_29.jpg,train_split,EUS,EUS Disease,3,.jpg,640,640,RGB,f08934d7508d50dc06735caa5588b9c412478396f72830b2f030c640cc510f70,f5780f07078b01c0,ok,,g2939,train
data/original/aquahealth/train_split/EUS/EUS_aug_30.jpg,train_split,EUS,EUS Disease,3,.jpg,640,640,RGB,f48e29ecf6a59a179b39ad4c0741ab83b639d884b4a5b8505c8e2e2b12a14dbe,474541401a321701,ok,,g1626,train
data/original/aquahealth/train_split/EUS/EUS_aug_32.jpg,train_split,EUS,EUS Disease,3,.jpg,640,640,RGB,b7e5c75334a6720b72a0ea5b03e2048d26c458638125acc5561dd0d8b077ae8f,0f1f0e0e0f0f1f0f,ok,,g712,train
data/original/aquahealth/train_split/EUS/EUS_aug_33.jpg,train_split,EUS,EUS Disease,3,.jpg,640,640,RGB,2e3874fe52f5f4e3ec08a97d666894728508d4930957187df13f8ffdaeb87331,cccccccccccccccc,ok,,g2594,train
data/original/aquahealth/train_split/EUS/EUS_aug_34.jpg,train_split,EUS,EUS Disease,3,.jpg,640,640,RGB,310d010882933b563381bd4482f7a28e5056c1755cb7998dcafa1704a1b44877,c7830783c3c39301,ok,,g2564,val
data/original/aquahealth/train_split/EUS/EUS_aug_35.jpg,train_split,EUS,EUS Disease,3,.jpg,640,640,RGB,091899f24d979fdb107e97da25331732902539fd0279258e017fc33269b82366,3b63307c0c9c3d2d,ok,,g1429,test
data/original/aquahealth/train_split/EUS/EUS_aug_36.jpg,train_split,EUS,EUS Disease,3,.jpg,640,640,RGB,366d1a8d7208bd4d9098198aa5e36877e118ba64a731a7939c2333ae54d296cf,33b17343070f0f0f,ok,,g1324,val
data/original/aquahealth/train_split/EUS/EUS_aug_37.jpg,train_split,EUS,EUS Disease,3,.jpg,640,640,RGB,968fead86a001c6cdd87af80ed63b33fdfba844d415464d74a520b4021263869,0b4b69261f13077f,ok,,g530,val
data/original/aquahealth/train_split/EUS/EUS_aug_38.jpg,train_split,EUS,EUS Disease,3,.jpg,640,640,RGB,6f6f12b31d800dd6f10fc9235947177dd48957cf292db44471c4aac48e621949,272d29438b989397,ok,,g1194,train
data/original/aquahealth/train_split/EUS/EUS_aug_39.jpg,train_split,EUS,EUS Disease,3,.jpg,640,640,RGB,8126d7adab69b34ae634e506d14056e9f4b1b7b403228f13a0da5c42dcb46379,1b4d4d8c8d4c643f,ok,,g935,train
data/original/aquahealth/train_split/EUS/EUS_aug_4.jpg,train_split,EUS,EUS Disease,3,.jpg,640,640,RGB,467e53ee1b92e92b3a9127644838590a45520099a789e6d0991e57d2bef4c2fd,5bcb4b4f87ae1e1c,ok,,g1720,train
data/original/aquahealth/train_split/EUS/EUS_aug_40.jpg,train_split,EUS,EUS Disease,3,.jpg,640,640,RGB,1cac297d6a9e6eaff0b62aa613dc1c60052af2dee77aa23a4d13d10ebaffc3cc,dcc4c4f1c31292db,ok,x381,g2672,
data/original/aquahealth/train_split/EUS/EUS_aug_42.jpg,train_split,EUS,EUS Disease,3,.jpg,640,640,RGB,00b4d5169c6943c6fa34f3abbe1d597c66f41acdd31398308fbaa0757e5fab78,0f1f0e0e0f0f1f0f,ok,x11,g712,
data/original/aquahealth/train_split/EUS/EUS_aug_43.jpg,train_split,EUS,EUS Disease,3,.jpg,640,640,RGB,681a416671f072861d5e620c93a2a877c4fb7f78719eb66aab625a7fc1c25e09,c9938111091b1331,ok,,g2581,train
data/original/aquahealth/train_split/EUS/EUS_aug_44.jpg,train_split,EUS,EUS Disease,3,.jpg,640,640,RGB,db2d11f4882ea534877e89f1a352f7a22fba8724a46e20fd24853eda0751d85a,b3969693333333c1,ok,,g2422,train
data/original/aquahealth/train_split/EUS/EUS_aug_45.jpg,train_split,EUS,EUS Disease,3,.jpg,640,640,RGB,ebf2f377f8eab8cf0a8efb0181bcb438312e3fe740438672fa949694c12a9a79,1b13111111311313,ok,,g924,train
data/original/aquahealth/train_split/EUS/EUS_aug_46.jpg,train_split,EUS,EUS Disease,3,.jpg,640,640,RGB,f5e8d369529fadc340798e08d3fdf1da988040871caae79a847dd5c196e79fb9,47830383c3c39301,ok,,g1633,test
data/original/aquahealth/train_split/EUS/EUS_aug_47.jpg,train_split,EUS,EUS Disease,3,.jpg,640,640,RGB,b5dce0952eeac8c1ca532893b75ceb303c643babec4ad048a2ff37795cd163fa,0f160f2f1f1fc78b,ok,,g696,train
data/original/aquahealth/train_split/EUS/EUS_aug_5.jpg,train_split,EUS,EUS Disease,3,.jpg,640,640,RGB,1dd366f3ef939eac4469cd7b4b81dbf5d1a119daf8bd709b2e696585f2f17924,373c0e8f871f4725,ok,,g1354,train
data/original/aquahealth/train_split/EUS/EUS_aug_50.jpg,train_split,EUS,EUS Disease,3,.jpg,640,640,RGB,3f199f417607eddbf52ffec5f262ca0ca68f15a60b24c9843084b03b8ad1c571,fe3d7d3f9d9d0f0b,ok,,g3028,train
data/original/aquahealth/train_split/EUS/EUS_aug_52.jpg,train_split,EUS,EUS Disease,3,.jpg,640,640,RGB,edba0ba558d46b1f935b52a0c5e3dd2a217f3bf3eba30744c799e7959e5c8a61,3d5d9f0d0f275777,ok,,g1472,train
data/original/aquahealth/train_split/EUS/EUS_aug_54.jpg,train_split,EUS,EUS Disease,3,.jpg,640,640,RGB,82ab3a6c5891a508fed3fa63404540c2b7dcba30aed4c6abd381919ef0405261,7f61a92191d1e31f,ok,,g2099,train
data/original/aquahealth/train_split/EUS/EUS_aug_55.jpg,train_split,EUS,EUS Disease,3,.jpg,640,640,RGB,2f655a5c6873b834436cc0e4e53a8d6aeb00e286d5b945317202818bccb37e16,1e1d590f0703392d,ok,,g993,train
data/original/aquahealth/train_split/EUS/EUS_aug_56.jpg,train_split,EUS,EUS Disease,3,.jpg,640,640,RGB,3ef674a5cc9f53ced909447f3deb5904e46fa43860a3dcf187b012c15fd0c330,383070e8c8606161,ok,,g1369,val
data/original/aquahealth/train_split/EUS/EUS_aug_59.jpg,train_split,EUS,EUS Disease,3,.jpg,640,640,RGB,160e0ac99acec4e9ea36dfbddeaad6a3c1a715a4d864c8953b49f902c28c893a,077f8e0c07070f3f,ok,,g456,train
data/original/aquahealth/train_split/EUS/EUS_aug_6.jpg,train_split,EUS,EUS Disease,3,.jpg,640,640,RGB,ee7d52fa806660d298e56c1f0c928097e6eac2f6e75dfce492142a364b9b32b2,2124a40f0f3c2c45,ok,,g1135,train
data/original/aquahealth/train_split/EUS/EUS_aug_60.jpg,train_split,EUS,EUS Disease,3,.jpg,640,640,RGB,00e1baf688ee6856a6475b203631551b99b48c5ab3dec1aee34bc413626b9e2f,008840f8f7ed8c1f,ok,x15,g120,
data/original/aquahealth/train_split/EUS/EUS_aug_61.jpg,train_split,EUS,EUS Disease,3,.jpg,640,640,RGB,0573291b0cab6a0a70c7bd5b96c45cda9faaf38a1897c5180f334344b162dd38,c1e1e1c0e0e0600f,ok,,g2521,train
data/original/aquahealth/train_split/EUS/EUS_aug_62.jpg,train_split,EUS,EUS Disease,3,.jpg,640,640,RGB,56fa0bb5cc4b8eabbadae186a2e95adad4ecc2dd059b3322cef55d37a16e6020,ba391f5f5f5d19f1,ok,,g2442,val
data/original/aquahealth/train_split/EUS/EUS_aug_64.jpg,train_split,EUS,EUS Disease,3,.jpg,640,640,RGB,1310192a16063a25e929f18b6b65336a50df4ffe3b2c862e56d24546630c364f,e4e133ce860e1bc9,ok,,g2792,train
data/original/aquahealth/train_split/EUS/EUS_aug_66.jpg,train_split,EUS,EUS Disease,3,.jpg,640,640,RGB,bbd2261eb180ca319dba8e7af905ffe4cc7300024542ff0b5fd8db74d7bcc4df,988c9c1e171b0f1f,ok,,g2303,train
data/original/aquahealth/train_split/EUS/EUS_aug_67.jpg,train_split,EUS,EUS Disease,3,.jpg,640,640,RGB,6e61cf1eda0bda48e513a149af13091f3cf546860beaefb6b33d19906babecc2,e0e0c8e08381c0e4,ok,x1443,g2727,
data/original/aquahealth/train_split/EUS/EUS_aug_69.jpg,train_split,EUS,EUS Disease,3,.jpg,640,640,RGB,081d87fa6df3cb78b91fd65ae7b479faab4362b17d992d428a57a1e1aec6cc51,f223261d0d3c5a1e,ok,,g2915,test
data/original/aquahealth/train_split/EUS/EUS_aug_7.jpg,train_split,EUS,EUS Disease,3,.jpg,640,640,RGB,354aa53501e6c10826e9f770f5ac8a8dd5734afe67bbd8fc83a29755481edaf9,6466f11d1f0f0f07,ok,,g1831,val
data/original/aquahealth/train_split/EUS/EUS_aug_70.jpg,train_split,EUS,EUS Disease,3,.jpg,640,640,RGB,15ea3ee72e24cf0f789ac03ada9e6f4a2d20b40232b8a45860e6930130215b5e,e0c3820246c6c3c1,ok,,g2714,test
data/original/aquahealth/train_split/EUS/EUS_aug_71.jpg,train_split,EUS,EUS Disease,3,.jpg,640,640,RGB,26129373aba7885e65b9e5e613e577fdca1eeda2180af0086f7fc9f01b46aa41,0f660313c3e37105,ok,,g758,train
data/original/aquahealth/train_split/EUS/EUS_aug_72.jpg,train_split,EUS,EUS Disease,3,.jpg,640,640,RGB,1dc5eb503f6b776eb50e74b3878528018fae49e5049511fb00ec22fcdc01eb8c,4f5b333f3f7f3337,ok,,g1682,train
data/original/aquahealth/train_split/EUS/EUS_aug_73.jpg,train_split,EUS,EUS Disease,3,.jpg,640,640,RGB,d9920fd75bbad6fd9ad5645d31315da24336d844f9e6c6426e16bd7fbf7779bd,6060484960313343,ok,x2898,g1760,
data/original/aquahealth/train_split/EUS/EUS_aug_74.jpg,train_split,EUS,EUS Disease,3,.jpg,640,640,RGB,ae45feed0920b2d3868ca27b8c22ad2eb5faaab47f494249a42fd6e47e18030b,1547c71383e1f270,ok,,g847,train
data/original/aquahealth/train_split/EUS/EUS_aug_76.jpg,train_split,EUS,EUS Disease,3,.jpg,640,640,RGB,99191db853097b1ecfc91b2830d0df0d8e6a789a537261988d4d554eac8943e2,d4f1c1898d8602c4,ok,,g2630,train
data/original/aquahealth/train_split/EUS/EUS_aug_77.jpg,train_split,EUS,EUS Disease,3,.jpg,640,640,RGB,ca2156eb3a868bb6dfc0df4e163b348fff423b620ee0845708f8a10f5b0f2289,60e0d88e23c1e0e0,ok,,g1774,test
data/original/aquahealth/train_split/EUS/EUS_aug_79.jpg,train_split,EUS,EUS Disease,3,.jpg,640,640,RGB,b4fb89b973af7d95c2ef92bb9face9f14948fcf662eca37846335f372e56a047,70f0e06568c2c666,ok,,g1937,train
data/original/aquahealth/train_split/EUS/EUS_aug_8.jpg,train_split,EUS,EUS Disease,3,.jpg,640,640,RGB,330b931f8ddeca64b1fc94956104c991b61e1df63797b831416ecbe46097a3e1,4948545c98303818,ok,,g1641,val
data/original/aquahealth/train_split/EUS/EUS_aug_80.jpg,train_split,EUS,EUS Disease,3,.jpg,640,640,RGB,bfcd0773ac9f9dc289eb2388a6c20474cb5225c07ea4a026c8f8317e6893c632,6be8e4e6701e0624,ok,,g1875,train
data/original/aquahealth/train_split/EUS/EUS_aug_81.jpg,train_split,EUS,EUS Disease,3,.jpg,640,640,RGB,30b43399176dd168018f3e8a9ac542fb0b5ab85e186927e66226769476c6a5eb,f0f0f8f8f8f8f8f8,ok,,g2884,train
data/original/aquahealth/train_split/EUS/EUS_aug_82.jpg,train_split,EUS,EUS Disease,3,.jpg,640,640,RGB,185e2ff095295a7342f658416319901e57b5205bfad2d3eec0a5663b37e2a089,1f3c8c787065c103,ok,,g1066,train
data/original/aquahealth/train_split/EUS/EUS_aug_83.jpg,train_split,EUS,EUS Disease,3,.jpg,640,640,RGB,50dfd342bd892009131b2a2eadaca2fab6da73fa5a75b86e248c83751ce90105,fcfcf4fcd8e8f0e1,ok,,g3019,train
data/original/aquahealth/train_split/EUS/EUS_aug_84.jpg,train_split,EUS,EUS Disease,3,.jpg,640,640,RGB,6ab27e81433b12e7eddb820fb4f487b88bbd6d8524df7b5256e45c15d454aab5,1f1f1d0f0f0f0f07,ok,,g1048,train
data/original/aquahealth/train_split/EUS/EUS_aug_85.jpg,train_split,EUS,EUS Disease,3,.jpg,640,640,RGB,4fd6a8f5f5c0ebbc35ddfba18b98c725270d4cc22e4023a6234826dbe3222e9f,1cfcf3f3f6e67630,ok,,g961,test
data/original/aquahealth/train_split/EUS/EUS_aug_86.jpg,train_split,EUS,EUS Disease,3,.jpg,640,640,RGB,1bf02d75ef7f5ee559053356eb62bb0d7f790d1cf555504009de93724870fe64,0430f0cfa3e17018,ok,,g323,train
data/original/aquahealth/train_split/EUS/EUS_aug_87.jpg,train_split,EUS,EUS Disease,3,.jpg,640,640,RGB,79aeff9f9f5dc64ad3d6d80010955b4940ae265846b7fe72e13efff40d19dcd1,0f0a06072531b909,ok,,g650,train
data/original/aquahealth/train_split/EUS/EUS_aug_88.jpg,train_split,EUS,EUS Disease,3,.jpg,640,640,RGB,ab0e8f12c0ee1223065e1c7d9d271de91fb0b04d7fb9303e4018ab304bffa40b,0f2020868bcb7111,ok,,g721,train
data/original/aquahealth/train_split/EUS/EUS_aug_89.jpg,train_split,EUS,EUS Disease,3,.jpg,640,640,RGB,c1073d5fdb3a40c9cdc6e190d3949c7de4800549869907959682dc9cef9e5eee,3ceecece8c8c0c88,ok,,g1460,train
data/original/aquahealth/train_split/EUS/EUS_aug_9.jpg,train_split,EUS,EUS Disease,3,.jpg,640,640,RGB,dee0c8a180e3301ed59872a056148b86e6f470be2f922a22a57ae38ea332d3bd,6f4e4fcd8d999919,ok,,g1896,train
data/original/aquahealth/train_split/EUS/EUS_aug_90.jpg,train_split,EUS,EUS Disease,3,.jpg,640,640,RGB,2168e6e66c76b07e8ff717a7e01d0d0ca5e33371b5cbe185e742449f237134b0,c9c3b34e060f0807,ok,,g2585,train
data/original/aquahealth/train_split/EUS/EUS_aug_91.jpg,train_split,EUS,EUS Disease,3,.jpg,640,640,RGB,1a02206cefe40cf4304e4c3c6be2e40d06ecf81c9666d63b3c217cb6152a7d9d,0f1f3b3f3f3f3f17,ok,,g718,test
data/original/aquahealth/train_split/EUS/EUS_aug_92.jpg,train_split,EUS,EUS Disease,3,.jpg,640,640,RGB,f379bfc43df729e631fb12467840fa10b1320b32216335af005d56c6e9420f46,80808c860f1a1c81,ok,,g2129,train
data/original/aquahealth/train_split/EUS/EUS_aug_93.jpg,train_split,EUS,EUS Disease,3,.jpg,640,640,RGB,5b6d6aa868b2cde4b3a51de4360aaef623f0b348a838ae825229b6744dde7ebd,1e9ece0e0bc72e2c,ok,,g1005,val
data/original/aquahealth/train_split/EUS/EUS_aug_94.jpg,train_split,EUS,EUS Disease,3,.jpg,640,640,RGB,3a8c0cd0e60a4f992afc40de9e43e543e7efd9550185e074a6cab9d6a56bc7fe,0f0378f8fe3b0303,ok,,g634,train
data/original/aquahealth/train_split/EUS/EUS_aug_95.jpg,train_split,EUS,EUS Disease,3,.jpg,640,640,RGB,a87a6409e68156bae6a3fae93df7b94474491ba017dc53a2c77033ccc5f0fca4,c6848d0c0c0e8f8b,ok,,g2557,train
data/original/aquahealth/train_split/EUS/EUS_aug_96.jpg,train_split,EUS,EUS Disease,3,.jpg,640,640,RGB,ad66e2142a8b17dec83027f1360e9d3a9bc16d0bbf9f7888cbb6000bcd31853a,393060e8c8606060,ok,,g1392,train
data/original/aquahealth/train_split/EUS/EUS_aug_97.jpg,train_split,EUS,EUS Disease,3,.jpg,640,640,RGB,989aec0da40b67fde249c795b77212958d188085660a494862a162609ebf5bdb,474511401a321301,ok,,g1625,train
data/original/aquahealth/train_split/EUS/EUS_aug_99.jpg,train_split,EUS,EUS Disease,3,.jpg,640,640,RGB,45394021931c740c642a9485017a20fc98fe479017c3ae9ca33749c059305573,9cbe7c3fbb7b7c79,ok,,g2332,train
data/original/aquahealth/train_split/Fungal diseases Saprolegniasis/Fungal diseases Saprolegniasis_11.jpg,train_split,Fungal diseases Saprolegniasis,Saprolegniasis,4,.jpg,128,128,RGB,f92fd032f51d5b4be3e82436992f802e5e2658c23a4ed1f6a883477982acf7fd,a0a02b0f0f070707,ok,,g2373,train
data/original/aquahealth/train_split/Fungal diseases Saprolegniasis/Fungal diseases Saprolegniasis_117.jpg,train_split,Fungal diseases Saprolegniasis,Saprolegniasis,4,.jpg,640,640,RGB,b403a2d918af3500295be272e51e691520b795d5cb01dd1057454e8cf6fd0a9c,0e74f2f0f879e9cd,ok,,g617,train
data/original/aquahealth/train_split/Fungal diseases Saprolegniasis/Fungal diseases Saprolegniasis_119.jpg,train_split,Fungal diseases Saprolegniasis,Saprolegniasis,4,.jpg,640,640,RGB,ac453a3312cd66472d09a85e488dde223eb7ecaa13ed54c5eb45e9fffa13472b,306c64e4f0f47839,ok,,g1262,test
data/original/aquahealth/train_split/Fungal diseases Saprolegniasis/Fungal diseases Saprolegniasis_12.jpg,train_split,Fungal diseases Saprolegniasis,Saprolegniasis,4,.jpg,128,128,RGB,b415622d5576aeb1d45d5cc51df255cac1a3768a911ae660d5b2e25da17a0119,9c87270703074765,ok,,g2327,test
data/original/aquahealth/train_split/Fungal diseases Saprolegniasis/Fungal diseases Saprolegniasis_120.jpg,train_split,Fungal diseases Saprolegniasis,Saprolegniasis,4,.jpg,640,640,RGB,ca834d31a8747d2230931c9cce03e696f2b353c824ab07bd1502053d9983895a,b898f074f4ece4f8,ok,,g2431,val
data/original/aquahealth/train_split/Fungal diseases Saprolegniasis/Fungal diseases Saprolegniasis_121.jpg,train_split,Fungal diseases Saprolegniasis,Saprolegniasis,4,.jpg,640,640,RGB,563d8d0acbfe2f13dcca813e09c01108a6f473d2a6b52cfd24ba8e7c7cf3470c,40e0e5e969f0f8d8,ok,,g1568,train
data/original/aquahealth/train_split/Fungal diseases Saprolegniasis/Fungal diseases Saprolegniasis_122.jpg,train_split,Fungal diseases Saprolegniasis,Saprolegniasis,4,.jpg,640,640,RGB,21cc5e9b9af08907d88319658d50735a682053904235776dd8323c7726468ca0,f8e064fc7cf0b0b0,ok,,g2964,train
data/original/aquahealth/train_split/Fungal diseases Saprolegniasis/Fungal diseases Saprolegniasis_129.jpg,train_split,Fungal diseases Saprolegniasis,Saprolegniasis,4,.jpg,640,640,RGB,5b893b21a139dd2f38f50c261e763d98be066b7b99f66febd368ab15e7db6437,6262500321393163,ok,,g1796,train
data/original/aquahealth/train_split/Fungal diseases Saprolegniasis/Fungal diseases Saprolegniasis_130.jpg,train_split,Fungal diseases Saprolegniasis,Saprolegniasis,4,.jpg,640,640,RGB,e0c3584c35a977c265f7329daf6e0ab6622ea0282c845ec08eeaf764c5241570,63616151713538c1,ok,,g1801,train
data/original/aquahealth/train_split/Fungal diseases Saprolegniasis/Fungal diseases Saprolegniasis_131.jpg,train_split,Fungal diseases Saprolegniasis,Saprolegniasis,4,.jpg,640,640,RGB,65f8315647d9e57118fd732015c7ba3f7e340c0e80ee412d325d118b337fdeae,c3e3d3763e9f9e97,ok,,g2542,val
data/original/aquahealth/train_split/Fungal diseases Saprolegniasis/Fungal diseases Saprolegniasis_133.jpg,train_split,Fungal diseases Saprolegniasis,Saprolegniasis,4,.jpg,640,640,RGB,353a97a5dd95b65be72805a81ccac704f1b9c0bf8b7238c4e634198c14ea0f6f,00383072eeec1c0e,ok,,g90,train
data/original/aquahealth/train_split/Fungal diseases Saprolegniasis/Fungal diseases Saprolegniasis_135.jpg,train_split,Fungal diseases Saprolegniasis,Saprolegniasis,4,.jpg,640,640,RGB,f4d1f7657e7395cf072617f6d24e4182e9d57bb9e08456715c44b10ff99b8fe4,3b3b3efcbc3c3c78,ok,,g1426,train
data/original/aquahealth/train_split/Fungal diseases Saprolegniasis/Fungal diseases Saprolegniasis_139.jpg,train_split,Fungal diseases Saprolegniasis,Saprolegniasis,4,.jpg,640,640,RGB,96872f9c9e1ed8824d55ddf9cfeb68dc5457fd4ce1cdbf1ad2c4a02cff8168fd,00ccc686c0c30303,ok,,g128,val
data/original/aquahealth/train_split/Fungal diseases Saprolegniasis/Fungal diseases Saprolegniasis_14.jpg,train_split,Fungal diseases Saprolegniasis,Saprolegniasis,4,.jpg,224,224,RGB,ecee23bc7eeb00b774f1e9e5d11f0bade8fee75d2cf60349b27303ba44d39dc3,f9fbfffffcfafcf9,ok,,g2983,train
data/original/aquahealth/train_split/Fungal diseases Saprolegniasis/Fungal diseases Saprolegniasis_140.jpg,train_split,Fungal diseases Saprolegniasis,Saprolegniasis,4,.jpg,640,640,RGB,e6fb09d9d4489e14a77ecd5789004b382f143b6dc6fd6385ee29e778ed228421,46e0604263600303,ok,,g1620,train
data/original/aquahealth/train_split/Fungal diseases Saprolegniasis/Fungal diseases Saprolegniasis_142.jpg,train_split,Fungal diseases Saprolegniasis,Saprolegniasis,4,.jpg,640,640,RGB,5bb53a319f8ccc2999ed9331d65ae31eae749b461e7d3ba11a575c74e8eaa042,0c0e0f070146c041,ok,,g542,train
data/original/aquahealth/train_split/Fungal diseases Saprolegniasis/Fungal diseases Saprolegniasis_143.jpg,train_split,Fungal diseases Saprolegniasis,Saprolegniasis,4,.jpg,640,640,RGB,7c19b06a05adcf8cc01efc1a359dc3b5ece022244a2db69a98fc69f4bc0a131d,2f3fffcf3f270707,ok,,g1244,train
data/original/aquahealth/train_split/Fungal diseases Saprolegniasis/Fungal diseases Saprolegniasis_16.jpg,train_split,Fungal diseases Saprolegniasis,Saprolegniasis,4,.jpg,128,128,RGB,851a51ca5253641628ed91d621d1832253f5726572f66db7c9df2a520a0473d2,0b9bbbc3cf1b0f0f,ok,,g533,train
data/original/aquahealth/train_split/Fungal diseases Saprolegniasis/Fungal diseases Saprolegniasis_164.jpg,train_split,Fungal diseases Saprolegniasis,Saprolegniasis,4,.jpg,640,640,RGB,6c8963004a0ab1d50ef89b2525223a1e2b0dd211fa16872d2447a283a27b6899,933f1fc5ccc4c173,ok,,g2284,train
data/original/aquahealth/train_split/Fungal diseases Saprolegniasis/Fungal diseases Saprolegniasis_165.jpg,train_split,Fungal diseases Saprolegniasis,Saprolegniasis,4,.jpg,640,640,RGB,8464eb8cb13f3d70cf58826b687a0ddf4bfc6ba13177c3859a15cbb1c6e1725c,c0c4e7e1c9dcf879,ok,,g2488,train
data/original/aquahealth/train_split/Fungal diseases Saprolegniasis/Fungal diseases Saprolegniasis_170.jpg,train_split,Fungal diseases Saprolegniasis,Saprolegniasis,4,.jpg,640,640,RGB,4514f73935cdb4fe441a485a648098f39b3c921b1506fc723cc68bfb8dbd1fe4,42e6e5f3b1f03819,ok,,g1587,train
data/original/aquahealth/train_split/Fungal diseases Saprolegniasis/Fungal diseases Saprolegniasis_175.jpg,train_split,Fungal diseases Saprolegniasis,Saprolegniasis,4,.jpg,640,640,RGB,f73da31bd4ee0f7374f7ef1344ab56f3e5de849dd5ad4deeb95b010fd45208cb,0080c06c6f260f43,ok,,g113,val
data/original/aquahealth/train_split/Fungal diseases Saprolegniasis/Fungal diseases Saprolegniasis_179.jpg,train_split,Fungal diseases Saprolegniasis,Saprolegniasis,4,.jpg,640,640,RGB,c8f2ec0991301dc4666e7e9a80f33d4730cc9c17e4d03d0e9d86ab1f98eaf267,000011070eb8a839,ok,,g19,train
data/original/aquahealth/train_split/Fungal diseases Saprolegniasis/Fungal diseases Saprolegniasis_18.jpg,train_split,Fungal diseases Saprolegniasis,Saprolegniasis,4,.jpg,224,224,RGB,0ca805a410db275681c41d87090ac9488248b260de715026908f5b012faba23c,e3e263e060e061e0,ok,,g2774,train
data/original/aquahealth/train_split/Fungal diseases Saprolegniasis/Fungal diseases Saprolegniasis_180.jpg,train_split,Fungal diseases Saprolegniasis,Saprolegniasis,4,.jpg,640,640,RGB,d8ec26bfd006b47447dba81188d0200059716c84b8f83a79f7043292c246f52d,ff7f6f3d1e0f0721,ok,,g3042,train
data/original/aquahealth/train_split/Fungal diseases Saprolegniasis/Fungal diseases Saprolegniasis_181.jpg,train_split,Fungal diseases Saprolegniasis,Saprolegniasis,4,.jpg,640,640,RGB,17ca608a1e7a17765947e68fc085d5cb5ba38738068ac72094eb71155f8a5fdd,fcffffffff7358ef,ok,,g3024,val
data/original/aquahealth/train_split/Fungal diseases Saprolegniasis/Fungal diseases Saprolegniasis_183.jpg,train_split,Fungal diseases Saprolegniasis,Saprolegniasis,4,.jpg,640,640,RGB,cd5da8ba9b998fe90cbbcc797f2dd2cd0bbb9f03fc0157833472fafc94e6d69e,0046063021030383,ok,,g97,val
data/original/aquahealth/train_split/Fungal diseases Saprolegniasis/Fungal diseases Saprolegniasis_2.jpg,train_split,Fungal diseases Saprolegniasis,Saprolegniasis,4,.jpg,224,224,RGB,5e8d97b588f91b2649a51dc9c219196e3d1893725f5097e50c62e48a7b8d797c,df9eb65ccc6959bd,ok,,g2685,train
data/original/aquahealth/train_split/Fungal diseases Saprolegniasis/Fungal diseases Saprolegniasis_203.jpg,train_split,Fungal diseases Saprolegniasis,Saprolegniasis,4,.jpg,640,640,RGB,49d51d20fed28ff73ae4802d2e6bec94c8c1af2410f77cdd66f3732880b0a925,d0f2f8fafb5e1e1e,ok,,g2621,val
data/original/aquahealth/train_split/Fungal diseases Saprolegniasis/Fungal diseases Saprolegniasis_204.jpg,train_split,Fungal diseases Saprolegniasis,Saprolegniasis,4,.jpg,640,640,RGB,08a224f867921c638e219a661651fa808d0668f3a2dddbe992d8ed7ba0f5e7be,c4c0e0e0e0f8ecf4,ok,,g2548,train
data/original/aquahealth/train_split/Fungal diseases Saprolegniasis/Fungal diseases Saprolegniasis_205.jpg,train_split,Fungal diseases Saprolegniasis,Saprolegniasis,4,.jpg,640,640,RGB,2033ca5d53ed63da1f741759edb3da781b478b966a99715acf2346957d305335,703e1e9eee7f7bff,ok,,g1911,train
data/original/aquahealth/train_split/Fungal diseases Saprolegniasis/Fungal diseases Saprolegniasis_206.jpg,train_split,Fungal diseases Saprolegniasis,Saprolegniasis,4,.jpg,640,640,RGB,fc733f3b23c3b5e5e120ee6abd58c66c982dcfbde8f8cd618cf0f612b09e91f2,d8f89893c0404040,ok,,g2649,val
data/original/aquahealth/train_split/Fungal diseases Saprolegniasis/Fungal diseases Saprolegniasis_207.jpg,train_split,Fungal diseases Saprolegniasis,Saprolegniasis,4,.jpg,640,640,RGB,2b6741a2b3af3c193e4abe7bb25d0dfafc78f64955e03ade4c036d96c0d6e4f0,28c0c8c8e0f2f371,ok,,g1206,train
data/original/aquahealth/train_split/Fungal diseases Saprolegniasis/Fungal diseases Saprolegniasis_213.jpg,train_split,Fungal diseases Saprolegniasis,Saprolegniasis,4,.jpg,640,640,RGB,cd95ee53a399c6efa2750c6a6fcda80466ca52e78b95230cb4ef1aecdaaa8ef6,1c180090800c2462,ok,,g945,train
data/original/aquahealth/train_split/Fungal diseases Saprolegniasis/Fungal diseases Saprolegniasis_218.jpg,train_split,Fungal diseases Saprolegniasis,Saprolegniasis,4,.jpg,640,640,RGB,fbe0e027bc5d45337a3bd41459ea32dc1a4cf55cd09545767f4c0bf5756fea3e,f0f8e2c4dcf0f0f0,ok,,g2890,train
data/original/aquahealth/train_split/Fungal diseases Saprolegniasis/Fungal diseases Saprolegniasis_223.jpg,train_split,Fungal diseases Saprolegniasis,Saprolegniasis,4,.jpg,640,640,RGB,64e9fac30c6aae3a099a2f923532a2901a20fdcde1ced8356f2d1aa389b5eda9,fc7c7c3e7dfffffb,ok,,g3002,test
data/original/aquahealth/train_split/Fungal diseases Saprolegniasis/Fungal diseases Saprolegniasis_224.jpg,train_split,Fungal diseases Saprolegniasis,Saprolegniasis,4,.jpg,640,640,RGB,1f9dbc0237f84f93f89ba8926e1286af8b3b0612c8c14f9cd7189cab4775afeb,80c0c060f0f07878,ok,,g2131,val
data/original/aquahealth/train_split/Fungal diseases Saprolegniasis/Fungal diseases Saprolegniasis_238.jpg,train_split,Fungal diseases Saprolegniasis,Saprolegniasis,4,.jpg,640,640,RGB,5cc39fdbcfe47dd3c5e4d924258f41d5c22871a057bf4ac956ff54c03dcfa7c7,a08181e07a1e8780,ok,,g2371,test
data/original/aquahealth/train_split/Fungal diseases Saprolegniasis/Fungal diseases Saprolegniasis_239.jpg,train_split,Fungal diseases Saprolegniasis,Saprolegniasis,4,.jpg,640,640,RGB,1857bf365b81fb9610d66b8e46ec2c97bb12d9da7f542e823791aaa1fc3ce23b,010c1e3838f8f0f0,ok,,g169,val
data/original/aquahealth/train_split/Fungal diseases Saprolegniasis/Fungal diseases Saprolegniasis_24.jpg,train_split,Fungal diseases Saprolegniasis,Saprolegniasis,4,.jpg,128,128,RGB,45a26cac5e20bd996981f464ce8d5a835df07c432ebbc32a588cc148706e2d6a,f7cfc9f8f3878fa3,ok,,g2948,train
data/original/aquahealth/train_split/Fungal diseases Saprolegniasis/Fungal diseases Saprolegniasis_240.jpg,train_split,Fungal diseases Saprolegniasis,Saprolegniasis,4,.jpg,640,640,RGB,6cd9fc32e4c5bedc0315d06ed76173b4d1c56ed4cf24146cf40fdd29abd66251,0e0f0f1f1f1f1e4f,ok,,g610,train
data/original/aquahealth/train_split/Fungal diseases Saprolegniasis/Fungal diseases Saprolegniasis_245.jpg,train_split,Fungal diseases Saprolegniasis,Saprolegniasis,4,.jpg,640,640,RGB,f896c16bbd9cb76ce29d6640f8112c0ef26c39fff4a8cee491a827ebdaa5fff2,9f7b9967e0c0c0e0,ok,,g2361,train
data/original/aquahealth/train_split/Fungal diseases Saprolegniasis/Fungal diseases Saprolegniasis_246.jpg,train_split,Fungal diseases Saprolegniasis,Saprolegniasis,4,.jpg,640,640,RGB,fb4c5c7acd68dbb57056b30c64ad316e07b2e048bfcbcb8149aa33d3b9bebd8b,7f7371d9cdde7e1f,ok,,g2103,train
data/original/aquahealth/train_split/Fungal diseases Saprolegniasis/Fungal diseases Saprolegniasis_247.jpg,train_split,Fungal diseases Saprolegniasis,Saprolegniasis,4,.jpg,640,640,RGB,7cfe62d29b5206157fd89ebdd28cb93124dbad43b18d7509ba03f3c41cf2faf7,9f3ededcd9f13b3f,ok,,g2357,train
data/original/aquahealth/train_split/Fungal diseases Saprolegniasis/Fungal diseases Saprolegniasis_26.jpg,train_split,Fungal diseases Saprolegniasis,Saprolegniasis,4,.jpg,224,224,RGB,25652a8644342a2cd0d6892b40b0042f84e90951c1bc9c281b228c58b838a660,9e1e1f1f1f0f0f6c,ok,,g2339,train
data/original/aquahealth/train_split/Fungal diseases Saprolegniasis/Fungal diseases Saprolegniasis_27.jpg,train_split,Fungal diseases Saprolegniasis,Saprolegniasis,4,.jpg,128,128,RGB,5fc766d2034ef6795abe79f4c4d902ebffa950f4a9a342adf031c95c45c241d1,d9d9d74707963011,ok,,g2656,train
data/original/aquahealth/train_split/Fungal diseases Saprolegniasis/Fungal diseases Saprolegniasis_31.png,train_split,Fungal diseases Saprolegniasis,Saprolegniasis,4,.png,224,224,RGB,69fded0f534203bec9a3682e4f571bf55be8964ee647c165adefdfa95f8e9c77,bc863c70981c4511,ok,,g2444,train
data/original/aquahealth/train_split/Fungal diseases Saprolegniasis/Fungal diseases Saprolegniasis_33.jpg,train_split,Fungal diseases Saprolegniasis,Saprolegniasis,4,.jpg,224,224,RGB,a3d5616ce583ea18911dbe21bfa8eeafac47426447e52337214c88f9fcd7b9c0,1c87878301030766,ok,,g955,test
data/original/aquahealth/train_split/Fungal diseases Saprolegniasis/Fungal diseases Saprolegniasis_34.jpg,train_split,Fungal diseases Saprolegniasis,Saprolegniasis,4,.jpg,224,224,RGB,4fcf2abf08d048eb59f231d3156dfbed9deaae074d4c4658f33acfb9ef86cdb5,0c9c1e0f2e1e8ce8,ok,,g562,train
data/original/aquahealth/train_split/Fungal diseases Saprolegniasis/Fungal diseases Saprolegniasis_35.jpg,train_split,Fungal diseases Saprolegniasis,Saprolegniasis,4,.jpg,224,224,RGB,f158bed5cc1223c5b1e300933aaa2a0af61356ebbaa0a04ae108e6601d17db73,30d8c8c8c0f0f072,ok,,g1278,train
data/original/aquahealth/train_split/Fungal diseases Saprolegniasis/Fungal diseases Saprolegniasis_36.jpg,train_split,Fungal diseases Saprolegniasis,Saprolegniasis,4,.jpg,224,224,RGB,72a90b9539d92497ad80d623a9b1581c4b2a60d2c921d6e27eb2c423e9ecbab5,0f0b6be1dcd98dad,ok,,g654,train
data/original/aquahealth/train_split/Fungal diseases Saprolegniasis/Fungal diseases Saprolegniasis_37.jpg,train_split,Fungal diseases Saprolegniasis,Saprolegniasis,4,.jpg,224,224,RGB,dee89b72fe7bad21008bfe37aaef1a7526618f258cb0b3878395867811d2055e,f3c7d3f1e5717373,ok,,g2923,train
data/original/aquahealth/train_split/Fungal diseases Saprolegniasis/Fungal diseases Saprolegniasis_39.jpg,train_split,Fungal diseases Saprolegniasis,Saprolegniasis,4,.jpg,224,224,RGB,11bdb0eaabef9f9f2adf9a5df63ea7fa0fe2f0547e1e728ed20c6fbc2afa07cd,26fece5e7e1f1f1f,ok,,g1186,train
data/original/aquahealth/train_split/Fungal diseases Saprolegniasis/Fungal diseases Saprolegniasis_41.jpg,train_split,Fungal diseases Saprolegniasis,Saprolegniasis,4,.jpg,224,224,RGB,00d134886a19bc07b9511992c407506ed8e4a8534c2ecb9139b20d74fe25c189,c13b0f6564446431,ok,,g2504,train
data/original/aquahealth/train_split/Fungal diseases Saprolegniasis/Fungal diseases Saprolegniasis_43.jpg,train_split,Fungal diseases Saprolegniasis,Saprolegniasis,4,.jpg,224,224,RGB,a5e55cfba1495e2776253389316d0e2517b3068493f468bbe5e3993e7c333ca4,fefe2e26b9a9fcfc,ok,,g3039,train
data/original/aquahealth/train_split/Fungal diseases Saprolegniasis/Fungal diseases Saprolegniasis_46.jpg,train_split,Fungal diseases Saprolegniasis,Saprolegniasis,4,.jpg,224,224,RGB,abf1ffe99da70d06a678e2a650892c473420c97438075be59db87336f777ac8d,07001010072d2970,ok,,g358,train
data/original/aquahealth/train_split/Fungal diseases Saprolegniasis/Fungal diseases Saprolegniasis_5.jpg,train_split,Fungal diseases Saprolegniasis,Saprolegniasis,4,.jpg,224,224,RGB,c864b023785edd7b4f209f7742cbe9a88d605c8e6036998ca6474717ecbaae77,9f9f0f868686cec0,ok,,g2362,train
data/original/aquahealth/train_split/Fungal diseases Saprolegniasis/Fungal diseases Saprolegniasis_54.png,train_split,Fungal diseases Saprolegniasis,Saprolegniasis,4,.png,224,224,RGB,aa3084a843d39eb989d73f28f0b0ecf5717ce0f08e8ab25097faf3bfd9953886,1f1f1f1f1f0b0f8e,ok,,g1052,train
data/original/aquahealth/train_split/Fungal diseases Saprolegniasis/Fungal diseases Saprolegniasis_55.jpg,train_split,Fungal diseases Saprolegniasis,Saprolegniasis,4,.jpg,128,128,RGB,aac7a42578b9428cc0cf99ec262b1baab8fe0b5cbc073e4cecd502f2cdaa44ad,3e7c1c0f8f8fbeae,ok,,g1491,train
data/original/aquahealth/train_split/Fungal diseases Saprolegniasis/Fungal diseases Saprolegniasis_56.jpg,train_split,Fungal diseases Saprolegniasis,Saprolegniasis,4,.jpg,128,128,RGB,21ce548641b5542f206dd6513764da3b1ecb1d5a4a21cf56cbe75f7183a0538a,efa7e707060e0e0f,ok,,g2846,train
data/original/aquahealth/train_split/Fungal diseases Saprolegniasis/Fungal diseases Saprolegniasis_58.jpg,train_split,Fungal diseases Saprolegniasis,Saprolegniasis,4,.jpg,128,128,RGB,dfa8ec4cb2bd761fec967f1999667d79dd853dc20595e43791be7bdd5ce77014,218387c70f0c0400,ok,,g1145,train
data/original/aquahealth/train_split/Fungal diseases Saprolegniasis/Fungal diseases Saprolegniasis_59.jpg,train_split,Fungal diseases Saprolegniasis,Saprolegniasis,4,.jpg,128,128,RGB,0cddda720804fef79ab7e3537282e943d3b6936b9fb77566f41f6394884286a1,9e9c9f1f0f8e8603,ok,,g2347,train
data/original/aquahealth/train_split/Fungal diseases Saprolegniasis/Fungal diseases Saprolegniasis_6.jpg,train_split,Fungal diseases Saprolegniasis,Saprolegniasis,4,.jpg,128,128,RGB,e292d8e5a411d407f509277964e222484d10b654b2ed07332e13277ce880901b,9ecb490402000000,ok,,g2353,train
data/original/aquahealth/train_split/Fungal diseases Saprolegniasis/Fungal diseases Saprolegniasis_60.jpg,train_split,Fungal diseases Saprolegniasis,Saprolegniasis,4,.jpg,128,128,RGB,8ec6dc943c2be9ea8fe672724b95ea6fe16e7d99772bab4e33da3d5138922ffc,e0c48243464c1c38,ok,,g2716,train
data/original/aquahealth/train_split/Fungal diseases Saprolegniasis/Fungal diseases Saprolegniasis_63.jpg,train_split,Fungal diseases Saprolegniasis,Saprolegniasis,4,.jpg,128,128,RGB,cba1ba0d82906bf298fefc248172eef82f37f1cfa3885b8b09ee0185e0c170a9,0301173c184d8f1f,ok,,g215,train
data/original/aquahealth/train_split/Fungal diseases Saprolegniasis/Fungal diseases Saprolegniasis_64.jpg,train_split,Fungal diseases Saprolegniasis,Saprolegniasis,4,.jpg,128,128,RGB,9d92ca13e4fcf841fa0bd6a5eabb1aba5c5d7c57f564b9df5ded49ff5f6773c3,73e6cf8787872d39,ok,,g1965,val
data/original/aquahealth/train_split/Fungal diseases Saprolegniasis/Fungal diseases Saprolegniasis_66.jpg,train_split,Fungal diseases Saprolegniasis,Saprolegniasis,4,.jpg,128,128,RGB,383b20d5949ba215f8979ff980c143b4275ee2b7ae1ee1f6c749bf900b8c2be2,030b4dcfcf86ec7c,ok,,g247,train
data/original/aquahealth/train_split/Fungal diseases Saprolegniasis/Fungal diseases Saprolegniasis_67.jpg,train_split,Fungal diseases Saprolegniasis,Saprolegniasis,4,.jpg,128,128,RGB,4bcfba30c5381c92cc8af7a72488c641dedbd47e069f14d27505e0284c23fb9e,c941e7fc18d12387,ok,,g2576,train
data/original/aquahealth/train_split/Fungal diseases Saprolegniasis/Fungal diseases Saprolegniasis_68.jpg,train_split,Fungal diseases Saprolegniasis,Saprolegniasis,4,.jpg,128,128,RGB,f24315276314ccb64878cb3615105f904b39e95a7c87ba46591e35679367311b,9e1a1e3d34b2596d,ok,,g2337,train
data/original/aquahealth/train_split/Fungal diseases Saprolegniasis/Fungal diseases Saprolegniasis_69.jpg,train_split,Fungal diseases Saprolegniasis,Saprolegniasis,4,.jpg,128,128,RGB,f1c54b219424882a616feb4b149d675ec3692673eb8d0ec1c19abccb89e16e40,e10608f93c8e0c18,ok,,g2746,train
data/original/aquahealth/train_split/Fungal diseases Saprolegniasis/Fungal diseases Saprolegniasis_70.jpg,train_split,Fungal diseases Saprolegniasis,Saprolegniasis,4,.jpg,128,128,RGB,6b0414d941f11c2b084cde102a921cefdba5d2d7fba04007038062cfa78424d6,8d4670180c061111,ok,,g2243,train
data/original/aquahealth/train_split/Fungal diseases Saprolegniasis/Fungal diseases Saprolegniasis_71.jpg,train_split,Fungal diseases Saprolegniasis,Saprolegniasis,4,.jpg,128,128,RGB,26379bdcdb9c9d8dad9c879225f711e4987e952debaf099f80bf2fb3a7bc2e23,5ccdcf1e0fc3715e,ok,,g1724,train
data/original/aquahealth/train_split/Fungal diseases Saprolegniasis/Fungal diseases Saprolegniasis_72.jpg,train_split,Fungal diseases Saprolegniasis,Saprolegniasis,4,.jpg,128,128,RGB,f9682c875efca9778427fb6acfbd92667bdc066818d71a1c66969a23bee107af,f0f07070e020e40c,ok,,g2877,train
data/original/aquahealth/train_split/Fungal diseases Saprolegniasis/Fungal diseases Saprolegniasis_73.jpg,train_split,Fungal diseases Saprolegniasis,Saprolegniasis,4,.jpg,128,128,RGB,0370ceab493beb72f3c399fb7e27432519004f61af4bf1cddd69c8962b271f48,e1e9f6fefbfdfeff,ok,,g2754,train
data/original/aquahealth/train_split/Fungal diseases Saprolegniasis/Fungal diseases Saprolegniasis_74.jpg,train_split,Fungal diseases Saprolegniasis,Saprolegniasis,4,.jpg,224,224,RGB,bfab3aa0bd9265ac0a33e642b303ffab9ffdcf3939e5e59bb2d572233ec25c10,fafcacf4e0e0e084,ok,,g2988,train
data/original/aquahealth/train_split/Fungal diseases Saprolegniasis/Fungal diseases Saprolegniasis_76.jpg,train_split,Fungal diseases Saprolegniasis,Saprolegniasis,4,.jpg,128,128,RGB,086e86bd8ee96b722a5455c78e15eaf7fcaf70ac533bea96a6e85de05ebdd68e,830b232230048405,ok,,g2158,val
data/original/aquahealth/train_split/Fungal diseases Saprolegniasis/Fungal diseases Saprolegniasis_77.jpg,train_split,Fungal diseases Saprolegniasis,Saprolegniasis,4,.jpg,128,128,RGB,6ebf3394945ecc323781f67831ab691acdadc5e16d53dc21112b5ea7459ab86e,b9691f77f67f1f3e,ok,,g2439,train
data/original/aquahealth/train_split/Fungal diseases Saprolegniasis/Fungal diseases Saprolegniasis_78.jpg,train_split,Fungal diseases Saprolegniasis,Saprolegniasis,4,.jpg,128,128,RGB,dfb3f8934fb09c6bb3c5eb879b3f11b81c4b5c9c151368d9dc697a5b2579f731,e070786f8f0f090d,ok,,g2698,train
data/original/aquahealth/train_split/Fungal diseases Saprolegniasis/Fungal diseases Saprolegniasis_8.jpg,train_split,Fungal diseases Saprolegniasis,Saprolegniasis,4,.jpg,224,224,RGB,c6fb42b5672a662c5460bef7f061177cb61ebf4354b5dc938494bb9cc92bc857,9829a3e6cf9f3f73,ok,,g2300,train
data/original/aquahealth/train_split/Fungal diseases Saprolegniasis/Fungal diseases Saprolegniasis_81.jpg,train_split,Fungal diseases Saprolegniasis,Saprolegniasis,4,.jpg,128,128,RGB,e447fc5d4655013cc3f3175272485853f66ba1a0362f392fd686c5acf427d64a,0e0cfcb8f8f0f0f0,ok,,g604,test
data/original/aquahealth/train_split/Fungal diseases Saprolegniasis/Fungal diseases Saprolegniasis_82.jpeg,train_split,Fungal diseases Saprolegniasis,Saprolegniasis,4,.jpeg,224,224,RGB,d81b2eb7adfbb6225370e8ace8f7cf1a2fff94845706914c5e94869cb4cb4303,372763e5c5e1e1e8,label_conflict,,g1350,
data/original/aquahealth/train_split/Fungal diseases Saprolegniasis/Fungal diseases Saprolegniasis_83.jpg,train_split,Fungal diseases Saprolegniasis,Saprolegniasis,4,.jpg,224,224,RGB,a57a9aadbe2c8f959f486655424aed07f5c5ffa23a469c4a8ed9a765d105ddfc,e1e3e38abcb5b3a0,ok,,g2753,train
data/original/aquahealth/train_split/Fungal diseases Saprolegniasis/Fungal diseases Saprolegniasis_87.jpg,train_split,Fungal diseases Saprolegniasis,Saprolegniasis,4,.jpg,128,128,RGB,f8b0bec5862db24482f2f3df4f9f5165c4efe2d0270fed92e24278db71840fbc,c0c0d250783944c7,ok,,g2482,train
data/original/aquahealth/train_split/Fungal diseases Saprolegniasis/Fungal diseases Saprolegniasis_88.jpg,train_split,Fungal diseases Saprolegniasis,Saprolegniasis,4,.jpg,128,128,RGB,d794970a3552b1e640e977fe18697230dde2b26f7275a935ae6fcc54d760ceb1,1f3fb99cc9e9f0e0,ok,,g1073,train
data/original/aquahealth/train_split/Fungal diseases Saprolegniasis/Fungal diseases Saprolegniasis_90.jpg,train_split,Fungal diseases Saprolegniasis,Saprolegniasis,4,.jpg,224,224,RGB,b07e705d7fa023e54a6889e6df133fa40da42f81aa639101cb69956e0ba601ae,8e83878f0f1f9f1e,ok,,g2252,test
data/original/aquahealth/train_split/Fungal diseases Saprolegniasis/Fungal diseases Saprolegniasis_93.jpg,train_split,Fungal diseases Saprolegniasis,Saprolegniasis,4,.jpg,128,128,RGB,b6e16b639c176f3203c0ae86ec9013ab1b9de8358be1e2214ec2409e940314b5,7ff3d998bc7cbfbf,ok,,g2120,train
data/original/aquahealth/train_split/Fungal diseases Saprolegniasis/Fungal diseases Saprolegniasis_95.jpg,train_split,Fungal diseases Saprolegniasis,Saprolegniasis,4,.jpg,640,640,RGB,f81732fa6de3e6591daf68767a1a0fc67ec24c6e6b56d2812dc56824063d55c1,d8d23a3e1e1e1e3f,ok,,g2642,train
data/original/aquahealth/train_split/Fungal diseases Saprolegniasis/Fungal diseases Saprolegniasis_97.jpg,train_split,Fungal diseases Saprolegniasis,Saprolegniasis,4,.jpg,640,640,RGB,155dac746d718b298ad9883b075665168d7a3a803715872c6ee7023961a457a5,0707070707070707,ok,,g381,val
data/original/aquahealth/train_split/Fungal diseases Saprolegniasis/Fungal diseases Saprolegniasis_98.jpg,train_split,Fungal diseases Saprolegniasis,Saprolegniasis,4,.jpg,640,640,RGB,863c42fff43746b1200344f22d6020344b34132e980aee8a6be23a5a41bcafc4,4703030303030707,ok,,g1622,train
data/original/aquahealth/train_split/Fungal diseases Saprolegniasis/Fungal diseases Saprolegniasis_aug_0.jpg,train_split,Fungal diseases Saprolegniasis,Saprolegniasis,4,.jpg,128,128,RGB,00ed5d598a5e61e9895c8fc9682b6dfe4d15be85c13c68e32b952eadad1e5fe2,0d0cfcb838707077,ok,,g570,test
data/original/aquahealth/train_split/Fungal diseases Saprolegniasis/Fungal diseases Saprolegniasis_aug_1.jpg,train_split,Fungal diseases Saprolegniasis,Saprolegniasis,4,.jpg,128,128,RGB,46e5d60cab0ec32133a7cac6e20c922d0c09f0db917cfd43810c97a0d8ab0477,bcbd9f1f0f8e8708,ok,,g2447,train
data/original/aquahealth/train_split/Fungal diseases Saprolegniasis/Fungal diseases Saprolegniasis_aug_10.jpg,train_split,Fungal diseases Saprolegniasis,Saprolegniasis,4,.jpg,128,128,RGB,b4ac7627a8e2d448fc4e9c7cbe93009886d1dc9b144333e309699db3e061a287,3f370703474d0f07,ok,,g1510,train
data/original/aquahealth/train_split/Fungal diseases Saprolegniasis/Fungal diseases Saprolegniasis_aug_100.jpg,train_split,Fungal diseases Saprolegniasis,Saprolegniasis,4,.jpg,640,640,RGB,0ee88487f5e14d97d6857b6547fe471125a248fc2a09418ab6ced60a961055cd,0c18586860f0e0e4,ok,,g546,train
data/original/aquahealth/train_split/Fungal diseases Saprolegniasis/Fungal diseases Saprolegniasis_aug_101.jpg,train_split,Fungal diseases Saprolegniasis,Saprolegniasis,4,.jpg,224,224,RGB,2e32ca350c3f1ee945dfa359a0153ca7706cdafc06b26575bccd0e8e884a614b,1ffff7f71f4b6b71,ok,,g1111,train
data/original/aquahealth/train_split/Fungal diseases Saprolegniasis/Fungal diseases Saprolegniasis_aug_102.jpg,train_split,Fungal diseases Saprolegniasis,Saprolegniasis,4,.jpg,224,224,RGB,a33a4e8efbb69e250bf5fa7e32a2a39fae1910c3fc390a3f668b996dadc960cb,1f1f1f1f1f0b0f8e,ok,,g1052,train
data/original/aquahealth/train_split/Fungal diseases Saprolegniasis/Fungal diseases Saprolegniasis_aug_103.jpg,train_split,Fungal diseases Saprolegniasis,Saprolegniasis,4,.jpg,640,640,RGB,3675cbcf98da75226f2ef859157fe20859930fffa88f63e24768e82a86443ab3,9b5f4ccecf6f4727,ok,,g2321,test
data/original/aquahealth/train_split/Fungal diseases Saprolegniasis/Fungal diseases Saprolegniasis_aug_104.jpg,train_split,Fungal diseases Saprolegniasis,Saprolegniasis,4,.jpg,224,224,RGB,54321ddb38c1cb78a2fb64bd6fafdccba1ed4b1705716b162b24815eb7d69019,8e83878f0f1f9f1e,ok,,g2252,test
data/original/aquahealth/train_split/Fungal diseases Saprolegniasis/Fungal diseases Saprolegniasis_aug_105.jpg,train_split,Fungal diseases Saprolegniasis,Saprolegniasis,4,.jpg,640,640,RGB,ea4749cfa5bc96506c777652b49541895e96af9cc8760cd849da0715eb6c8d70,fefcfcf9f0f0e1e1,ok,x3116,g3037,test
data/original/aquahealth/train_split/Fungal diseases Saprolegniasis/Fungal diseases Saprolegniasis_aug_106.jpg,train_split,Fungal diseases Saprolegniasis,Saprolegniasis,4,.jpg,128,128,RGB,1478e03e70cbcf9f8ea6bc1be986353c8775783ccdd0eb2f76f1ee6a7c4eab39,9c87270703074765,ok,,g2327,test
data/original/aquahealth/train_split/Fungal diseases Saprolegniasis/Fungal diseases Saprolegniasis_aug_107.jpg,train_split,Fungal diseases Saprolegniasis,Saprolegniasis,4,.jpg,128,128,RGB,e8e72d247ae7307211d35b18e1d87d136bc60aa88ca89cd2c308ca6aa90d00bf,7b3e1e1c0fcfdf9f,ok,,g2039,train
data/original/aquahealth/train_split/Fungal diseases Saprolegniasis/Fungal diseases Saprolegniasis_aug_108.jpg,train_split,Fungal diseases Saprolegniasis,Saprolegniasis,4,.jpg,640,640,RGB,59addb6974c5bbb54e672391d664b5fc00c4483f01b1c7e63ce9028badc28207,220383c0c0c0c0e0,ok,x1176,g1152,train
data/original/aquahealth/train_split/Fungal diseases Saprolegniasis/Fungal diseases Saprolegniasis_aug_109.jpg,train_split,Fungal diseases Saprolegniasis,Saprolegniasis,4,.jpg,128,128,RGB,9ca16f3364027131d3a25b42f76b38e52353bd2749881bede65343e9c5143d59,b1b0290f0e070707,ok,,g2413,train
data/original/aquahealth/train_split/Fungal diseases Saprolegniasis/Fungal diseases Saprolegniasis_aug_11.jpg,train_split,Fungal diseases Saprolegniasis,Saprolegniasis,4,.jpg,128,128,RGB,c3a72e38bcd43e5f64c764ad64d1b848431984b285c298c8b248e777ac567448,218387c70f0c0404,ok,,g1146,train
data/original/aquahealth/train_split/Fungal diseases Saprolegniasis/Fungal diseases Saprolegniasis_aug_112.jpg,train_split,Fungal diseases Saprolegniasis,Saprolegniasis,4,.jpg,640,640,RGB,e0edc10ded9ed610de4acbd3cd655b7de7d18a96c0a858637103799e915cb922,3f7f7be77779393f,ok,,g1548,train
data/original/aquahealth/train_split/Fungal diseases Saprolegniasis/Fungal diseases Saprolegniasis_aug_113.jpg,train_split,Fungal diseases Saprolegniasis,Saprolegniasis,4,.jpg,128,128,RGB,ee67b2c3ab026d5733da00222774581f6a36420de3e1aa8d8e17acf57974289c,f0f07070e020e40c,ok,,g2877,train
data/original/aquahealth/train_split/Fungal diseases Saprolegniasis/Fungal diseases Saprolegniasis_aug_114.jpg,train_split,Fungal diseases Saprolegniasis,Saprolegniasis,4,.jpg,128,128,RGB,33c3c93059dd6ffda11e2197dcf6c52a03c31797a59d6bbea3322373a5ca75c5,074743c393234f8b,ok,,g448,train
data/original/aquahealth/train_split/Fungal diseases Saprolegniasis/Fungal diseases Saprolegniasis_aug_115.jpg,train_split,Fungal diseases Saprolegniasis,Saprolegniasis,4,.jpg,128,128,RGB,9ad9629e9b07c2d55c3ffb46dd4ea883e2cab5f73a35706f34cafb5312e20267,0705011436307171,ok,,g374,val
data/original/aquahealth/train_split/Fungal diseases Saprolegniasis/Fungal diseases Saprolegniasis_aug_116.jpg,train_split,Fungal diseases Saprolegniasis,Saprolegniasis,4,.jpg,128,128,RGB,caf565c1ae7c2615cfde64f486a78bdc2ef4070c3beefb958b1fa9faa8aa2d25,3e0f3b3bb3dfde5f,ok,,g1481,test
data/original/aquahealth/train_split/Fungal diseases Saprolegniasis/Fungal diseases Saprolegniasis_aug_118.jpg,train_split,Fungal diseases Saprolegniasis,Saprolegniasis,4,.jpg,640,640,RGB,dbaef0c67be7ed19c5fcd9c1270f324aa7a3d3beb4f0197ad05134b65440efaf,03cc9c9efc3c3f3f,ok,,g307,train
data/original/aquahealth/train_split/Fungal diseases Saprolegniasis/Fungal diseases Saprolegniasis_aug_119.jpg,train_split,Fungal diseases Saprolegniasis,Saprolegniasis,4,.jpg,224,224,RGB,380d20da0cb5815fe7526a4d97084e77c33fdb9a6f8a232880ae856984aa035e,f9fbfffffcfafcf9,ok,,g2983,train
data/original/aquahealth/train_split/Fungal diseases Saprolegniasis/Fungal diseases Saprolegniasis_aug_12.jpg,train_split,Fungal diseases Saprolegniasis,Saprolegniasis,4,.jpg,128,128,RGB,0fcb3c3265fffcec90d12ec629c298452dfa04de730ffa12468d9f9b3cc008d2,01007071999c8800,ok,,g140,val
data/original/aquahealth/train_split/Fungal diseases Saprolegniasis/Fungal diseases Saprolegniasis_aug_120.jpg,train_split,Fungal diseases Saprolegniasis,Saprolegniasis,4,.jpg,128,128,RGB,e79fda7e1cf29406419c9997852ed216d45f73db7a0159f3865e947da1d4c8e6,fefcf4f9f0f0e1e1,ok,,g3035,val
data/original/aquahealth/train_split/Fungal diseases Saprolegniasis/Fungal diseases Saprolegniasis_aug_121.jpg,train_split,Fungal diseases Saprolegniasis,Saprolegniasis,4,.jpg,224,224,RGB,cb3a1415649dce0c13a1f476f8054797752b096e47d8cc3cefdb907f22bfa860,0c9c1e0f2e1e8ce8,ok,,g562,train
data/original/aquahealth/train_split/Fungal diseases Saprolegniasis/Fungal diseases Saprolegniasis_aug_122.jpg,train_split,Fungal diseases Saprolegniasis,Saprolegniasis,4,.jpg,224,224,RGB,4c5a4a367e19991b51591e2ecc99d1c1bb7bf3a05601ea4cc204139105660b64,83808c8581070707,ok,,g2160,train
data/original/aquahealth/train_split/Fungal diseases Saprolegniasis/Fungal diseases Saprolegniasis_aug_123.jpg,train_split,Fungal diseases Saprolegniasis,Saprolegniasis,4,.jpg,224,224,RGB,c7f2907e00ece83e17921af3749ee329522fc2e0db603d1d4abd2b382cfaa6e4,f3c7d3f1e5717373,ok,x2664,g2923,train
data/original/aquahealth/train_split/Fungal diseases Saprolegniasis/Fungal diseases Saprolegniasis_aug_124.jpg,train_split,Fungal diseases Saprolegniasis,Saprolegniasis,4,.jpg,640,640,RGB,359deb7a76905a2d2950c3aa0222f4ebdde9808062d5bd68abfd514b0e84c3f7,200083c0c0c0c0e0,ok,,g1115,train
data/original/aquahealth/train_split/Fungal diseases Saprolegniasis/Fungal diseases Saprolegniasis_aug_125.jpg,train_split,Fungal diseases Saprolegniasis,Saprolegniasis,4,.jpg,640,640,RGB,730fdbfd44858cd51791262d853f3a7fd5b70bbe2d5ebfacdbaa88fd770d33d6,1f341e0309490103,ok,,g1063,train
data/original/aquahealth/train_split/Fungal diseases Saprolegniasis/Fungal diseases Saprolegniasis_aug_126.jpg,train_split,Fungal diseases Saprolegniasis,Saprolegniasis,4,.jpg,224,224,RGB,9c83a91f0080936486b1c376101b1d2a9d05d103c29f80bd1d943bf3588a5ee7,0f2f2978c4644e4a,ok,,g729,test
data/original/aquahealth/train_split/Fungal diseases Saprolegniasis/Fungal diseases Saprolegniasis_aug_127.jpg,train_split,Fungal diseases Saprolegniasis,Saprolegniasis,4,.jpg,224,224,RGB,9bc3cf1942ee81652437320fe445022074fe726a2b6ded404ef017d221fb132b,0f8f8f0b0347476d,ok,,g779,train
data/original/aquahealth/train_split/Fungal diseases Saprolegniasis/Fungal diseases Saprolegniasis_aug_128.jpg,train_split,Fungal diseases Saprolegniasis,Saprolegniasis,4,.jpg,128,128,RGB,ced49142da5041c87c4f3babab404e14a842fc5c1800836549651f29f8b5b651,c981e7fc18d123c7,ok,,g2580,train
data/original/aquahealth/train_split/Fungal diseases Saprolegniasis/Fungal diseases Saprolegniasis_aug_129.jpg,train_split,Fungal diseases Saprolegniasis,Saprolegniasis,4,.jpg,224,224,RGB,8ddf56148cd94e8fdb3855e960791de9f082f2380a4e3aee2bd1ab0b34c850db,4f0f8687868d9f8f,ok,,g1671,train
data/original/aquahealth/train_split/Fungal diseases Saprolegniasis/Fungal diseases Saprolegniasis_aug_13.jpg,train_split,Fungal diseases Saprolegniasis,Saprolegniasis,4,.jpg,128,128,RGB,2e41e24234080358f3b453c48a7d3d416228ef1242912ca548d9d3635cba036d,4d7d19c1e7743b1e,ok,,g1657,train
data/original/aquahealth/train_split/Fungal diseases Saprolegniasis/Fungal diseases Saprolegniasis_aug_130.jpg,train_split,Fungal diseases Saprolegniasis,Saprolegniasis,4,.jpg,640,640,RGB,d5184521c44f30271c45df0692514d243b1febc98093c70c154faf5afd30900f,7872260d7cbf8f8f,ok,,g2004,train
data/original/aquahealth/train_split/Fungal diseases Saprolegniasis/Fungal diseases Saprolegniasis_aug_131.jpg,train_split,Fungal diseases Saprolegniasis,Saprolegniasis,4,.jpg,224,224,RGB,ae0e285a73b4c7ff6b8ec6dc1d6c1e2d853645e59c6abd10299912e73fa3fe1d,9f9f0f868686cec0,ok,,g2362,train
data/original/aquahealth/train_split/Fungal diseases Saprolegniasis/Fungal diseases Saprolegniasis_aug_132.jpg,train_split,Fungal diseases Saprolegniasis,Saprolegniasis,4,.jpg,224,224,RGB,a8a234ce9c9f2b5cd83a216d9ab5fed81ed578015349657e82315331f768b290,0d070707070f0f6d,ok,,g569,test
data/original/aquahealth/train_split/Fungal diseases Saprolegniasis/Fungal diseases Saprolegniasis_aug_133.jpg,train_split,Fungal diseases Saprolegniasis,Saprolegniasis,4,.jpg,224,224,RGB,432e2c4fbf659e606756382f88a2a6e993c08a9dadfcb7280492878688c16368,07011191073d281b,ok,,g362,train
data/original/aquahealth/train_split/Fungal diseases Saprolegniasis/Fungal diseases Saprolegniasis_aug_134.jpg,train_split,Fungal diseases Saprolegniasis,Saprolegniasis,4,.jpg,640,640,RGB,b9ebd1b687824375c5184b15821e8136412a4857fdc99d68b1ad5a12cecb356f,0f1b030008031f1f,ok,,g700,train
data/original/aquahealth/train_split/Fungal diseases Saprolegniasis/Fungal diseases Saprolegniasis_aug_137.jpg,train_split,Fungal diseases Saprolegniasis,Saprolegniasis,4,.jpg,640,640,RGB,f666eba32e12d5388994353ea91c0401a095af777b99876ea60c21728a03988d,3080818088002000,ok,,g1273,train
data/original/aquahealth/train_split/Fungal diseases Saprolegniasis/Fungal diseases Saprolegniasis_aug_138.jpg,train_split,Fungal diseases Saprolegniasis,Saprolegniasis,4,.jpg,128,128,RGB,11908321e00ec49a81d03b19ab75964b5abc876ce821c31bc7ce1a8852b18849,1d1c3062dcf0c383,ok,,g966,train
data/original/aquahealth/train_split/Fungal diseases Saprolegniasis/Fungal diseases Saprolegniasis_aug_139.jpg,train_split,Fungal diseases Saprolegniasis,Saprolegniasis,4,.jpg,128,128,RGB,9a1ba18e9ef53e17663c408c18cc893c21740f726206a846f59d39731c8cc6b1,fefcfcf1f0f0e1e1,ok,x1998,g3036,train
data/original/aquahealth/train_split/Fungal diseases Saprolegniasis/Fungal diseases Saprolegniasis_aug_14.jpg,train_split,Fungal diseases Saprolegniasis,Saprolegniasis,4,.jpg,224,224,RGB,d2ff500b586e7d150ca589dad6f736a694d940e0b536117e778255505e03ca77,4dc7c5dcd8665607,ok,,g1658,train
data/original/aquahealth/train_split/Fungal diseases Saprolegniasis/Fungal diseases Saprolegniasis_aug_140.jpg,train_split,Fungal diseases Saprolegniasis,Saprolegniasis,4,.jpg,640,640,RGB,ca5641ed5e176a07c216fbd9a15a5dee20ed7b6b45954a627f3ca3c66ee9c081,0c0e0f070146c041,ok,,g542,train
data/original/aquahealth/train_split/Fungal diseases Saprolegniasis/Fungal diseases Saprolegniasis_aug_141.jpg,train_split,Fungal diseases Saprolegniasis,Saprolegniasis,4,.jpg,128,128,RGB,49d0825ab91c38b08b187e06b61a36ed865faa9a263e4bb9866d7c85464c777e,c981e77c18d12387,ok,,g2579,train
data/original/aquahealth/train_split/Fungal diseases Saprolegniasis/Fungal diseases Saprolegniasis_aug_142.jpg,train_split,Fungal diseases Saprolegniasis,Saprolegniasis,4,.jpg,128,128,RGB,48fdc804f7693681bcdbb8bf734d019a4cc8b35d21e3f6ad0b8e66260c0e4e0d,9ecb490402000000,ok,,g2353,train
data/original/aquahealth/train_split/Fungal diseases Saprolegniasis/Fungal diseases Saprolegniasis_aug_144.jpg,train_split,Fungal diseases Saprolegniasis,Saprolegniasis,4,.jpg,128,128,RGB,645b7d0922c4e966e0d6e968b588ec6facbfe863b72d780cd0ca604c099ffa8d,4363634f07070307,ok,,g1600,test
data/original/aquahealth/train_split/Fungal diseases Saprolegniasis/Fungal diseases Saprolegniasis_aug_145.jpg,train_split,Fungal diseases Saprolegniasis,Saprolegniasis,4,.jpg,640,640,RGB,d5d5bf44ef2bdeb45694330f18b4e89b88caa187811a3e6380fc54bc8105955b,c4c0e0e0e0f8ecf4,ok,x2846,g2548,train
data/original/aquahealth/train_split/Fungal diseases Saprolegniasis/Fungal diseases Saprolegniasis_aug_147.jpg,train_split,Fungal diseases Saprolegniasis,Saprolegniasis,4,.jpg,128,128,RGB,5961f93acaab41145a5bcfd8086d828032458d5b764bc3d998fa9772d7d33c2a,fcf8b4f5e163dd1c,ok,,g3014,test
data/original/aquahealth/train_split/Fungal diseases Saprolegniasis/Fungal diseases Saprolegniasis_aug_148.jpg,train_split,Fungal diseases Saprolegniasis,Saprolegniasis,4,.jpg,224,224,RGB,e7c78a80b00adfc8adf79138754ce8c93f463c2a07a7f3ac5ad25fbbea8c5e6d,1f1f1f1f1f0f0e66,ok,,g1053,test
data/original/aquahealth/train_split/Fungal diseases Saprolegniasis/Fungal diseases Saprolegniasis_aug_149.jpg,train_split,Fungal diseases Saprolegniasis,Saprolegniasis,4,.jpg,128,128,RGB,db30c4280096b78e15b2c0764ee0f022e9d4f2ec94a1c45e49a44200a267cf91,6f3b58f0e6c30d0d,ok,,g1893,train
data/original/aquahealth/train_split/Fungal diseases Saprolegniasis/Fungal diseases Saprolegniasis_aug_15.jpg,train_split,Fungal diseases Saprolegniasis,Saprolegniasis,4,.jpg,128,128,RGB,2524b64fd2372fb2155ec7aa7862d95a66d2baba474eeeb9e6a89bd446ad8372,001a181f8f8f8f0f,ok,,g74,train
data/original/aquahealth/train_split/Fungal diseases Saprolegniasis/Fungal diseases Saprolegniasis_aug_150.jpg,train_split,Fungal diseases Saprolegniasis,Saprolegniasis,4,.jpg,224,224,RGB,c70e397d94496d4bca1561f2372ab3a68de37fd6b6aa7f80f1b41455022a6463,1f1f1f1f1f0b0f8e,ok,,g1052,train
data/original/aquahealth/train_split/Fungal diseases Saprolegniasis/Fungal diseases Saprolegniasis_aug_151.jpg,train_split,Fungal diseases Saprolegniasis,Saprolegniasis,4,.jpg,640,640,RGB,172085f39732d2a9a002b26b443f252c8c8bf73a401eb4704f4ba0c33d05763e,106a7cf8a1861ebe,ok,,g806,train
data/original/aquahealth/train_split/Fungal diseases Saprolegniasis/Fungal diseases Saprolegniasis_aug_152.jpg,train_split,Fungal diseases Saprolegniasis,Saprolegniasis,4,.jpg,640,640,RGB,57aa842432401dfb6dd77ae83d82b41b52454fd53ff7d611fbd200d03704bf42,7f6f371d1e0e0703,ok,,g2102,test
data/original/aquahealth/train_split/Fungal diseases Saprolegniasis/Fungal diseases Saprolegniasis_aug_153.jpg,train_split,Fungal diseases Saprolegniasis,Saprolegniasis,4,.jpg,640,640,RGB,7a86e25e1cc56f44fb890d5454792859afd17fcbe173de7155a05410f3af1807,7f6f371d1e0e0703,ok,,g2102,test
data/original/aquahealth/train_split/Fungal diseases Saprolegniasis/Fungal diseases Saprolegniasis_aug_155.jpg,train_split,Fungal diseases Saprolegniasis,Saprolegniasis,4,.jpg,640,640,RGB,ab3bbae5d754b0dbc22426af54fc87f5c561cf63bcc8c7bfbe671fd1816d962c,0303030707270f07,ok,,g220,train
data/original/aquahealth/train_split/Fungal diseases Saprolegniasis/Fungal diseases Saprolegniasis_aug_156.jpg,train_split,Fungal diseases Saprolegniasis,Saprolegniasis,4,.jpg,640,640,RGB,baffa0f8282849c12596bb4489e336f5c3b381c3cea68aae112373c99cfc3b99,273fffcf3f270707,ok,,g1197,train
data/original/aquahealth/train_split/Fungal diseases Saprolegniasis/Fungal diseases Saprolegniasis_aug_158.jpg,train_split,Fungal diseases Saprolegniasis,Saprolegniasis,4,.jpg,640,640,RGB,af6caea70146d565e5b1e06f7b7ad74b43c7b4f8074e2c25a733daf979c13a8b,1858183072c0a547,ok,,g888,train
data/original/aquahealth/train_split/Fungal diseases Saprolegniasis/Fungal diseases Saprolegniasis_aug_159.jpg,train_split,Fungal diseases Saprolegniasis,Saprolegniasis,4,.jpg,224,224,RGB,d7b4e4e8f99936e423def94cf1adabb2d2bf15bba2a4336f470fed5fa9e57df3,07011111073d2979,ok,,g361,test
data/original/aquahealth/train_split/Fungal diseases Saprolegniasis/Fungal diseases Saprolegniasis_aug_160.jpg,train_split,Fungal diseases Saprolegniasis,Saprolegniasis,4,.jpg,128,128,RGB,3a9946264c597d6e696ea8851a038368e10b146c2a5460ef5d85a1195422e595,07870707070f0f1f,ok,,g463,train
data/original/aquahealth/train_split/Fungal diseases Saprolegniasis/Fungal diseases Saprolegniasis_aug_161.jpg,train_split,Fungal diseases Saprolegniasis,Saprolegniasis,4,.jpg,128,128,RGB,664dc7cec76356b308d4dc522ec14385ed1d39def895810fffc6e0be13d47d59,0d1dfcf878787177,ok,,g585,train
data/original/aquahealth/train_split/Fungal diseases Saprolegniasis/Fungal diseases Saprolegniasis_aug_162.jpg,train_split,Fungal diseases Saprolegniasis,Saprolegniasis,4,.jpg,640,640,RGB,566f0b6c653812f590779f7e990a3764f55e24ceeb80edda274abaf77a611978,3603075cccdc7c31,ok,,g1338,train
data/original/aquahealth/train_split/Fungal diseases Saprolegniasis/Fungal diseases Saprolegniasis_aug_164.jpg,train_split,Fungal diseases Saprolegniasis,Saprolegniasis,4,.jpg,224,224,RGB,86cd197535cd618eda5c59c416b9c133a809784d7fc947535db232e0f8333996,7f6164ecf8e87103,ok,,g2098,val
data/original/aquahealth/train_split/Fungal diseases Saprolegniasis/Fungal diseases Saprolegniasis_aug_166.jpg,train_split,Fungal diseases Saprolegniasis,Saprolegniasis,4,.jpg,224,224,RGB,b7688465310200c3ef6c610773ee2350917f0c224d453b4a538c660334acc744,1c87878701030766,ok,x2445,g956,test
data/original/aquahealth/train_split/Fungal diseases Saprolegniasis/Fungal diseases Saprolegniasis_aug_168.jpg,train_split,Fungal diseases Saprolegniasis,Saprolegniasis,4,.jpg,640,640,RGB,0d2368fe939606b10774041eac2077e6bb42a1df4bb77aeac9d79f7a6d175816,000011070eb8a839,ok,,g19,train
data/original/aquahealth/train_split/Fungal diseases Saprolegniasis/Fungal diseases Saprolegniasis_aug_169.jpg,train_split,Fungal diseases Saprolegniasis,Saprolegniasis,4,.jpg,640,640,RGB,d1dd635a143d70b8a4f21bdb60930501c9fc493ffdd0b18f8ddb9a6e6f280b5f,fff7771f8fe26a23,ok,,g3048,test
data/original/aquahealth/train_split/Fungal diseases Saprolegniasis/Fungal diseases Saprolegniasis_aug_17.jpg,train_split,Fungal diseases Saprolegniasis,Saprolegniasis,4,.jpg,640,640,RGB,01a659ee94ee394dbce01f567317513d558ff463478958834968ddde4fce0d10,c9e1ef3e7c7d7d7d,ok,,g2586,train
data/original/aquahealth/train_split/Fungal diseases Saprolegniasis/Fungal diseases Saprolegniasis_aug_170.jpg,train_split,Fungal diseases Saprolegniasis,Saprolegniasis,4,.jpg,128,128,RGB,9a1ba18e9ef53e17663c408c18cc893c21740f726206a846f59d39731c8cc6b1,fefcfcf1f0f0e1e1,ok,x1998,g3036,
data/original/aquahealth/train_split/Fungal diseases Saprolegniasis/Fungal diseases Saprolegniasis_aug_171.jpg,train_split,Fungal diseases Saprolegniasis,Saprolegniasis,4,.jpg,128,128,RGB,3710205254ae86d50d224333e13340a8478197e9d7a5de6b5b81bf1d8958cfa8,98d8d74707963000,ok,,g2308,train
data/original/aquahealth/train_split/Fungal diseases Saprolegniasis/Fungal diseases Saprolegniasis_aug_172.jpg,train_split,Fungal diseases Saprolegniasis,Saprolegniasis,4,.jpg,128,128,RGB,37c915aca561825104a84d3e942bd2818c9d9d344a93cbb9c466de64d11e33db,db39b830f0307070,ok,,g2665,test
data/original/aquahealth/train_split/Fungal diseases Saprolegniasis/Fungal diseases Saprolegniasis_aug_174.jpg,train_split,Fungal diseases Saprolegniasis,Saprolegniasis,4,.jpg,640,640,RGB,1b231e149f83994ded7af40c2a4182eb05ac5907530fcb40d108a95d03c64545,c1f373723e9fbf97,ok,,g2523,train
data/original/aquahealth/train_split/Fungal diseases Saprolegniasis/Fungal diseases Saprolegniasis_aug_175.jpg,train_split,Fungal diseases Saprolegniasis,Saprolegniasis,4,.jpg,640,640,RGB,4f5110c6f0c95ba9219a80be9e627629e6b9cabadb531aafe38620985b37824f,07c0607c4f278f83,ok,,g468,train
data/original/aquahealth/train_split/Fungal diseases Saprolegniasis/Fungal diseases Saprolegniasis_aug_176.jpg,train_split,Fungal diseases Saprolegniasis,Saprolegniasis,4,.jpg,224,224,RGB,e6b6d754836149637b8d20f164ecf1be471b33523268eb68994c2ef05c5e9904,1ffff7f71f436bf1,ok,x3073,g1110,train
data/original/aquahealth/train_split/Fungal diseases Saprolegniasis/Fungal diseases Saprolegniasis_aug_177.jpg,train_split,Fungal diseases Saprolegniasis,Saprolegniasis,4,.jpg,640,640,RGB,6efa8d4b8aca61b420756dfbe2edbb71a91c5af42e26832c3b6b60dfa944ba91,073f7d79e3c64f1f,ok,,g443,train
data/original/aquahealth/train_split/Fungal diseases Saprolegniasis/Fungal diseases Saprolegniasis_aug_178.jpg,train_split,Fungal diseases Saprolegniasis,Saprolegniasis,4,.jpg,128,128,RGB,8717b19efce3339fdfd75a970e256f5711c7f6e2c6e1bfe40efbbafce0d94738,0f1b199dcccbe301,ok,,g701,train
data/original/aquahealth/train_split/Fungal diseases Saprolegniasis/Fungal diseases Saprolegniasis_aug_179.jpg,train_split,Fungal diseases Saprolegniasis,Saprolegniasis,4,.jpg,128,128,RGB,644a27de9669f2e0bece70c1f9121bca47c5f0b719dbae32357f6fe09787760a,fcfcb4f5e163dd1c,ok,,g3018,train
data/original/aquahealth/train_split/Fungal diseases Saprolegniasis/Fungal diseases Saprolegniasis_aug_181.jpg,train_split,Fungal diseases Saprolegniasis,Saprolegniasis,4,.jpg,128,128,RGB,890ba63933f217dd70805774979bc8e634d24cbbf43ccbbd6ce0a916d8c91a95,4e14f1e7cf9f7777,ok,,g1660,train
data/original/aquahealth/train_split/Fungal diseases Saprolegniasis/Fungal diseases Saprolegniasis_aug_182.jpg,train_split,Fungal diseases Saprolegniasis,Saprolegniasis,4,.jpg,128,128,RGB,ea65afefff96be78e604cbebe72c987760eb9fbc1c1e9e27632c0d0f60d7868a,a0a02b0f0f070707,ok,,g2373,train
data/original/aquahealth/train_split/Fungal diseases Saprolegniasis/Fungal diseases Saprolegniasis_aug_183.jpg,train_split,Fungal diseases Saprolegniasis,Saprolegniasis,4,.jpg,224,224,RGB,0010d157c4c1e1544de6e3c06b3fa293f589b5d6fd0366b98c427fce150222c7,372763e5c5e1e1e8,label_conflict,,g1350,
data/original/aquahealth/train_split/Fungal diseases Saprolegniasis/Fungal diseases Saprolegniasis_aug_185.jpg,train_split,Fungal diseases Saprolegniasis,Saprolegniasis,4,.jpg,640,640,RGB,bd6b065e0a1e3843adf9d018cfe51d2e4838916c0353a08a297e6c666cb0017f,1f1f1f1f1f1f0f1f,ok,,g1054,train
data/original/aquahealth/train_split/Fungal diseases Saprolegniasis/Fungal diseases Saprolegniasis_aug_186.jpg,train_split,Fungal diseases Saprolegniasis,Saprolegniasis,4,.jpg,224,224,RGB,375d9d3b28b65fc515ade0dd142bdb0ce2b31012a08263527395d8bb07b4409f,2f2f2f78c465cd07,ok,,g1236,train
data/original/aquahealth/train_split/Fungal diseases Saprolegniasis/Fungal diseases Saprolegniasis_aug_187.jpg,train_split,Fungal diseases Saprolegniasis,Saprolegniasis,4,.jpg,128,128,RGB,357f94880e22fe399b2d20928da059054534ce2bc42352f0fc8b37dbafa24ea9,c9c1e7fc18d123c7,ok,,g2582,train
data/original/aquahealth/train_split/Fungal diseases Saprolegniasis/Fungal diseases Saprolegniasis_aug_188.jpg,train_split,Fungal diseases Saprolegniasis,Saprolegniasis,4,.jpg,640,640,RGB,089f901829711197e87d0a04d91dfb0e94f2617e3ffe90b36d6287ca0ebe5f64,0e06070743c7c5c1,ok,,g599,val
data/original/aquahealth/train_split/Fungal diseases Saprolegniasis/Fungal diseases Saprolegniasis_aug_189.jpg,train_split,Fungal diseases Saprolegniasis,Saprolegniasis,4,.jpg,128,128,RGB,7070b76dfadb8dcb04014df64c98e779a867c63809344d6773126544188b7b78,7e78310d0c4f1f0f,ok,,g2085,train
data/original/aquahealth/train_split/Fungal diseases Saprolegniasis/Fungal diseases Saprolegniasis_aug_19.jpg,train_split,Fungal diseases Saprolegniasis,Saprolegniasis,4,.jpg,224,224,RGB,c83f51bd7d37187cd89f724e16f1753ad1ccc2c356f30b7cf71ddd6ae684f0bb,1ffff7f71f4b6b73,ok,,g1112,train
data/original/aquahealth/train_split/Fungal diseases Saprolegniasis/Fungal diseases Saprolegniasis_aug_190.jpg,train_split,Fungal diseases Saprolegniasis,Saprolegniasis,4,.jpg,128,128,RGB,0b8e520191c30f8531c8181554e833cc3afbbecc281082ece166fb0bb1a58bc5,861e1b1f3f1f1d59,ok,x154,g2192,train
data/original/aquahealth/train_split/Fungal diseases Saprolegniasis/Fungal diseases Saprolegniasis_aug_191.jpg,train_split,Fungal diseases Saprolegniasis,Saprolegniasis,4,.jpg,224,224,RGB,55b5c3eb8dd124098ec1d45e54b3da1fca78bfc2a2f217988f54915965ff23ba,192be3e6cf9e3f73,ok,,g902,test
data/original/aquahealth/train_split/Fungal diseases Saprolegniasis/Fungal diseases Saprolegniasis_aug_192.jpg,train_split,Fungal diseases Saprolegniasis,Saprolegniasis,4,.jpg,224,224,RGB,5791a93b91dcb20af3da1d5e22f1562d80ada25fc48ab0733495522d1b45da7d,b1e5ccecfc707019,ok,,g2415,train
data/original/aquahealth/train_split/Fungal diseases Saprolegniasis/Fungal diseases Saprolegniasis_aug_195.jpg,train_split,Fungal diseases Saprolegniasis,Saprolegniasis,4,.jpg,640,640,RGB,806559abc6e60a547a367cbe1c0808d390c5f86245f7b1535384f92a18edad0a,f080878688002000,ok,x1685,g2857,train
data/original/aquahealth/train_split/Fungal diseases Saprolegniasis/Fungal diseases Saprolegniasis_aug_196.jpg,train_split,Fungal diseases Saprolegniasis,Saprolegniasis,4,.jpg,640,640,RGB,4937dd55878b48c38a060bf7826f396bbd15d75342e5808491af1b7a17d21a9d,c3e3d3763e9f9e97,ok,,g2542,val
data/original/aquahealth/train_split/Fungal diseases Saprolegniasis/Fungal diseases Saprolegniasis_aug_197.jpg,train_split,Fungal diseases Saprolegniasis,Saprolegniasis,4,.jpg,128,128,RGB,24432f9944c1d69b5067914b17cbd0c9f117acb391b51b017a096d6263532c11,71687afefffbfd1f,ok,,g1942,train
data/original/aquahealth/train_split/Fungal diseases Saprolegniasis/Fungal diseases Saprolegniasis_aug_198.jpg,train_split,Fungal diseases Saprolegniasis,Saprolegniasis,4,.jpg,128,128,RGB,6ecc88bcd29e0bc7c2a9f22daeedf00fbd352c44468d64bcb577a727b707c43c,8d4670180c061111,ok,,g2243,train
data/original/aquahealth/train_split/Fungal diseases Saprolegniasis/Fungal diseases Saprolegniasis_aug_2.jpg,train_split,Fungal diseases Saprolegniasis,Saprolegniasis,4,.jpg,224,224,RGB,e70b9499b5cb5e235bd99c04ca42cd87f06ee00738c7201e3f4f643565e1254a,9e1e1f1f1f0f0e6c,ok,,g2338,test
data/original/aquahealth/train_split/Fungal diseases Saprolegniasis/Fungal diseases Saprolegniasis_aug_20.jpg,train_split,Fungal diseases Saprolegniasis,Saprolegniasis,4,.jpg,128,128,RGB,0541452a060d4e8c9267f0da8129785115bc9becd6f89ee0945c9fed5a326ca7,218387c70f0c0405,ok,,g1147,train
data/original/aquahealth/train_split/Fungal diseases Saprolegniasis/Fungal diseases Saprolegniasis_aug_200.jpg,train_split,Fungal diseases Saprolegniasis,Saprolegniasis,4,.jpg,224,224,RGB,239a0e23c1b69ea1f9e83009b29099004e2d8f96ed540dbd38882acdc3a4c2c2,c13b0f6564446031,ok,,g2503,test
data/original/aquahealth/train_split/Fungal diseases Saprolegniasis/Fungal diseases Saprolegniasis_aug_201.jpg,train_split,Fungal diseases Saprolegniasis,Saprolegniasis,4,.jpg,224,224,RGB,e1d4da61747f9d612c0505e3a168449dc654f89cf239793df9ec8469fdacbca6,3c0634f0981f0501,ok,,g1437,train
data/original/aquahealth/train_split/Fungal diseases Saprolegniasis/Fungal diseases Saprolegniasis_aug_202.jpg,train_split,Fungal diseases Saprolegniasis,Saprolegniasis,4,.jpg,128,128,RGB,1a8d847b255f48333ae524cd82a82e55a9acbb8a0a6f1f6d2d4bdea4ec438732,3b1f0d0c060e4863,ok,,g1424,train
data/original/aquahealth/train_split/Fungal diseases Saprolegniasis/Fungal diseases Saprolegniasis_aug_203.jpg,train_split,Fungal diseases Saprolegniasis,Saprolegniasis,4,.jpg,640,640,RGB,01b512bddda37a99eff87602be36af43babd4f926c8a7299d81539fe32803489,c0c4e7e1c9dcf879,ok,,g2488,train
data/original/aquahealth/train_split/Fungal diseases Saprolegniasis/Fungal diseases Saprolegniasis_aug_204.jpg,train_split,Fungal diseases Saprolegniasis,Saprolegniasis,4,.jpg,640,640,RGB,db6f0d5d58966fc18643d2ffc4072e99e47e8cd19cd01c7843ad3981375cbe8c,1d99f9b938f93f3f,ok,,g979,train
data/original/aquahealth/train_split/Fungal diseases Saprolegniasis/Fungal diseases Saprolegniasis_aug_205.jpg,train_split,Fungal diseases Saprolegniasis,Saprolegniasis,4,.jpg,224,224,RGB,4ce1b2af0028ec138d0bfb02e2881da5773016b56edaa32c3b82bd2fa29b84aa,0f2f2f68c4ed9d07,ok,,g730,train
data/original/aquahealth/train_split/Fungal diseases Saprolegniasis/Fungal diseases Saprolegniasis_aug_206.jpg,train_split,Fungal diseases Saprolegniasis,Saprolegniasis,4,.jpg,640,640,RGB,40314829687f9fb292f8fd257c83cedb77c62b279cc4bfe8d58ae17129b3bb49,49c1c1c9e0f27173,ok,,g1646,val
data/original/aquahealth/train_split/Fungal diseases Saprolegniasis/Fungal diseases Saprolegniasis_aug_207.jpg,train_split,Fungal diseases Saprolegniasis,Saprolegniasis,4,.jpg,128,128,RGB,7c0c011309b26f79ef31558291103c9ac17c7f606706035e290edf392542e937,f8dcbe3d9dc987e3,ok,,g2961,val
data/original/aquahealth/train_split/Fungal diseases Saprolegniasis/Fungal diseases Saprolegniasis_aug_208.jpg,train_split,Fungal diseases Saprolegniasis,Saprolegniasis,4,.jpg,128,128,RGB,2c0b63400a995384227f7f372261b6b33ef5110a7d8b42e2dfa1b9e00a4186bf,0f1c7ec3d9d90707,ok,,g706,train
data/original/aquahealth/train_split/Fungal diseases Saprolegniasis/Fungal diseases Saprolegniasis_aug_209.jpg,train_split,Fungal diseases Saprolegniasis,Saprolegniasis,4,.jpg,128,128,RGB,2058dccf09b9b1fa303055acb39f6e20c4cd49c38bb42bafa6323d5c5fb4636e,01012111194cc800,ok,,g152,train
data/original/aquahealth/train_split/Fungal diseases Saprolegniasis/Fungal diseases Saprolegniasis_aug_21.jpg,train_split,Fungal diseases Saprolegniasis,Saprolegniasis,4,.jpg,640,640,RGB,9465e85f88a0fa25853accc1f8efd43756126815075dcfcd9b52a67afde65cb9,070f0f1f1f1fff1f,ok,,g407,train
data/original/aquahealth/train_split/Fungal diseases Saprolegniasis/Fungal diseases Saprolegniasis_aug_210.jpg,train_split,Fungal diseases Saprolegniasis,Saprolegniasis,4,.jpg,224,224,RGB,0b554dc16014bc05714368834bcc8b7a7e4f3faf28e8841d67f76e8eafd69de1,43380f6564c44531,ok,,g1595,val
data/original/aquahealth/train_split/Fungal diseases Saprolegniasis/Fungal diseases Saprolegniasis_aug_212.jpg,train_split,Fungal diseases Saprolegniasis,Saprolegniasis,4,.jpg,224,224,RGB,a21f6781c926f4ae35fdfdb2437991bd54b8706c9ab662d4bc5353de61a79300,23c793f7e579793b,ok,,g1168,train
data/original/aquahealth/train_split/Fungal diseases Saprolegniasis/Fungal diseases Saprolegniasis_aug_213.jpg,train_split,Fungal diseases Saprolegniasis,Saprolegniasis,4,.jpg,640,640,RGB,f7dce134051bf32ef01b4253021c4c857a90d9da89fbbaacd3407f81982ce69a,7f6f371d1e0e0703,ok,,g2102,test
data/original/aquahealth/train_split/Fungal diseases Saprolegniasis/Fungal diseases Saprolegniasis_aug_215.jpg,train_split,Fungal diseases Saprolegniasis,Saprolegniasis,4,.jpg,640,640,RGB,ea4749cfa5bc96506c777652b49541895e96af9cc8760cd849da0715eb6c8d70,fefcfcf9f0f0e1e1,ok,x3116,g3037,
data/original/aquahealth/train_split/Fungal diseases Saprolegniasis/Fungal diseases Saprolegniasis_aug_216.jpg,train_split,Fungal diseases Saprolegniasis,Saprolegniasis,4,.jpg,640,640,RGB,7d587b6ece9d69fa3e91094d5c2997272183331054c1661dc66dad92a83d1701,fe9d9ff37b3f3f3e,ok,,g3031,test
data/original/aquahealth/train_split/Fungal diseases Saprolegniasis/Fungal diseases Saprolegniasis_aug_218.jpg,train_split,Fungal diseases Saprolegniasis,Saprolegniasis,4,.jpg,640,640,RGB,3259ac1158771ab57ab7e09cffd9f1b4b523f94359f44354a933759d08d7f728,3f3b71d9ccde3e1f,ok,,g1517,train
data/original/aquahealth/train_split/Fungal diseases Saprolegniasis/Fungal diseases Saprolegniasis_aug_219.jpg,train_split,Fungal diseases Saprolegniasis,Saprolegniasis,4,.jpg,640,640,RGB,d4cc5973edc7ba25f11fd0eb5330df378c6a95bbdef0fb0bb4963a72880f2e11,074711c1c0606163,ok,,g445,train
data/original/aquahealth/train_split/Fungal diseases Saprolegniasis/Fungal diseases Saprolegniasis_aug_22.jpg,train_split,Fungal diseases Saprolegniasis,Saprolegniasis,4,.jpg,640,640,RGB,7d2f0f9a1b89cec26041e1aa34f92c6062f0a7859f663ab4ddcdf96b95656308,e4f0f636f4f9fffd,ok,,g2795,test
data/original/aquahealth/train_split/Fungal diseases Saprolegniasis/Fungal diseases Saprolegniasis_aug_220.jpg,train_split,Fungal diseases Saprolegniasis,Saprolegniasis,4,.jpg,224,224,RGB,b7688465310200c3ef6c610773ee2350917f0c224d453b4a538c660334acc744,1c87878701030766,ok,x2445,g956,
data/original/aquahealth/train_split/Fungal diseases Saprolegniasis/Fungal diseases Saprolegniasis_aug_222.jpg,train_split,Fungal diseases Saprolegniasis,Saprolegniasis,4,.jpg,128,128,RGB,0c456139c5d4156e9c71187d38e4195430a31489c0d21e04a301810696b5a0d5,e070786f8f0f090d,ok,,g2698,train
data/original/aquahealth/train_split/Fungal diseases Saprolegniasis/Fungal diseases Saprolegniasis_aug_223.jpg,train_split,Fungal diseases Saprolegniasis,Saprolegniasis,4,.jpg,224,224,RGB,2fb06a4a11afe6c70e8526d9bf87a66e77e9f6a514c7a87dbf8013bf6acf4e0c,c13b0f6564446431,ok,,g2504,train
data/original/aquahealth/train_split/Fungal diseases Saprolegniasis/Fungal diseases Saprolegniasis_aug_224.jpg,train_split,Fungal diseases Saprolegniasis,Saprolegniasis,4,.jpg,640,640,RGB,5554c115b85d0e9d774279d30137e95ac53d3f3dfb44aae7ba94c66268ce8556,01000903870f3f7b,ok,,g138,val
data/original/aquahealth/train_split/Fungal diseases Saprolegniasis/Fungal diseases Saprolegniasis_aug_225.jpg,train_split,Fungal diseases Saprolegniasis,Saprolegniasis,4,.jpg,128,128,RGB,b5e867790c80dd678a02ccea13eca8b057024f4e59e2a032d34015d97996dca3,f0f0f1f1f8fbd8ce,ok,,g2882,train
data/original/aquahealth/train_split/Fungal diseases Saprolegniasis/Fungal diseases Saprolegniasis_aug_226.jpg,train_split,Fungal diseases Saprolegniasis,Saprolegniasis,4,.jpg,224,224,RGB,d172b276153d8bf32d640b9b961f4536a38f8519f9c341464d97f71b767426da,0f0b0369dc48461f,ok,,g651,val
data/original/aquahealth/train_split/Fungal diseases Saprolegniasis/Fungal diseases Saprolegniasis_aug_227.jpg,train_split,Fungal diseases Saprolegniasis,Saprolegniasis,4,.jpg,224,224,RGB,e26f563330b90c727aa5a61071dbf13f91997a88d875981f3acd8b5309e823d5,06060f9e9e1e8cf8,ok,,g340,train
data/original/aquahealth/train_split/Fungal diseases Saprolegniasis/Fungal diseases Saprolegniasis_aug_228.jpg,train_split,Fungal diseases Saprolegniasis,Saprolegniasis,4,.jpg,224,224,RGB,f70ed629bdf6dccee5506519e73c0bdc5d78a36565d6979fb29a16d1e29e5a48,0c9c1e0f2e1e8ce8,ok,,g562,train
data/original/aquahealth/train_split/Fungal diseases Saprolegniasis/Fungal diseases Saprolegniasis_aug_229.jpg,train_split,Fungal diseases Saprolegniasis,Saprolegniasis,4,.jpg,640,640,RGB,92b526308fe9409aefc9f865e0c5c0bb9b1f2163936513b41744d493fccf2c35,1fc0c486c0c30303,ok,,g1100,train
data/original/aquahealth/train_split/Fungal diseases Saprolegniasis/Fungal diseases Saprolegniasis_aug_23.jpg,train_split,Fungal diseases Saprolegniasis,Saprolegniasis,4,.jpg,640,640,RGB,b0a2da8918acd978ecdd8dde3687e2c096db2df198ebf0ed7821f3059c1ab6c5,6262500321393163,ok,x2326,g1796,train
data/original/aquahealth/train_split/Fungal diseases Saprolegniasis/Fungal diseases Saprolegniasis_aug_231.jpg,train_split,Fungal diseases Saprolegniasis,Saprolegniasis,4,.jpg,640,640,RGB,314e1c47a9a55ba58c92acbe7ea77121ccba3c492be3072b35ba0673866eafbb,0f0f0f0707070007,ok,,g665,test
data/original/aquahealth/train_split/Fungal diseases Saprolegniasis/Fungal diseases Saprolegniasis_aug_232.jpg,train_split,Fungal diseases Saprolegniasis,Saprolegniasis,4,.jpg,224,224,RGB,8f3bd901ed7d19343bf3b821adef4d0544c15f55441ce8561f781e0c0b9c532c,6f1f3e5ecdd97333,ok,,g1891,train
data/original/aquahealth/train_split/Fungal diseases Saprolegniasis/Fungal diseases Saprolegniasis_aug_233.jpg,train_split,Fungal diseases Saprolegniasis,Saprolegniasis,4,.jpg,640,640,RGB,5714ad433b685d3dc9990145efca6f06286d65d0ebf3986782ee20b35ef56bef,ccfcf8f8f8e0c8d0,ok,,g2601,train
data/original/aquahealth/train_split/Fungal diseases Saprolegniasis/Fungal diseases Saprolegniasis_aug_235.jpg,train_split,Fungal diseases Saprolegniasis,Saprolegniasis,4,.jpg,128,128,RGB,196259111388e104d0f735bdebd83e68e43d924b6850ad5223e9337676e18c85,7f7f7b77c7cded1f,ok,,g2111,train
data/original/aquahealth/train_split/Fungal diseases Saprolegniasis/Fungal diseases Saprolegniasis_aug_236.jpg,train_split,Fungal diseases Saprolegniasis,Saprolegniasis,4,.jpg,224,224,RGB,550e5affbd3fe7020463f88d0346c22157a090c46bfbbba620653f7c6f0c6593,66e2c3ddd8402d0d,ok,,g1841,train
data/original/aquahealth/train_split/Fungal diseases Saprolegniasis/Fungal diseases Saprolegniasis_aug_237.jpg,train_split,Fungal diseases Saprolegniasis,Saprolegniasis,4,.jpg,640,640,RGB,5efd3f82e12ce326fb30718185bd032aa100e308aed1ad9b7475e65ac4fce2f4,703e1e9eee7f7bff,ok,,g1911,train
data/original/aquahealth/train_split/Fungal diseases Saprolegniasis/Fungal diseases Saprolegniasis_aug_239.jpg,train_split,Fungal diseases Saprolegniasis,Saprolegniasis,4,.jpg,640,640,RGB,97653ac4f713952cc74eec84314d23babd56e0e5c2077a92192b634d04cc17bb,3632370307070707,ok,,g1342,train
data/original/aquahealth/train_split/Fungal diseases Saprolegniasis/Fungal diseases Saprolegniasis_aug_24.jpg,train_split,Fungal diseases Saprolegniasis,Saprolegniasis,4,.jpg,224,224,RGB,c7f2907e00ece83e17921af3749ee329522fc2e0db603d1d4abd2b382cfaa6e4,f3c7d3f1e5717373,ok,x2664,g2923,
data/original/aquahealth/train_split/Fungal diseases Saprolegniasis/Fungal diseases Saprolegniasis_aug_240.jpg,train_split,Fungal diseases Saprolegniasis,Saprolegniasis,4,.jpg,640,640,RGB,e6313d5e9efd6ef34315f293a7a714710fb766e90e01637ddcf96f8da9500124,7dcc18784cc4e161,ok,,g2073,train
data/original/aquahealth/train_split/Fungal diseases Saprolegniasis/Fungal diseases Saprolegniasis_aug_241.jpg,train_split,Fungal diseases Saprolegniasis,Saprolegniasis,4,.jpg,640,640,RGB,58881ce516f2f3c9e383c41526b7ce04827f92c5b3c24dffe833f74419f61e87,0703854464707103,ok,,g369,train
data/original/aquahealth/train_split/Fungal diseases Saprolegniasis/Fungal diseases Saprolegniasis_aug_244.jpg,train_split,Fungal diseases Saprolegniasis,Saprolegniasis,4,.jpg,128,128,RGB,5142f2da2d640c9171fdf4f4fc2a962dc395a0d8239a7c0c8f78d75d061ab5df,070302303465e163,ok,,g365,train
data/original/aquahealth/train_split/Fungal diseases Saprolegniasis/Fungal diseases Saprolegniasis_aug_245.jpg,train_split,Fungal diseases Saprolegniasis,Saprolegniasis,4,.jpg,224,224,RGB,2c44b17fbf81846fa42151b39972ba12cc7b757b35246c94efcee236feab0492,07011111072d2879,ok,,g360,train
data/original/aquahealth/train_split/Fungal diseases Saprolegniasis/Fungal diseases Saprolegniasis_aug_246.jpg,train_split,Fungal diseases Saprolegniasis,Saprolegniasis,4,.jpg,640,640,RGB,70cded6b3274173234a4cbe13f3b64cbef0fe15bf792123b455f4d093d001d42,b898f074f4ece4f8,ok,,g2431,val
data/original/aquahealth/train_split/Fungal diseases Saprolegniasis/Fungal diseases Saprolegniasis_aug_247.jpg,train_split,Fungal diseases Saprolegniasis,Saprolegniasis,4,.jpg,640,640,RGB,8c3244471834b57f9df82a013dff607237ee93bb932b2b423a7f06efb6cab8ed,0707070707070707,ok,,g381,val
data/original/aquahealth/train_split/Fungal diseases Saprolegniasis/Fungal diseases Saprolegniasis_aug_249.jpg,train_split,Fungal diseases Saprolegniasis,Saprolegniasis,4,.jpg,224,224,RGB,ed1b5b1f5e6780d513576afafeface4b6d08c60e0be64d01d851a1e12959e3d6,783838aec250327a,ok,,g2000,train
data/original/aquahealth/train_split/Fungal diseases Saprolegniasis/Fungal diseases Saprolegniasis_aug_25.jpg,train_split,Fungal diseases Saprolegniasis,Saprolegniasis,4,.jpg,224,224,RGB,548251601709b976bc7103c1447624e096da032045c070d6ff961122a144b130,f9fbfffffcfafcf9,ok,,g2983,train
data/original/aquahealth/train_split/Fungal diseases Saprolegniasis/Fungal diseases Saprolegniasis_aug_250.jpg,train_split,Fungal diseases Saprolegniasis,Saprolegniasis,4,.jpg,224,224,RGB,020354051f30a430f85dbeeb2b3b55c05cc713c45797b51ca39e52fc5fc661e6,0f5531c78e3f5f07,ok,,g757,test
data/original/aquahealth/train_split/Fungal diseases Saprolegniasis/Fungal diseases Saprolegniasis_aug_253.jpg,train_split,Fungal diseases Saprolegniasis,Saprolegniasis,4,.jpg,640,640,RGB,359e68cea751132dd77261ba5ccb121a5d9a83cab14cdcfc4886ad3e5ec81d9e,9f7b1967e0c0c0e0,ok,,g2360,train
data/original/aquahealth/train_split/Fungal diseases Saprolegniasis/Fungal diseases Saprolegniasis_aug_254.jpg,train_split,Fungal diseases Saprolegniasis,Saprolegniasis,4,.jpg,128,128,RGB,c3b569a10f135c738009a20311aa6f74d56db028930037205b86e2fd53314a32,23074dce9fcfed39,ok,,g1158,val
data/original/aquahealth/train_split/Fungal diseases Saprolegniasis/Fungal diseases Saprolegniasis_aug_255.jpg,train_split,Fungal diseases Saprolegniasis,Saprolegniasis,4,.jpg,128,128,RGB,01a2e3700921d938cb568664f34c8d5e3d64b5236c08a0fa90f140ccc287f436,273e6cdeffffff1f,ok,,g1196,train
data/original/aquahealth/train_split/Fungal diseases Saprolegniasis/Fungal diseases Saprolegniasis_aug_257.jpg,train_split,Fungal diseases Saprolegniasis,Saprolegniasis,4,.jpg,128,128,RGB,d14c5a89187ebe5a8a8fbe1e7448e8516441dccd8b4c270b4b78422b1bb38acb,8d4470180c061111,ok,,g2242,train
data/original/aquahealth/train_split/Fungal diseases Saprolegniasis/Fungal diseases Saprolegniasis_aug_258.jpg,train_split,Fungal diseases Saprolegniasis,Saprolegniasis,4,.jpg,640,640,RGB,52794f36475fcde9d4c98e8b08bab9d312c069f277aa9095d4ff83c082b4bcba,3b3f3efcfc3c3c78,ok,,g1428,train
data/original/aquahealth/train_split/Fungal diseases Saprolegniasis/Fungal diseases Saprolegniasis_aug_259.jpg,train_split,Fungal diseases Saprolegniasis,Saprolegniasis,4,.jpg,224,224,RGB,8766f109171cab726b8049fa352afdb5a7b945761deda60c36b810e56800b9d6,a080cad0f8f8f8de,ok,x1758,g2370,val
data/original/aquahealth/train_split/Fungal diseases Saprolegniasis/Fungal diseases Saprolegniasis_aug_26.jpg,train_split,Fungal diseases Saprolegniasis,Saprolegniasis,4,.jpg,128,128,RGB,9f97e34259327b525f9e8c72d86d066b0a27b654ebf75571b4d6bf1d2857b05c,83c1c70f0e0c0288,ok,,g2171,train
data/original/aquahealth/train_split/Fungal diseases Saprolegniasis/Fungal diseases Saprolegniasis_aug_260.jpg,train_split,Fungal diseases Saprolegniasis,Saprolegniasis,4,.jpg,128,128,RGB,0fd82fab1f67f858b32124ee1ce1538bddf237c8611a8de7be2fd5b8d6876341,3f0f4d0c0c8ec8c0,ok,x205,g1500,train
data/original/aquahealth/train_split/Fungal diseases Saprolegniasis/Fungal diseases Saprolegniasis_aug_261.jpg,train_split,Fungal diseases Saprolegniasis,Saprolegniasis,4,.jpg,640,640,RGB,ba1be43131949197f79101bdd6aebf90f587127f3acbf3599c5c6e40fed0301f,0c74f2f078796165,ok,,g557,train
data/original/aquahealth/train_split/Fungal diseases Saprolegniasis/Fungal diseases Saprolegniasis_aug_262.jpg,train_split,Fungal diseases Saprolegniasis,Saprolegniasis,4,.jpg,128,128,RGB,a9c2ab2fcf0e054049b2f6fd0f4f0deda500c6569edcdbaa7518e60a2e987180,7766cf8787a72d39,ok,,g1984,train
data/original/aquahealth/train_split/Fungal diseases Saprolegniasis/Fungal diseases Saprolegniasis_aug_263.jpg,train_split,Fungal diseases Saprolegniasis,Saprolegniasis,4,.jpg,640,640,RGB,4e7512e627ebe8db11a6373ad45ee3735adcecf1ca723d37f429e3c3b4a607a1,38202501080800e1,ok,,g1368,train
data/original/aquahealth/train_split/Fungal diseases Saprolegniasis/Fungal diseases Saprolegniasis_aug_265.jpg,train_split,Fungal diseases Saprolegniasis,Saprolegniasis,4,.jpg,640,640,RGB,f02aa7968356efe4fb4ab4587c7596c368dddc77d74d19179f9ab0791cce8acb,a08181e07a1e8780,ok,x3208,g2371,test
data/original/aquahealth/train_split/Fungal diseases Saprolegniasis/Fungal diseases Saprolegniasis_aug_267.jpg,train_split,Fungal diseases Saprolegniasis,Saprolegniasis,4,.jpg,640,640,RGB,a816c06e53f9d2bf37c8548c75837c8b721659a80358f9402119df83a861a4b7,0f3fffcf9f270303,ok,,g740,val
data/original/aquahealth/train_split/Fungal diseases Saprolegniasis/Fungal diseases Saprolegniasis_aug_268.jpg,train_split,Fungal diseases Saprolegniasis,Saprolegniasis,4,.jpg,128,128,RGB,8ea4a9cd45acee20a492163e227706553756556f123d3162b1c0dac49303cb5e,7b3e1e1c0fcf9f9f,ok,,g2038,val
data/original/aquahealth/train_split/Fungal diseases Saprolegniasis/Fungal diseases Saprolegniasis_aug_27.jpg,train_split,Fungal diseases Saprolegniasis,Saprolegniasis,4,.jpg,640,640,RGB,d5d5bf44ef2bdeb45694330f18b4e89b88caa187811a3e6380fc54bc8105955b,c4c0e0e0e0f8ecf4,ok,x2846,g2548,
data/original/aquahealth/train_split/Fungal diseases Saprolegniasis/Fungal diseases Saprolegniasis_aug_270.jpg,train_split,Fungal diseases Saprolegniasis,Saprolegniasis,4,.jpg,640,640,RGB,5ad22bee8617190622bf3029bf6f2ed304e0d1b7dc3a64a440570dfbb9c8a3ac,7c7c3e3c7dffff17,ok,,g2057,train
data/original/aquahealth/train_split/Fungal diseases Saprolegniasis/Fungal diseases Saprolegniasis_aug_271.jpg,train_split,Fungal diseases Saprolegniasis,Saprolegniasis,4,.jpg,640,640,RGB,fed832ae149fce136d9e469dbdb2d1d4cf46c38e28f6941eb1ad04f743552ffc,336c64e4e0f47919,ok,,g1318,train
data/original/aquahealth/train_split/Fungal diseases Saprolegniasis/Fungal diseases Saprolegniasis_aug_272.jpg,train_split,Fungal diseases Saprolegniasis,Saprolegniasis,4,.jpg,640,640,RGB,42725c45b4d36887c29a5f4d3290478cffc5543d931f020eff73dc8ff6072c54,dafce8ecf8f03039,ok,,g2662,train
data/original/aquahealth/train_split/Fungal diseases Saprolegniasis/Fungal diseases Saprolegniasis_aug_273.jpg,train_split,Fungal diseases Saprolegniasis,Saprolegniasis,4,.jpg,128,128,RGB,c84222990673508a9b51a973640867ebde5f4fcd4ae06bc5f2945b06d6617982,86a70743d3b26549,ok,,g2199,test
data/original/aquahealth/train_split/Fungal diseases Saprolegniasis/Fungal diseases Saprolegniasis_aug_274.jpg,train_split,Fungal diseases Saprolegniasis,Saprolegniasis,4,.jpg,128,128,RGB,421aa345aa387e3f334a118480113b5c1d57721e85d3febb5351784d1c7f83b7,6c7418c0e7743b1c,ok,,g1880,train
data/original/aquahealth/train_split/Fungal diseases Saprolegniasis/Fungal diseases Saprolegniasis_aug_275.jpg,train_split,Fungal diseases Saprolegniasis,Saprolegniasis,4,.jpg,224,224,RGB,0ff39758d496a3f8e1ef2304e51a089eb6d396df3facf7f04d592191d2bea385,1c87878701030766,ok,,g956,test
data/original/aquahealth/train_split/Fungal diseases Saprolegniasis/Fungal diseases Saprolegniasis_aug_277.jpg,train_split,Fungal diseases Saprolegniasis,Saprolegniasis,4,.jpg,640,640,RGB,806559abc6e60a547a367cbe1c0808d390c5f86245f7b1535384f92a18edad0a,f080878688002000,ok,x1685,g2857,
data/original/aquahealth/train_split/Fungal diseases Saprolegniasis/Fungal diseases Saprolegniasis_aug_278.jpg,train_split,Fungal diseases Saprolegniasis,Saprolegniasis,4,.jpg,640,640,RGB,17652a89c5a54f38193f2c731937ca197f64882ecad34245433d1e3c5ce0a604,2f2320e062430707,ok,,g1234,train
data/original/aquahealth/train_split/Fungal diseases Saprolegniasis/Fungal diseases Saprolegniasis_aug_279.jpg,train_split,Fungal diseases Saprolegniasis,Saprolegniasis,4,.jpg,640,640,RGB,9939278677a014e6dad49a9f8d982a0690fd16eaa9f25cc13f7c231af9d4daf1,6371737b3e3fbd2f,ok,,g1814,test
data/original/aquahealth/train_split/Fungal diseases Saprolegniasis/Fungal diseases Saprolegniasis_aug_28.jpg,train_split,Fungal diseases Saprolegniasis,Saprolegniasis,4,.jpg,640,640,RGB,c6fb55265c75aaf26420d631a7902faf5c97387fefc416c44e7458d9303b8c1b,3f3938bca887170f,ok,,g1513,val
data/original/aquahealth/train_split/Fungal diseases Saprolegniasis/Fungal diseases Saprolegniasis_aug_280.jpg,train_split,Fungal diseases Saprolegniasis,Saprolegniasis,4,.jpg,640,640,RGB,506e055ffffee4b5d06bd79599feb328677e87623320de204f2b670d591f8e7d,60f0d9c0c1f0f230,ok,,g1781,val
data/original/aquahealth/train_split/Fungal diseases Saprolegniasis/Fungal diseases Saprolegniasis_aug_281.jpg,train_split,Fungal diseases Saprolegniasis,Saprolegniasis,4,.jpg,224,224,RGB,8b924a98435e4f17cc9ae1eb6e21cee0d22d111293a6536469d2603cec3b44cd,fffd0d2539397e7e,ok,,g3050,train
data/original/aquahealth/train_split/Fungal diseases Saprolegniasis/Fungal diseases Saprolegniasis_aug_282.jpg,train_split,Fungal diseases Saprolegniasis,Saprolegniasis,4,.jpg,640,640,RGB,f02aa7968356efe4fb4ab4587c7596c368dddc77d74d19179f9ab0791cce8acb,a08181e07a1e8780,ok,x3208,g2371,
data/original/aquahealth/train_split/Fungal diseases Saprolegniasis/Fungal diseases Saprolegniasis_aug_283.jpg,train_split,Fungal diseases Saprolegniasis,Saprolegniasis,4,.jpg,128,128,RGB,8d646f3a054b8853249f1f26d7e1c616750a8f448d363d29c7c24af5acb80b76,c61e1b1f3f1f1d59,ok,,g2555,test
data/original/aquahealth/train_split/Fungal diseases Saprolegniasis/Fungal diseases Saprolegniasis_aug_285.jpg,train_split,Fungal diseases Saprolegniasis,Saprolegniasis,4,.jpg,640,640,RGB,5882be057969a1bbe82565fd69731e54d4854cbcdd3c3a821869fc8199d126b6,7d7a260dbdbf0f0f,ok,,g2066,train
data/original/aquahealth/train_split/Fungal diseases Saprolegniasis/Fungal diseases Saprolegniasis_aug_286.jpg,train_split,Fungal diseases Saprolegniasis,Saprolegniasis,4,.jpg,128,128,RGB,209f3878836c4fa75568b9a4f4c946d54c3acaba98e9493605c304890ab63571,efcbc9f2f3431f2f,ok,,g2847,val
data/original/aquahealth/train_split/Fungal diseases Saprolegniasis/Fungal diseases Saprolegniasis_aug_287.jpg,train_split,Fungal diseases Saprolegniasis,Saprolegniasis,4,.jpg,640,640,RGB,b8585d75424d5733c6a38133416e9cee3e62b6fa67993bd236220f38173617f1,1f07149c7f7d3d3f,ok,,g1021,train
data/original/aquahealth/train_split/Fungal diseases Saprolegniasis/Fungal diseases Saprolegniasis_aug_289.jpg,train_split,Fungal diseases Saprolegniasis,Saprolegniasis,4,.jpg,640,640,RGB,a5a7e76f7043195368889b86b3485728669a01e353df2a9ace6d1d48016802d7,0e0f0f1f1f1f1e4f,ok,,g610,train
data/original/aquahealth/train_split/Fungal diseases Saprolegniasis/Fungal diseases Saprolegniasis_aug_29.jpg,train_split,Fungal diseases Saprolegniasis,Saprolegniasis,4,.jpg,640,640,RGB,5dbe9f0919ac14cdedc8023d6eb8aace6e425725630a86df564f79de94648f6c,81c0c06070f07878,ok,,g2150,train
data/original/aquahealth/train_split/Fungal diseases Saprolegniasis/Fungal diseases Saprolegniasis_aug_291.jpg,train_split,Fungal diseases Saprolegniasis,Saprolegniasis,4,.jpg,224,224,RGB,7fd880bf54a8258d94e3612b1b473e8744f0eea75a273949b10a962c4e891a84,1f1f1f1f1f0b0f8e,ok,,g1052,train
data/original/aquahealth/train_split/Fungal diseases Saprolegniasis/Fungal diseases Saprolegniasis_aug_293.jpg,train_split,Fungal diseases Saprolegniasis,Saprolegniasis,4,.jpg,640,640,RGB,a3be25f62065a43eb4f27a116b98a6cecf76ce6b42dc9ef3382f02eaad4eee61,3f3f371d1e0e0f07,ok,,g1525,train
data/original/aquahealth/train_split/Fungal diseases Saprolegniasis/Fungal diseases Saprolegniasis_aug_295.jpg,train_split,Fungal diseases Saprolegniasis,Saprolegniasis,4,.jpg,128,128,RGB,371712b8713f9aef6e3eb615b8229e23886fe8e23d7afee0b6ab80da9d877413,41c1f6fefbfe7f7f,ok,,g1582,train
data/original/aquahealth/train_split/Fungal diseases Saprolegniasis/Fungal diseases Saprolegniasis_aug_297.jpg,train_split,Fungal diseases Saprolegniasis,Saprolegniasis,4,.jpg,640,640,RGB,5ca27a6be4037a43c037e330078faad0464c44be85a80885a59bacfd3c7f3ae3,28c0c0c8e0f2f371,ok,,g1205,train
data/original/aquahealth/train_split/Fungal diseases Saprolegniasis/Fungal diseases Saprolegniasis_aug_299.jpg,train_split,Fungal diseases Saprolegniasis,Saprolegniasis,4,.jpg,128,128,RGB,b947346f451bc1ba7b9855b510c2cbd0c47cef62dcdd06b07977e9bcc91c6482,3e7c1c0f8f8fbeae,ok,,g1491,train
data/original/aquahealth/train_split/Fungal diseases Saprolegniasis/Fungal diseases Saprolegniasis_aug_3.jpg,train_split,Fungal diseases Saprolegniasis,Saprolegniasis,4,.jpg,224,224,RGB,5341b5aa7901663bb9a4bb2d2c3fa0f2f368843bb8d892bd7bd53c812a6e3a80,4020000040a0c060,ok,,g1560,train
data/original/aquahealth/train_split/Fungal diseases Saprolegniasis/Fungal diseases Saprolegniasis_aug_30.jpg,train_split,Fungal diseases Saprolegniasis,Saprolegniasis,4,.jpg,128,128,RGB,fa04817c036d0d619c70741ed11155faf0858d9b90b1942afc0f6d6d5dc21d7e,3f3d071390010107,ok,,g1521,train
data/original/aquahealth/train_split/Fungal diseases Saprolegniasis/Fungal diseases Saprolegniasis_aug_300.jpg,train_split,Fungal diseases Saprolegniasis,Saprolegniasis,4,.jpg,640,640,RGB,fd22589376b9bd4df825440b63996c5a3b3999bfbdc9090e8f9aef8be9c40c2c,f0f8e2c4dcf0f0f0,ok,x3394,g2890,train
data/original/aquahealth/train_split/Fungal diseases Saprolegniasis/Fungal diseases Saprolegniasis_aug_301.jpg,train_split,Fungal diseases Saprolegniasis,Saprolegniasis,4,.jpg,128,128,RGB,5cf5be673b44250b604a432a4367f1bfcc67782950f7adce0cca82bc863862df,e10608f93c8e0c18,ok,x1226,g2746,train
data/original/aquahealth/train_split/Fungal diseases Saprolegniasis/Fungal diseases Saprolegniasis_aug_302.jpg,train_split,Fungal diseases Saprolegniasis,Saprolegniasis,4,.jpg,640,640,RGB,b92316176aae418f3bc0d596687c4427ae9fc7cdd3551b8e48678150e36f7f4a,0000000000312508,ok,,g3,train
data/original/aquahealth/train_split/Fungal diseases Saprolegniasis/Fungal diseases Saprolegniasis_aug_304.jpg,train_split,Fungal diseases Saprolegniasis,Saprolegniasis,4,.jpg,640,640,RGB,576ad47be2ffbde6c2816bfac2b00edd78e09e80b0dc01d882feafb6de605b6d,0303030307270f07,ok,,g219,train
data/original/aquahealth/train_split/Fungal diseases Saprolegniasis/Fungal diseases Saprolegniasis_aug_305.jpg,train_split,Fungal diseases Saprolegniasis,Saprolegniasis,4,.jpg,128,128,RGB,7bd6113d31868e35c31b2e58d8a882450ec7a3da1b08ec862a2501dfc39c2098,0b9bbbc3cf1b0f0f,ok,,g533,train
data/original/aquahealth/train_split/Fungal diseases Saprolegniasis/Fungal diseases Saprolegniasis_aug_306.jpg,train_split,Fungal diseases Saprolegniasis,Saprolegniasis,4,.jpg,128,128,RGB,af6be7626122632fa2de785b893d45cf0a436b54cc71c99c0ca4d4b97425e52f,47c7f3b8c4f03c3e,ok,,g1635,train
data/original/aquahealth/train_split/Fungal diseases Saprolegniasis/Fungal diseases Saprolegniasis_aug_308.jpg,train_split,Fungal diseases Saprolegniasis,Saprolegniasis,4,.jpg,128,128,RGB,0fd82fab1f67f858b32124ee1ce1538bddf237c8611a8de7be2fd5b8d6876341,3f0f4d0c0c8ec8c0,ok,x205,g1500,
data/original/aquahealth/train_split/Fungal diseases Saprolegniasis/Fungal diseases Saprolegniasis_aug_31.jpg,train_split,Fungal diseases Saprolegniasis,Saprolegniasis,4,.jpg,640,640,RGB,e9e16d0c4142177e11453c991a9031fc5f453c6b80303ebdbc1a0346a108d8de,0080c06c6f260f43,ok,,g113,val
data/original/aquahealth/train_split/Fungal diseases Saprolegniasis/Fungal diseases Saprolegniasis_aug_310.jpg,train_split,Fungal diseases Saprolegniasis,Saprolegniasis,4,.jpg,128,128,RGB,26d94cbf9bdaf327086492dac7ed5a3fa0729a14a4b344b19e54832d14141484,0b0e8d8f0e0f0f8f,ok,,g524,train
data/original/aquahealth/train_split/Fungal diseases Saprolegniasis/Fungal diseases Saprolegniasis_aug_311.jpg,train_split,Fungal diseases Saprolegniasis,Saprolegniasis,4,.jpg,640,640,RGB,2d4fea1f5b4a9634780a66fa6e207895ef88c8ea4b298fe097c6aab295af2db0,fc7c7c3e7dfffffb,ok,,g3002,test
data/original/aquahealth/train_split/Fungal diseases Saprolegniasis/Fungal diseases Saprolegniasis_aug_312.jpg,train_split,Fungal diseases Saprolegniasis,Saprolegniasis,4,.jpg,128,128,RGB,f0bf4be52145387f987d4c1d7a02c6aab1eb52473497f1435437bc55f0d64e6e,efcbc9f2f3470f6f,ok,,g2848,train
data/original/aquahealth/train_split/Fungal diseases Saprolegniasis/Fungal diseases Saprolegniasis_aug_313.jpg,train_split,Fungal diseases Saprolegniasis,Saprolegniasis,4,.jpg,640,640,RGB,4f8b3d35fa9bda6d5ce1257b05b09e0ba5fb1211066b2d7bceea1d28813a97b8,0f180090412d6545,ok,,g699,val
data/original/aquahealth/train_split/Fungal diseases Saprolegniasis/Fungal diseases Saprolegniasis_aug_314.jpg,train_split,Fungal diseases Saprolegniasis,Saprolegniasis,4,.jpg,640,640,RGB,ecbbe01b63494bf20d2c98c33879da2c5d3f44f7b98e64b757c204c5e955cf2b,1f3c3874775b4323,ok,,g1065,val
data/original/aquahealth/train_split/Fungal diseases Saprolegniasis/Fungal diseases Saprolegniasis_aug_315.jpg,train_split,Fungal diseases Saprolegniasis,Saprolegniasis,4,.jpg,128,128,RGB,20cd1732677c5f22f76be3143215a2c16bea02ad9d7564a643e5094379dc6b7d,114143c70f0d0101,ok,,g818,train
data/original/aquahealth/train_split/Fungal diseases Saprolegniasis/Fungal diseases Saprolegniasis_aug_317.jpg,train_split,Fungal diseases Saprolegniasis,Saprolegniasis,4,.jpg,224,224,RGB,c8da496e9048eb98352f6de547771f85a27cea79d081acd95daee8eb9eb47de6,372763e5c5e1e1e8,label_conflict,,g1350,
data/original/aquahealth/train_split/Fungal diseases Saprolegniasis/Fungal diseases Saprolegniasis_aug_318.jpg,train_split,Fungal diseases Saprolegniasis,Saprolegniasis,4,.jpg,128,128,RGB,d5a7e026eb464e72b8b3ace891f9c1210a5f830fb2bb5ab67ab9112967590f98,1917030301838787,ok,,g896,train
data/original/aquahealth/train_split/Fungal diseases Saprolegniasis/Fungal diseases Saprolegniasis_aug_319.jpg,train_split,Fungal diseases Saprolegniasis,Saprolegniasis,4,.jpg,128,128,RGB,f0f6389c4d65345e2a7243d570508691992ce48d8dd270c4e28ef3d25644eb36,3919587871f1e103,ok,,g1386,val
data/original/aquahealth/train_split/Fungal diseases Saprolegniasis/Fungal diseases Saprolegniasis_aug_32.jpg,train_split,Fungal diseases Saprolegniasis,Saprolegniasis,4,.jpg,128,128,RGB,12c3eaca7f86671d1da44d5dbe3f6810f87395f53a788b4e87493cc47e58d468,80c0c060f0f07878,ok,,g2131,val
data/original/aquahealth/train_split/Fungal diseases Saprolegniasis/Fungal diseases Saprolegniasis_aug_320.jpg,train_split,Fungal diseases Saprolegniasis,Saprolegniasis,4,.jpg,128,128,RGB,9fe37bcf94d3e27d562a425b7a3cd24f7d12ce27a7a13bb14eaee777e55fc7cf,1d5d1f0f1d1c7c3f,ok,,g976,test
data/original/aquahealth/train_split/Fungal diseases Saprolegniasis/Fungal diseases Saprolegniasis_aug_322.jpg,train_split,Fungal diseases Saprolegniasis,Saprolegniasis,4,.jpg,128,128,RGB,61cc2d67cd4b29674ffd2713d1d49cd6d2b283817173db6172fda090b7516021,2f3d0f1391010107,ok,,g1240,train
data/original/aquahealth/train_split/Fungal diseases Saprolegniasis/Fungal diseases Saprolegniasis_aug_323.jpg,train_split,Fungal diseases Saprolegniasis,Saprolegniasis,4,.jpg,128,128,RGB,67d8269ecf7a2bc9b59b18136f7dba63dfbb4608f39a7450fcb5778b47b2366f,7f67c78787272d19,ok,,g2101,train
data/original/aquahealth/train_split/Fungal diseases Saprolegniasis/Fungal diseases Saprolegniasis_aug_324.jpg,train_split,Fungal diseases Saprolegniasis,Saprolegniasis,4,.jpg,224,224,RGB,5a121d09035cb615994d7e3b85baad933be0de97c9b7e603d32efbb58d07a8c6,36fece5e7e1f1f1f,ok,,g1345,val
data/original/aquahealth/train_split/Fungal diseases Saprolegniasis/Fungal diseases Saprolegniasis_aug_325.jpg,train_split,Fungal diseases Saprolegniasis,Saprolegniasis,4,.jpg,128,128,RGB,8f41daf3e0fc733e7e4cc8a811fbd2d7c7de301a7d377a65681a7459af37280a,9e1a1e3d34b2596d,ok,,g2337,train
data/original/aquahealth/train_split/Fungal diseases Saprolegniasis/Fungal diseases Saprolegniasis_aug_326.jpg,train_split,Fungal diseases Saprolegniasis,Saprolegniasis,4,.jpg,128,128,RGB,3de5d1f2de8361e044efc5ae648f2dcf0c268f267254a485ccf8540ba2d93927,61616b4e0f070307,ok,,g1786,val
data/original/aquahealth/train_split/Fungal diseases Saprolegniasis/Fungal diseases Saprolegniasis_aug_327.jpg,train_split,Fungal diseases Saprolegniasis,Saprolegniasis,4,.jpg,640,640,RGB,59addb6974c5bbb54e672391d664b5fc00c4483f01b1c7e63ce9028badc28207,220383c0c0c0c0e0,ok,x1176,g1152,
data/original/aquahealth/train_split/Fungal diseases Saprolegniasis/Fungal diseases Saprolegniasis_aug_328.jpg,train_split,Fungal diseases Saprolegniasis,Saprolegniasis,4,.jpg,640,640,RGB,ae7e4b7aa7aae5e134520d70153a238b584d17f5e0bd3eb1d91263b0ff4e4fdb,3c38301183060616,ok,,g1444,test
data/original/aquahealth/train_split/Fungal diseases Saprolegniasis/Fungal diseases Saprolegniasis_aug_329.jpg,train_split,Fungal diseases Saprolegniasis,Saprolegniasis,4,.jpg,224,224,RGB,7757be09a9ec0384ab8a9ce2b6f2df54bf9d50cf806b068ac692749ee3732431,c08ec3f1e6c75d77,ok,,g2473,train
data/original/aquahealth/train_split/Fungal diseases Saprolegniasis/Fungal diseases Saprolegniasis_aug_33.jpg,train_split,Fungal diseases Saprolegniasis,Saprolegniasis,4,.jpg,640,640,RGB,3769e289fa6ad0aaebf956597edec055ebfe522a2129a68d881e5c7f11bf302c,60f0d9c0c1f0f230,ok,,g1781,val
data/original/aquahealth/train_split/Fungal diseases Saprolegniasis/Fungal diseases Saprolegniasis_aug_332.jpg,train_split,Fungal diseases Saprolegniasis,Saprolegniasis,4,.jpg,640,640,RGB,a41d0306b5503a529878bead6e3ca05a4846f78b3af5ada6b5418d5286e180d9,7fbf3f1f3e0e0f0f,ok,,g2116,train
data/original/aquahealth/train_split/Fungal diseases Saprolegniasis/Fungal diseases Saprolegniasis_aug_333.jpg,train_split,Fungal diseases Saprolegniasis,Saprolegniasis,4,.jpg,640,640,RGB,9f4297954c057e1801ec9557fecb3b663c4cc398a72a0c07ac51c72f8edabdc1,a08181e07a1e8780,ok,,g2371,test
data/original/aquahealth/train_split/Fungal diseases Saprolegniasis/Fungal diseases Saprolegniasis_aug_334.jpg,train_split,Fungal diseases Saprolegniasis,Saprolegniasis,4,.jpg,128,128,RGB,0b8e520191c30f8531c8181554e833cc3afbbecc281082ece166fb0bb1a58bc5,861e1b1f3f1f1d59,ok,x154,g2192,
data/original/aquahealth/train_split/Fungal diseases Saprolegniasis/Fungal diseases Saprolegniasis_aug_335.jpg,train_split,Fungal diseases Saprolegniasis,Saprolegniasis,4,.jpg,128,128,RGB,f6114b9d00bff65b166b21d601ca65ad4942b3a1a2b2ad5a4389fc355ad3babd,8dc570380e070115,ok,,g2248,train
data/original/aquahealth/train_split/Fungal diseases Saprolegniasis/Fungal diseases Saprolegniasis_aug_336.jpg,train_split,Fungal diseases Saprolegniasis,Saprolegniasis,4,.jpg,640,640,RGB,28c550836a631b7f912cde4b401893c199012ccb90dcb3dd8be5f4c9db33c770,2f3f6fcf3f270707,ok,,g1243,test
data/original/aquahealth/train_split/Fungal diseases Saprolegniasis/Fungal diseases Saprolegniasis_aug_337.jpg,train_split,Fungal diseases Saprolegniasis,Saprolegniasis,4,.jpg,128,128,RGB,851746d89097e6e749398b29bc13662eb7152a4403d70e9a2f042d1a87f47c11,07038f8f0e060347,ok,,g370,train
data/original/aquahealth/train_split/Fungal diseases Saprolegniasis/Fungal diseases Saprolegniasis_aug_338.jpg,train_split,Fungal diseases Saprolegniasis,Saprolegniasis,4,.jpg,640,640,RGB,fd22589376b9bd4df825440b63996c5a3b3999bfbdc9090e8f9aef8be9c40c2c,f0f8e2c4dcf0f0f0,ok,x3394,g2890,
data/original/aquahealth/train_split/Fungal diseases Saprolegniasis/Fungal diseases Saprolegniasis_aug_340.jpg,train_split,Fungal diseases Saprolegniasis,Saprolegniasis,4,.jpg,640,640,RGB,e1a57385b1a01fdf99f42075cf73aa73fe85462459095d9589167ad383e08796,fe9d9fb37b3f3f3e,ok,,g3030,train
data/original/aquahealth/train_split/Fungal diseases Saprolegniasis/Fungal diseases Saprolegniasis_aug_341.jpg,train_split,Fungal diseases Saprolegniasis,Saprolegniasis,4,.jpg,128,128,RGB,0c4014937f7feba3d7fe576603b28d5cca5051c670372cbdb795d33331da7b9b,0e0cfcb8f8f0f0f0,ok,x159,g604,test
data/original/aquahealth/train_split/Fungal diseases Saprolegniasis/Fungal diseases Saprolegniasis_aug_342.jpg,train_split,Fungal diseases Saprolegniasis,Saprolegniasis,4,.jpg,640,640,RGB,a7fcb1dcbc513178e7065142358c2adc77aca217bf2c14cb3f545969af6c995b,3f7c7befeeef7b17,ok,,g1545,train
data/original/aquahealth/train_split/Fungal diseases Saprolegniasis/Fungal diseases Saprolegniasis_aug_343.jpg,train_split,Fungal diseases Saprolegniasis,Saprolegniasis,4,.jpg,640,640,RGB,96fdcf3a624b3c8a90ec355d4444855e7511905bd35e802201fdb75f7107264b,fffefcc9099b0f3d,ok,,g3051,train
data/original/aquahealth/train_split/Fungal diseases Saprolegniasis/Fungal diseases Saprolegniasis_aug_344.jpg,train_split,Fungal diseases Saprolegniasis,Saprolegniasis,4,.jpg,224,224,RGB,f54197e4584566d1104de2c11b3eae97dafd589777788ddae7207851329886c5,091d1f0f2e1e0c3c,ok,,g504,train
data/original/aquahealth/train_split/Fungal diseases Saprolegniasis/Fungal diseases Saprolegniasis_aug_346.jpg,train_split,Fungal diseases Saprolegniasis,Saprolegniasis,4,.jpg,640,640,RGB,d5d5bf44ef2bdeb45694330f18b4e89b88caa187811a3e6380fc54bc8105955b,c4c0e0e0e0f8ecf4,ok,x2846,g2548,
data/original/aquahealth/train_split/Fungal diseases Saprolegniasis/Fungal diseases Saprolegniasis_aug_347.jpg,train_split,Fungal diseases Saprolegniasis,Saprolegniasis,4,.jpg,640,640,RGB,b0a2da8918acd978ecdd8dde3687e2c096db2df198ebf0ed7821f3059c1ab6c5,6262500321393163,ok,x2326,g1796,
data/original/aquahealth/train_split/Fungal diseases Saprolegniasis/Fungal diseases Saprolegniasis_aug_348.jpg,train_split,Fungal diseases Saprolegniasis,Saprolegniasis,4,.jpg,224,224,RGB,db238b928828b0a924bf3a41ab8b58cbd0b8577b99ebda1ee05e71423b26e08d,fafcacf0e0e0c084,ok,,g2987,train
data/original/aquahealth/train_split/Fungal diseases Saprolegniasis/Fungal diseases Saprolegniasis_aug_349.jpg,train_split,Fungal diseases Saprolegniasis,Saprolegniasis,4,.jpg,224,224,RGB,e6b6d754836149637b8d20f164ecf1be471b33523268eb68994c2ef05c5e9904,1ffff7f71f436bf1,ok,x3073,g1110,
data/original/aquahealth/train_split/Fungal diseases Saprolegniasis/Fungal diseases Saprolegniasis_aug_350.jpg,train_split,Fungal diseases Saprolegniasis,Saprolegniasis,4,.jpg,640,640,RGB,7ac601f75d1eaa864161c55909dfe5cc29096e5d0a6fc8e36304bb0e333d51e3,9f3ededcd9f13b3f,ok,,g2357,train
data/original/aquahealth/train_split/Fungal diseases Saprolegniasis/Fungal diseases Saprolegniasis_aug_351.jpg,train_split,Fungal diseases Saprolegniasis,Saprolegniasis,4,.jpg,640,640,RGB,b0c8e270a81132abd1a716a3375519cfff32a66be38e0907fed4279294f309d9,e4e0e636f4fdfdfd,ok,,g2791,train
data/original/aquahealth/train_split/Fungal diseases Saprolegniasis/Fungal diseases Saprolegniasis_aug_352.jpg,train_split,Fungal diseases Saprolegniasis,Saprolegniasis,4,.jpg,640,640,RGB,8da66c0bc910f14fcf7b9b18b83c1f4d6c557523357328407f2f9091ca2e4e48,c0c4e7e1c9dcf879,ok,,g2488,train
data/original/aquahealth/train_split/Fungal diseases Saprolegniasis/Fungal diseases Saprolegniasis_aug_353.jpg,train_split,Fungal diseases Saprolegniasis,Saprolegniasis,4,.jpg,640,640,RGB,3781ebc02ec83d930a10d95977291c5dbc0dadd583945480d95c9da6e59d1bbb,7d7c7c7cf8f07131,ok,,g2069,test
data/original/aquahealth/train_split/Fungal diseases Saprolegniasis/Fungal diseases Saprolegniasis_aug_354.jpg,train_split,Fungal diseases Saprolegniasis,Saprolegniasis,4,.jpg,128,128,RGB,1ba8eec4ac15432bf27d33384252a137bca625979b8d5592dae23763385de3ff,862c6cdbbdfeffff,ok,x370,g2195,train
data/original/aquahealth/train_split/Fungal diseases Saprolegniasis/Fungal diseases Saprolegniasis_aug_355.jpg,train_split,Fungal diseases Saprolegniasis,Saprolegniasis,4,.jpg,640,640,RGB,82fe910476f91e8565212f6e49426df02151e6ab64b648198f777b969d33971d,31f1939090202127,ok,,g1298,val
data/original/aquahealth/train_split/Fungal diseases Saprolegniasis/Fungal diseases Saprolegniasis_aug_356.jpg,train_split,Fungal diseases Saprolegniasis,Saprolegniasis,4,.jpg,640,640,RGB,671c791a4a5d3d8ee674df0bd9678dfd980c22f5f19ecafd253af604efd29882,397979657153e37c,ok,,g1408,train
data/original/aquahealth/train_split/Fungal diseases Saprolegniasis/Fungal diseases Saprolegniasis_aug_358.jpg,train_split,Fungal diseases Saprolegniasis,Saprolegniasis,4,.jpg,128,128,RGB,61f7939e77ecd059441ef4745bee101fa987e3236a820ffa273a5a2c6fadeab5,0f4c7cbcf871f123,ok,,g750,train
data/original/aquahealth/train_split/Fungal diseases Saprolegniasis/Fungal diseases Saprolegniasis_aug_360.jpg,train_split,Fungal diseases Saprolegniasis,Saprolegniasis,4,.jpg,640,640,RGB,a20b1d6c23ad848d39fcb412cbf982106a15a832a2ae5f3a6060f01337f61e3a,010c1e3838787073,ok,,g168,train
data/original/aquahealth/train_split/Fungal diseases Saprolegniasis/Fungal diseases Saprolegniasis_aug_361.jpg,train_split,Fungal diseases Saprolegniasis,Saprolegniasis,4,.jpg,128,128,RGB,ad6658769b82c098873168992ba05741c06400a3495d2dc1950853db39447245,2f0f4e0e8f0f0f0e,ok,,g1233,train
data/original/aquahealth/train_split/Fungal diseases Saprolegniasis/Fungal diseases Saprolegniasis_aug_362.jpg,train_split,Fungal diseases Saprolegniasis,Saprolegniasis,4,.jpg,640,640,RGB,997f3b261fbed1e488eef4ec0737bd45b21e3b72be2ce4b72da73cb9f0bb3b99,1f727270f8f3cb8b,ok,,g1087,test
data/original/aquahealth/train_split/Fungal diseases Saprolegniasis/Fungal diseases Saprolegniasis_aug_365.jpg,train_split,Fungal diseases Saprolegniasis,Saprolegniasis,4,.jpg,640,640,RGB,47da9a7b7a6cb285e9aa37e16e0dd8386fae84977ec10c358ea5df486a3f770d,010c1e3838f8f0f0,ok,,g169,val
data/original/aquahealth/train_split/Fungal diseases Saprolegniasis/Fungal diseases Saprolegniasis_aug_368.jpg,train_split,Fungal diseases Saprolegniasis,Saprolegniasis,4,.jpg,224,224,RGB,93cc8c8851b42be2cc1a0b54847fe7873ca751b764967a4adc86733642482d43,06060f9e9e1e8c7c,ok,,g339,train
data/original/aquahealth/train_split/Fungal diseases Saprolegniasis/Fungal diseases Saprolegniasis_aug_369.jpg,train_split,Fungal diseases Saprolegniasis,Saprolegniasis,4,.jpg,640,640,RGB,e002502bf2ccf49369d5352e6187d6dabcde277390ddbafa278dc7d5e9daeb5b,7070787adb5f3e1f,ok,,g1920,train
data/original/aquahealth/train_split/Fungal diseases Saprolegniasis/Fungal diseases Saprolegniasis_aug_37.jpg,train_split,Fungal diseases Saprolegniasis,Saprolegniasis,4,.jpg,128,128,RGB,7c3c100242af3dda9a56dcde3dcb52cd96355184be850dedd84f359bd5e7e301,77cfc9f8f3838f83,ok,,g1989,test
data/original/aquahealth/train_split/Fungal diseases Saprolegniasis/Fungal diseases Saprolegniasis_aug_370.jpg,train_split,Fungal diseases Saprolegniasis,Saprolegniasis,4,.jpg,128,128,RGB,1ba8eec4ac15432bf27d33384252a137bca625979b8d5592dae23763385de3ff,862c6cdbbdfeffff,ok,x370,g2195,
data/original/aquahealth/train_split/Fungal diseases Saprolegniasis/Fungal diseases Saprolegniasis_aug_371.jpg,train_split,Fungal diseases Saprolegniasis,Saprolegniasis,4,.jpg,640,640,RGB,6341d8cb6fe3ad7b1ad203a8add38e2ef5d3b94b6725e53dbcf64221e022db4d,000000000031e508,ok,,g4,test
data/original/aquahealth/train_split/Fungal diseases Saprolegniasis/Fungal diseases Saprolegniasis_aug_372.jpg,train_split,Fungal diseases Saprolegniasis,Saprolegniasis,4,.jpg,224,224,RGB,8b0a1ad02a3021365ef7e1f7793429eec4c6024b47828c99db30b0aa1c1554da,fefe2e26b9e9fcfc,ok,,g3040,val
data/original/aquahealth/train_split/Fungal diseases Saprolegniasis/Fungal diseases Saprolegniasis_aug_373.jpg,train_split,Fungal diseases Saprolegniasis,Saprolegniasis,4,.jpg,640,640,RGB,2bdbafc681a4c0e75b9b50d3057ca4e6f495312a1aeaaa8c789b7b2d4b7c6db2,013170644c848007,ok,,g177,train
data/original/aquahealth/train_split/Fungal diseases Saprolegniasis/Fungal diseases Saprolegniasis_aug_374.jpg,train_split,Fungal diseases Saprolegniasis,Saprolegniasis,4,.jpg,640,640,RGB,49084369e5f691095fcaed721682e49fe1470ffd0b96f1ba563a47ea6c436a64,f8e064fc7cf0b0b0,ok,,g2964,train
data/original/aquahealth/train_split/Fungal diseases Saprolegniasis/Fungal diseases Saprolegniasis_aug_377.jpg,train_split,Fungal diseases Saprolegniasis,Saprolegniasis,4,.jpg,224,224,RGB,8766f109171cab726b8049fa352afdb5a7b945761deda60c36b810e56800b9d6,a080cad0f8f8f8de,ok,x1758,g2370,
data/original/aquahealth/train_split/Fungal diseases Saprolegniasis/Fungal diseases Saprolegniasis_aug_378.jpg,train_split,Fungal diseases Saprolegniasis,Saprolegniasis,4,.jpg,640,640,RGB,9b32daf9e5cbe7735d663cc4e0ac563c0d2c8da63e04724dee1e879da5711cd2,3603075cccdc7c31,ok,,g1338,train
data/original/aquahealth/train_split/Fungal diseases Saprolegniasis/Fungal diseases Saprolegniasis_aug_379.jpg,train_split,Fungal diseases Saprolegniasis,Saprolegniasis,4,.jpg,128,128,RGB,112b9ad71f1e6ee788aea255e463be6e32a552c45b6dd09dd9bd0dc1ac3f52b6,6f6330180c06232b,ok,,g1899,val
data/original/aquahealth/train_split/Fungal diseases Saprolegniasis/Fungal diseases Saprolegniasis_aug_38.jpg,train_split,Fungal diseases Saprolegniasis,Saprolegniasis,4,.jpg,224,224,RGB,fae5f7d7d06bd2ac3f22d94ddaa9160084ae3e5419d5c281742a5e63e358e19e,1f1f1f1f1f0b0f8e,ok,,g1052,train
data/original/aquahealth/train_split/Fungal diseases Saprolegniasis/Fungal diseases Saprolegniasis_aug_380.jpg,train_split,Fungal diseases Saprolegniasis,Saprolegniasis,4,.jpg,128,128,RGB,9850b4ad0118ccfa2906133a8cf9e84ab1a6a737b5a409dc061f6a865435958d,f0f0f1f1f8fbd8ce,ok,,g2882,train
data/original/aquahealth/train_split/Fungal diseases Saprolegniasis/Fungal diseases Saprolegniasis_aug_381.jpg,train_split,Fungal diseases Saprolegniasis,Saprolegniasis,4,.jpg,224,224,RGB,82f265f34f5bfff038ef195ed1e5050b80fe7a04432dca9312556537fa06bcb4,03c391d0f85c7f4f,ok,,g303,train
data/original/aquahealth/train_split/Fungal diseases Saprolegniasis/Fungal diseases Saprolegniasis_aug_382.jpg,train_split,Fungal diseases Saprolegniasis,Saprolegniasis,4,.jpg,224,224,RGB,f3d080dd0793f7d137bfdf5ac7e76f969e14682ce55a4af3005ec392cb4838b2,e66b30980c060331,ok,,g2801,train
data/original/aquahealth/train_split/Fungal diseases Saprolegniasis/Fungal diseases Saprolegniasis_aug_383.jpg,train_split,Fungal diseases Saprolegniasis,Saprolegniasis,4,.jpg,128,128,RGB,debe9e8dda52a16f9b4c4172b367574d0ba516d0f45000636a583e266ecf2df4,3fda6d61030fcf8f,ok,,g1553,val
data/original/aquahealth/train_split/Fungal diseases Saprolegniasis/Fungal diseases Saprolegniasis_aug_385.jpg,train_split,Fungal diseases Saprolegniasis,Saprolegniasis,4,.jpg,224,224,RGB,db3cefb46c1db35770ddda195c9f96ccccf4ebc30cbb7012d8050b0fc4fffbbf,070c0e2f2f1d1d49,ok,,g401,train
data/original/aquahealth/train_split/Fungal diseases Saprolegniasis/Fungal diseases Saprolegniasis_aug_386.jpg,train_split,Fungal diseases Saprolegniasis,Saprolegniasis,4,.jpg,640,640,RGB,1138ac08baf393b5cdf21024aacd68b342e9e2b5fba4d273cfbdb04a26148d60,b918583072c0a367,ok,,g2438,train
data/original/aquahealth/train_split/Fungal diseases Saprolegniasis/Fungal diseases Saprolegniasis_aug_388.jpg,train_split,Fungal diseases Saprolegniasis,Saprolegniasis,4,.jpg,128,128,RGB,8255dcf02d390f70f19b8630ebf9eec618d7b5f672195e3731c4fa18735136fc,5c5723038181a7a7,ok,,g1723,test
data/original/aquahealth/train_split/Fungal diseases Saprolegniasis/Fungal diseases Saprolegniasis_aug_389.jpg,train_split,Fungal diseases Saprolegniasis,Saprolegniasis,4,.jpg,640,640,RGB,cb46f3583cd87d05f958d158082c4fe409f261c8a0f9240d992f500c5c0eabe9,7f7e7c48091b0f19,ok,,g2107,test
data/original/aquahealth/train_split/Fungal diseases Saprolegniasis/Fungal diseases Saprolegniasis_aug_39.jpg,train_split,Fungal diseases Saprolegniasis,Saprolegniasis,4,.jpg,224,224,RGB,f8a1c559368fcb43faaf9069621798e0bcb40dc94a94a282bb107b6a93d60cc6,9829b3e6cf9f3f73,ok,,g2301,train
data/original/aquahealth/train_split/Fungal diseases Saprolegniasis/Fungal diseases Saprolegniasis_aug_391.jpg,train_split,Fungal diseases Saprolegniasis,Saprolegniasis,4,.jpg,640,640,RGB,236887dcbefde6f4d2b62788bbe24f92a8b774b272f269075b194484e2c096c1,e4e0e63674fdfdfd,ok,,g2790,val
data/original/aquahealth/train_split/Fungal diseases Saprolegniasis/Fungal diseases Saprolegniasis_aug_4.jpg,train_split,Fungal diseases Saprolegniasis,Saprolegniasis,4,.jpg,128,128,RGB,051f7e331901b27e04ba18ea47b859c3e856ebd5c9347a1fff0ab6a92540e92e,5d5d1f0f1d1c7c3e,ok,,g1729,val
data/original/aquahealth/train_split/Fungal diseases Saprolegniasis/Fungal diseases Saprolegniasis_aug_40.jpg,train_split,Fungal diseases Saprolegniasis,Saprolegniasis,4,.jpg,224,224,RGB,ab58f5bfe538d14c102adfb2ff8a1641bbc6c97fac7889ebf2777711bf353dab,0d1d371e3f3f1d1d,ok,,g582,train
data/original/aquahealth/train_split/Fungal diseases Saprolegniasis/Fungal diseases Saprolegniasis_aug_41.jpg,train_split,Fungal diseases Saprolegniasis,Saprolegniasis,4,.jpg,640,640,RGB,74572cef8ac66ebffd3dd35dc4481b716c77c515dc9bb2d04dc3b0ad1296abfb,1f1f1f1f1f1f0f1f,ok,,g1054,train
data/original/aquahealth/train_split/Fungal diseases Saprolegniasis/Fungal diseases Saprolegniasis_aug_42.jpg,train_split,Fungal diseases Saprolegniasis,Saprolegniasis,4,.jpg,224,224,RGB,3315bccd53d4b154999ac26667d8da622a9b275a94a57801c813ffa67e1fb258,7371e38ba8ec6107,ok,,g1963,train
data/original/aquahealth/train_split/Fungal diseases Saprolegniasis/Fungal diseases Saprolegniasis_aug_43.jpg,train_split,Fungal diseases Saprolegniasis,Saprolegniasis,4,.jpg,640,640,RGB,68030d98eba54c0d06fbf2e2e5f8100d0e64ebc4f5894b2c6c630c8b28a6b0f5,0701010303030707,ok,,g359,train
data/original/aquahealth/train_split/Fungal diseases Saprolegniasis/Fungal diseases Saprolegniasis_aug_44.jpg,train_split,Fungal diseases Saprolegniasis,Saprolegniasis,4,.jpg,640,640,RGB,4d891d2c98a2dea682aeed5abfecc13d351f55bf006009294a796bc921380664,0f3d9f8ecc27231b,ok,,g736,train
data/original/aquahealth/train_split/Fungal diseases Saprolegniasis/Fungal diseases Saprolegniasis_aug_45.jpg,train_split,Fungal diseases Saprolegniasis,Saprolegniasis,4,.jpg,128,128,RGB,ee6061f62aa50f0d78d91dbcd2872fbc3e11ac1dc7046b6dc58f22a112569289,7878787060e14909,ok,,g2010,train
data/original/aquahealth/train_split/Fungal diseases Saprolegniasis/Fungal diseases Saprolegniasis_aug_46.jpg,train_split,Fungal diseases Saprolegniasis,Saprolegniasis,4,.jpg,128,128,RGB,f9b19c1b9a842f8a9807bc1f756bd2510abf98a84009dabb3e7fb405f43a4aa6,0d1cfcb878707177,ok,,g581,val
data/original/aquahealth/train_split/Fungal diseases Saprolegniasis/Fungal diseases Saprolegniasis_aug_47.jpg,train_split,Fungal diseases Saprolegniasis,Saprolegniasis,4,.jpg,640,640,RGB,b6a6f3d660cadd1289b2d030c32f6b5f3e23fe3c6582e2b371a930628cc8fb0c,4f50b0f0e1615959,ok,,g1680,train
data/original/aquahealth/train_split/Fungal diseases Saprolegniasis/Fungal diseases Saprolegniasis_aug_48.jpg,train_split,Fungal diseases Saprolegniasis,Saprolegniasis,4,.jpg,640,640,RGB,457f1487dfa8415ac8ecd861b400fe593e53ad7fed91ff5f5da61fe7d14abafc,cf8e0f1f7f9ddc7d,ok,,g2611,train
data/original/aquahealth/train_split/Fungal diseases Saprolegniasis/Fungal diseases Saprolegniasis_aug_49.jpg,train_split,Fungal diseases Saprolegniasis,Saprolegniasis,4,.jpg,128,128,RGB,f4b290287e380848abbf94507544fb36c9ec488d593fb802b47fccc30186e6fa,5137aa61430fef77,ok,,g1696,train
data/original/aquahealth/train_split/Fungal diseases Saprolegniasis/Fungal diseases Saprolegniasis_aug_5.jpg,train_split,Fungal diseases Saprolegniasis,Saprolegniasis,4,.jpg,640,640,RGB,209a63d43566991db2be972696e0666f7e49d8395d837400f4ef29f9fb6c964a,30f2600d3cffe78e,ok,,g1282,test
data/original/aquahealth/train_split/Fungal diseases Saprolegniasis/Fungal diseases Saprolegniasis_aug_50.jpg,train_split,Fungal diseases Saprolegniasis,Saprolegniasis,4,.jpg,640,640,RGB,b0394464bab110eec997abd3463f3a65d83dd53fd1de5cccd76f53f236c2901a,533f1f45ccc5c163,ok,,g1700,val
data/original/aquahealth/train_split/Fungal diseases Saprolegniasis/Fungal diseases Saprolegniasis_aug_52.jpg,train_split,Fungal diseases Saprolegniasis,Saprolegniasis,4,.jpg,128,128,RGB,49d2a8db9b30eeb780d718ddda3f2c55edf50e439ec3c022369b2e39dd672ad9,3d7d1d1f8fce7e5f,ok,,g1475,train
data/original/aquahealth/train_split/Fungal diseases Saprolegniasis/Fungal diseases Saprolegniasis_aug_53.jpg,train_split,Fungal diseases Saprolegniasis,Saprolegniasis,4,.jpg,224,224,RGB,5c9a9eeab0f5323e99222e8559bcb225d78f8505f33ecb12246a22e1415fb042,c08ec3f1e6c75d77,ok,,g2473,train
data/original/aquahealth/train_split/Fungal diseases Saprolegniasis/Fungal diseases Saprolegniasis_aug_54.jpg,train_split,Fungal diseases Saprolegniasis,Saprolegniasis,4,.jpg,128,128,RGB,8fe14163b4cd6ce794da29c6769e537b9c52d3503b1565e8d2126c054e236241,61e1e1f1f9786d6f,ok,,g1790,train
data/original/aquahealth/train_split/Fungal diseases Saprolegniasis/Fungal diseases Saprolegniasis_aug_55.jpg,train_split,Fungal diseases Saprolegniasis,Saprolegniasis,4,.jpg,128,128,RGB,5cf5be673b44250b604a432a4367f1bfcc67782950f7adce0cca82bc863862df,e10608f93c8e0c18,ok,x1226,g2746,
data/original/aquahealth/train_split/Fungal diseases Saprolegniasis/Fungal diseases Saprolegniasis_aug_56.jpg,train_split,Fungal diseases Saprolegniasis,Saprolegniasis,4,.jpg,640,640,RGB,cbe55b8505876d0193f1694b6bd6125f43154f73892933da62e3c45cf862ba47,3939397775396371,ok,,g1400,val
data/original/aquahealth/train_split/Fungal diseases Saprolegniasis/Fungal diseases Saprolegniasis_aug_57.jpg,train_split,Fungal diseases Saprolegniasis,Saprolegniasis,4,.jpg,640,640,RGB,813a6ec99fec6ecb54a1e0468715e341d475fa8c5cf902698f22969b24b4d2e0,f1b0f94fc300088e,ok,,g2902,train
data/original/aquahealth/train_split/Fungal diseases Saprolegniasis/Fungal diseases Saprolegniasis_aug_59.jpg,train_split,Fungal diseases Saprolegniasis,Saprolegniasis,4,.jpg,640,640,RGB,e398a2234fd3eaf8802622a495333dff9c5ce59cc58c3cd996bad16d6c33d355,cf8f0f1f7f9ddcfd,ok,,g2612,train
data/original/aquahealth/train_split/Fungal diseases Saprolegniasis/Fungal diseases Saprolegniasis_aug_6.jpg,train_split,Fungal diseases Saprolegniasis,Saprolegniasis,4,.jpg,128,128,RGB,238256ce6cd5100e53c298b4230f6da38bbe838519b347356a239946cd3db66b,0f0f8d8f0f0f0f9f,ok,,g687,val
data/original/aquahealth/train_split/Fungal diseases Saprolegniasis/Fungal diseases Saprolegniasis_aug_60.jpg,train_split,Fungal diseases Saprolegniasis,Saprolegniasis,4,.jpg,640,640,RGB,f720ae237910bbcea3e50017399c3d6cc601fea0a4ba9a332aa06e73204261de,232383c0c0c0c063,ok,,g1161,test
data/original/aquahealth/train_split/Fungal diseases Saprolegniasis/Fungal diseases Saprolegniasis_aug_61.jpg,train_split,Fungal diseases Saprolegniasis,Saprolegniasis,4,.jpg,640,640,RGB,6563da10ef8b403f0d3daee1f408e2e17a46327891e9b0810471d052a7d31a6f,23c999d8f8606137,ok,,g1169,test
data/original/aquahealth/train_split/Fungal diseases Saprolegniasis/Fungal diseases Saprolegniasis_aug_62.jpg,train_split,Fungal diseases Saprolegniasis,Saprolegniasis,4,.jpg,224,224,RGB,43e6690a7434fa87ecb33a16c0180a9e4754a452185f997d1202d3cb40c94262,2f6763e5c161607c,ok,,g1245,train
data/original/aquahealth/train_split/Fungal diseases Saprolegniasis/Fungal diseases Saprolegniasis_aug_63.jpg,train_split,Fungal diseases Saprolegniasis,Saprolegniasis,4,.jpg,640,640,RGB,d9681dd1a7b24b998772353a2ab302ba8469d7bd8d5f163c56a5bb3b0aed050a,5f4f4ecece4d6f0f,ok,,g1738,test
data/original/aquahealth/train_split/Fungal diseases Saprolegniasis/Fungal diseases Saprolegniasis_aug_64.jpg,train_split,Fungal diseases Saprolegniasis,Saprolegniasis,4,.jpg,224,224,RGB,eef5bbabc2622335118b721f33b8307232b235956335e8626bcfcb85353f0874,84070707070f0fc9,ok,,g2175,train
data/original/aquahealth/train_split/Fungal diseases Saprolegniasis/Fungal diseases Saprolegniasis_aug_67.jpg,train_split,Fungal diseases Saprolegniasis,Saprolegniasis,4,.jpg,128,128,RGB,b127ac28574423aec4fcf1134c5ede1b487311e2927f0b085cc992bba665adcf,1301173c1c4d8f1f,ok,,g826,train
data/original/aquahealth/train_split/Fungal diseases Saprolegniasis/Fungal diseases Saprolegniasis_aug_69.jpg,train_split,Fungal diseases Saprolegniasis,Saprolegniasis,4,.jpg,224,224,RGB,64f68a595085155a386f0e22d63c1026eeca076643a9d9e23c1afbf45e66c3e1,0f0b2be1dcd90dad,ok,,g653,train
data/original/aquahealth/train_split/Fungal diseases Saprolegniasis/Fungal diseases Saprolegniasis_aug_7.jpg,train_split,Fungal diseases Saprolegniasis,Saprolegniasis,4,.jpg,640,640,RGB,25f6034c163bd67da6b034eb0bfad5c5d68d88a36ba2259420f928017fdcf0e7,3b3b3efcbc3c3c78,ok,,g1426,train
data/original/aquahealth/train_split/Fungal diseases Saprolegniasis/Fungal diseases Saprolegniasis_aug_70.jpg,train_split,Fungal diseases Saprolegniasis,Saprolegniasis,4,.jpg,640,640,RGB,b40542fbe9824a6c1d4ab925f5472da72d0fda0c4b163eeca6eafc20ccf65a9b,8f0f0f070707878f,ok,,g2256,val
data/original/aquahealth/train_split/Fungal diseases Saprolegniasis/Fungal diseases Saprolegniasis_aug_71.jpg,train_split,Fungal diseases Saprolegniasis,Saprolegniasis,4,.jpg,640,640,RGB,57f5372af36e7725010c14941794f154abde3c82bc2e44c1cd7cf0b0c5080fae,5f42c0e0c1e1f131,ok,,g1737,val
data/original/aquahealth/train_split/Fungal diseases Saprolegniasis/Fungal diseases Saprolegniasis_aug_72.jpg,train_split,Fungal diseases Saprolegniasis,Saprolegniasis,4,.jpg,640,640,RGB,21e6d55e40b84ffd4a4fd9efbbb5edad67733d7acb65b4e1f9d3297d8e7b61f7,04020303830f0f0f,ok,,g315,train
data/original/aquahealth/train_split/Fungal diseases Saprolegniasis/Fungal diseases Saprolegniasis_aug_73.jpg,train_split,Fungal diseases Saprolegniasis,Saprolegniasis,4,.jpg,640,640,RGB,4ff987ad72c3f1ad4418290da3f3668457e5881dbab6436bdd9e81dd280ce038,5f787eb8a1873f0d,ok,,g1742,test
data/original/aquahealth/train_split/Fungal diseases Saprolegniasis/Fungal diseases Saprolegniasis_aug_74.jpg,train_split,Fungal diseases Saprolegniasis,Saprolegniasis,4,.jpg,128,128,RGB,f0bbc86ff2ab3b8c35beecce200193cd6edfc1915e77a7f1b9ec2ed7474121d7,218307c70f0c0401,ok,,g1144,train
data/original/aquahealth/train_split/Fungal diseases Saprolegniasis/Fungal diseases Saprolegniasis_aug_75.jpg,train_split,Fungal diseases Saprolegniasis,Saprolegniasis,4,.jpg,224,224,RGB,1429e45ef6b93759adda116ea31f584a6cd6e9b585d99903908c6ea7149226f0,373318180c8d2723,ok,,g1352,train
data/original/aquahealth/train_split/Fungal diseases Saprolegniasis/Fungal diseases Saprolegniasis_aug_78.jpg,train_split,Fungal diseases Saprolegniasis,Saprolegniasis,4,.jpg,128,128,RGB,8eb3262b069f2029649b70db383d7b6d8988429e2b0445adbd7f7bdf3acea560,0111111f0f0f4707,ok,,g170,train
data/original/aquahealth/train_split/Fungal diseases Saprolegniasis/Fungal diseases Saprolegniasis_aug_79.jpg,train_split,Fungal diseases Saprolegniasis,Saprolegniasis,4,.jpg,640,640,RGB,f02aa7968356efe4fb4ab4587c7596c368dddc77d74d19179f9ab0791cce8acb,a08181e07a1e8780,ok,x3208,g2371,
data/original/aquahealth/train_split/Fungal diseases Saprolegniasis/Fungal diseases Saprolegniasis_aug_8.jpg,train_split,Fungal diseases Saprolegniasis,Saprolegniasis,4,.jpg,224,224,RGB,e6d5ab8989e1f8e0f08f8d5781ede564d9f6dd00097e8f1e9946827579eb9c59,9f9f0f868687cec0,ok,,g2363,train
data/original/aquahealth/train_split/Fungal diseases Saprolegniasis/Fungal diseases Saprolegniasis_aug_80.jpg,train_split,Fungal diseases Saprolegniasis,Saprolegniasis,4,.jpg,640,640,RGB,21c3cffc18f2f4ceec8e5f40d7164e0e4203271625770ba0707eebf7621aa3b1,01020303838f0f0f,ok,,g161,train
data/original/aquahealth/train_split/Fungal diseases Saprolegniasis/Fungal diseases Saprolegniasis_aug_81.jpg,train_split,Fungal diseases Saprolegniasis,Saprolegniasis,4,.jpg,128,128,RGB,0c4014937f7feba3d7fe576603b28d5cca5051c670372cbdb795d33331da7b9b,0e0cfcb8f8f0f0f0,ok,x159,g604,
data/original/aquahealth/train_split/Fungal diseases Saprolegniasis/Fungal diseases Saprolegniasis_aug_82.jpg,train_split,Fungal diseases Saprolegniasis,Saprolegniasis,4,.jpg,128,128,RGB,f9b6d73ea93634d20bd21aecbb39a33fc4c2c3e8253245b3d25f888f1a027f88,1d1c3062dcf0c383,ok,,g966,train
data/original/aquahealth/train_split/Fungal diseases Saprolegniasis/Fungal diseases Saprolegniasis_aug_84.jpg,train_split,Fungal diseases Saprolegniasis,Saprolegniasis,4,.jpg,640,640,RGB,9a72ccd9a265b42db9129e925fab99ab2141c42a20295898733db3be1bd1a4a4,1f18582861f1e165,ok,,g1039,train
data/original/aquahealth/train_split/Fungal diseases Saprolegniasis/Fungal diseases Saprolegniasis_aug_88.jpg,train_split,Fungal diseases Saprolegniasis,Saprolegniasis,4,.jpg,128,128,RGB,bf4bba57a9c4c3a123f2d8b781bd05c0b607b25b416c53da8e4034c6a305675b,276f2f0e8f0f0f0f,ok,,g1199,train
data/original/aquahealth/train_split/Fungal diseases Saprolegniasis/Fungal diseases Saprolegniasis_aug_89.jpg,train_split,Fungal diseases Saprolegniasis,Saprolegniasis,4,.jpg,640,640,RGB,57fe064752ec20ffbdfbe54c1837a9107e6fe6302312af510914b39385d4b302,0e0f0f1f1f1f1e0f,ok,,g609,train
data/original/aquahealth/train_split/Fungal diseases Saprolegniasis/Fungal diseases Saprolegniasis_aug_9.jpg,train_split,Fungal diseases Saprolegniasis,Saprolegniasis,4,.jpg,128,128,RGB,96e84c767dedd8b719abd79deef78e9e786517e392269db2ebfdff98840ae5cf,7df5f16167676e7f,ok,,g2077,train
data/original/aquahealth/train_split/Fungal diseases Saprolegniasis/Fungal diseases Saprolegniasis_aug_91.jpg,train_split,Fungal diseases Saprolegniasis,Saprolegniasis,4,.jpg,128,128,RGB,04d62e4b399bb27994ab65a6e318907cdca7495218262beb0850543658ce5442,0f276746cc2c387f,ok,,g726,test
data/original/aquahealth/train_split/Fungal diseases Saprolegniasis/Fungal diseases Saprolegniasis_aug_92.jpg,train_split,Fungal diseases Saprolegniasis,Saprolegniasis,4,.jpg,640,640,RGB,b49ee808dfa3e630c76b87ed24baf2c2ef49b64a7b4076c330da77b87e6484d7,80c0c060f0f07878,ok,,g2131,val
data/original/aquahealth/train_split/Fungal diseases Saprolegniasis/Fungal diseases Saprolegniasis_aug_95.jpg,train_split,Fungal diseases Saprolegniasis,Saprolegniasis,4,.jpg,224,224,RGB,81645921cc65cd2bce4bd9bf9053329fcdbcc58c808f9601e3a406d8703e6828,070c1e0f2f1c1d49,ok,,g403,val
data/original/aquahealth/train_split/Fungal diseases Saprolegniasis/Fungal diseases Saprolegniasis_aug_96.jpg,train_split,Fungal diseases Saprolegniasis,Saprolegniasis,4,.jpg,640,640,RGB,af70ee967d5951935a1eb66967c29a170a4df36ac8fd79aea6aa4d96f43249dd,d0f2f8fafb5e1e1e,ok,,g2621,val
data/original/aquahealth/train_split/Fungal diseases Saprolegniasis/Fungal diseases Saprolegniasis_aug_97.jpg,train_split,Fungal diseases Saprolegniasis,Saprolegniasis,4,.jpg,224,224,RGB,488b5747a53ef1086666e76f2c9068c3457dd4154fcb1fccc61b336485ad8083,f0e4ececfc70f0b0,ok,,g2874,train
data/original/aquahealth/train_split/Fungal diseases Saprolegniasis/Fungal diseases Saprolegniasis_aug_98.jpg,train_split,Fungal diseases Saprolegniasis,Saprolegniasis,4,.jpg,128,128,RGB,7e98c7e5cf328b83c4d842dd72c723ba4a4bff6193656a93153203240a2242ef,7868908020408000,ok,,g2002,test
data/original/aquahealth/train_split/Fungal diseases Saprolegniasis/Fungal diseases Saprolegniasis_aug_99.jpg,train_split,Fungal diseases Saprolegniasis,Saprolegniasis,4,.jpg,640,640,RGB,1d3430abf7bd2d300898e0b0ba31d50f0e2af80f1184da16b106f9bd4b4a51c6,5f3b1967e1c1c1c1,ok,,g1736,train
data/original/aquahealth/train_split/Healthy Fish/Healthy Fish_1.jpg,train_split,Healthy Fish,Healthy Fish,7,.jpg,640,640,RGB,ae485157949ce48e6e54f1cd177b3776bc82e454520dd03354d114bdf7d83ff8,c0ca63b0522a1c0e,ok,,g2493,test
data/original/aquahealth/train_split/Healthy Fish/Healthy Fish_10.jpg,train_split,Healthy Fish,Healthy Fish,7,.jpg,640,640,RGB,0271551fb1237120a3ea5c639dda316b1e593a922f46ded293c7d52b11fce9e6,0f0f0f0e0f070303,ok,,g667,train
data/original/aquahealth/train_split/Healthy Fish/Healthy Fish_119.jpg,train_split,Healthy Fish,Healthy Fish,7,.jpg,640,640,RGB,dd907777ab9ed96df5fa6f1d70f17abe36e1eec6a67ad139d0e9eeb52a39d25b,0d7cf9d2ade43303,ok,,g592,val
data/original/aquahealth/train_split/Healthy Fish/Healthy Fish_12.jpg,train_split,Healthy Fish,Healthy Fish,7,.jpg,640,640,RGB,e80bbb0973f2b995cf23628af8908d24120f1dbd6df1e520ecdcb3825bcd401d,27331b191d0c0f0f,ok,,g1195,test
data/original/aquahealth/train_split/Healthy Fish/Healthy Fish_120.jpg,train_split,Healthy Fish,Healthy Fish,7,.jpg,640,640,RGB,38a945cd92dfbbc899f42a79e505aae3c9df9768a7d4ef6999910be86925a5ee,03ece896aaec2507,ok,,g311,train
data/original/aquahealth/train_split/Healthy Fish/Healthy Fish_14.jpg,train_split,Healthy Fish,Healthy Fish,7,.jpg,640,640,RGB,4c5d58b14e8ce442b06b512b86020db7c0193be93c0015921b6dcc71390b7c0c,4f0f4f4727270313,ok,,g1670,train
data/original/aquahealth/train_split/Healthy Fish/Healthy Fish_142.jpg,train_split,Healthy Fish,Healthy Fish,7,.jpg,640,640,RGB,35630348e26d090bf3aeff9e6e8ecff65542e0cce8a8ef9b67c8f2f34ba2617c,0a3878e484a8e91b,ok,,g514,train
data/original/aquahealth/train_split/Healthy Fish/Healthy Fish_143.jpg,train_split,Healthy Fish,Healthy Fish,7,.jpg,640,640,RGB,7afe5bc4206d5749d2e0b563a1a3932cda00ef4d047b1c7f58a75a9db05298b6,1371f0e488e9590f,ok,,g836,train
data/original/aquahealth/train_split/Healthy Fish/Healthy Fish_144.jpg,train_split,Healthy Fish,Healthy Fish,7,.jpg,640,640,RGB,d9990ca432bc25eaacc57427d7e0a0e2fea45117bc10eb1c89e2599302a9160b,033878e480a8691f,ok,,g276,train
data/original/aquahealth/train_split/Healthy Fish/Healthy Fish_145.jpg,train_split,Healthy Fish,Healthy Fish,7,.jpg,640,640,RGB,223a4cda37571a3c9c63f4b200759e9214ee57d2fc2c0fa5f8b92a755737246e,0739f8e48ce8591f,ok,,g440,train
data/original/aquahealth/train_split/Healthy Fish/Healthy Fish_146.jpg,train_split,Healthy Fish,Healthy Fish,7,.jpg,640,640,RGB,40b68c2d56fcdd481ca65ee706dad73031dc822d37207eb54a4ac1e5b1533129,0738f8e484a8d91b,ok,,g439,train
data/original/aquahealth/train_split/Healthy Fish/Healthy Fish_152.jpg,train_split,Healthy Fish,Healthy Fish,7,.jpg,640,640,RGB,7f57f69fdbb65d68cf776a15c38273e39c5df8038f178aaaaf83c3c45219b125,0703e8d89ceae907,ok,,g372,train
data/original/aquahealth/train_split/Healthy Fish/Healthy Fish_153.jpg,train_split,Healthy Fish,Healthy Fish,7,.jpg,640,640,RGB,ef518db916ee9f2d196190e8fbb4cffaab156876d06a4b3a4e78bd4c5b2b405a,0703c9e898ece82b,ok,,g371,train
data/original/aquahealth/train_split/Healthy Fish/Healthy Fish_154.jpg,train_split,Healthy Fish,Healthy Fish,7,.jpg,640,640,RGB,4f1775e28b803f865a782e6cd93b7920eac1a18dad8036bca7e64a63f8dc84e3,0327e0d89eea6d07,ok,,g269,val
data/original/aquahealth/train_split/Healthy Fish/Healthy Fish_155.jpg,train_split,Healthy Fish,Healthy Fish,7,.jpg,640,640,RGB,3c8a2ef35438ba7c3e0ead650f07f1358bd256f8988e75b1c8e6d292d9e360cd,0727e0d89eea6d07,ok,,g435,train
data/original/aquahealth/train_split/Healthy Fish/Healthy Fish_156.jpg,train_split,Healthy Fish,Healthy Fish,7,.jpg,640,640,RGB,f157e245110056614543e437365f5c1e952fe5f6db82ec59d597c8cff0725677,0325e0d89ee86d07,ok,,g268,train
data/original/aquahealth/train_split/Healthy Fish/Healthy Fish_157.jpg,train_split,Healthy Fish,Healthy Fish,7,.jpg,640,640,RGB,5fcd51595a4ce6afcabcc31b6cec7271c2783bdf5d60b9d071b06bb0719ca34a,0b27e0d89eea6d07,ok,,g528,train
data/original/aquahealth/train_split/Healthy Fish/Healthy Fish_159.jpg,train_split,Healthy Fish,Healthy Fish,7,.jpg,640,640,RGB,686b83a6851d54a0f7d3d9073bc82ce5e49d15bbb6d7a0893a67437fe5e0145d,707078eaba685050,ok,,g1921,test
data/original/aquahealth/train_split/Healthy Fish/Healthy Fish_160.jpg,train_split,Healthy Fish,Healthy Fish,7,.jpg,640,640,RGB,80da316b3e08d621c8494ae54e1b7809d211a36984c772f0d64617711b12933a,2063f29acecb7534,ok,,g1122,val
data/original/aquahealth/train_split/Healthy Fish/Healthy Fish_161.jpg,train_split,Healthy Fish,Healthy Fish,7,.jpg,640,640,RGB,8f0646bfc9082290d9309bd515b8af5a294ebede376af03a257df52a01889706,3073f39abefaf574,ok,,g1270,train
data/original/aquahealth/train_split/Healthy Fish/Healthy Fish_162.jpg,train_split,Healthy Fish,Healthy Fish,7,.jpg,640,640,RGB,9aa0098c8ada9765215072d8ad7d49c163eac92b267a7e61e865c6199069d7ae,0c1c5060020b0b5b,ok,,g549,train
data/original/aquahealth/train_split/Healthy Fish/Healthy Fish_166.jpg,train_split,Healthy Fish,Healthy Fish,7,.jpg,640,640,RGB,a77160cf46f7f4ec6ebc2c3576aca54bfb4c2cac46e8804670d2fc5e588b56d2,3071e1c22686b7b1,ok,,g1269,train
data/original/aquahealth/train_split/Healthy Fish/Healthy Fish_167.jpg,train_split,Healthy Fish,Healthy Fish,7,.jpg,640,640,RGB,8fc469f30b0450e08082bf0e622c4589cea94400df4733837f219513cb157f2f,f0e04819196060e0,ok,,g2871,train
data/original/aquahealth/train_split/Healthy Fish/Healthy Fish_169.jpg,train_split,Healthy Fish,Healthy Fish,7,.jpg,640,640,RGB,c1e09feb76f778c5d3e579dfee35f9d5b884119cc39c13983fc5f77c5050bf80,c9c1f8fcdcccf67a,ok,,g2583,val
data/original/aquahealth/train_split/Healthy Fish/Healthy Fish_17.jpg,train_split,Healthy Fish,Healthy Fish,7,.jpg,640,640,RGB,8e44de73459c9042153b55b4d75e920132858a67e32d42008b002d422794ba9b,0f0f0c1d191b3327,ok,,g662,train
data/original/aquahealth/train_split/Healthy Fish/Healthy Fish_170.jpg,train_split,Healthy Fish,Healthy Fish,7,.jpg,640,640,RGB,d2a43839ef136a3a2265426f87e66940146d7dc3d6a68c1df9af75f73b78d72d,3030e4c64670f0f1,ok,,g1254,train
data/original/aquahealth/train_split/Healthy Fish/Healthy Fish_172.jpg,train_split,Healthy Fish,Healthy Fish,7,.jpg,640,640,RGB,5c97055898fd8b8023b2f09e4f4115cd328d6f72b85f7f2aaa8cc7d1a1afc645,397144996dc81337,ok,,g1406,train
data/original/aquahealth/train_split/Healthy Fish/Healthy Fish_177.jpg,train_split,Healthy Fish,Healthy Fish,7,.jpg,640,640,RGB,ca5e5235f6e966690134cf97a5fac93b30b2640756842cdf561df032d1bb570a,796f1f3f7e7c7978,ok,,g2026,train
data/original/aquahealth/train_split/Healthy Fish/Healthy Fish_179.jpg,train_split,Healthy Fish,Healthy Fish,7,.jpg,640,640,RGB,a253ff0f6e646442447f5b66b34c8b29b2ae26d2414f5ed990ac2add53815927,85c7c06071fc1e07,ok,,g2185,val
data/original/aquahealth/train_split/Healthy Fish/Healthy Fish_182.jpg,train_split,Healthy Fish,Healthy Fish,7,.jpg,640,640,RGB,7149577fa0002f1501b616848c7bab9f3cd74d4d80aace50998ac8db0aa9e94b,f1b0c4c1e0e0e0ec,ok,,g2901,test
data/original/aquahealth/train_split/Healthy Fish/Healthy Fish_185.jpg,train_split,Healthy Fish,Healthy Fish,7,.jpg,640,640,RGB,b8094574411ffc93c87a39773c46e5458921151717ea1259a0375ffc5bca1cf4,071f1b131b182070,ok,,g428,train
data/original/aquahealth/train_split/Healthy Fish/Healthy Fish_188.jpg,train_split,Healthy Fish,Healthy Fish,7,.jpg,640,640,RGB,3513c231b218b2f60f28c66e3e7971938b2db417f7ef1883a287fe1fcdb759c5,00e1e19a86cce1e0,ok,,g134,test
data/original/aquahealth/train_split/Healthy Fish/Healthy Fish_190.jpg,train_split,Healthy Fish,Healthy Fish,7,.jpg,640,640,RGB,2b222d24b7e9105e679457b3a6f9db3bfbfec76986d80b6f94bdaeed15b8a2ef,a172f2cec2d570c1,ok,,g2375,val
data/original/aquahealth/train_split/Healthy Fish/Healthy Fish_192.jpg,train_split,Healthy Fish,Healthy Fish,7,.jpg,640,640,RGB,c4d86bd6563197a3b9198261ab2394205d2f58757e413b03ad587a91904c0138,7030308614505160,ok,,g1908,train
data/original/aquahealth/train_split/Healthy Fish/Healthy Fish_193.jpg,train_split,Healthy Fish,Healthy Fish,7,.jpg,640,640,RGB,0c20c668328e62fc4c41adb981f774933ef5acfa1f857c01af1135578121aa30,74090908fcf0c046,ok,,g1969,train
data/original/aquahealth/train_split/Healthy Fish/Healthy Fish_194.jpg,train_split,Healthy Fish,Healthy Fish,7,.jpg,640,640,RGB,5586543c4f1f9e76fcd3fe6f70978d2c1757b91122748c1e2f31e5d5e7d21413,f67e7c346064e33f,ok,,g2941,train
data/original/aquahealth/train_split/Healthy Fish/Healthy Fish_196.jpg,train_split,Healthy Fish,Healthy Fish,7,.jpg,640,640,RGB,6aea642790cc3f7f922f57b054a6d09dff5d65658839968853cb2cdd91ac605d,2125071737732723,ok,,g1137,train
data/original/aquahealth/train_split/Healthy Fish/Healthy Fish_199.jpg,train_split,Healthy Fish,Healthy Fish,7,.jpg,640,640,RGB,a11bd8ec3cd03215813a4f510a64fad6514b274144382a740104c5e21db19248,30f1f3b292e97030,ok,,g1281,test
data/original/aquahealth/train_split/Healthy Fish/Healthy Fish_204.jpg,train_split,Healthy Fish,Healthy Fish,7,.jpg,640,640,RGB,5f522a1ea243e1d8ebf0d6f81b9468e085cc3cdf8bf06d2c8d52b4ba3d5022e1,ce7626071746ca93,ok,,g2603,train
data/original/aquahealth/train_split/Healthy Fish/Healthy Fish_205.jpg,train_split,Healthy Fish,Healthy Fish,7,.jpg,640,640,RGB,ab5d5902a6cc1107da51d381c85da108e5bbe9026ef124ff7533644f5368a6d1,000062e2c0809000,ok,,g28,test
data/original/aquahealth/train_split/Healthy Fish/Healthy Fish_206.jpg,train_split,Healthy Fish,Healthy Fish,7,.jpg,640,640,RGB,c47d3e5ab109dfba9a2610a77d2e33804720568baf08aa73054c8445a72045ec,e6e4ece478eececf,ok,,g2804,test
data/original/aquahealth/train_split/Healthy Fish/Healthy Fish_207.jpg,train_split,Healthy Fish,Healthy Fish,7,.jpg,640,640,RGB,c7c35a508485ed4c9c771061f6663d2fc282fe3ef43d953b6c8ef2b9e92f694b,b0787836b0b00000,ok,,g2402,train
data/original/aquahealth/train_split/Healthy Fish/Healthy Fish_208.jpg,train_split,Healthy Fish,Healthy Fish,7,.jpg,640,640,RGB,7db01783450ed149b3eadff98c63f0a4e30954462ddce360dbf04f1ab904ba6a,0f07737b7b4b45f1,ok,,g645,val
data/original/aquahealth/train_split/Healthy Fish/Healthy Fish_210.jpg,train_split,Healthy Fish,Healthy Fish,7,.jpg,640,640,RGB,86c9b120efdf72389f3b878b55a1fca2fd3b78a657798e1d5ca4f09012934cd0,96c6d68f872747c7,ok,,g2295,train
data/original/aquahealth/train_split/Healthy Fish/Healthy Fish_211.jpg,train_split,Healthy Fish,Healthy Fish,7,.jpg,640,640,RGB,7eb2d4585123bc628e1a8f3e70ab39ed84fab4b6fb32f50237f5aad9dc56ccd5,1830e0a248503000,ok,,g882,val
data/original/aquahealth/train_split/Healthy Fish/Healthy Fish_212.jpg,train_split,Healthy Fish,Healthy Fish,7,.jpg,640,640,RGB,85073c11149ce6a78a5c4222d5d1a0c5bbc339cd3c6a3200d5b87a824a783d17,c3474f8783031796,ok,,g2526,train
data/original/aquahealth/train_split/Healthy Fish/Healthy Fish_214.jpg,train_split,Healthy Fish,Healthy Fish,7,.jpg,640,640,RGB,e6cbe5436bda4eff6bdde0c290b665d87ab59f6c1fbb58d4eb160c66f1673297,0f0f1f1b133d1935,ok,,g673,train
data/original/aquahealth/train_split/Healthy Fish/Healthy Fish_215.jpg,train_split,Healthy Fish,Healthy Fish,7,.jpg,640,640,RGB,019fca397ad5801eb50a43787ffb0c5f77f6268956da14b9f924a090adfa537f,9a9a0f0e078383d0,ok,,g2318,test
data/original/aquahealth/train_split/Healthy Fish/Healthy Fish_216.jpg,train_split,Healthy Fish,Healthy Fish,7,.jpg,640,640,RGB,68d4ff1e98291c6442f4a4c3dd599cc8f4875cde6e16be0d2080f047134f3858,64dab8f4e0e4cce6,ok,,g1836,train
data/original/aquahealth/train_split/Healthy Fish/Healthy Fish_217.jpg,train_split,Healthy Fish,Healthy Fish,7,.jpg,640,640,RGB,55484605bdb71a87665476045cc09f8a8b2f04b96fd26b5edb9401ee716e000b,0dcdc3870f0f1c3c,ok,,g596,train
data/original/aquahealth/train_split/Healthy Fish/Healthy Fish_218.jpg,train_split,Healthy Fish,Healthy Fish,7,.jpg,640,640,RGB,0f876af3de090bb2683ce946f6a3f2292d7ecbfa220c40025454b53bad4e741a,050c1c0e0f0f078f,ok,,g327,train
data/original/aquahealth/train_split/Healthy Fish/Healthy Fish_219.jpg,train_split,Healthy Fish,Healthy Fish,7,.jpg,640,640,RGB,805fce66ddc789d2aa2beb65d5c2d4a290a49af6cf06844f55a902e96df8a42b,070d192f275a5ece,ok,,g405,test
data/original/aquahealth/train_split/Healthy Fish/Healthy Fish_221.jpg,train_split,Healthy Fish,Healthy Fish,7,.jpg,640,640,RGB,da1bf03ba166f150a557a9068122a58b46ee2bbaab648085ea37bfae7afc0451,f2787c3e1e9f8b87,ok,,g2916,train
data/original/aquahealth/train_split/Healthy Fish/Healthy Fish_223.jpg,train_split,Healthy Fish,Healthy Fish,7,.jpg,640,640,RGB,38c669ccfc76273d5fcf99821554e14a30a6c5c97a8d70e3ead0bc485fad7c89,f6f0f4f0d4f0d4c6,ok,,g2945,train
data/original/aquahealth/train_split/Healthy Fish/Healthy Fish_224.jpg,train_split,Healthy Fish,Healthy Fish,7,.jpg,640,640,RGB,25cc31974a95265b0c39c9dd099e6788cd0f0d7444faaf7a6e72006f8f99ed82,d6d4818811a0c0c4,ok,,g2633,val
data/original/aquahealth/train_split/Healthy Fish/Healthy Fish_225.jpg,train_split,Healthy Fish,Healthy Fish,7,.jpg,640,640,RGB,897712285f65004304604b6927aaa5a119dd12ca23fc8f6f60b42139d90760ac,0000081a33777c3c,ok,,g15,test
data/original/aquahealth/train_split/Healthy Fish/Healthy Fish_226.jpg,train_split,Healthy Fish,Healthy Fish,7,.jpg,640,640,RGB,ee088c819e7bfe52e4c0cbe0b14c5616ce16b9111599320612b9e425f4517344,31333307070d2600,ok,,g1287,train
data/original/aquahealth/train_split/Healthy Fish/Healthy Fish_227.jpg,train_split,Healthy Fish,Healthy Fish,7,.jpg,640,640,RGB,d55ebb9d3bfbf7e0954e5ad1e21d40bdceb11738cb6726a0f96efc43ea0b2da0,7347ddf3f3b37337,ok,,g1958,test
data/original/aquahealth/train_split/Healthy Fish/Healthy Fish_229.jpg,train_split,Healthy Fish,Healthy Fish,7,.jpg,640,640,RGB,51ba076cad6a44489d508cddf44d6658c2dc9973f0f8e1bc8cbf9fab3a7cf2f5,c7cad5f4dcdcfcdc,ok,,g2567,train
data/original/aquahealth/train_split/Healthy Fish/Healthy Fish_230.jpg,train_split,Healthy Fish,Healthy Fish,7,.jpg,640,640,RGB,20f89269b041530bdaedc3e6d8d02e71e28df55da60c8656494ea1f781ec9070,0080a02090c89080,ok,,g112,train
data/original/aquahealth/train_split/Healthy Fish/Healthy Fish_231.jpg,train_split,Healthy Fish,Healthy Fish,7,.jpg,640,640,RGB,3871d589ccd32712469d4405cffd0465ed50d3ab6164fe09e946516381bab3e2,0703070f0f07273e,ok,,g366,train
data/original/aquahealth/train_split/Healthy Fish/Healthy Fish_236.jpg,train_split,Healthy Fish,Healthy Fish,7,.jpg,640,640,RGB,46deefe09869146b3b0c99397ae923eac50c685a31d1323c7309473c88ac507e,43010c0608045060,ok,,g1588,train
data/original/aquahealth/train_split/Healthy Fish/Healthy Fish_237.jpg,train_split,Healthy Fish,Healthy Fish,7,.jpg,640,640,RGB,9a039ad90ec4b93e222b118bfcdd1461339baf64bb09c06e832db516df2b2aa0,70400002c2323f0f,ok,,g1912,train
data/original/aquahealth/train_split/Healthy Fish/Healthy Fish_241.jpg,train_split,Healthy Fish,Healthy Fish,7,.jpg,640,640,RGB,2ef3a26a0e42ded42acb6d521a7b70365a3b162c54fb74cc2137309dd0d6634d,185871030fcfe3c3,ok,,g889,train
data/original/aquahealth/train_split/Healthy Fish/Healthy Fish_242.jpg,train_split,Healthy Fish,Healthy Fish,7,.jpg,640,640,RGB,585097c6575723eaf9d71359a47c60c32349c4f870faf5269227b45d6ac70df7,0f1bb8ac9e788e13,ok,x1159,g703,train
data/original/aquahealth/train_split/Healthy Fish/Healthy Fish_245.jpg,train_split,Healthy Fish,Healthy Fish,7,.jpg,640,640,RGB,a18673f0bbf9be32ab92ce84b316aca5d78314769306ffb4e2173eb691a08878,0202063c78f9232b,ok,,g201,test
data/original/aquahealth/train_split/Healthy Fish/Healthy Fish_247.jpg,train_split,Healthy Fish,Healthy Fish,7,.jpg,640,640,RGB,36e3a975d066b54250906ebebb919353fdc1c982ace4aac981d2e456c465f6e5,061c7b7b3f7e703a,ok,,g348,test
data/original/aquahealth/train_split/Healthy Fish/Healthy Fish_248.jpg,train_split,Healthy Fish,Healthy Fish,7,.jpg,640,640,RGB,21994a186bd1b2f14f9d050807f048c2b3c8d9fb52f28c10680504752ee9a729,0d0d4c6c69717b5c,ok,,g572,test
data/original/aquahealth/train_split/Healthy Fish/Healthy Fish_251.jpg,train_split,Healthy Fish,Healthy Fish,7,.jpg,640,640,RGB,04b2c450e6da357c1c547c5198b1073eb76801938b622000629bd4cefb5f3990,206c7e7e3f8ff3e6,ok,,g1124,train
data/original/aquahealth/train_split/Healthy Fish/Healthy Fish_253.jpg,train_split,Healthy Fish,Healthy Fish,7,.jpg,640,640,RGB,94119a57d074ef254797f5c50ecb23b0712dcb927d4a44e5fd2e711ee5774587,0072f2daf21200c0,ok,,g106,val
data/original/aquahealth/train_split/Healthy Fish/Healthy Fish_258.jpg,train_split,Healthy Fish,Healthy Fish,7,.jpg,640,640,RGB,c8d3c436f435193da58ca5f31a027f657bca17d1b4b9946671f00dec14a017ef,838331310000a2a2,ok,,g2162,train
data/original/aquahealth/train_split/Healthy Fish/Healthy Fish_259.jpg,train_split,Healthy Fish,Healthy Fish,7,.jpg,640,640,RGB,d06fc56adc6a0ee908b30f3e060f0e582a6627653b393926b00cecae232df10b,f0f6e7c3cef03000,ok,,g2887,train
data/original/aquahealth/train_split/Healthy Fish/Healthy Fish_260.jpg,train_split,Healthy Fish,Healthy Fish,7,.jpg,640,640,RGB,d5034f0a23e0128d3653a869781b503c178c2165753bb1b51734e9a38953f4ee,b8b0ac5434000022,ok,,g2433,train
data/original/aquahealth/train_split/Healthy Fish/Healthy Fish_262.jpg,train_split,Healthy Fish,Healthy Fish,7,.jpg,640,640,RGB,dfbce325bac15d62c1ea4c40df74f8a4a168270a89b9a42a971a4b698a5d5484,98d8bf5c5400c080,ok,,g2307,test
data/original/aquahealth/train_split/Healthy Fish/Healthy Fish_263.jpg,train_split,Healthy Fish,Healthy Fish,7,.jpg,640,640,RGB,cc3f9ad8036e2dae98c92df5765cd04ce8c6d6f5a2792c8376f3bfd3aedb1f64,4e4b4606c1f87e39,ok,,g1664,train
data/original/aquahealth/train_split/Healthy Fish/Healthy Fish_265.jpg,train_split,Healthy Fish,Healthy Fish,7,.jpg,640,640,RGB,c97fdd8901a40a4f42e9381cf09a52963e1cb4ad3e9772ba8497ed7374a292a8,230304060f1f1b1b,ok,,g1157,train
data/original/aquahealth/train_split/Healthy Fish/Healthy Fish_271.jpg,train_split,Healthy Fish,Healthy Fish,7,.jpg,640,640,RGB,02b53183467553cec31190c7bd9f69a6ca671d42ec666e46a981769acbb886f2,647cfcf878f8ecfe,ok,,g1834,val
data/original/aquahealth/train_split/Healthy Fish/Healthy Fish_274.jpg,train_split,Healthy Fish,Healthy Fish,7,.jpg,640,640,RGB,e211263e5a4963569594b1a577bc5618d0b4a85bfb2db6260a0cd462754aea18,1838b8dce6f8b818,ok,,g885,train
data/original/aquahealth/train_split/Healthy Fish/Healthy Fish_275.jpg,train_split,Healthy Fish,Healthy Fish,7,.jpg,640,640,RGB,9092fbc1c73f4b4a991aa48b2c5ef6cd9915a0b7ee0e05fcf092c6d38c5494fb,7515031343e599b8,ok,,g1976,train
data/original/aquahealth/train_split/Healthy Fish/Healthy Fish_277.jpg,train_split,Healthy Fish,Healthy Fish,7,.jpg,640,640,RGB,ea28ff31445905aa84c8033ce1047becd8f94d18bb2d0fa50faaf84251afde9e,a470f1cee675d099,ok,,g2380,train
data/original/aquahealth/train_split/Healthy Fish/Healthy Fish_279.jpg,train_split,Healthy Fish,Healthy Fish,7,.jpg,640,640,RGB,cca70ec454d71b68fc7f8585a74d306d2a6dcda5098511f3a2c66dcbe266a3d8,0d0f1d7d7c3e2e0e,ok,,g575,test
data/original/aquahealth/train_split/Healthy Fish/Healthy Fish_280.jpg,train_split,Healthy Fish,Healthy Fish,7,.jpg,640,640,RGB,efb231f9ffe1e8a9f222c61c804f4f3aa2412be7eaa941148414f83e3c316bac,0139a48686950541,ok,,g180,train
data/original/aquahealth/train_split/Healthy Fish/Healthy Fish_281.jpg,train_split,Healthy Fish,Healthy Fish,7,.jpg,640,640,RGB,10553ea2bcf9672388e596ccb74f4560a51efa777c06e95417a6e9726d5bde17,00c0c808c0c08080,ok,,g125,train
data/original/aquahealth/train_split/Healthy Fish/Healthy Fish_282.jpg,train_split,Healthy Fish,Healthy Fish,7,.jpg,640,640,RGB,5aded011ebac34b1c60b679d2d525f563399e12052463894de5249d2efb9f538,80808071f1e1c084,ok,,g2128,val
data/original/aquahealth/train_split/Healthy Fish/Healthy Fish_283.jpg,train_split,Healthy Fish,Healthy Fish,7,.jpg,640,640,RGB,b1fd1c79a3234dc423ac4782dc290a461760ccc1ce806c28b24d16a90ff5afb8,7068f8d0e0a8a800,ok,,g1918,train
data/original/aquahealth/train_split/Healthy Fish/Healthy Fish_284.jpg,train_split,Healthy Fish,Healthy Fish,7,.jpg,640,640,RGB,1a2f8494635ba7420729229020586a2e3a4f0fe1a6ee7a8e1321131d10aed176,c6448cc8e968280e,ok,,g2556,train
data/original/aquahealth/train_split/Healthy Fish/Healthy Fish_290.jpg,train_split,Healthy Fish,Healthy Fish,7,.jpg,640,640,RGB,7cc72d2295ddcba9d2041522d839760ce840796948751e836f727c0fb892794e,4eec64ecdf2f0a02,ok,,g1666,train
data/original/aquahealth/train_split/Healthy Fish/Healthy Fish_291.jpg,train_split,Healthy Fish,Healthy Fish,7,.jpg,640,640,RGB,76a9b93776c4d94374cf454a0351104167cb99f21cd99c02c37f60f07e2da2ba,1b70648287541013,ok,,g938,train
data/original/aquahealth/train_split/Healthy Fish/Healthy Fish_293.jpg,train_split,Healthy Fish,Healthy Fish,7,.jpg,640,640,RGB,c0313e68caa72719245b48cf15bf925275c7c1eda3f31bcb6936784dd550bf6b,e0f8705200000000,ok,,g2742,train
data/original/aquahealth/train_split/Healthy Fish/Healthy Fish_298.jpg,train_split,Healthy Fish,Healthy Fish,7,.jpg,640,640,RGB,cd9d762d255d1a1cced40704fcbbf2dc34491bfa0e7751bc935c17b5ecfc0ee4,000020e0988cbc30,ok,,g22,val
data/original/aquahealth/train_split/Healthy Fish/Healthy Fish_299.jpg,train_split,Healthy Fish,Healthy Fish,7,.jpg,640,640,RGB,26f190fcc678bf21234475d3fca901727533f8823eccaa1c06ef41a7f343e0f6,000000606060e0c0,ok,,g8,train
data/original/aquahealth/train_split/Healthy Fish/Healthy Fish_300.jpg,train_split,Healthy Fish,Healthy Fish,7,.jpg,640,640,RGB,3102e799ee6cf830b5873f8518611e75f41f27cc7966ec729ac3cc4348df67b0,00003060e4e0e0f0,ok,,g23,train
data/original/aquahealth/train_split/Healthy Fish/Healthy Fish_301.jpg,train_split,Healthy Fish,Healthy Fish,7,.jpg,640,640,RGB,88e5b93c8e96966f0262f326185030632f3063644d1bf61f02ba691860f815a4,00008086843c14d2,ok,,g33,val
data/original/aquahealth/train_split/Healthy Fish/Healthy Fish_306.jpg,train_split,Healthy Fish,Healthy Fish,7,.jpg,640,640,RGB,5003ae93ca6bbf94c189c5d884c5a597608f32264f595c217af03a23ade18f89,b1b1f1f8e8412400,ok,,g2414,test
data/original/aquahealth/train_split/Healthy Fish/Healthy Fish_308.jpg,train_split,Healthy Fish,Healthy Fish,7,.jpg,640,640,RGB,c423b8b8ee020fb4d36bc895ce05824f98199f24667ba67246d7b3e8c291f8fb,60e3e33a1edaca8b,ok,,g1777,train
data/original/aquahealth/train_split/Healthy Fish/Healthy Fish_309.jpg,train_split,Healthy Fish,Healthy Fish,7,.jpg,640,640,RGB,6f5ae338bd087b1bd76cde53606a1ece6c584f61ffc57f79d29f57d6df82f063,1e9a4e0737170767,ok,,g1004,test
data/original/aquahealth/train_split/Healthy Fish/Healthy Fish_311.jpg,train_split,Healthy Fish,Healthy Fish,7,.jpg,640,640,RGB,526c687681c1795cb9be4758682283ca94eeaec22b1c78e531d69db54ad55354,0e0e0f0d2e3f7cec,ok,,g606,train
data/original/aquahealth/train_split/Healthy Fish/Healthy Fish_312.jpg,train_split,Healthy Fish,Healthy Fish,7,.jpg,640,640,RGB,cfaea7e44086f7599f2e8cd05ab935dbcef77232f7c49005019b294eb6528a41,30f3d39e0ecef555,ok,,g1283,train
data/original/aquahealth/train_split/Healthy Fish/Healthy Fish_313.jpg,train_split,Healthy Fish,Healthy Fish,7,.jpg,640,640,RGB,9cf4653420a09c7892af693b49308e7d885866fdccd2303507a5aba9fc0c645d,cc071d1f1f2ca4e0,ok,,g2592,test
data/original/aquahealth/train_split/Healthy Fish/Healthy Fish_315.jpg,train_split,Healthy Fish,Healthy Fish,7,.jpg,640,640,RGB,d53b0295a431aa613e192d38bab032ef55151d826b26d114a0e0efd69fd5e33b,071f1b131b182070,ok,,g428,train
data/original/aquahealth/train_split/Healthy Fish/Healthy Fish_316.jpg,train_split,Healthy Fish,Healthy Fish,7,.jpg,640,640,RGB,afea90bdcd1e13dae99c77a7cb36006f45fb2b79b78c3b7d68ec2b5586bedd62,0010303086845000,ok,,g66,train
data/original/aquahealth/train_split/Healthy Fish/Healthy Fish_318.jpg,train_split,Healthy Fish,Healthy Fish,7,.jpg,640,640,RGB,55c73032f51314b2bfa9b19d548a4790a71758f857355bc70e5e59b9ce01981c,9c8c8c0c8686c644,ok,,g2329,val
data/original/aquahealth/train_split/Healthy Fish/Healthy Fish_320.jpg,train_split,Healthy Fish,Healthy Fish,7,.jpg,640,640,RGB,c4f572200caffce3b459bb761f8e09f9b0378c00466cfbc38675c85bd9563539,838b1b1f8f8b89c7,ok,,g2166,test
data/original/aquahealth/train_split/Healthy Fish/Healthy Fish_321.jpg,train_split,Healthy Fish,Healthy Fish,7,.jpg,640,640,RGB,42612a3226d983b4476a263006f99cd85903c024a355bb809d3f62cd8c7e1cef,3272f0ece4f03080,ok,,g1309,train
data/original/aquahealth/train_split/Healthy Fish/Healthy Fish_325.jpg,train_split,Healthy Fish,Healthy Fish,7,.jpg,640,640,RGB,f0658e1324695d0ff09d8bc02e63d15a0ce77ff2a2bcd704bb146ff252c3e53a,59dbb060471f4f47,ok,,g1712,val
data/original/aquahealth/train_split/Healthy Fish/Healthy Fish_326.jpg,train_split,Healthy Fish,Healthy Fish,7,.jpg,640,640,RGB,e79a5f23ad90639478abe4f42a629d9e83b42f26f0f67c2849bc54fac61501e2,cdcb960f0b730a06,ok,,g2602,test
data/original/aquahealth/train_split/Healthy Fish/Healthy Fish_327.jpg,train_split,Healthy Fish,Healthy Fish,7,.jpg,640,640,RGB,9ba5699308e0f009f11cafcfa8a907b973f5994fce165ce70b0115c4830340f6,aede9ef38127b735,ok,,g2398,train
data/original/aquahealth/train_split/Healthy Fish/Healthy Fish_328.jpg,train_split,Healthy Fish,Healthy Fish,7,.jpg,640,640,RGB,d0ee361441b6731f8e1c4b736b1080c16385c0b2713f96d7b579b0ee5d686e0e,0030f08ce6bc1800,ok,,g85,train
data/original/aquahealth/train_split/Healthy Fish/Healthy Fish_330.jpg,train_split,Healthy Fish,Healthy Fish,7,.jpg,640,640,RGB,d3ee4873a3c9037e47fe5837a352d9ca4f576a269040fe75579294c43daaa858,0f07371f0f0f2f2f,ok,,g643,train
data/original/aquahealth/train_split/Healthy Fish/Healthy Fish_331.jpg,train_split,Healthy Fish,Healthy Fish,7,.jpg,640,640,RGB,b93ff2929a5fcb38d52e6957706e2a957833c59fd19cd6c431c63fd13a33624b,9a9a0f0e078383d0,ok,,g2318,test
data/original/aquahealth/train_split/Healthy Fish/Healthy Fish_333.jpg,train_split,Healthy Fish,Healthy Fish,7,.jpg,640,640,RGB,bdc8a6ffcdd34278e247f471b8afdcfbf16781979cc67430ff81098f795914e2,60e3e38adecf6500,ok,,g1778,train
data/original/aquahealth/train_split/Healthy Fish/Healthy Fish_335.jpg,train_split,Healthy Fish,Healthy Fish,7,.jpg,640,640,RGB,fcd8468c887a1b0af823ec79e090cdf00aea26b875c56149e3b9f51913f467c4,07410e070f9c2717,ok,,g444,train
data/original/aquahealth/train_split/Healthy Fish/Healthy Fish_336.jpg,train_split,Healthy Fish,Healthy Fish,7,.jpg,640,640,RGB,87fc6cdf78f12cb6ca7943efb28974a0074887bcca1de6b9c91bcc17ea7acbbc,921ab29283201206,ok,,g2280,train
data/original/aquahealth/train_split/Healthy Fish/Healthy Fish_337.jpg,train_split,Healthy Fish,Healthy Fish,7,.jpg,640,640,RGB,8b0576286d91e87ee755548c45abfa14051a663fc98fbaf42ef486731693301c,0886078f061f0f0a,ok,,g489,train
data/original/aquahealth/train_split/Healthy Fish/Healthy Fish_338.jpg,train_split,Healthy Fish,Healthy Fish,7,.jpg,640,640,RGB,db6c1a7352c130c785bb74c8ee03e2bffdbd56050a6ae147eac640eb35029e1f,093119ae870f3f19,ok,,g507,train
data/original/aquahealth/train_split/Healthy Fish/Healthy Fish_341.jpg,train_split,Healthy Fish,Healthy Fish,7,.jpg,640,640,RGB,ec1236b15b4e45b4e0991f5de31f44bc439520a3d68c61e17dd70138310ce2e3,e1c4c181838f7cf1,ok,,g2751,val
data/original/aquahealth/train_split/Healthy Fish/Healthy Fish_343.jpg,train_split,Healthy Fish,Healthy Fish,7,.jpg,640,640,RGB,ebde832572920cba8d76024682c749e30a0b10160753485e6f3f96d1d92a6204,ec6c1c343155ddcc,ok,,g2833,train
data/original/aquahealth/train_split/Healthy Fish/Healthy Fish_344.jpg,train_split,Healthy Fish,Healthy Fish,7,.jpg,640,640,RGB,c440b1582a3c44fd287749908eb6f407d736bdf4c5feb35744a4a5f510ff46eb,0030303086845000,ok,,g83,train
data/original/aquahealth/train_split/Healthy Fish/Healthy Fish_346.jpg,train_split,Healthy Fish,Healthy Fish,7,.jpg,640,640,RGB,7d9616a96aceaf191fefe53e123b24bc4b0b46d3969786bb04092fcfb679a28f,0c270707071f0f1d,ok,,g550,test
data/original/aquahealth/train_split/Healthy Fish/Healthy Fish_347.jpg,train_split,Healthy Fish,Healthy Fish,7,.jpg,640,640,RGB,9687bb9185e57e39f0afe2933fc0534c58b5c62d335d2fbade226ab257a53590,cc071d1f17a8a4e0,ok,,g2591,train
data/original/aquahealth/train_split/Healthy Fish/Healthy Fish_353.jpg,train_split,Healthy Fish,Healthy Fish,7,.jpg,640,640,RGB,dfb3a585363e0ce578173c5f15b7432750817a7fc7b1a82549f7f06a9cc654e9,f0891c2d0e8c81e3,ok,,g2858,train
data/original/aquahealth/train_split/Healthy Fish/Healthy Fish_355.jpg,train_split,Healthy Fish,Healthy Fish,7,.jpg,640,640,RGB,a11adabb463feddde0e2794a5f029ce7b81759a846d5e784654fe09e6f20acdb,637150d8d490120e,ok,,g1813,train
data/original/aquahealth/train_split/Healthy Fish/Healthy Fish_356.jpg,train_split,Healthy Fish,Healthy Fish,7,.jpg,640,640,RGB,7beb015946bc38d454083f121e9e9818ae83dd586921eff13055e5f80fa5eccb,50787836b0b00001,ok,,g1693,test
data/original/aquahealth/train_split/Healthy Fish/Healthy Fish_357.jpg,train_split,Healthy Fish,Healthy Fish,7,.jpg,640,640,RGB,af888781bf40c277c814a6396c3f2991b2aa5073c5d29c347d447480507f6ea5,f4d9cd63e1f6dcfc,ok,,g2935,train
data/original/aquahealth/train_split/Healthy Fish/Healthy Fish_364.jpg,train_split,Healthy Fish,Healthy Fish,7,.jpg,640,640,RGB,1bc425d33b8322affa79e74abbda80944e8bf5bc2133e414c3fd804e6b547c08,a78306869b9b83a2,ok,,g2391,val
data/original/aquahealth/train_split/Healthy Fish/Healthy Fish_368.jpg,train_split,Healthy Fish,Healthy Fish,7,.jpg,640,640,RGB,3f393bda79ce091c5a2f7ee54621a8c663d835188469447d13bae7cbf6e3ad4d,0f074b1f1d308080,ok,,g644,train
data/original/aquahealth/train_split/Healthy Fish/Healthy Fish_369.jpg,train_split,Healthy Fish,Healthy Fish,7,.jpg,640,640,RGB,7a3134e15603fc378342e77a9c91e1251b82ffad5b99f50980b281226351ee0f,162147ce9c3839b9,ok,,g851,train
data/original/aquahealth/train_split/Healthy Fish/Healthy Fish_37.jpg,train_split,Healthy Fish,Healthy Fish,7,.jpg,640,640,RGB,a103ef919e72e39b9a794cdda7e22bf34b55f8d06ed23dccb0a1b9861e6653c8,373f2f2727373737,ok,,g1357,train
data/original/aquahealth/train_split/Healthy Fish/Healthy Fish_372.jpg,train_split,Healthy Fish,Healthy Fish,7,.jpg,640,640,RGB,c6ee1edc3157ac02b660698bdfc65dc0e06cb6dc8c9e5defd0520dc93b9b38b6,0e0e0f2713175757,ok,,g607,val
data/original/aquahealth/train_split/Healthy Fish/Healthy Fish_373.jpg,train_split,Healthy Fish,Healthy Fish,7,.jpg,640,640,RGB,007c1adff5ae9a92126e7d69b80cd80f5fc8e328a4581438d546ca82a84c6994,f0f0e0f9fe9cec6c,ok,,g2880,train
data/original/aquahealth/train_split/Healthy Fish/Healthy Fish_374.jpg,train_split,Healthy Fish,Healthy Fish,7,.jpg,640,640,RGB,15992f5dd5e2f57ebc9844f03ce509954d5323b55130dcd93588f05557990908,af7f1f1f079b37d3,ok,,g2399,train
data/original/aquahealth/train_split/Healthy Fish/Healthy Fish_375.jpg,train_split,Healthy Fish,Healthy Fish,7,.jpg,640,640,RGB,844245e46046b61e18731cf79c4ef67ff6df22b49991e6891890ad19b9c581b2,838fcfcd4e4cec69,ok,,g2167,train
data/original/aquahealth/train_split/Healthy Fish/Healthy Fish_376.jpg,train_split,Healthy Fish,Healthy Fish,7,.jpg,640,640,RGB,f69444e23ddba92ae66eab5be79573973412f24d782daa02f8218f92a28fdc5b,1f1f0f0703433e1e,ok,,g1046,train
data/original/aquahealth/train_split/Healthy Fish/Healthy Fish_377.jpg,train_split,Healthy Fish,Healthy Fish,7,.jpg,640,640,RGB,aad42b8e1c118d7cd292c5bdc3d808b8d58e4d66b67323b7006f3db2496a6e87,ccf658d8dfddf9ad,ok,,g2600,test
data/original/aquahealth/train_split/Healthy Fish/Healthy Fish_378.jpg,train_split,Healthy Fish,Healthy Fish,7,.jpg,640,640,RGB,5d22270ef6e4d0fa99cb96c8b9b7949aa3db011fb2d33e157802b32290751cab,9f6f5a991d2c6e68,ok,,g2359,val
data/original/aquahealth/train_split/Healthy Fish/Healthy Fish_380.jpg,train_split,Healthy Fish,Healthy Fish,7,.jpg,640,640,RGB,0a5ed7bd1382a50088c12f5afd9c63a095b74845676aea9cd6a51c25b2ce6aa7,70661e6e1e2008b4,ok,x142,g1916,train
data/original/aquahealth/train_split/Healthy Fish/Healthy Fish_382.jpg,train_split,Healthy Fish,Healthy Fish,7,.jpg,640,640,RGB,f5c9c84b9a846b55451a40c5510dbefc02991abcc15f015f1799c8aa68052e61,a31f3e581f2a4e5e,ok,,g2378,train
data/original/aquahealth/train_split/Healthy Fish/Healthy Fish_383.jpg,train_split,Healthy Fish,Healthy Fish,7,.jpg,640,640,RGB,b90f88940c5fcf40073e6e17170efc85926626bd48efedcc515e02c114eb794b,06334327676de9c3,ok,,g352,test
data/original/aquahealth/train_split/Healthy Fish/Healthy Fish_384.jpg,train_split,Healthy Fish,Healthy Fish,7,.jpg,640,640,RGB,b0017f50f05f851d90c14e027223cf9e9c89fb60ee88beffe370e16887a4a4a7,ec8f32e79ca3c6e8,ok,,g2835,val
data/original/aquahealth/train_split/Healthy Fish/Healthy Fish_386.jpg,train_split,Healthy Fish,Healthy Fish,7,.jpg,640,640,RGB,13b7967639b2641e62e8fc6e11c094dc117be5e1a52da17a6965b169395933e7,e0c2d298ae8ee0e1,ok,,g2713,train
data/original/aquahealth/train_split/Healthy Fish/Healthy Fish_387.jpg,train_split,Healthy Fish,Healthy Fish,7,.jpg,640,640,RGB,46c01cab8d4c052dc73265f4efa726251f0af614cd5c0bda7c6e265121605f24,861b232327256963,ok,,g2191,train
data/original/aquahealth/train_split/Healthy Fish/Healthy Fish_390.jpg,train_split,Healthy Fish,Healthy Fish,7,.jpg,640,640,RGB,a69d4892a9be05d4ae81d3ec25a85077ec9dc32d985ca069790c0f61d672fa3f,71cb0b0b0b8b0b28,ok,,g1944,test
data/original/aquahealth/train_split/Healthy Fish/Healthy Fish_391.jpg,train_split,Healthy Fish,Healthy Fish,7,.jpg,640,640,RGB,2697ea3c252193ab36f4a4b25de6ec6103da729845db65c48a73e4c69f11fdc1,f57d1d1f3f1f1d59,ok,,g2940,train
data/original/aquahealth/train_split/Healthy Fish/Healthy Fish_392.jpg,train_split,Healthy Fish,Healthy Fish,7,.jpg,640,640,RGB,5c337ad1619b5c98e41452d8ec269617633faa2efb4cfa91924b5854a1b19f69,170f1e244d5f0ccc,ok,,g858,train
data/original/aquahealth/train_split/Healthy Fish/Healthy Fish_393.jpg,train_split,Healthy Fish,Healthy Fish,7,.jpg,640,640,RGB,09f034190e3127f168c8ec6f7ffe99fbdba1879af1813c25b956f2909ce200be,4c8e870f0f871836,ok,,g1654,train
data/original/aquahealth/train_split/Healthy Fish/Healthy Fish_395.jpg,train_split,Healthy Fish,Healthy Fish,7,.jpg,640,640,RGB,e8177bec3daafeeb415413059a7b832f69fd370d188540047bc1e6633c7e3cba,20181d1f3f1f1d88,ok,,g1116,train
data/original/aquahealth/train_split/Healthy Fish/Healthy Fish_396.jpg,train_split,Healthy Fish,Healthy Fish,7,.jpg,640,640,RGB,b1d0d74b9d370dab5cddf15cecdd0aea916597d57122ac44ef48cafbaea6d874,c4c8f8f0f0f8f0f0,ok,,g2551,train
data/original/aquahealth/train_split/Healthy Fish/Healthy Fish_402.jpg,train_split,Healthy Fish,Healthy Fish,7,.jpg,640,640,RGB,050516d835acf156e7d22662e456c03a4f00bca81c774d420cdf37a3df2d3618,c1c3c7470f83e3a3,ok,,g2517,train
data/original/aquahealth/train_split/Healthy Fish/Healthy Fish_403.jpg,train_split,Healthy Fish,Healthy Fish,7,.jpg,640,640,RGB,47dc1e72fd95195275e21852ea213e17b2da78ff3a83b0c8839542010d994b7c,000c048607070f00,ok,,g60,val
data/original/aquahealth/train_split/Healthy Fish/Healthy Fish_406.jpg,train_split,Healthy Fish,Healthy Fish,7,.jpg,640,640,RGB,87f8315c637b692b808e7600c17fd336bd52e5fec41858133b8224847eb66df9,0f37c5918b828e1b,ok,,g732,val
data/original/aquahealth/train_split/Healthy Fish/Healthy Fish_407.jpg,train_split,Healthy Fish,Healthy Fish,7,.jpg,640,640,RGB,472216489c5205129189b1cdc237afa62df3c2dde40f824698289c2f446ada0e,5b4d0f47470b0387,ok,,g1717,train
data/original/aquahealth/train_split/Healthy Fish/Healthy Fish_408.jpg,train_split,Healthy Fish,Healthy Fish,7,.jpg,640,640,RGB,15b121e6fc77cc200100b439f50016226010a9c765c02d7065ca624cb42398d0,4e16274707070707,ok,,g1662,train
data/original/aquahealth/train_split/Healthy Fish/Healthy Fish_409.jpg,train_split,Healthy Fish,Healthy Fish,7,.jpg,640,640,RGB,597571868f626b55f03cefe851c71e44c5d55c702456599372656a1754fabc1e,b89e07571e98c0c3,ok,,g2432,train
data/original/aquahealth/train_split/Healthy Fish/Healthy Fish_412.jpg,train_split,Healthy Fish,Healthy Fish,7,.jpg,640,640,RGB,b98352b1deadf081de35c16ba070e9a7fef6d02ca67ba1871788c450e5722dd0,7504106169bf6737,ok,,g1975,train
data/original/aquahealth/train_split/Healthy Fish/Healthy Fish_413.jpg,train_split,Healthy Fish,Healthy Fish,7,.jpg,640,640,RGB,51651ba5726571c5b82a92031596a1bc3ee06b4d8a32a2f33c22120e3f508393,0063e2c20ed0d040,ok,,g103,train
data/original/aquahealth/train_split/Healthy Fish/Healthy Fish_415.jpg,train_split,Healthy Fish,Healthy Fish,7,.jpg,640,640,RGB,9e572ad82a7bea6fcfe0b684b13389790e3b7c9c45e3ca53760d3ca5f19c918c,0c06470707070c06,ok,,g538,train
data/original/aquahealth/train_split/Healthy Fish/Healthy Fish_416.jpg,train_split,Healthy Fish,Healthy Fish,7,.jpg,640,640,RGB,b08409b5e6777c7f8f72bfe69c328bf1d2b8b43047b247fc5a4204ed3617db6b,181c7c9c9e3cbced,ok,,g878,train
data/original/aquahealth/train_split/Healthy Fish/Healthy Fish_417.jpg,train_split,Healthy Fish,Healthy Fish,7,.jpg,640,640,RGB,78947309dbd45f99303cd8436aca4163597d6b27b10badc08110007cb28c5682,ebcf8f060e0e0f98,ok,,g2832,train
data/original/aquahealth/train_split/Healthy Fish/Healthy Fish_418.jpg,train_split,Healthy Fish,Healthy Fish,7,.jpg,640,640,RGB,a77786a1f619e2d8725097ca99d0277442d003745a416f96bbbb771a1d2a16b8,6a2028280c2ca828,ok,,g1870,train
data/original/aquahealth/train_split/Healthy Fish/Healthy Fish_420.jpg,train_split,Healthy Fish,Healthy Fish,7,.jpg,640,640,RGB,1018f168df7e63b9e758b6b1f39c1b543858b6b53a8727b62cae8e4dabb34d6d,1eb3332506a61727,ok,,g1006,test
data/original/aquahealth/train_split/Healthy Fish/Healthy Fish_422.jpg,train_split,Healthy Fish,Healthy Fish,7,.jpg,640,640,RGB,931b075574cbcb1f81ded09642b56d7d5ba34553469c27d0ae5b7e1263bf155c,b898d85c0e9efe9e,ok,,g2430,train
data/original/aquahealth/train_split/Healthy Fish/Healthy Fish_423.jpg,train_split,Healthy Fish,Healthy Fish,7,.jpg,640,640,RGB,8b5c0f37483173290502c86105696adc1915bbaf86a4e8da00cf4c6b2a7a4ce1,170e0f0f0f0b0b1b,ok,,g857,train
data/original/aquahealth/train_split/Healthy Fish/Healthy Fish_426.jpg,train_split,Healthy Fish,Healthy Fish,7,.jpg,640,640,RGB,ac16491d1ec0288fb9eb5d657deda2ac606bb0766ce7f5ec73c777aa937d94cc,370f0f0f5f183d1f,ok,,g1347,train
data/original/aquahealth/train_split/Healthy Fish/Healthy Fish_427.jpg,train_split,Healthy Fish,Healthy Fish,7,.jpg,640,640,RGB,a1b786f8059c39323e51bb54f5ebb800096cdc3cdd7a496cd9f5b2c8b03bc2e1,9c8c8c0c8686c644,ok,,g2329,val
data/original/aquahealth/train_split/Healthy Fish/Healthy Fish_428.jpg,train_split,Healthy Fish,Healthy Fish,7,.jpg,640,640,RGB,043d4784b819c8c01767fff470b8f5fdd0600cc65cccc71db3d19c0d28a9108a,6763e090d7dffef6,ok,,g1854,train
data/original/aquahealth/train_split/Healthy Fish/Healthy Fish_43.jpg,train_split,Healthy Fish,Healthy Fish,7,.jpg,640,640,RGB,1d1bf34613c3ae34a0822308b6362e1d223c21ed14f925733f7b97d08826ee33,0909191919191313,ok,,g496,train
data/original/aquahealth/train_split/Healthy Fish/Healthy Fish_430.jpg,train_split,Healthy Fish,Healthy Fish,7,.jpg,640,640,RGB,e3d4541c113537663a1be5ab0e3c9b0478374c304c846fa56d04ba77472e6dd2,060707070d1c1c34,ok,,g341,train
data/original/aquahealth/train_split/Healthy Fish/Healthy Fish_433.jpg,train_split,Healthy Fish,Healthy Fish,7,.jpg,640,640,RGB,07b7b29319927b9652d9ed6cf7307427385058c730650f3bd63430bfd20a919e,78fcecd2d71d9818,ok,,g2019,train
data/original/aquahealth/train_split/Healthy Fish/Healthy Fish_434.jpg,train_split,Healthy Fish,Healthy Fish,7,.jpg,640,640,RGB,5c9cc7eb7b2527252fc7e0d8453ceaf7f4cafd96e62b9b2a74ef9bab7e541db0,3e3ef73eced26636,ok,,g1488,train
data/original/aquahealth/train_split/Healthy Fish/Healthy Fish_435.jpg,train_split,Healthy Fish,Healthy Fish,7,.jpg,640,640,RGB,f9a960fd473db3ff34deb280c615c81e2f64aa3ada7171c9f3e64844e8a8c029,190f0f0f070e1c90,ok,,g895,train
data/original/aquahealth/train_split/Healthy Fish/Healthy Fish_436.jpg,train_split,Healthy Fish,Healthy Fish,7,.jpg,640,640,RGB,e90cd060df6dd1ff7f7dc8444ea96484f36fd57b23eb29dba00489657f31f42f,191e367371713516,ok,,g901,train
data/original/aquahealth/train_split/Healthy Fish/Healthy Fish_437.jpg,train_split,Healthy Fish,Healthy Fish,7,.jpg,640,640,RGB,32ddff62ae634d81bda9ed73598b90c1ec7e4fa41e1be3bf166639bab8ce225b,f19a9e0e0f4f4c18,ok,,g2900,train
data/original/aquahealth/train_split/Healthy Fish/Healthy Fish_438.jpg,train_split,Healthy Fish,Healthy Fish,7,.jpg,640,640,RGB,ad369650a65b63d25ec699de983984bdfce14d77a50de1e93194c03e95c97542,870707311c0e8612,ok,,g2202,val
data/original/aquahealth/train_split/Healthy Fish/Healthy Fish_439.jpg,train_split,Healthy Fish,Healthy Fish,7,.jpg,640,640,RGB,df380f2d2085a790a8760da683168beba598280f9271d1b5e98a5fe2544dfbd4,3627270e1e061c18,ok,,g1340,train
data/original/aquahealth/train_split/Healthy Fish/Healthy Fish_441.jpg,train_split,Healthy Fish,Healthy Fish,7,.jpg,640,640,RGB,96148956cff09c3e5ae4f023f5966bf85b708331738610e07f984d1d2c38f69e,43c7c7868687070f,ok,,g1607,test
data/original/aquahealth/train_split/Healthy Fish/Healthy Fish_442.jpg,train_split,Healthy Fish,Healthy Fish,7,.jpg,640,640,RGB,7e522bb90692468d35d9ab4b5de6e7e972fc778a14a84c02a7a23c9ac44c38db,3f39380603a61627,ok,,g1512,train
data/original/aquahealth/train_split/Healthy Fish/Healthy Fish_444.jpg,train_split,Healthy Fish,Healthy Fish,7,.jpg,640,640,RGB,d55d117586cb7662b913c9bc17d94ca7d154d50b6a7baacbafb6c2bbab239601,98bc98b8b8b8a1e1,ok,,g2306,train
data/original/aquahealth/train_split/Healthy Fish/Healthy Fish_445.jpg,train_split,Healthy Fish,Healthy Fish,7,.jpg,640,640,RGB,8162e87f19cf498563ad7a59f2d2c70275a0709ed3dc0772e85cf9c08a74d78f,bf3f1f5f7fbf6fdf,ok,,g2457,train
data/original/aquahealth/train_split/Healthy Fish/Healthy Fish_446.jpg,train_split,Healthy Fish,Healthy Fish,7,.jpg,640,640,RGB,e756fcbf24b9fba6c8a471a82ad3f1e595846ac4769f2eaef1f7af95a574d4ad,85858d0b2f1f88ce,ok,,g2182,test
data/original/aquahealth/train_split/Healthy Fish/Healthy Fish_447.jpg,train_split,Healthy Fish,Healthy Fish,7,.jpg,640,640,RGB,35c6fcde7881d5bc3a075998c1eb25b9d7f7092cd361e3088cce1b9396683dee,b0f464ecc8d8d0f0,ok,,g2408,train
data/original/aquahealth/train_split/Healthy Fish/Healthy Fish_448.jpg,train_split,Healthy Fish,Healthy Fish,7,.jpg,640,640,RGB,758f69611d2ad37698d933ca258785e49811ba25a36a85c6c71338b27659c108,18786496bc347c18,ok,,g891,train
data/original/aquahealth/train_split/Healthy Fish/Healthy Fish_449.jpg,train_split,Healthy Fish,Healthy Fish,7,.jpg,640,640,RGB,40385b1a81e6cca83e357841cb5bbb123c7245dc8c2e24449ea30b2703b3b518,e2e6e470f0f06883,ok,,g2765,train
data/original/aquahealth/train_split/Healthy Fish/Healthy Fish_450.jpg,train_split,Healthy Fish,Healthy Fish,7,.jpg,640,640,RGB,f5c98e1668461ce26354795a564975c29244b0876814dc53496c434fae856d18,070f8eaa37070302,ok,,g417,train
data/original/aquahealth/train_split/Healthy Fish/Healthy Fish_451.jpg,train_split,Healthy Fish,Healthy Fish,7,.jpg,640,640,RGB,aab5664f60e1b4ddd26795fd1b7ac0183ef77074ccb90e9def5ce31918e3bed2,00c0c2c2c2c68200,ok,,g123,train
data/original/aquahealth/train_split/Healthy Fish/Healthy Fish_452.jpg,train_split,Healthy Fish,Healthy Fish,7,.jpg,640,640,RGB,a7b1ff6371e60d751b8d992f9c7e8ec509b5770d272330542590cf9bbc808a67,b0b0e0e0d0d0f436,ok,,g2405,test
data/original/aquahealth/train_split/Healthy Fish/Healthy Fish_453.jpg,train_split,Healthy Fish,Healthy Fish,7,.jpg,640,640,RGB,c93a418b45afa70bddc99fb452d7d44fdc618459d23e6251a9ef573e20e9be62,3c66cca664c08000,ok,,g1454,test
data/original/aquahealth/train_split/Healthy Fish/Healthy Fish_455.jpg,train_split,Healthy Fish,Healthy Fish,7,.jpg,640,640,RGB,6d2c5651a73ed5e38f9d0df4382f69076b28bba88660d4f2f55f54d4e166fc3a,07664e0c6c4e0600,ok,,g453,train
data/original/aquahealth/train_split/Healthy Fish/Healthy Fish_457.jpg,train_split,Healthy Fish,Healthy Fish,7,.jpg,640,640,RGB,f708580af6264cfd7b1a1e937ff590110a368c395dba0949e531b4d2481584f0,39b898b8bc8c9898,ok,,g1410,val
data/original/aquahealth/train_split/Healthy Fish/Healthy Fish_458.jpg,train_split,Healthy Fish,Healthy Fish,7,.jpg,640,640,RGB,670be2acea2cb1af869286fbf59368e5bcbc69fc0436fa0241bd3c6cadf4b61c,06f2ce98e0c0c0c0,ok,,g356,train
data/original/aquahealth/train_split/Healthy Fish/Healthy Fish_459.jpg,train_split,Healthy Fish,Healthy Fish,7,.jpg,640,640,RGB,809fdb4fb0639819bf4b1a20c89537801e629eded1afcb4d7c768a791c02df62,c88898c49c90ec4c,ok,,g2572,train
data/original/aquahealth/train_split/Healthy Fish/Healthy Fish_460.jpg,train_split,Healthy Fish,Healthy Fish,7,.jpg,640,640,RGB,e274bf5bb1a47c89517e039244a09ceca495c68d8cb246878014ccb4c22f36d0,000060a8b8606080,ok,,g27,test
data/original/aquahealth/train_split/Healthy Fish/Healthy Fish_461.jpg,train_split,Healthy Fish,Healthy Fish,7,.jpg,640,640,RGB,f2cddc37640c316e8ece3d9a502b946a4018a9c0bf340d1b3f1dfbdaed8705f1,73f0f0e0f0e0e0e3,ok,,g1967,train
data/original/aquahealth/train_split/Healthy Fish/Healthy Fish_462.jpg,train_split,Healthy Fish,Healthy Fish,7,.jpg,640,640,RGB,5ed1ec3c2a4d8da93896fc3bf25ab67b5e2803c47777195ea341672db93ccb4e,1c3c70e090bc7818,ok,,g954,train
data/original/aquahealth/train_split/Healthy Fish/Healthy Fish_463.jpg,train_split,Healthy Fish,Healthy Fish,7,.jpg,640,640,RGB,e34f9ee64b94e356aeb5df81c44e7ef584b27a0228818724c688a38acc202dd0,043cf2c0c0a0c2ce,ok,,g325,train
data/original/aquahealth/train_split/Healthy Fish/Healthy Fish_465.jpg,train_split,Healthy Fish,Healthy Fish,7,.jpg,640,640,RGB,8f4bd5e45da3f40fd3031186d36a2cdbcc6452855eab82029772879ea643280c,0f0f1f130b8bc723,ok,,g672,train
data/original/aquahealth/train_split/Healthy Fish/Healthy Fish_467.jpg,train_split,Healthy Fish,Healthy Fish,7,.jpg,640,640,RGB,b9192ed8f8978686e4226a218ae1db600a51a53a95d5cff07dd264045e225236,70e86868e8e8f0f1,ok,x2470,g1936,test
data/original/aquahealth/train_split/Healthy Fish/Healthy Fish_468.jpg,train_split,Healthy Fish,Healthy Fish,7,.jpg,640,640,RGB,c12918e4835cf5a7b4825d844a78777d250b68bc8c5574cbde9b59bc5bea31d1,2e64e199472f8c84,ok,,g1222,train
data/original/aquahealth/train_split/Healthy Fish/Healthy Fish_469.jpg,train_split,Healthy Fish,Healthy Fish,7,.jpg,640,640,RGB,09b61efc394905846ac51686168c1d7d20a403d2189f533e95e4780be42b5738,5ba8acccc4656d49,ok,,g1718,train
data/original/aquahealth/train_split/Healthy Fish/Healthy Fish_470.jpg,train_split,Healthy Fish,Healthy Fish,7,.jpg,640,640,RGB,02a7f8cb5280d508c7c564ed0dcb941219508c864f8af7063338183e1c37d57c,070f1d393c0c4a82,ok,,g410,test
data/original/aquahealth/train_split/Healthy Fish/Healthy Fish_473.jpg,train_split,Healthy Fish,Healthy Fish,7,.jpg,640,640,RGB,89a7b2c8d0a35379f584e7f59efca0128697d76267582f964695996f99efd581,b1f1c107062623e3,ok,,g2416,train
data/original/aquahealth/train_split/Healthy Fish/Healthy Fish_475.jpg,train_split,Healthy Fish,Healthy Fish,7,.jpg,640,640,RGB,97ec6f3b9a08c0d4042a38092beef8633237ce21330c2390a638caa3ab0f4cdb,e0e3f3ba264be960,ok,,g2735,train
data/original/aquahealth/train_split/Healthy Fish/Healthy Fish_476.jpg,train_split,Healthy Fish,Healthy Fish,7,.jpg,640,640,RGB,af3adee23d68de59c0304ff81376527454016971bc7a72c68542ed69ed37c533,1662460f1b0f8682,ok,,g853,train
data/original/aquahealth/train_split/Healthy Fish/Healthy Fish_479.jpg,train_split,Healthy Fish,Healthy Fish,7,.jpg,640,640,RGB,7020f26e05b2ebd96e4e5f1bb492bdc525245bc34303e3279c1f10b095bcdbcb,000069ebc3c14000,ok,,g30,train
data/original/aquahealth/train_split/Healthy Fish/Healthy Fish_480.jpg,train_split,Healthy Fish,Healthy Fish,7,.jpg,640,640,RGB,fa2a1498741bf7492d066ac2693bcae4a4b1a14e2e83aef43283c887e1d51262,b3e6c0dc87e6c43d,ok,,g2424,train
data/original/aquahealth/train_split/Healthy Fish/Healthy Fish_481.jpg,train_split,Healthy Fish,Healthy Fish,7,.jpg,640,640,RGB,45f05081c63db0ee918691534fd19e0566e8ee6560b712cee40568c74217aed3,001070c71f589807,ok,,g67,train
data/original/aquahealth/train_split/Healthy Fish/Healthy Fish_483.jpg,train_split,Healthy Fish,Healthy Fish,7,.jpg,640,640,RGB,23074fc37da8e21838da73ac40c027d02cb2f026fea81edfcd9384c338ad7f8b,0000f9e2e2e10000,ok,,g46,train
data/original/aquahealth/train_split/Healthy Fish/Healthy Fish_484.jpg,train_split,Healthy Fish,Healthy Fish,7,.jpg,640,640,RGB,ad193d9c8b8dd1a4c6d42e729026a356b693ceb67f3d3eb24fc2b35bbdaedb96,ccece0ce8e8c9981,ok,,g2599,train
data/original/aquahealth/train_split/Healthy Fish/Healthy Fish_485.jpg,train_split,Healthy Fish,Healthy Fish,7,.jpg,640,640,RGB,35841f981a402c46338d5d629c760e88ddc376e6ef5b892923e7f4c099c85be4,e7627179f97c3c7e,ok,,g2808,train
data/original/aquahealth/train_split/Healthy Fish/Healthy Fish_51.jpg,train_split,Healthy Fish,Healthy Fish,7,.jpg,640,640,RGB,b6d3c7a3b7cab2dac5479a76437d95641a53110a9166238dfbac51eb19eb9eac,0101030307180143,ok,,g150,train
data/original/aquahealth/train_split/Healthy Fish/Healthy Fish_54.jpg,train_split,Healthy Fish,Healthy Fish,7,.jpg,640,640,RGB,7ae99bc386129bc943dc2aa80e6c528ee8f5113ccbc4d3365216fcb0de528690,df7e1e1f1f87078f,ok,,g2684,val
data/original/aquahealth/train_split/Healthy Fish/Healthy Fish_56.jpg,train_split,Healthy Fish,Healthy Fish,7,.jpg,640,640,RGB,4619ee183bb8c2421c569fb226a51eab01d8bd9347d03cb84ce46586576e7d24,56de46070f0fbe9c,ok,,g1707,train
data/original/aquahealth/train_split/Healthy Fish/Healthy Fish_57.jpg,train_split,Healthy Fish,Healthy Fish,7,.jpg,640,640,RGB,e10eed275addbbedd01de4e9af56935409907d7d6ea4f70f6ce5a33e8908bbf5,11707e3703030301,ok,,g819,train
data/original/aquahealth/train_split/Healthy Fish/Healthy Fish_58.jpg,train_split,Healthy Fish,Healthy Fish,7,.jpg,640,640,RGB,d7bfb91101985f668a4328a84054769faf81e282f5d156443a5d2772e5c9f5fd,c0e0a62787071f5f,ok,,g2496,train
data/original/aquahealth/train_split/Healthy Fish/Healthy Fish_59.jpg,train_split,Healthy Fish,Healthy Fish,7,.jpg,640,640,RGB,6249e488ad01b06b496d3129ab0510e3a4833fc1ca2373f46d12443ca378d6c7,341c1d0f0f1f1d14,ok,,g1329,train
data/original/aquahealth/train_split/Healthy Fish/Healthy Fish_60.jpg,train_split,Healthy Fish,Healthy Fish,7,.jpg,640,640,RGB,f18932d5b56ce8a02c475f445efb9bd1ee5efcb88cbc66dd97c9e90dd137c510,1d0d9d8d9d9d3979,ok,,g964,test
data/original/aquahealth/train_split/Healthy Fish/Healthy Fish_7.jpg,train_split,Healthy Fish,Healthy Fish,7,.jpg,640,640,RGB,654f89370bf6976f67862485edc73fc591cd4ac6d7de614020150b5f176a04cf,2707974c0e0f0f07,ok,,g1190,train
data/original/aquahealth/train_split/Healthy Fish/Healthy Fish_aug_0.jpg,train_split,Healthy Fish,Healthy Fish,7,.jpg,640,640,RGB,dd1f7cb2fbb5c456646fc270378bd1276dcbecbd942c5303fae61c69d20d101b,1b09c3878f2d4e1f,ok,,g923,val
data/original/aquahealth/train_split/Healthy Fish/Healthy Fish_aug_1.jpg,train_split,Healthy Fish,Healthy Fish,7,.jpg,640,640,RGB,b376e3f9bed6d99bfc3cbed942d1650da8e9b21c34c18a030d0227f1c93e17fa,373f2f2727373737,ok,,g1357,train
data/original/aquahealth/train_split/Healthy Fish/Healthy Fish_aug_100.jpg,train_split,Healthy Fish,Healthy Fish,7,.jpg,640,640,RGB,d6b4455f587551efca62c621d3d69372a10b50438a1c2009681ca2e1bddaa6f6,512c2f2f2e2e27eb,ok,,g1695,train
data/original/aquahealth/train_split/Healthy Fish/Healthy Fish_aug_101.jpg,train_split,Healthy Fish,Healthy Fish,7,.jpg,640,640,RGB,25957c5a47ece4fa2b9f1354c1455286da932349f8c5173c2c807d08ef44ff90,43010c0608045060,ok,,g1588,train
data/original/aquahealth/train_split/Healthy Fish/Healthy Fish_aug_102.jpg,train_split,Healthy Fish,Healthy Fish,7,.jpg,640,640,RGB,a28aa5169347f15d132dde838fc40e44922266d24989e2cdb919b682cb497ee6,796f1f3f7e7c7978,ok,,g2026,train
data/original/aquahealth/train_split/Healthy Fish/Healthy Fish_aug_104.jpg,train_split,Healthy Fish,Healthy Fish,7,.jpg,640,640,RGB,41eab243e58d77f86deaf69a7d33853339ac4bb0ac13504c7c978dc84bffd064,0030b08cb4541068,ok,,g84,test
data/original/aquahealth/train_split/Healthy Fish/Healthy Fish_aug_105.jpg,train_split,Healthy Fish,Healthy Fish,7,.jpg,640,640,RGB,25001149f23f90c8749dcf38ee20217c0c56db85da3e4e5058093610a2d1b127,8c919b1f179da832,ok,,g2237,val
data/original/aquahealth/train_split/Healthy Fish/Healthy Fish_aug_107.jpg,train_split,Healthy Fish,Healthy Fish,7,.jpg,640,640,RGB,32e4354ec23091541984a6d638d5cc2b4e099decbe520aa3e61454aa45c053da,9ec720200080f022,ok,,g2352,train
data/original/aquahealth/train_split/Healthy Fish/Healthy Fish_aug_108.jpg,train_split,Healthy Fish,Healthy Fish,7,.jpg,640,640,RGB,ab7b7535c7edbc025807f5cb752d1b773674e8c309f1ab861acd895c5bb7ba32,9a9a0f0e038383d0,ok,,g2317,train
data/original/aquahealth/train_split/Healthy Fish/Healthy Fish_aug_11.jpg,train_split,Healthy Fish,Healthy Fish,7,.jpg,640,640,RGB,d78655db66bc27aee6bac5856c6d777fda398ec5c500fbf741647bcc5986f688,03063244818303c3,ok,,g237,train
data/original/aquahealth/train_split/Healthy Fish/Healthy Fish_aug_110.jpg,train_split,Healthy Fish,Healthy Fish,7,.jpg,640,640,RGB,4f206b0427c2a7ef9c63d676f8fef9215b6e3d956044490b9688acaeb80e9661,4f7b3f9fcf661f19,ok,,g1688,train
data/original/aquahealth/train_split/Healthy Fish/Healthy Fish_aug_113.jpg,train_split,Healthy Fish,Healthy Fish,7,.jpg,640,640,RGB,b89c50622d17a4f061d65d9e1c534e627e1750e7756ce4eb1f6d55115591d9f8,190f0f0f070e1c90,ok,,g895,train
data/original/aquahealth/train_split/Healthy Fish/Healthy Fish_aug_114.jpg,train_split,Healthy Fish,Healthy Fish,7,.jpg,640,640,RGB,941dc993971e8ed488e2421f023be6b4c4e0e312517fe5d438d897839efa7a39,07070f1b173d8307,ok,,g386,train
data/original/aquahealth/train_split/Healthy Fish/Healthy Fish_aug_115.jpg,train_split,Healthy Fish,Healthy Fish,7,.jpg,640,640,RGB,9ff5c375878ad04fffc30b6246878d4f6aef5b16a71f8962b1c3c905c82f3438,cf9f1d1f1f1fcf8f,ok,,g2613,val
data/original/aquahealth/train_split/Healthy Fish/Healthy Fish_aug_116.jpg,train_split,Healthy Fish,Healthy Fish,7,.jpg,640,640,RGB,c479f91c24b44880af6aad328f6454c7f91504b0761b054cf3ce15e72eb27db0,3f19983e5f550101,ok,,g1503,train
data/original/aquahealth/train_split/Healthy Fish/Healthy Fish_aug_117.jpg,train_split,Healthy Fish,Healthy Fish,7,.jpg,640,640,RGB,ae3e792302b7d0f3845b3ec1e34361eb8e7201f6bb33ccd0585254446867ba38,4e16274707070706,ok,,g1661,train
data/original/aquahealth/train_split/Healthy Fish/Healthy Fish_aug_120.jpg,train_split,Healthy Fish,Healthy Fish,7,.jpg,640,640,RGB,9022db5b8f04af0417d237cd187f6667a59a50b79c76c6916773dc95af380416,41dbf77969021903,ok,,g1584,train
data/original/aquahealth/train_split/Healthy Fish/Healthy Fish_aug_121.jpg,train_split,Healthy Fish,Healthy Fish,7,.jpg,640,640,RGB,7fb80d76258c3864b172828f8cf7527cd28a100a52c18e471dce67ca59e5b489,0f7c79340e0f0101,ok,,g769,train
data/original/aquahealth/train_split/Healthy Fish/Healthy Fish_aug_122.jpg,train_split,Healthy Fish,Healthy Fish,7,.jpg,640,640,RGB,b584d79b45c3840e5c7cd425027fa14155367889686223cdd268a137a26a64c7,c080200080c0c0c0,ok,,g2469,train
data/original/aquahealth/train_split/Healthy Fish/Healthy Fish_aug_123.jpg,train_split,Healthy Fish,Healthy Fish,7,.jpg,640,640,RGB,26214af30dc95b25177948fe9cb28792df8d36650126c46e333af1252c0ec710,1f0349e0b8fce90b,ok,,g1016,test
data/original/aquahealth/train_split/Healthy Fish/Healthy Fish_aug_124.jpg,train_split,Healthy Fish,Healthy Fish,7,.jpg,640,640,RGB,48b612f2ff49b51cb59f2a5da6fcabedd253ec2785b01199d5f829e365b7ec46,df7e1e1f1f87078f,ok,,g2684,val
data/original/aquahealth/train_split/Healthy Fish/Healthy Fish_aug_126.jpg,train_split,Healthy Fish,Healthy Fish,7,.jpg,640,640,RGB,585097c6575723eaf9d71359a47c60c32349c4f870faf5269227b45d6ac70df7,0f1bb8ac9e788e13,ok,x1159,g703,
data/original/aquahealth/train_split/Healthy Fish/Healthy Fish_aug_127.jpg,train_split,Healthy Fish,Healthy Fish,7,.jpg,640,640,RGB,e309944a4a70c880d205b216dbc8ecd9a9df975df5836a4036586449b609675c,57370f0f3f3d1505,ok,,g1708,test
data/original/aquahealth/train_split/Healthy Fish/Healthy Fish_aug_128.jpg,train_split,Healthy Fish,Healthy Fish,7,.jpg,640,640,RGB,fd791f771d612c4e9d914e79e01b6f347c18fb988ac770d8ec6e65becb4f9a0e,1d35312121262c3f,ok,,g973,train
data/original/aquahealth/train_split/Healthy Fish/Healthy Fish_aug_129.jpg,train_split,Healthy Fish,Healthy Fish,7,.jpg,640,640,RGB,6b3bef5b75a3a1bc4374d3ce89bf4a7af86c721c9221b2a395d5f4a422599ada,39333373f3f82632,ok,,g1393,val
data/original/aquahealth/train_split/Healthy Fish/Healthy Fish_aug_13.jpg,train_split,Healthy Fish,Healthy Fish,7,.jpg,640,640,RGB,a66086498213bb1a3a24b490666fd23c4d93e9e24e83391f33ba9a9e992e20fb,4105031505051511,ok,,g1574,val
data/original/aquahealth/train_split/Healthy Fish/Healthy Fish_aug_130.jpg,train_split,Healthy Fish,Healthy Fish,7,.jpg,640,640,RGB,95937afc2b8087a362bdc9b05994a7b3f69f36fb27f47592f5da81458d2c8971,1eb3332506a61727,ok,,g1006,test
data/original/aquahealth/train_split/Healthy Fish/Healthy Fish_aug_131.jpg,train_split,Healthy Fish,Healthy Fish,7,.jpg,640,640,RGB,b3e8a6e3b59a2f91bf4aa0c057b2ddabdfc7899eb711d5d19df85f8ba8907e2f,031173f2dad5601f,ok,,g252,val
data/original/aquahealth/train_split/Healthy Fish/Healthy Fish_aug_132.jpg,train_split,Healthy Fish,Healthy Fish,7,.jpg,640,640,RGB,3d2b99de433c6353b9fbcb30289e898a5291f9b22a2a954a781617b50c65acde,39b898b8bc8c9898,ok,,g1410,val
data/original/aquahealth/train_split/Healthy Fish/Healthy Fish_aug_133.jpg,train_split,Healthy Fish,Healthy Fish,7,.jpg,640,640,RGB,396305219b7d645b73b07e1805238968de713cde65006b55f84a8e1eb7994bc9,19d97373e19b6347,ok,,g915,train
data/original/aquahealth/train_split/Healthy Fish/Healthy Fish_aug_134.jpg,train_split,Healthy Fish,Healthy Fish,7,.jpg,640,640,RGB,caa458103c2bc3ae22dac762a2816c0115629896e50e3d6641bd864a73f69df0,2f0f1f0f0f07070f,ok,,g1228,train
data/original/aquahealth/train_split/Healthy Fish/Healthy Fish_aug_135.jpg,train_split,Healthy Fish,Healthy Fish,7,.jpg,640,640,RGB,24cf9a53ac6332bba2237c3a76371cb4ada7cbd567cff9f0a778556d4f5043c6,00c0c808c0c00080,ok,,g124,val
data/original/aquahealth/train_split/Healthy Fish/Healthy Fish_aug_136.jpg,train_split,Healthy Fish,Healthy Fish,7,.jpg,640,640,RGB,8fd31a6d5421af977b9012ca745ec3e6ee08e6dedf267662eae59fe7c1160344,0dcdc3870f0f1c3c,ok,,g596,train
data/original/aquahealth/train_split/Healthy Fish/Healthy Fish_aug_137.jpg,train_split,Healthy Fish,Healthy Fish,7,.jpg,640,640,RGB,ef0932b188243e069c43e7772897bff144a4e0ad0f862619d493bf3c6130daaa,0207070703070600,ok,,g205,train
data/original/aquahealth/train_split/Healthy Fish/Healthy Fish_aug_138.jpg,train_split,Healthy Fish,Healthy Fish,7,.jpg,640,640,RGB,09f291bce717893afdca33f5412f4851f0c52b14e1cefb933f66e2f306e81019,03233b191d0c643f,ok,,g266,train
data/original/aquahealth/train_split/Healthy Fish/Healthy Fish_aug_139.jpg,train_split,Healthy Fish,Healthy Fish,7,.jpg,640,640,RGB,cf3f97053a5f11ed3909c2f18ef0297579893f74a834c90cf7f2c29ce03d250a,3a0783e507ab8d85,ok,,g1413,train
data/original/aquahealth/train_split/Healthy Fish/Healthy Fish_aug_14.jpg,train_split,Healthy Fish,Healthy Fish,7,.jpg,640,640,RGB,de4fbd46268d3607721feab1cf3c6c1fad1300de5c8644223a0c182b0091887f,78e0f13101000000,ok,,g2012,train
data/original/aquahealth/train_split/Healthy Fish/Healthy Fish_aug_140.jpg,train_split,Healthy Fish,Healthy Fish,7,.jpg,640,640,RGB,7d5197b466c02370d507223152b8a6c68481dab141f2fda62c50c106a61d7e33,0767e2cc8745711f,ok,,g454,train
data/original/aquahealth/train_split/Healthy Fish/Healthy Fish_aug_141.jpg,train_split,Healthy Fish,Healthy Fish,7,.jpg,640,640,RGB,30e0529ceb456279d4732e55aca18e1aa7caba2e846e3e5c2145227f3d5aee22,0f7b7678f1912d0f,ok,,g766,train
data/original/aquahealth/train_split/Healthy Fish/Healthy Fish_aug_144.jpg,train_split,Healthy Fish,Healthy Fish,7,.jpg,640,640,RGB,0a303d7a3224c5a638b4fdf0b36e7734ebab57703ccdd05da5d77bdf7a7f21bf,233f37773c3a6373,ok,,g1163,train
data/original/aquahealth/train_split/Healthy Fish/Healthy Fish_aug_146.jpg,train_split,Healthy Fish,Healthy Fish,7,.jpg,640,640,RGB,a99352d231db30300aec62c8813835e6925597f1a52365cdd3449455eb3b12f8,1e0e0f0d2e3f7cec,ok,,g987,train
data/original/aquahealth/train_split/Healthy Fish/Healthy Fish_aug_147.jpg,train_split,Healthy Fish,Healthy Fish,7,.jpg,640,640,RGB,0499cac2dff4a75d3d53ae95ccdccb364c8da91a10eac4e247b3d86d8860b4b6,0b090d0e0d0f070f,ok,,g518,train
data/original/aquahealth/train_split/Healthy Fish/Healthy Fish_aug_148.jpg,train_split,Healthy Fish,Healthy Fish,7,.jpg,640,640,RGB,1c256a526a408ff6578617ca37992505fcb769b47ab1dee2ae7fce88a85f5f16,193930aa8408481f,ok,,g904,train
data/original/aquahealth/train_split/Healthy Fish/Healthy Fish_aug_149.jpg,train_split,Healthy Fish,Healthy Fish,7,.jpg,640,640,RGB,375a0d6874d971d8f934b66bcd0f166260101ddb7011bffb44d508ef607bc465,4f011000cac1c101,ok,,g1668,train
data/original/aquahealth/train_split/Healthy Fish/Healthy Fish_aug_15.jpg,train_split,Healthy Fish,Healthy Fish,7,.jpg,640,640,RGB,5c8a4ab06ed2a53a3a0ac003e9139ad1e3c056f829ae9e6fd89e5312878c8fb6,a02cc74b8fce7638,ok,,g2369,train
data/original/aquahealth/train_split/Healthy Fish/Healthy Fish_aug_150.jpg,train_split,Healthy Fish,Healthy Fish,7,.jpg,640,640,RGB,12e7c005f3dd10f57811fdb3ab8769c80c5a94d55108f298cd33b698e9c731e1,0030303086845000,ok,x243,g83,train
data/original/aquahealth/train_split/Healthy Fish/Healthy Fish_aug_151.jpg,train_split,Healthy Fish,Healthy Fish,7,.jpg,640,640,RGB,ed1797c55af4fa47c657ea7bc36ca1af63e4cea414def868bfdf1e0c8c37efef,9e273b1b1b5b6939,ok,,g2341,train
data/original/aquahealth/train_split/Healthy Fish/Healthy Fish_aug_152.jpg,train_split,Healthy Fish,Healthy Fish,7,.jpg,640,640,RGB,c66cfd250d7d84eda8333078a8778e575dbb2e88fad5deeca85213db89ff6679,1f07273727e7faf1,ok,,g1023,train
data/original/aquahealth/train_split/Healthy Fish/Healthy Fish_aug_153.jpg,train_split,Healthy Fish,Healthy Fish,7,.jpg,640,640,RGB,77e3a0800884dc52c04ab833460e215a1bf799777980dca5df47b0e0ea9c325c,6f212034def6370f,ok,,g1892,train
data/original/aquahealth/train_split/Healthy Fish/Healthy Fish_aug_154.jpg,train_split,Healthy Fish,Healthy Fish,7,.jpg,640,640,RGB,e6e6910c27af3901e75b764f521b4165f067a50812d97221a5c53d1bf161e903,26260f8f3f3c1ec4,ok,,g1180,train
data/original/aquahealth/train_split/Healthy Fish/Healthy Fish_aug_155.jpg,train_split,Healthy Fish,Healthy Fish,7,.jpg,640,640,RGB,24f147becb934d9d8852e7ca33886eaef8012435f1a7a9737c06487fa997f46b,2083171eb6e9a72c,ok,,g1125,train
data/original/aquahealth/train_split/Healthy Fish/Healthy Fish_aug_156.jpg,train_split,Healthy Fish,Healthy Fish,7,.jpg,640,640,RGB,55fd1c90ec17f1c36d281abc68bd139db5a4cae6ec9bb5564713670ec876bd5d,1f3172e2e4f06b0b,ok,,g1062,val
data/original/aquahealth/train_split/Healthy Fish/Healthy Fish_aug_157.jpg,train_split,Healthy Fish,Healthy Fish,7,.jpg,640,640,RGB,99e2eb8e9a18e62262a935b417f93085baf545e69c40ac7bf013f154f99eeb7c,7d6507070e0f1d13,ok,,g2065,train
data/original/aquahealth/train_split/Healthy Fish/Healthy Fish_aug_159.jpg,train_split,Healthy Fish,Healthy Fish,7,.jpg,640,640,RGB,2fc3688caf00d1f9da88010ccfabb113954448a3a24922d9ae039d35f51f44ee,81806707030e0747,ok,,g2145,train
data/original/aquahealth/train_split/Healthy Fish/Healthy Fish_aug_16.jpg,train_split,Healthy Fish,Healthy Fish,7,.jpg,640,640,RGB,6b7e1e9ff70f35b7cbb4a1ea5240fd83a40455cf51566a946b518c57cfe9903e,63c3e4f47a7a311f,ok,,g1818,test
data/original/aquahealth/train_split/Healthy Fish/Healthy Fish_aug_160.jpg,train_split,Healthy Fish,Healthy Fish,7,.jpg,640,640,RGB,19ebfe8ddb11ba3b66f143cca89748ace7a7b34e92108fe722565bbece6a7c87,071dff686820331f,ok,,g427,train
data/original/aquahealth/train_split/Healthy Fish/Healthy Fish_aug_161.jpg,train_split,Healthy Fish,Healthy Fish,7,.jpg,640,640,RGB,072a020ebd415cb6bc92be5689562164e8ec1513c240bce8f9f135cb73ef0465,0371706682a0282f,ok,,g288,train
data/original/aquahealth/train_split/Healthy Fish/Healthy Fish_aug_162.jpg,train_split,Healthy Fish,Healthy Fish,7,.jpg,640,640,RGB,5e616634f45a7465989a01a9e86d13ff3427f72f4fc9422a6043f2d883a27385,d0644c39389080c0,ok,,g2617,train
data/original/aquahealth/train_split/Healthy Fish/Healthy Fish_aug_164.jpg,train_split,Healthy Fish,Healthy Fish,7,.jpg,640,640,RGB,a836e1cdaf101156a468435d6eed850fdbb472ddc26a8a2c542ac23556f056a7,2b2f270f2e3a361d,ok,,g1211,val
data/original/aquahealth/train_split/Healthy Fish/Healthy Fish_aug_165.jpg,train_split,Healthy Fish,Healthy Fish,7,.jpg,640,640,RGB,52414384494a76625eda75b401ff32600058da92a44c6993e0033c982aed7873,030371fc8828011f,ok,,g233,train
data/original/aquahealth/train_split/Healthy Fish/Healthy Fish_aug_166.jpg,train_split,Healthy Fish,Healthy Fish,7,.jpg,640,640,RGB,f08c8593992fcfa37e8180025012fafb836db371cf841aa8a9a9e4081022b4fc,0d2f0f271b1f3b2b,ok,,g588,train
data/original/aquahealth/train_split/Healthy Fish/Healthy Fish_aug_168.jpg,train_split,Healthy Fish,Healthy Fish,7,.jpg,640,640,RGB,1614a4831e46de17533467930a547ffda5bfff2d8016330fbd86c44257e583e0,6062e2c498e0e260,ok,,g1764,train
data/original/aquahealth/train_split/Healthy Fish/Healthy Fish_aug_169.jpg,train_split,Healthy Fish,Healthy Fish,7,.jpg,640,640,RGB,356880b9f4d9cd7f33b6807dc0e69c1c50f42c9c49290a16f271edf26b48e999,1f008086843c1453,ok,,g1009,val
data/original/aquahealth/train_split/Healthy Fish/Healthy Fish_aug_17.jpg,train_split,Healthy Fish,Healthy Fish,7,.jpg,640,640,RGB,c9af1e14b0e723593565b1b0d02a3b6eecc27ee97661ae51dd39a82098d8a4bb,b0e1c18387062e1e,ok,x2689,g2407,val
data/original/aquahealth/train_split/Healthy Fish/Healthy Fish_aug_170.jpg,train_split,Healthy Fish,Healthy Fish,7,.jpg,640,640,RGB,c4ae1b8442f8fb1b667a0c3be7b35fb53bdbf8dbc48f00e87b614466777a65c6,032903070c19c76f,ok,,g270,train
data/original/aquahealth/train_split/Healthy Fish/Healthy Fish_aug_171.jpg,train_split,Healthy Fish,Healthy Fish,7,.jpg,640,640,RGB,c8e11aee071c0ac8e1a27405419e226a440752898ae99f29a6b78696124e4005,70f2dc7cf8f8f8c8,ok,,g1939,train
data/original/aquahealth/train_split/Healthy Fish/Healthy Fish_aug_172.jpg,train_split,Healthy Fish,Healthy Fish,7,.jpg,640,640,RGB,84c8eccb66174eb393eddaa2da21d2de49a248b13e42b0d9cd42c0d7d8b87c14,77e0e191f2f27e0f,ok,,g1992,test
data/original/aquahealth/train_split/Healthy Fish/Healthy Fish_aug_174.jpg,train_split,Healthy Fish,Healthy Fish,7,.jpg,640,640,RGB,2a4efccca96dcfb88ae3c61cc177a858d9b94567eb2f3f5165bf6291c3416d67,c0802000c0c0c0c0,ok,,g2470,test
data/original/aquahealth/train_split/Healthy Fish/Healthy Fish_aug_176.jpg,train_split,Healthy Fish,Healthy Fish,7,.jpg,640,640,RGB,c26372c863eaaa84201161e74389b44ade1e73f561be6b330b43650e2bec4fbe,0763e1d8de68250f,ok,,g452,train
data/original/aquahealth/train_split/Healthy Fish/Healthy Fish_aug_177.jpg,train_split,Healthy Fish,Healthy Fish,7,.jpg,640,640,RGB,3d08db422fcbf45393035eb33c56630030a3346cb2af967545306f044cba03c1,3039ffbfbcb3030f,ok,,g1258,train
data/original/aquahealth/train_split/Healthy Fish/Healthy Fish_aug_178.jpg,train_split,Healthy Fish,Healthy Fish,7,.jpg,640,640,RGB,6f06dca522d1308bc48698428d1dd861295177014ec95010d1c609e5d3de77ae,19e1e1310000011f,ok,,g916,train
data/original/aquahealth/train_split/Healthy Fish/Healthy Fish_aug_179.jpg,train_split,Healthy Fish,Healthy Fish,7,.jpg,640,640,RGB,78bab36ec83b36f3f6878ee9efe281bc90d2736dfd644ad25284ec60a07f3dcb,3c66cca664c08000,ok,,g1454,test
data/original/aquahealth/train_split/Healthy Fish/Healthy Fish_aug_181.jpg,train_split,Healthy Fish,Healthy Fish,7,.jpg,640,640,RGB,3578c392ff9b2048e73d6eece0d85471bb70603d76fa9ba83b6d07d11bf7a3a6,0f0f0d1f93990f07,ok,,g663,train
data/original/aquahealth/train_split/Healthy Fish/Healthy Fish_aug_183.jpg,train_split,Healthy Fish,Healthy Fish,7,.jpg,640,640,RGB,7537f3e3c5bc51ea15c4df377eb77160a51b2dcfa06082bd6f2e6a9b397fe672,21671c621e30001f,ok,,g1141,train
data/original/aquahealth/train_split/Healthy Fish/Healthy Fish_aug_184.jpg,train_split,Healthy Fish,Healthy Fish,7,.jpg,640,640,RGB,60ba8c0c24afb90337d1ddedf172264cd81fbecf31f4e1022dcab39b8b5cb4e3,c4c8f8f0f0f8f0f0,ok,,g2551,train
data/original/aquahealth/train_split/Healthy Fish/Healthy Fish_aug_185.jpg,train_split,Healthy Fish,Healthy Fish,7,.jpg,640,640,RGB,6e6de2b14b4024800e0a7bd9f76506578ee47e79d5cf3fb5e144f1514785faa8,75cb0b0b1b8b1b28,ok,,g1978,train
data/original/aquahealth/train_split/Healthy Fish/Healthy Fish_aug_188.jpg,train_split,Healthy Fish,Healthy Fish,7,.jpg,640,640,RGB,5253902a8abbabc6e2b598c5eaf448dd553b83762d41c5aecf3ef56938ac3e9b,e4dab8f4e064cce6,ok,,g2789,train
data/original/aquahealth/train_split/Healthy Fish/Healthy Fish_aug_189.jpg,train_split,Healthy Fish,Healthy Fish,7,.jpg,640,640,RGB,12e7c005f3dd10f57811fdb3ab8769c80c5a94d55108f298cd33b698e9c731e1,0030303086845000,ok,x243,g83,
data/original/aquahealth/train_split/Healthy Fish/Healthy Fish_aug_19.jpg,train_split,Healthy Fish,Healthy Fish,7,.jpg,640,640,RGB,b9192ed8f8978686e4226a218ae1db600a51a53a95d5cff07dd264045e225236,70e86868e8e8f0f1,ok,x2470,g1936,
data/original/aquahealth/train_split/Healthy Fish/Healthy Fish_aug_191.jpg,train_split,Healthy Fish,Healthy Fish,7,.jpg,640,640,RGB,f9460f8a88ac398ff785c72de0d59f12754697a903f4625b07c366279d98ba2b,c88898c49c90ec4c,ok,,g2572,train
data/original/aquahealth/train_split/Healthy Fish/Healthy Fish_aug_192.jpg,train_split,Healthy Fish,Healthy Fish,7,.jpg,640,640,RGB,c217a20a647ca934aed7b8752ac52416a77b3201041769c863ae2ea9893436e6,61e2e6e2c2cee6e6,ok,,g1792,train
data/original/aquahealth/train_split/Healthy Fish/Healthy Fish_aug_193.jpg,train_split,Healthy Fish,Healthy Fish,7,.jpg,640,640,RGB,756ef7259eb1b7fa582e36243196ec082bf970d45a74caad4cacb1abfc90df71,0363e39f3f1a971b,ok,,g284,train
data/original/aquahealth/train_split/Healthy Fish/Healthy Fish_aug_195.jpg,train_split,Healthy Fish,Healthy Fish,7,.jpg,640,640,RGB,574e1aed158998b24080b36a867f0add0ea96a44b36e545663a3f8be7da6a1c1,017fffff9833030f,ok,,g186,train
data/original/aquahealth/train_split/Healthy Fish/Healthy Fish_aug_196.jpg,train_split,Healthy Fish,Healthy Fish,7,.jpg,640,640,RGB,61bdab924af96c6a95106bd88854e9012a3674c165e0c2deaf218918358c778c,63e3e0f4fa7a711f,ok,,g1823,val
data/original/aquahealth/train_split/Healthy Fish/Healthy Fish_aug_198.jpg,train_split,Healthy Fish,Healthy Fish,7,.jpg,640,640,RGB,b23d2fa9a6028bf2ddbe745c2917ac4b20b28fb1dbdbdb86a3cdc33ca23a26cb,21e1c393d2f2751f,ok,,g1150,train
data/original/aquahealth/train_split/Healthy Fish/Healthy Fish_aug_199.jpg,train_split,Healthy Fish,Healthy Fish,7,.jpg,640,640,RGB,e7cd36299804bbd3b85174b19d4d7d2bfe25ceb2ee5454116d0c3220ba484de2,8d0d8d9f7ce08023,ok,,g2241,train
data/original/aquahealth/train_split/Healthy Fish/Healthy Fish_aug_2.jpg,train_split,Healthy Fish,Healthy Fish,7,.jpg,640,640,RGB,33203bbbd6ebdca5c3515120efbe594bebe47ec36a0f6063c2b9c19ae3e0b36b,0361e0d8cee86403,ok,,g282,train
data/original/aquahealth/train_split/Healthy Fish/Healthy Fish_aug_200.jpg,train_split,Healthy Fish,Healthy Fish,7,.jpg,640,640,RGB,4e7fb2a0dbd8a3956fa24e582d6a90c69326902f3b34b9dade83a769341654e5,46c6cecf9f9e9c99,ok,,g1619,train
data/original/aquahealth/train_split/Healthy Fish/Healthy Fish_aug_201.jpg,train_split,Healthy Fish,Healthy Fish,7,.jpg,640,640,RGB,c9af1e14b0e723593565b1b0d02a3b6eecc27ee97661ae51dd39a82098d8a4bb,b0e1c18387062e1e,ok,x2689,g2407,
data/original/aquahealth/train_split/Healthy Fish/Healthy Fish_aug_202.jpg,train_split,Healthy Fish,Healthy Fish,7,.jpg,640,640,RGB,f71221cba9b1b9333275dc95cf87513b54fd8136ba388a458952000510cb4761,32727a78f4f4d191,ok,,g1308,train
data/original/aquahealth/train_split/Healthy Fish/Healthy Fish_aug_203.jpg,train_split,Healthy Fish,Healthy Fish,7,.jpg,640,640,RGB,88b2767d829edae6e4aff16f3a2af6a3cd22bd0f61382dda3050ce63d5ff1368,b1f1c107062623e3,ok,,g2416,train
data/original/aquahealth/train_split/Healthy Fish/Healthy Fish_aug_204.jpg,train_split,Healthy Fish,Healthy Fish,7,.jpg,640,640,RGB,13aec5d16bb2a8f74e5d945deed622b8d6f343e588429030df9278d2991ffa16,0f0707130b0f0c88,ok,,g639,train
data/original/aquahealth/train_split/Healthy Fish/Healthy Fish_aug_206.jpg,train_split,Healthy Fish,Healthy Fish,7,.jpg,640,640,RGB,df7496fe14639ace8587391d6b63d469424d7da2b490700ffbff1e444f62f135,878306869b9b83a2,ok,,g2208,train
data/original/aquahealth/train_split/Healthy Fish/Healthy Fish_aug_207.jpg,train_split,Healthy Fish,Healthy Fish,7,.jpg,640,640,RGB,b7130840f472056dad087e94afe3698c5866bbd7289e3f8cb9c80074b31c6dc5,0072f2daf21200c0,ok,x2438,g106,val
data/original/aquahealth/train_split/Healthy Fish/Healthy Fish_aug_208.jpg,train_split,Healthy Fish,Healthy Fish,7,.jpg,640,640,RGB,2a8dceac323e3a886a30da36fec35add43fd7b6a6c29235599fd84f21ea6e9be,1f1f0f0703433e1e,ok,,g1046,train
data/original/aquahealth/train_split/Healthy Fish/Healthy Fish_aug_209.jpg,train_split,Healthy Fish,Healthy Fish,7,.jpg,640,640,RGB,c3affcc439f65da9c0f792d3267fc70aabe49e2c36e0cfc5624245fc945f43ec,3c0c4e9f8f8f0f0f,ok,,g1438,test
data/original/aquahealth/train_split/Healthy Fish/Healthy Fish_aug_21.jpg,train_split,Healthy Fish,Healthy Fish,7,.jpg,640,640,RGB,fa7a2c09397da0fbdd03a5c89260fb8cff61ba821fa04783d8fbaa7cda0ec65e,0e68686e64f1d83d,ok,,g616,train
data/original/aquahealth/train_split/Healthy Fish/Healthy Fish_aug_210.jpg,train_split,Healthy Fish,Healthy Fish,7,.jpg,640,640,RGB,4bcb0d25dd3e6f308f57b5068c34418b88394f28d38b80954d107422796701f4,37637098d4dfff2d,ok,,g1360,val
data/original/aquahealth/train_split/Healthy Fish/Healthy Fish_aug_211.jpg,train_split,Healthy Fish,Healthy Fish,7,.jpg,640,640,RGB,61e3a50371778ec6bc6daae920954bc64aeb39910b2003c50579e43933ef2652,0f7c7678f1912f0f,ok,,g768,val
data/original/aquahealth/train_split/Healthy Fish/Healthy Fish_aug_212.jpg,train_split,Healthy Fish,Healthy Fish,7,.jpg,640,640,RGB,aa1de9f5f550520510ca6003a39913ebd64e6128deeb54eef57e69a989cc9736,e48949020c90c2c2,ok,,g2786,train
data/original/aquahealth/train_split/Healthy Fish/Healthy Fish_aug_213.jpg,train_split,Healthy Fish,Healthy Fish,7,.jpg,640,640,RGB,e5d57168a1173182a70a1819bb52bac78876f000fc58fb4dac0e2c3d58b2c927,0d7946916d093707,ok,,g591,test
data/original/aquahealth/train_split/Healthy Fish/Healthy Fish_aug_214.jpg,train_split,Healthy Fish,Healthy Fish,7,.jpg,640,640,RGB,9b811791743875e5eb0c38565a628014ca6230bf736b3ea8e2ae1997217dab42,0f0004060707ff01,ok,,g623,val
data/original/aquahealth/train_split/Healthy Fish/Healthy Fish_aug_215.jpg,train_split,Healthy Fish,Healthy Fish,7,.jpg,640,640,RGB,0a7a32fcc637f9b1a2689a3e08b7a94c1701ad3ab49d4e6767ee45fd6de03e69,b0870f3f7f3e3e1f,ok,,g2403,test
data/original/aquahealth/train_split/Healthy Fish/Healthy Fish_aug_219.jpg,train_split,Healthy Fish,Healthy Fish,7,.jpg,640,640,RGB,7bf5cc276328a834b0c33de30f94e90d0363a49a7e6627ab49880386ee4df480,38bcbeacbebcbc1c,ok,,g1381,train
data/original/aquahealth/train_split/Healthy Fish/Healthy Fish_aug_22.jpg,train_split,Healthy Fish,Healthy Fish,7,.jpg,640,640,RGB,d847d6bafec82a46a067baa942ef8668eaf09bfd2bfa1d3e36f9e76437fcc80b,4d0617958d0b2b87,ok,,g1655,train
data/original/aquahealth/train_split/Healthy Fish/Healthy Fish_aug_220.jpg,train_split,Healthy Fish,Healthy Fish,7,.jpg,640,640,RGB,c1ece23fc2e3496ee707f22ff706ed9e66290ca75316a2c0452b312b30ace60b,0787c7c74f03533f,ok,,g465,train
data/original/aquahealth/train_split/Healthy Fish/Healthy Fish_aug_221.jpg,train_split,Healthy Fish,Healthy Fish,7,.jpg,640,640,RGB,99c07d7b1a408435130516045cf2d64c496da56716a570e7a9ff49de7aaef15f,1f1f0f0703433e1e,ok,,g1046,train
data/original/aquahealth/train_split/Healthy Fish/Healthy Fish_aug_222.jpg,train_split,Healthy Fish,Healthy Fish,7,.jpg,640,640,RGB,c0b116e13f62bcdec1309306095c9cb20b412ba3b4b20b713bfcbc01e8568b2a,20181d1f3f1f1d88,ok,,g1116,train
data/original/aquahealth/train_split/Healthy Fish/Healthy Fish_aug_223.jpg,train_split,Healthy Fish,Healthy Fish,7,.jpg,640,640,RGB,95ca93c1a9f88322ca4f9b9c51faa01af3ec00cc72c366fd9b576193b5ee3d4a,307030b2b6687030,ok,,g1263,train
data/original/aquahealth/train_split/Healthy Fish/Healthy Fish_aug_224.jpg,train_split,Healthy Fish,Healthy Fish,7,.jpg,640,640,RGB,2de79afd6cfd06887213b53ee16fa893a4eea9324a8424437c0bebb5c3fa2ba1,07c5c19a8e9c713f,ok,,g472,val
data/original/aquahealth/train_split/Healthy Fish/Healthy Fish_aug_225.jpg,train_split,Healthy Fish,Healthy Fish,7,.jpg,640,640,RGB,59c5c7580303557fd07ab2dec1941318b456f6cc326fb32fc557951a0a7c6857,672777b0753f4f0f,ok,,g1845,train
data/original/aquahealth/train_split/Healthy Fish/Healthy Fish_aug_226.jpg,train_split,Healthy Fish,Healthy Fish,7,.jpg,640,640,RGB,1550db7c4c6c54639039cd5eb8938d0eb1ef9c2e84ebe7721e65e8d3455515cf,0f1607271793af87,ok,,g695,train
data/original/aquahealth/train_split/Healthy Fish/Healthy Fish_aug_227.jpg,train_split,Healthy Fish,Healthy Fish,7,.jpg,640,640,RGB,657f4b72a7f55b1fb56b249fbd601648cefdfef3602188eb5ec77f9ea300469b,4366c6cf8f1e9819,ok,,g1603,train
data/original/aquahealth/train_split/Healthy Fish/Healthy Fish_aug_229.jpg,train_split,Healthy Fish,Healthy Fish,7,.jpg,640,640,RGB,4977e163b9b65137bd52e3bbf8d251210dd85ad5b974bb0e0c8d92bf7c89fcf5,0f0000606161c1c1,ok,,g622,val
data/original/aquahealth/train_split/Healthy Fish/Healthy Fish_aug_23.jpg,train_split,Healthy Fish,Healthy Fish,7,.jpg,640,640,RGB,7b80223d837b13374332242df6ef0793212e44c8c7496aef86076862e387a1b6,ec6c1c3c3155ddcc,ok,,g2834,train
data/original/aquahealth/train_split/Healthy Fish/Healthy Fish_aug_230.jpg,train_split,Healthy Fish,Healthy Fish,7,.jpg,640,640,RGB,d2ebe267fd3bd59f73b3fbe5726359ac6f8f66b182fd58636a20dd196d3e2d98,0702c9e898ece82b,ok,,g364,train
data/original/aquahealth/train_split/Healthy Fish/Healthy Fish_aug_232.jpg,train_split,Healthy Fish,Healthy Fish,7,.jpg,640,640,RGB,542fc83a5b8efe77450771071f483bf22e7f6b6c4525bb96a562f1700ab60636,4f4a181f173b7965,ok,,g1678,train
data/original/aquahealth/train_split/Healthy Fish/Healthy Fish_aug_233.jpg,train_split,Healthy Fish,Healthy Fish,7,.jpg,640,640,RGB,734ef0fe03b9853e8e17c40de399ef83d3db666976848f9871953511eb3731bf,004fdf9e1f1f0f00,ok,,g98,val
data/original/aquahealth/train_split/Healthy Fish/Healthy Fish_aug_234.jpg,train_split,Healthy Fish,Healthy Fish,7,.jpg,640,640,RGB,2d43cfea6629c06812b03a8db7f1a195f25ba428775860b35f48eb5a0d0ee984,4760733178223d0d,ok,,g1630,train
data/original/aquahealth/train_split/Healthy Fish/Healthy Fish_aug_235.jpg,train_split,Healthy Fish,Healthy Fish,7,.jpg,640,640,RGB,46494aa19ecd9e9e0277b2028154693f6eeb1aed350ec42879f4c6cb6a710d52,0365f1ecc070101f,ok,,g287,val
data/original/aquahealth/train_split/Healthy Fish/Healthy Fish_aug_236.jpg,train_split,Healthy Fish,Healthy Fish,7,.jpg,640,640,RGB,57263595081bbf46b6e9d6080df4359e002ae98a9c54951e779cf3c6635a395f,85871b1d1f1f1f1f,ok,,g2183,val
data/original/aquahealth/train_split/Healthy Fish/Healthy Fish_aug_24.jpg,train_split,Healthy Fish,Healthy Fish,7,.jpg,640,640,RGB,fb223528b25c4d88537ff97c638e1fc85c30c4a1d1163bc4458f9d474ee6e773,031373f2dad5601f,ok,,g255,train
data/original/aquahealth/train_split/Healthy Fish/Healthy Fish_aug_25.jpg,train_split,Healthy Fish,Healthy Fish,7,.jpg,640,640,RGB,7ff4088633a332c5ed3892b73ccb23cd9a90f92a8ed785aac6430890b2cadbd2,0f078eaab7070701,ok,,g646,train
data/original/aquahealth/train_split/Healthy Fish/Healthy Fish_aug_27.jpg,train_split,Healthy Fish,Healthy Fish,7,.jpg,640,640,RGB,6c9e141c80308dd415d131d1dbf4c69660a8747c6c86cd78e946855fd23daa34,0323730f1b1b171b,ok,,g267,test
data/original/aquahealth/train_split/Healthy Fish/Healthy Fish_aug_28.jpg,train_split,Healthy Fish,Healthy Fish,7,.jpg,640,640,RGB,fc49e48edab1a720418348ad59b64a9fd29e15447bc8282dab92a8d949d50705,0be3031325744c5c,ok,,g536,train
data/original/aquahealth/train_split/Healthy Fish/Healthy Fish_aug_29.jpg,train_split,Healthy Fish,Healthy Fish,7,.jpg,640,640,RGB,aeb4d9adef8e6dd12893988c1f23e4283473da9bd8ae0f14564c5ab457cf493e,89cdc9c86867676f,ok,,g2229,train
data/original/aquahealth/train_split/Healthy Fish/Healthy Fish_aug_3.jpg,train_split,Healthy Fish,Healthy Fish,7,.jpg,640,640,RGB,7e3c3a0a35460fab245a8d90a245c63f2b49d35375664cb76dfe43c63fb36c33,032903070c19c76f,ok,,g270,train
data/original/aquahealth/train_split/Healthy Fish/Healthy Fish_aug_30.jpg,train_split,Healthy Fish,Healthy Fish,7,.jpg,640,640,RGB,420c13348e53590dcc1e6f6104f61f2fe3441948e3d6dd57f4ffc7bc93e62c18,137038bc9a1c1615,ok,,g834,train
data/original/aquahealth/train_split/Healthy Fish/Healthy Fish_aug_31.jpg,train_split,Healthy Fish,Healthy Fish,7,.jpg,640,640,RGB,cd7cfc7b51ffb3e0cb2588079af11e954c6ba0d87e57013b5fc892ea6deb797d,8732335b9f9a171b,ok,,g2205,test
data/original/aquahealth/train_split/Healthy Fish/Healthy Fish_aug_32.jpg,train_split,Healthy Fish,Healthy Fish,7,.jpg,640,640,RGB,b7130840f472056dad087e94afe3698c5866bbd7289e3f8cb9c80074b31c6dc5,0072f2daf21200c0,ok,x2438,g106,
data/original/aquahealth/train_split/Healthy Fish/Healthy Fish_aug_33.jpg,train_split,Healthy Fish,Healthy Fish,7,.jpg,640,640,RGB,a49e05c7d27232a11ed469f136a6725e883660b69e27446a76844b58cb96040d,001070fcbcb80100,ok,,g68,train
data/original/aquahealth/train_split/Healthy Fish/Healthy Fish_aug_34.jpg,train_split,Healthy Fish,Healthy Fish,7,.jpg,640,640,RGB,9757360bc03ed55595987ef43eee56f63db465b149aff0b24d27053efdb2a88f,3727270e1e061c18,ok,,g1349,test
data/original/aquahealth/train_split/Healthy Fish/Healthy Fish_aug_35.jpg,train_split,Healthy Fish,Healthy Fish,7,.jpg,640,640,RGB,8da84bf14b3df7125bd6bab66ee029aa2f19124363e044828cde152bbbd3004d,0301cdc908307407,ok,,g216,val
data/original/aquahealth/train_split/Healthy Fish/Healthy Fish_aug_36.jpg,train_split,Healthy Fish,Healthy Fish,7,.jpg,640,640,RGB,2265915dc52f4b3139b31f367aec18926084cbc141796c36b66b414562a0eb00,011173f29edf751f,ok,,g172,train
data/original/aquahealth/train_split/Healthy Fish/Healthy Fish_aug_37.jpg,train_split,Healthy Fish,Healthy Fish,7,.jpg,640,640,RGB,ade7b78230e0403a8089dc84ef125d03a3ac93074dc15d9c2a817c1731a74d1b,cdcb960f0b730a06,ok,,g2602,test
data/original/aquahealth/train_split/Healthy Fish/Healthy Fish_aug_39.jpg,train_split,Healthy Fish,Healthy Fish,7,.jpg,640,640,RGB,6c04327da3f237fe5a2ec81d9c575ee7b8f1c717559f81d3d2f6aa8543b2a537,c7cad5f4dcdcfcdc,ok,,g2567,train
data/original/aquahealth/train_split/Healthy Fish/Healthy Fish_aug_40.jpg,train_split,Healthy Fish,Healthy Fish,7,.jpg,640,640,RGB,fd7a1e00cc63b296029bc3e1dca4882173b2e6a45d2d9889b9a3e6409ec28842,0b27e0d89eea6d07,ok,,g528,train
data/original/aquahealth/train_split/Healthy Fish/Healthy Fish_aug_41.jpg,train_split,Healthy Fish,Healthy Fish,7,.jpg,640,640,RGB,231f3592b3f40f00cf63942cc9ae4aec85509e9a21ef05971de2f4d98ffe37c5,456d1f13078717c1,ok,,g1614,train
data/original/aquahealth/train_split/Healthy Fish/Healthy Fish_aug_42.jpg,train_split,Healthy Fish,Healthy Fish,7,.jpg,640,640,RGB,9e72071eb5621d5a3dc77d00e0936f5ca23edd5852d430885e2d2a5ecc28cfd1,1f5436aebc3c7d0f,ok,,g1082,train
data/original/aquahealth/train_split/Healthy Fish/Healthy Fish_aug_44.jpg,train_split,Healthy Fish,Healthy Fish,7,.jpg,640,640,RGB,997471f66d25e127183a6a0565ad397485cd9aaefc21abcfcea7d4d347ebac97,0727e0d89eea6d07,ok,,g435,train
data/original/aquahealth/train_split/Healthy Fish/Healthy Fish_aug_45.jpg,train_split,Healthy Fish,Healthy Fish,7,.jpg,640,640,RGB,ed03a22e43bb654bc702e6a07c4b8c0ade54f563d59577fe5667d6e2d535ec9e,070f7df8e3c4742f,ok,,g415,train
data/original/aquahealth/train_split/Healthy Fish/Healthy Fish_aug_46.jpg,train_split,Healthy Fish,Healthy Fish,7,.jpg,640,640,RGB,5eba3a874b5efbbde5bab02ddbc71ffa1668a1166b3b64df111029b3020ef3c7,0b83cfcbd1556467,ok,,g532,train
data/original/aquahealth/train_split/Healthy Fish/Healthy Fish_aug_47.jpg,train_split,Healthy Fish,Healthy Fish,7,.jpg,640,640,RGB,9bf181e72bdeb38750996b2d250b211a1dbe86bfa1218da8c9961216d27de9ba,033125868495077f,ok,,g271,train
data/original/aquahealth/train_split/Healthy Fish/Healthy Fish_aug_48.jpg,train_split,Healthy Fish,Healthy Fish,7,.jpg,640,640,RGB,f7984260f8661ec3b54bd9b5df8b3742ee81416d879ae9d7860f13fcf4338203,406073307a2a3c0f,ok,,g1562,train
data/original/aquahealth/train_split/Healthy Fish/Healthy Fish_aug_51.jpg,train_split,Healthy Fish,Healthy Fish,7,.jpg,640,640,RGB,f047d1bcb557da3146e75b985ddc7442e798332e9783a4ca2bb1648585e4d0ea,1b38b0c68c6c5111,ok,,g927,val
data/original/aquahealth/train_split/Healthy Fish/Healthy Fish_aug_52.jpg,train_split,Healthy Fish,Healthy Fish,7,.jpg,640,640,RGB,c7df472569b15e1b77137ca36240ccd91819abfce8816dfa53d6f6340a16b09b,3f7062c1ee703103,ok,,g1537,train
data/original/aquahealth/train_split/Healthy Fish/Healthy Fish_aug_54.jpg,train_split,Healthy Fish,Healthy Fish,7,.jpg,640,640,RGB,da188054398c9d4dcf424f13ef6ce47ecac0d00d7924fbff58d049fc9c912461,0399fd669d0f6e6f,ok,,g300,train
data/original/aquahealth/train_split/Healthy Fish/Healthy Fish_aug_55.jpg,train_split,Healthy Fish,Healthy Fish,7,.jpg,640,640,RGB,6c6975de22ab5ad4b8d16e4f68dcc326e4134bc6b4938a572ba342a40847c52b,4fc078fcdccce413,ok,,g1689,train
data/original/aquahealth/train_split/Healthy Fish/Healthy Fish_aug_56.jpg,train_split,Healthy Fish,Healthy Fish,7,.jpg,640,640,RGB,a83327464c0d926c7358f58654b537569c04ea4ee1cf00e4256960a78b7dacda,010121619c8c3c1f,ok,,g153,train
data/original/aquahealth/train_split/Healthy Fish/Healthy Fish_aug_57.jpg,train_split,Healthy Fish,Healthy Fish,7,.jpg,640,640,RGB,03a437284848ee8f1f05dc97cf6f2d91c514b8df545e5167e114b4838f1d3034,0007070b1f170400,ok,,g55,val
data/original/aquahealth/train_split/Healthy Fish/Healthy Fish_aug_58.jpg,train_split,Healthy Fish,Healthy Fish,7,.jpg,640,640,RGB,d474fc7d3c65ac9b910588de06a3970d8859b2920ea9d7fc5a6e5879b4590c52,cf9f1d1f1f1fcf8f,ok,,g2613,val
data/original/aquahealth/train_split/Healthy Fish/Healthy Fish_aug_59.jpg,train_split,Healthy Fish,Healthy Fish,7,.jpg,640,640,RGB,4d0491fb65d8f107a6ab522c7872b1af82b748b42b92aaeb4d2d8fbb71ac2ef7,1b898dcfc98d8700,ok,,g942,train
data/original/aquahealth/train_split/Healthy Fish/Healthy Fish_aug_6.jpg,train_split,Healthy Fish,Healthy Fish,7,.jpg,640,640,RGB,62dc91e3e815f456d55e42f8dfc74c4778edf530f42c19b845f3e856b0a64a2c,1f00001919393838,ok,,g1007,train
data/original/aquahealth/train_split/Healthy Fish/Healthy Fish_aug_60.jpg,train_split,Healthy Fish,Healthy Fish,7,.jpg,640,640,RGB,f498a34bda3cc47434852c93e041f3743b2c33857cd6bbfd98a465e3017ae9c7,178f0f0f0f0f2f27,ok,,g871,train
data/original/aquahealth/train_split/Healthy Fish/Healthy Fish_aug_62.jpg,train_split,Healthy Fish,Healthy Fish,7,.jpg,640,640,RGB,41c8d48bd7e738aaa330c28700896e0921450e2ee0da16c7dde71b43453c8791,1f2360d89eea6907,ok,,g1059,train
data/original/aquahealth/train_split/Healthy Fish/Healthy Fish_aug_63.jpg,train_split,Healthy Fish,Healthy Fish,7,.jpg,640,640,RGB,dcd644cf99c957274d5e884b4293b696ffb6829b5b313a8c5fbae55be192cfaf,8607070b0d1c3c34,ok,,g2188,test
data/original/aquahealth/train_split/Healthy Fish/Healthy Fish_aug_68.jpg,train_split,Healthy Fish,Healthy Fish,7,.jpg,640,640,RGB,15afc78602caf1d10caec9dd0bcd00c13bc78dfe9d550556b37c91c5bb2e9bcf,0838b8dce6f8b818,ok,,g487,train
data/original/aquahealth/train_split/Healthy Fish/Healthy Fish_aug_69.jpg,train_split,Healthy Fish,Healthy Fish,7,.jpg,640,640,RGB,96adfe004ee71084c03b1533f4e89fe4ad40782837b4fb7b38aa0c6e9ccd4f12,13990f0f0343975e,ok,,g837,val
data/original/aquahealth/train_split/Healthy Fish/Healthy Fish_aug_70.jpg,train_split,Healthy Fish,Healthy Fish,7,.jpg,640,640,RGB,45f527d2db529fed4d1d9320ca35bc11acbe8f40825bebd5dc38141f2faef1a2,0f0107070f063331,ok,,g625,train
data/original/aquahealth/train_split/Healthy Fish/Healthy Fish_aug_71.jpg,train_split,Healthy Fish,Healthy Fish,7,.jpg,640,640,RGB,e2d019193b1695ed12eafd09c8af0609fb060c3c72acb7b40d3c1b557714f094,9f6f5a991d2c6e68,ok,x3033,g2359,val
data/original/aquahealth/train_split/Healthy Fish/Healthy Fish_aug_72.jpg,train_split,Healthy Fish,Healthy Fish,7,.jpg,640,640,RGB,4190e3f891277f581d7bccd642872db6b97b20a5fd19f1508846b8c2886b8458,3f686e1e1f4e5d0d,ok,,g1533,test
data/original/aquahealth/train_split/Healthy Fish/Healthy Fish_aug_74.jpg,train_split,Healthy Fish,Healthy Fish,7,.jpg,640,640,RGB,281dee4b5283ef490b743c2d25c4526137e1e3f9df0713bdc0e8058f4988ef13,670f0f0f1f8fc7e6,ok,,g1844,train
data/original/aquahealth/train_split/Healthy Fish/Healthy Fish_aug_75.jpg,train_split,Healthy Fish,Healthy Fish,7,.jpg,640,640,RGB,0a5ed7bd1382a50088c12f5afd9c63a095b74845676aea9cd6a51c25b2ce6aa7,70661e6e1e2008b4,ok,x142,g1916,
data/original/aquahealth/train_split/Healthy Fish/Healthy Fish_aug_76.jpg,train_split,Healthy Fish,Healthy Fish,7,.jpg,640,640,RGB,6c908b733cb52dcff1c9d14f9bc431db964617b2cd9fd0ac8d05cca668945b5f,ec6c1c3c3155ddcc,ok,,g2834,train
data/original/aquahealth/train_split/Healthy Fish/Healthy Fish_aug_77.jpg,train_split,Healthy Fish,Healthy Fish,7,.jpg,640,640,RGB,5b7422e9a8a7f2586f7b618d3aa3770bbcd37fbec71004b8800d8a80f22c6184,301c1d0f0f1e1c10,ok,,g1251,train
data/original/aquahealth/train_split/Healthy Fish/Healthy Fish_aug_78.jpg,train_split,Healthy Fish,Healthy Fish,7,.jpg,640,640,RGB,f2ef658d0b7a739c10af1261f027ea201049ebcff0a9d3549e646ab3ec589046,3f7e1bfbbfb9f919,ok,,g1546,train
data/original/aquahealth/train_split/Healthy Fish/Healthy Fish_aug_79.jpg,train_split,Healthy Fish,Healthy Fish,7,.jpg,640,640,RGB,d69ec16914f8ce1e6dae67ab4dfaa82a3df0c87e7477371b625851ee7f9bc65e,0f0f8eaa35070302,ok,,g688,train
data/original/aquahealth/train_split/Healthy Fish/Healthy Fish_aug_81.jpg,train_split,Healthy Fish,Healthy Fish,7,.jpg,640,640,RGB,e2d019193b1695ed12eafd09c8af0609fb060c3c72acb7b40d3c1b557714f094,9f6f5a991d2c6e68,ok,x3033,g2359,
data/original/aquahealth/train_split/Healthy Fish/Healthy Fish_aug_83.jpg,train_split,Healthy Fish,Healthy Fish,7,.jpg,640,640,RGB,13e2341ec19a1d647a646e763c338d4e52a27c95a1f3742a4ed1c4e8b74ce9e7,07078eaa131f1f1e,ok,,g394,train
data/original/aquahealth/train_split/Healthy Fish/Healthy Fish_aug_84.jpg,train_split,Healthy Fish,Healthy Fish,7,.jpg,640,640,RGB,4e409b8f7d99ed458b479d5aa5ffabf5534655642f82bf740e0a65a3ff993213,3f0f070747231d0d,ok,,g1498,train
data/original/aquahealth/train_split/Healthy Fish/Healthy Fish_aug_85.jpg,train_split,Healthy Fish,Healthy Fish,7,.jpg,640,640,RGB,a9289ce0d8daa791adc3a9946a74af05f355baf11f449e38b11740028705a9a5,1f0170c0ee6b0303,ok,,g1014,train
data/original/aquahealth/train_split/Healthy Fish/Healthy Fish_aug_86.jpg,train_split,Healthy Fish,Healthy Fish,7,.jpg,640,640,RGB,d3cacd841836f23a8adcdbaf8c098371a0d8ec9886ee6fdb9724ccef7ba4b5b3,0f0f1f1b133d1935,ok,,g673,train
data/original/aquahealth/train_split/Healthy Fish/Healthy Fish_aug_87.jpg,train_split,Healthy Fish,Healthy Fish,7,.jpg,640,640,RGB,43b73df7e447a3d77a192746d38ee0fcda90e2a050ff229f250a66528408491e,b0b0cab8a878d9f9,ok,,g2404,train
data/original/aquahealth/train_split/Healthy Fish/Healthy Fish_aug_88.jpg,train_split,Healthy Fish,Healthy Fish,7,.jpg,640,640,RGB,a19790fb32a96509b2e02d9bce9650b9b1f610ec810e12405e1c425f7244e568,06334327676de9c3,ok,,g352,test
data/original/aquahealth/train_split/Healthy Fish/Healthy Fish_aug_89.jpg,train_split,Healthy Fish,Healthy Fish,7,.jpg,640,640,RGB,54b8c1728b1b632121401143255f4d7f985cd01eadf7f5de6b12d633ebfa274b,0909191919191313,ok,,g496,train
data/original/aquahealth/train_split/Healthy Fish/Healthy Fish_aug_9.jpg,train_split,Healthy Fish,Healthy Fish,7,.jpg,640,640,RGB,28f55029a717e08f78cb4588acc575a3b107750b6e2f3ef033da403881e86a97,ef9e1f0e9f070fa7,ok,,g2845,val
data/original/aquahealth/train_split/Healthy Fish/Healthy Fish_aug_90.jpg,train_split,Healthy Fish,Healthy Fish,7,.jpg,640,640,RGB,751e86a066df001fc62e3a0a27ec2da7de1b8d86d4309ac67d9450d79eb3b670,e0f8705200000000,ok,,g2742,train
data/original/aquahealth/train_split/Healthy Fish/Healthy Fish_aug_91.jpg,train_split,Healthy Fish,Healthy Fish,7,.jpg,640,640,RGB,e1e39ef629c9768e621fb091b1e938142af41ab8ee66bfee78716118aada8c3d,73f3ca86c6c9e574,ok,,g1968,train
data/original/aquahealth/train_split/Healthy Fish/Healthy Fish_aug_92.jpg,train_split,Healthy Fish,Healthy Fish,7,.jpg,640,640,RGB,ef5060718a0a8521edb977ab8eb7dfc0db04d273dad95a83da305da66f2c3285,1371f0d8ee682503,ok,,g835,train
data/original/aquahealth/train_split/Healthy Fish/Healthy Fish_aug_93.jpg,train_split,Healthy Fish,Healthy Fish,7,.jpg,640,640,RGB,da9544d85aae0290ee591da8ffb0923d2b2302edec8ab36481f9cb8d15327717,4001070703074745,ok,,g1559,train
data/original/aquahealth/train_split/Healthy Fish/Healthy Fish_aug_94.jpg,train_split,Healthy Fish,Healthy Fish,7,.jpg,640,640,RGB,982c949747e91df4c98e2c9acb20e85dcd09fe88db93f2e50962cbd7b5f6176c,0709f8e486a8490f,ok,,g398,train
data/original/aquahealth/train_split/Healthy Fish/Healthy Fish_aug_96.jpg,train_split,Healthy Fish,Healthy Fish,7,.jpg,640,640,RGB,572dec1ac7d71ed30b5db6a09ed6dcabad89545794e1693c8aa5982e408fe839,0f4f9e1c19191888,ok,,g756,train
data/original/aquahealth/train_split/Healthy Fish/Healthy Fish_aug_97.jpg,train_split,Healthy Fish,Healthy Fish,7,.jpg,640,640,RGB,c817878b097954502cc81569a86ddd41c3234e8c279fee698b21c594e665e35b,78dc7c7c3c0e8170,ok,,g2011,val
data/original/aquahealth/train_split/Healthy Fish/Healthy Fish_aug_98.jpg,train_split,Healthy Fish,Healthy Fish,7,.jpg,640,640,RGB,9a7c26cddb939e4e81156b8d6836d34e053e9f33678f92ceea024fec76a0eacd,4fc178fcdccce415,ok,,g1690,train
data/original/aquahealth/train_split/Parasitic diseases/Parasitic diseases_1.jpeg,train_split,Parasitic diseases,Parasitic Disease,5,.jpeg,224,224,RGB,eba042cb6b9505372caee7e802f4ba322f568c854a73b4d7f1b259fdca8c434a,9f0f031213270703,ok,,g2355,test
data/original/aquahealth/train_split/Parasitic diseases/Parasitic diseases_10.jpg,train_split,Parasitic diseases,Parasitic Disease,5,.jpg,224,224,RGB,07ad6333c1748f0237d51b38023738c71e0e66556d5f1522e9a09cc4c55fbb5a,82c2606060301810,ok,,g2156,train
data/original/aquahealth/train_split/Parasitic diseases/Parasitic diseases_101.jpg,train_split,Parasitic diseases,Parasitic Disease,5,.jpg,640,640,RGB,fb900aca3344f3bee081e956fe189480c305e345a215fe47b467e3f8923e3f51,1a1a0e1e3f1c1d3d,ok,,g921,train
data/original/aquahealth/train_split/Parasitic diseases/Parasitic diseases_106.jpg,train_split,Parasitic diseases,Parasitic Disease,5,.jpg,640,640,RGB,e87e3fd96c27fe051bfa873e5d0281d8dca935b8779ee706b58b93d657a6f825,f89e1341c6c4e4fc,ok,,g2956,test
data/original/aquahealth/train_split/Parasitic diseases/Parasitic diseases_109.jpg,train_split,Parasitic diseases,Parasitic Disease,5,.jpg,640,640,RGB,00247d4431088e4ce7ecab7fe3347832362262176b8e410c93575852aad219d7,00000041cceef2b0,ok,,g7,train
data/original/aquahealth/train_split/Parasitic diseases/Parasitic diseases_110.jpg,train_split,Parasitic diseases,Parasitic Disease,5,.jpg,640,640,RGB,f51f11b23b6819187ca3551d0df20d185c74edd9795593a855f76025bd1305f2,7078727eec188000,ok,,g1925,train
data/original/aquahealth/train_split/Parasitic diseases/Parasitic diseases_111.jpg,train_split,Parasitic diseases,Parasitic Disease,5,.jpg,640,640,RGB,0aa71e10bbcbf8d810e8c3b6c8a1acc17d53ed8f581b822d1a59ea81e06bc085,c00e36ffbddc9c10,ok,,g2465,train
data/original/aquahealth/train_split/Parasitic diseases/Parasitic diseases_112.jpg,train_split,Parasitic diseases,Parasitic Disease,5,.jpg,640,640,RGB,28a19660a4bb1538df3b8bddd50163514302583e90387017ffc94437b2e6320e,3f3f3b707161d0c0,ok,,g1527,val
data/original/aquahealth/train_split/Parasitic diseases/Parasitic diseases_115.jpg,train_split,Parasitic diseases,Parasitic Disease,5,.jpg,640,640,RGB,c502aa0228bbaf12b81eb4e1dc4c8910ddd202171e3d57ac66c3c17571a7ea5a,7defe767677f7f3f,ok,,g2076,val
data/original/aquahealth/train_split/Parasitic diseases/Parasitic diseases_116.jpg,train_split,Parasitic diseases,Parasitic Disease,5,.jpg,640,640,RGB,2deb556bb54a3deb585b37830080ceb56711159e763ca63e1de5326610644f14,2323717fefe763e7,ok,,g1160,train
data/original/aquahealth/train_split/Parasitic diseases/Parasitic diseases_117.jpg,train_split,Parasitic diseases,Parasitic Disease,5,.jpg,640,640,RGB,d8be54cdcbf628c582046e290006a9c9362cfd416b4893972412e49afb89e2d9,1e3fe001183d6f9f,ok,,g1002,val
data/original/aquahealth/train_split/Parasitic diseases/Parasitic diseases_118.jpg,train_split,Parasitic diseases,Parasitic Disease,5,.jpg,640,640,RGB,675083e3759b9b107575d04004fdf8423ddfe8116cd0045ffde3ef94de6f10bb,8386062767677f7b,ok,,g2164,train
data/original/aquahealth/train_split/Parasitic diseases/Parasitic diseases_125.jpg,train_split,Parasitic diseases,Parasitic Disease,5,.jpg,640,640,RGB,c8eca7d124619e72bf0eaebc1ccb346570e39e074a495842bcb87eea6912af0c,4393cbe626264b3f,ok,,g1605,train
data/original/aquahealth/train_split/Parasitic diseases/Parasitic diseases_127.jpg,train_split,Parasitic diseases,Parasitic Disease,5,.jpg,640,640,RGB,b301e4f1a1d0c209f8d5a54d13d42d29be0953d92b1b4b7a54c261b4af8ec636,8c1e161c4ded7576,ok,,g2233,train
data/original/aquahealth/train_split/Parasitic diseases/Parasitic diseases_13.jpg,train_split,Parasitic diseases,Parasitic Disease,5,.jpg,128,128,RGB,8b8b8c574c1a8b18f24cd839d3abe333e1f6903c489a02bf9cfecc5a22f7647f,0e1e347053c76418,ok,,g613,train
data/original/aquahealth/train_split/Parasitic diseases/Parasitic diseases_135.jpg,train_split,Parasitic diseases,Parasitic Disease,5,.jpg,640,640,RGB,151aa4df819b2dce09bed100834dfabd51713964f8c0bdf8d2bd67e572922a52,7f8600030b138781,ok,,g2115,train
data/original/aquahealth/train_split/Parasitic diseases/Parasitic diseases_138.jpg,train_split,Parasitic diseases,Parasitic Disease,5,.jpg,640,640,RGB,db81babc8e70b89109f5353279202c61b1101f4f754b9fc7fe4f84385a218d29,3939030383930303,ok,,g1394,train
data/original/aquahealth/train_split/Parasitic diseases/Parasitic diseases_140.jpg,train_split,Parasitic diseases,Parasitic Disease,5,.jpg,640,640,RGB,e93aa19571b17b738aac6bbf1a952c7897feda97f84138c9c0c64ac8ef5b0615,cececcc8080e1f8f,ok,,g2607,train
data/original/aquahealth/train_split/Parasitic diseases/Parasitic diseases_141.jpg,train_split,Parasitic diseases,Parasitic Disease,5,.jpg,640,640,RGB,788272d00405b5db80f9ce3f3c81fcd084e3c8b314fb6ca48c44da0e21a8dcf2,8626e60f070e8ece,ok,,g2194,train
data/original/aquahealth/train_split/Parasitic diseases/Parasitic diseases_142.jpg,train_split,Parasitic diseases,Parasitic Disease,5,.jpg,640,640,RGB,2a299a4d96d87b213b4c49eb370ea5bc53bc710146f7144f6258326815191adb,bcf88f0b0f05c587,ok,,g2450,test
data/original/aquahealth/train_split/Parasitic diseases/Parasitic diseases_144.jpg,train_split,Parasitic diseases,Parasitic Disease,5,.jpg,640,640,RGB,e6b11dbb8462e77d73ccb1d604ee79c168f07b0f34fc5a661184703f12582f92,3c0609013c3c7870,ok,,g1436,train
data/original/aquahealth/train_split/Parasitic diseases/Parasitic diseases_147.jpg,train_split,Parasitic diseases,Parasitic Disease,5,.jpg,640,640,RGB,00ae6791f20b9cd64b6f3913f711af600577c5f7c8ae95ad765551d6f8a54d8d,6033f2f6260e1a84,ok,,g1756,test
data/original/aquahealth/train_split/Parasitic diseases/Parasitic diseases_15.jpg,train_split,Parasitic diseases,Parasitic Disease,5,.jpg,224,224,RGB,68887041b69a11011dc9525e069fb98fb26a0fdd6490dfeefdb597047ee9769e,3033e38282e1e160,ok,,g1256,train
data/original/aquahealth/train_split/Parasitic diseases/Parasitic diseases_150.jpg,train_split,Parasitic diseases,Parasitic Disease,5,.jpg,640,640,RGB,e02cb88aa746741f341506f2bb7c4532e0eb29654398731ebbec3abf08d2f20a,fbd3228b0b0d86e6,ok,,g2993,train
data/original/aquahealth/train_split/Parasitic diseases/Parasitic diseases_151.jpg,train_split,Parasitic diseases,Parasitic Disease,5,.jpg,640,640,RGB,e88b74146fad2d1c79166171b353a83be0b62a8b287787ee2dd757b7218cef93,3d39312121008080,ok,,g1466,test
data/original/aquahealth/train_split/Parasitic diseases/Parasitic diseases_153.jpg,train_split,Parasitic diseases,Parasitic Disease,5,.jpg,640,640,RGB,eb13e8762cc9815f96a35bab1dcbea5048154e12ccb807e19b165d6ea1458f25,070787e3e3ef0707,ok,,g393,train
data/original/aquahealth/train_split/Parasitic diseases/Parasitic diseases_154.jpg,train_split,Parasitic diseases,Parasitic Disease,5,.jpg,640,640,RGB,eca0186f1755df86b46ea05c56219a7f25251e0828bb99fc391206d8edd19114,03038381e1e06200,ok,,g234,train
data/original/aquahealth/train_split/Parasitic diseases/Parasitic diseases_155.jpg,train_split,Parasitic diseases,Parasitic Disease,5,.jpg,640,640,RGB,637ead4d2b0a5e0d337663b81c1f2a627580e704184e3b1cfe6355f40b809667,00000000000e1a18,ok,,g2,train
data/original/aquahealth/train_split/Parasitic diseases/Parasitic diseases_156.jpg,train_split,Parasitic diseases,Parasitic Disease,5,.jpg,640,640,RGB,2d4decfcb31fba6fd92ffa785de82a7d411efb253aebe9f8d9edaf6a5852414b,3939341808000000,ok,,g1398,train
data/original/aquahealth/train_split/Parasitic diseases/Parasitic diseases_157.jpg,train_split,Parasitic diseases,Parasitic Disease,5,.jpg,640,640,RGB,646e593df83fe6d33d1b1067e01aab6d8bdb68506fba241187017a845a139032,337371e1c3430307,ok,,g1323,test
data/original/aquahealth/train_split/Parasitic diseases/Parasitic diseases_161.jpg,train_split,Parasitic diseases,Parasitic Disease,5,.jpg,640,640,RGB,f0134d3396b25b36bde199bf40c08dc3918f2668238d035d6d1296beb943ff16,0303038794ec6c4f,ok,,g224,train
data/original/aquahealth/train_split/Parasitic diseases/Parasitic diseases_162.jpg,train_split,Parasitic diseases,Parasitic Disease,5,.jpg,640,640,RGB,e11c13d97388bb3549176634050a623da5c921b4273b2c5c594fc27a6f188fe9,1f170f1f1ddedfcb,ok,,g1037,train
data/original/aquahealth/train_split/Parasitic diseases/Parasitic diseases_164.jpg,train_split,Parasitic diseases,Parasitic Disease,5,.jpg,640,640,RGB,4bb7ed343363cf7c1d18ce3f231d4c40390b5d105c5cb4fa634c0fb9d9743050,2323339302032203,ok,,g1159,val
data/original/aquahealth/train_split/Parasitic diseases/Parasitic diseases_165.jpg,train_split,Parasitic diseases,Parasitic Disease,5,.jpg,640,640,RGB,9815adb07fc9948327c566195182fb3267d1fca1a0af59a6dd31efb907c10628,3372830203230307,ok,,g1322,test
data/original/aquahealth/train_split/Parasitic diseases/Parasitic diseases_171.jpg,train_split,Parasitic diseases,Parasitic Disease,5,.jpg,640,640,RGB,689adf9762575b0daf995261a803e4b730604e7cf3bc65c29f529caeb3669e81,09010181c5fd1913,ok,,g494,train
data/original/aquahealth/train_split/Parasitic diseases/Parasitic diseases_173.jpg,train_split,Parasitic diseases,Parasitic Disease,5,.jpg,640,640,RGB,73d832253a4620659bc2571dd7f96c7fc7fc681f92ebbd8087c99574a4a8eb8e,db0c090f0fce0e0e,ok,,g2663,train
data/original/aquahealth/train_split/Parasitic diseases/Parasitic diseases_175.jpg,train_split,Parasitic diseases,Parasitic Disease,5,.jpg,640,640,RGB,2d5c78844f92a16f23b39ba768523164b7314e870ca56b4884ecb885c6832ee4,8b091c1f1f179715,ok,,g2230,train
data/original/aquahealth/train_split/Parasitic diseases/Parasitic diseases_176.jpg,train_split,Parasitic diseases,Parasitic Disease,5,.jpg,640,640,RGB,fbfcb2ff266b0b3a9358c3b3bd1c2147379396e9bb220e1a898b047ccc37cccd,001f76470f08c879,ok,,g77,val
data/original/aquahealth/train_split/Parasitic diseases/Parasitic diseases_178.jpg,train_split,Parasitic diseases,Parasitic Disease,5,.jpg,640,640,RGB,4fbbe531ebb10972a7a0efa3b333c7a126656ec9a68bd4ef4b4dcfd3d6ab3168,939702c164623c34,ok,,g2287,test
data/original/aquahealth/train_split/Parasitic diseases/Parasitic diseases_179.jpg,train_split,Parasitic diseases,Parasitic Disease,5,.jpg,640,640,RGB,70b44b65e3d7211ca26b49c6d8f3d4cb1b67dc7d05a3e842cd098af32bfa576c,d2c8ede6f1717139,ok,,g2625,train
data/original/aquahealth/train_split/Parasitic diseases/Parasitic diseases_180.jpg,train_split,Parasitic diseases,Parasitic Disease,5,.jpg,640,640,RGB,0ff5b3852e9865ce1bfe24b2f54bef4ac5a4ae5317888fe2653493c5649cb5a0,4a0041580ecfcce0,ok,,g1648,val
data/original/aquahealth/train_split/Parasitic diseases/Parasitic diseases_181.jpg,train_split,Parasitic diseases,Parasitic Disease,5,.jpg,640,640,RGB,b22fb6379f20f90ecceb0ffed87c5c6bf3b0b555905d6fd0513b1ddba6603111,aebbf9e1343c7b64,ok,,g2397,train
data/original/aquahealth/train_split/Parasitic diseases/Parasitic diseases_182.jpg,train_split,Parasitic diseases,Parasitic Disease,5,.jpg,640,640,RGB,d4ff888accbbd2b7f967d197cb0871faa68c7018bd1a6b599795c7b477d93dbf,1e3c650f19d8f1f3,ok,,g1000,val
data/original/aquahealth/train_split/Parasitic diseases/Parasitic diseases_183.jpg,train_split,Parasitic diseases,Parasitic Disease,5,.jpg,640,640,RGB,480ec6d36f86f956d66c08d586e9f4c3dac69ecc298e1c2a00a16945b0e64b2f,70680a09466f383e,ok,,g1917,train
data/original/aquahealth/train_split/Parasitic diseases/Parasitic diseases_184.jpg,train_split,Parasitic diseases,Parasitic Disease,5,.jpg,640,640,RGB,ff6491e9c2c1c54b4a7197a8ad0503323cf11570274e29df942a0fef1afdcde1,0010188ecf673afc,ok,,g65,train
data/original/aquahealth/train_split/Parasitic diseases/Parasitic diseases_185.jpg,train_split,Parasitic diseases,Parasitic Disease,5,.jpg,640,640,RGB,b3f74bf0255f9467e8fc05ba07c868cffdfe021fdc49f635cfb0094fa59c2f4b,3b1322261208090d,ok,,g1419,test
data/original/aquahealth/train_split/Parasitic diseases/Parasitic diseases_186.jpg,train_split,Parasitic diseases,Parasitic Disease,5,.jpg,640,640,RGB,1db2ce514934b5efab564e259c743faa925382373b651a4391136610040e843e,67050f1b3373380f,ok,,g1843,val
data/original/aquahealth/train_split/Parasitic diseases/Parasitic diseases_187.jpg,train_split,Parasitic diseases,Parasitic Disease,5,.jpg,640,640,RGB,344198d4e38817fb3eda804427d6399e44a3421ce089609f6ff06cd8d73e43a3,0f060c0d1476e3c0,ok,,g636,test
data/original/aquahealth/train_split/Parasitic diseases/Parasitic diseases_188.jpg,train_split,Parasitic diseases,Parasitic Disease,5,.jpg,640,640,RGB,55e9ccb282f96d5cb7793ea23e43124ae404bb777fd3a86101b401610d29ceb5,0f0f3879191b1b17,ok,,g682,train
data/original/aquahealth/train_split/Parasitic diseases/Parasitic diseases_19.jpg,train_split,Parasitic diseases,Parasitic Disease,5,.jpg,224,224,RGB,2fa306a05754a72cff12cca2c3ff27c60d74a26f791ebb3eea2ccafd1792a91c,1632070f070f0f87,ok,,g852,train
data/original/aquahealth/train_split/Parasitic diseases/Parasitic diseases_190.jpg,train_split,Parasitic diseases,Parasitic Disease,5,.jpg,640,640,RGB,fd7b9b923dda7d1f17304b60c455e8b2235d1b897e0cb1e372d90c95f13669cf,2068687a766608c1,label_conflict,,g1123,
data/original/aquahealth/train_split/Parasitic diseases/Parasitic diseases_191.jpg,train_split,Parasitic diseases,Parasitic Disease,5,.jpg,640,640,RGB,801cb4d2d399b73a0faa9ba3e9b21f7e734ca98f6293ac80987a7d4d822ea2b3,0d1b133331bc0f0f,ok,,g580,train
data/original/aquahealth/train_split/Parasitic diseases/Parasitic diseases_193.jpg,train_split,Parasitic diseases,Parasitic Disease,5,.jpg,640,640,RGB,6279805daeea5662e6fcbbfda4bd1a3e733b596358c50fbd9e98805777a75a9a,0fcfe17337674f0f,ok,,g791,train
data/original/aquahealth/train_split/Parasitic diseases/Parasitic diseases_195.jpg,train_split,Parasitic diseases,Parasitic Disease,5,.jpg,640,640,RGB,a53248c80b71a90501d03eac062af2646a733465c3b190ed4bbe8b72c22f6fb4,607078fcf16f9ec2,ok,,g1768,test
data/original/aquahealth/train_split/Parasitic diseases/Parasitic diseases_196.jpg,train_split,Parasitic diseases,Parasitic Disease,5,.jpg,640,640,RGB,39f7c34f299d5f1b7708af57752de96eb4e5e9a56429333b9d0f14d2a42095c7,e0c2c2860682e330,ok,,g2711,train
data/original/aquahealth/train_split/Parasitic diseases/Parasitic diseases_198.jpg,train_split,Parasitic diseases,Parasitic Disease,5,.jpg,640,640,RGB,41a5c846adc454efdcc0a474201d0b2dd368b0ad5bbb0575f325d3d1ec8a98cd,40e0f0d0e1c0c0c0,ok,,g1569,train
data/original/aquahealth/train_split/Parasitic diseases/Parasitic diseases_199.jpg,train_split,Parasitic diseases,Parasitic Disease,5,.jpg,640,640,RGB,6e5480034aea73a3b816c5107b0c13aa002b06a0e46987cebdb4956198e7e11a,064eef6ee7dc9f19,ok,,g354,train
data/original/aquahealth/train_split/Parasitic diseases/Parasitic diseases_20.jpg,train_split,Parasitic diseases,Parasitic Disease,5,.jpg,224,224,RGB,cf3dbfcf29c90255264d372560900341074d7961d298286cfe4973e36887e9c0,043334e4841e1a84,ok,,g324,val
data/original/aquahealth/train_split/Parasitic diseases/Parasitic diseases_203.jpg,train_split,Parasitic diseases,Parasitic Disease,5,.jpg,640,640,RGB,7b4e512e453129ef954382874429bccf385fdf21b1610980b31331568de7e1cf,2f37373f1f8f8f3d,ok,,g1239,train
data/original/aquahealth/train_split/Parasitic diseases/Parasitic diseases_204.jpg,train_split,Parasitic diseases,Parasitic Disease,5,.jpg,640,640,RGB,69d74c8ee9774918bc245ff96e2f345de2c4050b025da329a946e775c2d9b2c8,181e0f0b19050000,ok,,g879,train
data/original/aquahealth/train_split/Parasitic diseases/Parasitic diseases_205.jpg,train_split,Parasitic diseases,Parasitic Disease,5,.jpg,640,640,RGB,8d727e091cf0a9abc98353715467657dba33b3a7c74febe7de4a7635814f84d8,2f3f3f3c1e165757,ok,,g1242,train
data/original/aquahealth/train_split/Parasitic diseases/Parasitic diseases_206.jpg,train_split,Parasitic diseases,Parasitic Disease,5,.jpg,640,640,RGB,a2ab28f17a387a6af6b0f4a8b034d19925271432df89bb779d293523846bfb78,6edfff7f7c77e4f0,ok,,g1885,train
data/original/aquahealth/train_split/Parasitic diseases/Parasitic diseases_207.jpg,train_split,Parasitic diseases,Parasitic Disease,5,.jpg,640,640,RGB,b1ec4a55e9297c8c97b02ead71eb35849b2941b68011749b0ee130b8db76f2c9,b170bcbecef8b892,ok,,g2411,train
data/original/aquahealth/train_split/Parasitic diseases/Parasitic diseases_21.jpeg,train_split,Parasitic diseases,Parasitic Disease,5,.jpeg,224,224,RGB,4a2b83ca19498b3af3872275441faf087b857a217186a9e054821e334770857d,f8debf3fcf6fbffc,ok,,g2962,val
data/original/aquahealth/train_split/Parasitic diseases/Parasitic diseases_214.jpg,train_split,Parasitic diseases,Parasitic Disease,5,.jpg,640,640,RGB,607d0a24e4e4f9f4bc70d3443aec22083b28a467119cc804de1a6cc862f64234,183020040e4f6f2f,ok,,g880,test
data/original/aquahealth/train_split/Parasitic diseases/Parasitic diseases_215.jpg,train_split,Parasitic diseases,Parasitic Disease,5,.jpg,640,640,RGB,1b35a5831e733b3403224710053a02eba680959bd2c247b4c449b114f868c852,3d3ff7f3e2e20203,ok,,g1471,train
data/original/aquahealth/train_split/Parasitic diseases/Parasitic diseases_216.jpg,train_split,Parasitic diseases,Parasitic Disease,5,.jpg,640,640,RGB,6845b0bfa3da953be079812807c188c79510d89e88670e9a17284203c31f9ade,e23e1f01fc9c9c3e,ok,,g2760,val
data/original/aquahealth/train_split/Parasitic diseases/Parasitic diseases_218.jpg,train_split,Parasitic diseases,Parasitic Disease,5,.jpg,640,640,RGB,562efa136d7c3a09a30fe1310da7eef61e9cafdbc711ad376d9c8827bd2e4e08,71fbcf8704040d1e,ok,,g1950,test
data/original/aquahealth/train_split/Parasitic diseases/Parasitic diseases_22.jpg,train_split,Parasitic diseases,Parasitic Disease,5,.jpg,224,224,RGB,02d8afed7769eed897820a1cb0af070d96c6930d79c4df77b409664fdc06780c,0f8f71232727179f,ok,,g778,train
data/original/aquahealth/train_split/Parasitic diseases/Parasitic diseases_220.jpg,train_split,Parasitic diseases,Parasitic Disease,5,.jpg,640,640,RGB,c20c0be5dfeac27523461921127d92a70e4d02e8c8106b33a5ef4c997212f557,00000203c3233e3f,ok,,g12,val
data/original/aquahealth/train_split/Parasitic diseases/Parasitic diseases_222.jpg,train_split,Parasitic diseases,Parasitic Disease,5,.jpg,640,640,RGB,a4d24c34cb6e77cf2c848f1e353bcbd6e4837ed804de56743ec6614eb5a9ec6b,63ff8f0d0d0f1800,ok,,g1826,train
data/original/aquahealth/train_split/Parasitic diseases/Parasitic diseases_23.jpg,train_split,Parasitic diseases,Parasitic Disease,5,.jpg,224,224,RGB,61e976ca97887742eaf392f213f8d0f298b3ef29e03eba0528be3e75f6f7ae08,df0f030213270703,ok,,g2681,test
data/original/aquahealth/train_split/Parasitic diseases/Parasitic diseases_231.jpg,train_split,Parasitic diseases,Parasitic Disease,5,.jpg,640,640,RGB,af0986c7526fe47b56777a6930a7db60d1db4392fec700bd4d31e4c4a643dfca,0000063e3e2e7cfd,ok,,g14,train
data/original/aquahealth/train_split/Parasitic diseases/Parasitic diseases_238.jpg,train_split,Parasitic diseases,Parasitic Disease,5,.jpg,640,640,RGB,3fb6c8e150f3da5ff975f37e0f3e210aa54f8ab78c9287ee210f3da57d6b287c,1898d8cc0060e030,ok,,g893,train
data/original/aquahealth/train_split/Parasitic diseases/Parasitic diseases_239.jpg,train_split,Parasitic diseases,Parasitic Disease,5,.jpg,640,640,RGB,32f890fedf2addeaaf8b5e744acc0dcc88936f2572ca97d0ee58c4d86807c378,202020e6e686c2e1,ok,,g1117,train
data/original/aquahealth/train_split/Parasitic diseases/Parasitic diseases_240.jpg,train_split,Parasitic diseases,Parasitic Disease,5,.jpg,640,640,RGB,45fdf9d20bc4017b8a98a336924d6059f981dfc3a9e830a73b5e631c2e8d0468,787064f038181c0c,ok,,g2003,train
data/original/aquahealth/train_split/Parasitic diseases/Parasitic diseases_242.jpg,train_split,Parasitic diseases,Parasitic Disease,5,.jpg,640,640,RGB,1865814381c7f42d81b751d7d6636f8918dd6d0362b31a7abf63a964660d4f0f,30747a3278787818,ok,,g1271,train
data/original/aquahealth/train_split/Parasitic diseases/Parasitic diseases_243.jpg,train_split,Parasitic diseases,Parasitic Disease,5,.jpg,640,640,RGB,c1977392138282c11d61135f201391bace9a8f4358d58a665bc11988939765b7,64e0f8ec73626243,ok,,g1837,train
data/original/aquahealth/train_split/Parasitic diseases/Parasitic diseases_244.jpg,train_split,Parasitic diseases,Parasitic Disease,5,.jpg,640,640,RGB,3ea246ad24532d49b1a46c4ebe7d36c03ed9542e139610c5aac32ffa4b0b1754,1818303070e1ecf0,ok,,g876,train
data/original/aquahealth/train_split/Parasitic diseases/Parasitic diseases_245.jpg,train_split,Parasitic diseases,Parasitic Disease,5,.jpg,640,640,RGB,9f3bd8b981a05fb1e3a03dc6732d566f036083625dd7ff5aa1c95cb79a00a34c,6862713636060000,ok,,g1862,train
data/original/aquahealth/train_split/Parasitic diseases/Parasitic diseases_25.jpg,train_split,Parasitic diseases,Parasitic Disease,5,.jpg,128,128,RGB,ebf64599bfa3ea5f50d9ae11a98d56bdd0ab648388a853cf3697b5365c3c205e,39396b60e4b83a14,ok,,g1401,train
data/original/aquahealth/train_split/Parasitic diseases/Parasitic diseases_26.jpg,train_split,Parasitic diseases,Parasitic Disease,5,.jpg,224,224,RGB,fe793fc24d05adfc62c13cb23e4013176c185ba7a1a3610ff6329c442b19089f,19f3f10d496f0f0f,ok,,g917,train
data/original/aquahealth/train_split/Parasitic diseases/Parasitic diseases_27.jpg,train_split,Parasitic diseases,Parasitic Disease,5,.jpg,224,224,RGB,232943a1df1478868db57d79f215ec12dc50bfdd91b5730db8eb8eac518bad59,0131f1f1797d1b03,ok,,g178,train
data/original/aquahealth/train_split/Parasitic diseases/Parasitic diseases_28.jpg,train_split,Parasitic diseases,Parasitic Disease,5,.jpg,224,224,RGB,c6f9858f9233e2813f6ae4a507b952afde29023513b837e070d24b394e2ae529,372d2e7f7b373f1f,ok,,g1351,train
data/original/aquahealth/train_split/Parasitic diseases/Parasitic diseases_3.png,train_split,Parasitic diseases,Parasitic Disease,5,.png,224,224,RGB,409c31e0db82f8d364a1f31058a42acf1df67d467b1ac330ee9cdc3dd044b5de,131c7ce7e73c1b17,ok,,g832,val
data/original/aquahealth/train_split/Parasitic diseases/Parasitic diseases_32.png,train_split,Parasitic diseases,Parasitic Disease,5,.png,224,224,RGB,c4820ca8a79cb26cd544c8db173bf735a341d0b055d6ec118e393425fee44b14,3d3f677333773f1f,ok,,g1470,train
data/original/aquahealth/train_split/Parasitic diseases/Parasitic diseases_33.jpg,train_split,Parasitic diseases,Parasitic Disease,5,.jpg,128,128,RGB,3df9dc2e19da7af7eaad441b29de50560f042ff80e427b455d4877199c0315c6,c0e1e2e5c1e1db69,ok,,g2498,train
data/original/aquahealth/train_split/Parasitic diseases/Parasitic diseases_35.jpg,train_split,Parasitic diseases,Parasitic Disease,5,.jpg,128,128,RGB,aaf47fb5e884f0133a113e0735ae826e1d06c57648aedd407e8c4a25fe9b5ebd,646cf4f0d2d30797,ok,,g1832,train
data/original/aquahealth/train_split/Parasitic diseases/Parasitic diseases_36.jpg,train_split,Parasitic diseases,Parasitic Disease,5,.jpg,128,128,RGB,8d68dbd70ae1c791897987d421d7285e3cc25dd0d8ddb381213884687d6249ac,e8dbf371496df0e2,ok,,g2825,test
data/original/aquahealth/train_split/Parasitic diseases/Parasitic diseases_37.jpg,train_split,Parasitic diseases,Parasitic Disease,5,.jpg,128,128,RGB,de5d6e513f2cc7f9cb9adf2e23955ead876c300503cd11acc4d7e840101ce322,7ffd3862667c1902,ok,,g2121,train
data/original/aquahealth/train_split/Parasitic diseases/Parasitic diseases_39.jpg,train_split,Parasitic diseases,Parasitic Disease,5,.jpg,128,128,RGB,02b197a03ff501c5ea3cd954eaadc3b00ec7fd133f1204f41a3dd508df009611,e0b29bd3db3e1e4f,ok,,g2702,train
data/original/aquahealth/train_split/Parasitic diseases/Parasitic diseases_42.jpg,train_split,Parasitic diseases,Parasitic Disease,5,.jpg,128,128,RGB,884aa6e66409db7f7af42eda5d666610a7cc1a987ed10e97a739ba5fea109765,d9077362ccdcf1e0,ok,,g2652,val
data/original/aquahealth/train_split/Parasitic diseases/Parasitic diseases_44.jpg,train_split,Parasitic diseases,Parasitic Disease,5,.jpg,128,128,RGB,d4d9958ca2db39da525d13b683a13349de61b01ac5fbd9da135cec837ce9e127,ffe7c1191891e310,ok,,g3046,val
data/original/aquahealth/train_split/Parasitic diseases/Parasitic diseases_45.jpg,train_split,Parasitic diseases,Parasitic Disease,5,.jpg,128,128,RGB,8522f805deafe8f98726be57da9645c8b09888d2d74fcc9f9dcd9c3066801036,3c3ebc3ce48f0e0f,ok,,g1450,train
data/original/aquahealth/train_split/Parasitic diseases/Parasitic diseases_46.jpg,train_split,Parasitic diseases,Parasitic Disease,5,.jpg,128,128,RGB,b0eb4161be7717a80de2518b597322fccd0d620d0d68e559d5f8b1ddaab42d1b,3e1800f07978f0e3,ok,,g1482,train
data/original/aquahealth/train_split/Parasitic diseases/Parasitic diseases_49.jpg,train_split,Parasitic diseases,Parasitic Disease,5,.jpg,128,128,RGB,5b2ce0f5d9888d821af2ff31fe47a2167d3066720df712e3ae3d5513321ec98f,996263e31c1d1d0d,ok,,g2312,train
data/original/aquahealth/train_split/Parasitic diseases/Parasitic diseases_5.jpg,train_split,Parasitic diseases,Parasitic Disease,5,.jpg,128,128,RGB,5577d5c8eb10dced105e1ec6459c8a0ddc58c9ff1ad84701e98cd228d51d673c,1c1e4f1071088107,ok,,g948,train
data/original/aquahealth/train_split/Parasitic diseases/Parasitic diseases_50.jpg,train_split,Parasitic diseases,Parasitic Disease,5,.jpg,128,128,RGB,6e8fee49b9f5d50b2951b4405be45716ca7a965847fa2ec38c8b440fd15b6bf7,1e18b0c28383f77a,ok,,g991,val
data/original/aquahealth/train_split/Parasitic diseases/Parasitic diseases_51.jpg,train_split,Parasitic diseases,Parasitic Disease,5,.jpg,128,128,RGB,030c0f2878f8de8f17c6043519d92ece0a0d7e8d98c85dcab4e81dea9dc06e8f,78109818f8787850,ok,,g1994,test
data/original/aquahealth/train_split/Parasitic diseases/Parasitic diseases_53.jpg,train_split,Parasitic diseases,Parasitic Disease,5,.jpg,128,128,RGB,a70d142a656ce57a9a16c3aba5d0f72ff638149732e9a6be300d08f22553d33e,80c862c64706f0dc,ok,,g2134,val
data/original/aquahealth/train_split/Parasitic diseases/Parasitic diseases_56.jpg,train_split,Parasitic diseases,Parasitic Disease,5,.jpg,128,128,RGB,97d2ffe45d408261d649299c8dcf5540e2fa20265c2e38e332cf23f493657813,343c1c07617cce18,ok,,g1330,train
data/original/aquahealth/train_split/Parasitic diseases/Parasitic diseases_57.jpg,train_split,Parasitic diseases,Parasitic Disease,5,.jpg,128,128,RGB,bff195e948e412f7d964523476eb158c00fdf4d2fd1d3764d29a5c3e513ee077,81c626c606e27c5c,ok,,g2152,train
data/original/aquahealth/train_split/Parasitic diseases/Parasitic diseases_58.jpg,train_split,Parasitic diseases,Parasitic Disease,5,.jpg,128,128,RGB,23a1e48c79c6869193168d243311bd8f2c1732ef4b103d01ee547b464924d4b5,82c23c363430583c,ok,,g2155,train
data/original/aquahealth/train_split/Parasitic diseases/Parasitic diseases_59.jpg,train_split,Parasitic diseases,Parasitic Disease,5,.jpg,128,128,RGB,3ddb9b3e859c2a80bcc6b6f9786baf5d05240f139ef224e9bf17dc60a352b436,8181a09b1d1d9c9e,ok,,g2148,train
data/original/aquahealth/train_split/Parasitic diseases/Parasitic diseases_6.jpg,train_split,Parasitic diseases,Parasitic Disease,5,.jpg,224,224,RGB,4af2fda6782e5a8a922f6433494514c49c4fdcea2ec307f160607d8621b22b5f,71d7fb7979fbc7c2,ok,,g1947,train
data/original/aquahealth/train_split/Parasitic diseases/Parasitic diseases_62.jpg,train_split,Parasitic diseases,Parasitic Disease,5,.jpg,128,128,RGB,92c7fbbc4b522f085fca6342ed976e9bf82eafdf24e1c508c6bb7eb5ed2ade53,fcef3b59f99ac7c7,ok,,g3008,train
data/original/aquahealth/train_split/Parasitic diseases/Parasitic diseases_64.jpg,train_split,Parasitic diseases,Parasitic Disease,5,.jpg,128,128,RGB,30078174fbf092010d7989b570a4c0c8b4d7716ae9bcc54aea5a17873b59b54f,05860e0e0630e0c0,ok,,g334,val
data/original/aquahealth/train_split/Parasitic diseases/Parasitic diseases_67.jpg,train_split,Parasitic diseases,Parasitic Disease,5,.jpg,224,224,RGB,89b3693a86828b6236447da1985f33aa8f755457703cc412b50c6c6365b7c70f,c70f6f4f0e04301d,ok,,g2561,train
data/original/aquahealth/train_split/Parasitic diseases/Parasitic diseases_68.jpg,train_split,Parasitic diseases,Parasitic Disease,5,.jpg,128,128,RGB,bff2c5ba0c0df21fb7c90560b9caf868ebc67040c8e7a99ee1139a06435beb91,daef3b59f93a87c7,ok,,g2661,test
data/original/aquahealth/train_split/Parasitic diseases/Parasitic diseases_7.jpg,train_split,Parasitic diseases,Parasitic Disease,5,.jpg,128,128,RGB,5e588512ece5f82fba1e82afac9582efdef6aac3057768c12d228c9a346eb1d3,1e0f079f8f1f9393,ok,,g988,val
data/original/aquahealth/train_split/Parasitic diseases/Parasitic diseases_71.jpg,train_split,Parasitic diseases,Parasitic Disease,5,.jpg,128,128,RGB,3c738229371a5191c28bac39ab30e09fdb897013c5ac35b292762f852fc7edf2,2d1f3b779e8f0707,ok,,g1216,test
data/original/aquahealth/train_split/Parasitic diseases/Parasitic diseases_72.jpg,train_split,Parasitic diseases,Parasitic Disease,5,.jpg,128,128,RGB,f5b13191fb352ce3f688ef174b1561f92836677560ba0ffd750ce26908a9eac0,1b7ff67f67233131,ok,,g941,test
data/original/aquahealth/train_split/Parasitic diseases/Parasitic diseases_74.jpg,train_split,Parasitic diseases,Parasitic Disease,5,.jpg,128,128,RGB,f8a701bbc5e200e035e3b0a7db248088ec4a8c192a10034e920e9bdef5d67a10,0e9d8dcd4e27830c,ok,,g621,val
data/original/aquahealth/train_split/Parasitic diseases/Parasitic diseases_75.jpg,train_split,Parasitic diseases,Parasitic Disease,5,.jpg,128,128,RGB,dde41389f5d5c8efd68a67d79fadd4a7a4a65d028779a70b1dde3d41be2fd484,8641091c216343c3,ok,,g2196,test
data/original/aquahealth/train_split/Parasitic diseases/Parasitic diseases_76.jpg,train_split,Parasitic diseases,Parasitic Disease,5,.jpg,128,128,RGB,20ca87c87bbeddb3920085f361fd7cfb1d701bca8f79570370100f3c0ce04c92,9dc393dbe7c3c203,ok,,g2336,train
data/original/aquahealth/train_split/Parasitic diseases/Parasitic diseases_77.jpg,train_split,Parasitic diseases,Parasitic Disease,5,.jpg,128,128,RGB,9f889133c1e226dbf6a70c3a1272b9e564f2a70db98a5808a2de30a7adc4d1b3,de1f0f0fbb793939,ok,,g2678,val
data/original/aquahealth/train_split/Parasitic diseases/Parasitic diseases_78.jpeg,train_split,Parasitic diseases,Parasitic Disease,5,.jpeg,224,224,RGB,c11ce522e630ce86d9a37c371a446c961cffa2ec332cdb45ce1591ce880241c0,8e9c963232868686,ok,,g2253,test
data/original/aquahealth/train_split/Parasitic diseases/Parasitic diseases_79.jpg,train_split,Parasitic diseases,Parasitic Disease,5,.jpg,128,128,RGB,b3e27a9008d9420e0483355359f08ca4fdd82647b414c919279c3aa8a1d8d4f0,eeeca4a32327272f,ok,,g2843,test
data/original/aquahealth/train_split/Parasitic diseases/Parasitic diseases_80.jpg,train_split,Parasitic diseases,Parasitic Disease,5,.jpg,128,128,RGB,cb1346409af67e6e8d783f417d7a3e70140f5f55848d72daac22828d487bc521,b8b9797d7c7c3ec6,ok,,g2435,train
data/original/aquahealth/train_split/Parasitic diseases/Parasitic diseases_81.jpg,train_split,Parasitic diseases,Parasitic Disease,5,.jpg,128,128,RGB,ab872d60e7cc01f95cfa11dd3462d0519a785b41e6816e133c327a716a23bd32,b8fc6d37327b397c,ok,,g2437,train
data/original/aquahealth/train_split/Parasitic diseases/Parasitic diseases_82.jpg,train_split,Parasitic diseases,Parasitic Disease,5,.jpg,128,128,RGB,9ffe908e000df0e2c623bbb1a9a17678e234096ef3f75fa97a6b6b0bd7b58c67,2221c1c1c3979130,ok,,g1153,val
data/original/aquahealth/train_split/Parasitic diseases/Parasitic diseases_84.jpg,train_split,Parasitic diseases,Parasitic Disease,5,.jpg,128,128,RGB,084fc02a93c6b702d7091e5819e724ab304805a2b4960074948a223af182e47a,32323230a1c5c1c3,ok,,g1302,test
data/original/aquahealth/train_split/Parasitic diseases/Parasitic diseases_85.jpg,train_split,Parasitic diseases,Parasitic Disease,5,.jpg,128,128,RGB,f1e38e46dc01e651275543a085d6a207a3efc54c1a012505cab84fe8762adb46,00ffcfc5c8400000,ok,,g137,train
data/original/aquahealth/train_split/Parasitic diseases/Parasitic diseases_86.jpg,train_split,Parasitic diseases,Parasitic Disease,5,.jpg,128,128,RGB,0747e205ff024599e026970dc7ae62e6cb31ba6df9decbaaee918e570abcf327,fcf83b3830660300,ok,,g3013,train
data/original/aquahealth/train_split/Parasitic diseases/Parasitic diseases_87.jpg,train_split,Parasitic diseases,Parasitic Disease,5,.jpg,128,128,RGB,c3cc97d3b82bc6f94a4409f6ea4e02b27f14ff94693d9b8bb741751e822aafea,003372303267fffe,ok,,g87,train
data/original/aquahealth/train_split/Parasitic diseases/Parasitic diseases_88.jpg,train_split,Parasitic diseases,Parasitic Disease,5,.jpg,128,128,RGB,37e49230fc95a077d5e9e5bc558cde3fd5da5e18d895597d7df51be7c7cb7c5b,0000000080c7e767,ok,,g5,train
data/original/aquahealth/train_split/Parasitic diseases/Parasitic diseases_89.jpg,train_split,Parasitic diseases,Parasitic Disease,5,.jpg,128,128,RGB,f65d186a99529ca2bf76b047e10feac0778856b10291efdcda657899f64fc73f,e0ffc3c3e3200000,ok,,g2744,train
data/original/aquahealth/train_split/Parasitic diseases/Parasitic diseases_9.jpg,train_split,Parasitic diseases,Parasitic Disease,5,.jpg,116,212,RGB,386a9cd1918e3beb65a11a4948684e11818dcba1c715fb06f58de1831a3ae29c,ddfdbd2e3e1e07f3,ok,,g2677,val
data/original/aquahealth/train_split/Parasitic diseases/Parasitic diseases_90.jpg,train_split,Parasitic diseases,Parasitic Disease,5,.jpg,224,224,RGB,35477fea12375853e9bafe63ae31c3f52471fc43810c42eca874bf2361149d8a,64622246b090c045,ok,,g1830,train
data/original/aquahealth/train_split/Parasitic diseases/Parasitic diseases_91.jpg,train_split,Parasitic diseases,Parasitic Disease,5,.jpg,128,128,RGB,d08ba086825ebf8e7ab8fe55b9ef4d0d1ba7732693ecfc22d939cd43e52ac441,0801076777fffefc,ok,,g481,train
data/original/aquahealth/train_split/Parasitic diseases/Parasitic diseases_93.jpg,train_split,Parasitic diseases,Parasitic Disease,5,.jpg,128,128,RGB,a3270e043e8416f751090f93b4d20bbdd68c82b5a1afc6ef5a52cf5c01fce85f,101030b0b8bc7878,ok,,g802,train
data/original/aquahealth/train_split/Parasitic diseases/Parasitic diseases_94.jpeg,train_split,Parasitic diseases,Parasitic Disease,5,.jpeg,224,224,RGB,bd8107cbe2bff0c1957ccc650488402e6f7826b8e6ad0b2268054b27fca33d0e,f00069f8da1a3891,ok,,g2852,train
data/original/aquahealth/train_split/Parasitic diseases/Parasitic diseases_95.jpg,train_split,Parasitic diseases,Parasitic Disease,5,.jpg,224,224,RGB,bcc425f85aa0d9881cabf1f8212d5b67e7babb71cd38e2cb13f4c29f3ca30d93,1e1cb0828782e3fa,ok,,g992,train
data/original/aquahealth/train_split/Parasitic diseases/Parasitic diseases_aug_0.jpg,train_split,Parasitic diseases,Parasitic Disease,5,.jpg,128,128,RGB,fc3f1ea3727a06471a6ec97314d7acdb09325a54357253a6099d8a2b4281ba44,1e3c3968a4383d2d,ok,,g998,train
data/original/aquahealth/train_split/Parasitic diseases/Parasitic diseases_aug_1.jpg,train_split,Parasitic diseases,Parasitic Disease,5,.jpg,640,640,RGB,346ce3dbfca67229c6d86f2e227344cbe2c576dbbbeebe7b54164cd9b717a261,3c74767038391909,ok,,g1457,train
data/original/aquahealth/train_split/Parasitic diseases/Parasitic diseases_aug_10.jpg,train_split,Parasitic diseases,Parasitic Disease,5,.jpg,128,128,RGB,60d400abd9bb786623fc73ebd03e372a6b04b9a7f2b64b3c29d63d4cd82af0c1,0f0f0f0e02103067,ok,,g666,train
data/original/aquahealth/train_split/Parasitic diseases/Parasitic diseases_aug_100.jpg,train_split,Parasitic diseases,Parasitic Disease,5,.jpg,640,640,RGB,35293e80d01a32c19580972239f0c5638eb8628f5887204c709e774e3f7adb2a,0700000001031b19,ok,,g357,test
data/original/aquahealth/train_split/Parasitic diseases/Parasitic diseases_aug_101.jpg,train_split,Parasitic diseases,Parasitic Disease,5,.jpg,128,128,RGB,57ea83a7a21c19c8b549dd9fa9dfe4c8a2ebff06c6b61aaa0580025c0f4dadc4,9ebcc393d3f3e101,ok,,g2351,train
data/original/aquahealth/train_split/Parasitic diseases/Parasitic diseases_aug_102.jpg,train_split,Parasitic diseases,Parasitic Disease,5,.jpg,128,128,RGB,0534343a04a768c8e1c8bf581f9dba81b970517f3c477fd90292803b6cd66aa0,c7e35c5e9f1e80d0,ok,,g2569,train
data/original/aquahealth/train_split/Parasitic diseases/Parasitic diseases_aug_103.jpg,train_split,Parasitic diseases,Parasitic Disease,5,.jpg,128,128,RGB,c370329b1a0bb147c01554666cb707b74bf90b025fabc02e161c22c0b2711de5,0fcf811139330627,ok,,g789,train
data/original/aquahealth/train_split/Parasitic diseases/Parasitic diseases_aug_104.jpg,train_split,Parasitic diseases,Parasitic Disease,5,.jpg,128,128,RGB,c56c43d7a3cf942f0c962a889473ab49cbfcccccb46e58dd2f0ba0b1dac378fe,d9c9d0f0b4341f16,ok,,g2654,train
data/original/aquahealth/train_split/Parasitic diseases/Parasitic diseases_aug_105.jpg,train_split,Parasitic diseases,Parasitic Disease,5,.jpg,640,640,RGB,9ab5b00abdec5e5d6dff98a21bd5589cfc60685edefa69c0a7d9b808a1d7eb2d,5f7f3f3d1e1f3337,ok,,g1743,train
data/original/aquahealth/train_split/Parasitic diseases/Parasitic diseases_aug_106.jpg,train_split,Parasitic diseases,Parasitic Disease,5,.jpg,640,640,RGB,0e48c01cfc14c428654af3625cbfd0b28ca2530592a9325e120e4d56ec104f82,7f7c7cfcf8714509,ok,,g2106,train
data/original/aquahealth/train_split/Parasitic diseases/Parasitic diseases_aug_107.jpg,train_split,Parasitic diseases,Parasitic Disease,5,.jpg,224,224,RGB,c400b789a61c43d3779ce0ebd8e4fa633c2e6dede13f09f9939a3de4a9ceb575,1f13327041416303,ok,,g1035,train
data/original/aquahealth/train_split/Parasitic diseases/Parasitic diseases_aug_109.jpg,train_split,Parasitic diseases,Parasitic Disease,5,.jpg,128,128,RGB,6dc7e1c4d43b45878c9163c07eae97fb954bb269ae3f1816b71b9b2213e28822,88c8da3a3b1b1b0b,ok,,g2221,val
data/original/aquahealth/train_split/Parasitic diseases/Parasitic diseases_aug_11.jpg,train_split,Parasitic diseases,Parasitic Disease,5,.jpg,128,128,RGB,68b5cd3a0cee8be11399efdd7f746231f13039060496e1e7771da7086b1f349e,33b3b3f37b5c7d3d,ok,,g1326,test
data/original/aquahealth/train_split/Parasitic diseases/Parasitic diseases_aug_110.jpg,train_split,Parasitic diseases,Parasitic Disease,5,.jpg,128,128,RGB,42a78ede875d908936826c6f4eae5102138844a2ac323575fad8f9f380c23ae9,0f0f8f8f9ef7f319,ok,,g690,test
data/original/aquahealth/train_split/Parasitic diseases/Parasitic diseases_aug_111.jpg,train_split,Parasitic diseases,Parasitic Disease,5,.jpg,128,128,RGB,e9b580db4fa1d738447fd30a7a267ae5bd6ecc4d003488e555deec4b657be2dc,ffe7c1191891e310,ok,,g3046,val
data/original/aquahealth/train_split/Parasitic diseases/Parasitic diseases_aug_112.jpg,train_split,Parasitic diseases,Parasitic Disease,5,.jpg,128,128,RGB,24279a826b2a4964c5eaece77cdd1d8699af38fff35eba140e5a51e29ac49ba9,b8b9797d7c7c3ec6,ok,,g2435,train
data/original/aquahealth/train_split/Parasitic diseases/Parasitic diseases_aug_113.jpg,train_split,Parasitic diseases,Parasitic Disease,5,.jpg,224,224,RGB,9dbd2fec02fe54f983e8ea825814b24cfef19392a8581ae9856261337574b643,7114206161201cbc,ok,,g1941,train
data/original/aquahealth/train_split/Parasitic diseases/Parasitic diseases_aug_114.jpg,train_split,Parasitic diseases,Parasitic Disease,5,.jpg,224,224,RGB,e2429f7a6dac619fa668aaa1bd936bab2626b8da22d1d1030822c6e521dcd48f,1101011313130707,ok,,g813,train
data/original/aquahealth/train_split/Parasitic diseases/Parasitic diseases_aug_115.jpg,train_split,Parasitic diseases,Parasitic Disease,5,.jpg,640,640,RGB,5828e5881f1422701d784664ff6812de084f2b2c098bdea5344a7292d4bef195,39000e4e4f0fe3ff,ok,,g1384,train
data/original/aquahealth/train_split/Parasitic diseases/Parasitic diseases_aug_116.jpg,train_split,Parasitic diseases,Parasitic Disease,5,.jpg,640,640,RGB,4edd159c6b930b5d4dd1025f868d461456647d19c76f852f89abd9c9e9296a98,3f3c309091010303,ok,,g1518,train
data/original/aquahealth/train_split/Parasitic diseases/Parasitic diseases_aug_118.jpg,train_split,Parasitic diseases,Parasitic Disease,5,.jpg,640,640,RGB,a437fb1bcfb3730f43068e6d0e5f9dcf849f4f60401eca91a5294db575bfd5c7,0ff7e7ce0c490163,ok,,g792,val
data/original/aquahealth/train_split/Parasitic diseases/Parasitic diseases_aug_120.jpg,train_split,Parasitic diseases,Parasitic Disease,5,.jpg,128,128,RGB,95388852c679ca79ce1f76a03cffc06069098da1cac8b38939dbcd16000c341c,0e9d8dcd4e27830c,ok,,g621,val
data/original/aquahealth/train_split/Parasitic diseases/Parasitic diseases_aug_121.jpg,train_split,Parasitic diseases,Parasitic Disease,5,.jpg,640,640,RGB,7fc9ae2238d3588025bacfb06f069b00655837d3e719cb512d2d67e80422cc8f,0707fffde911234b,ok,,g395,train
data/original/aquahealth/train_split/Parasitic diseases/Parasitic diseases_aug_122.jpg,train_split,Parasitic diseases,Parasitic Disease,5,.jpg,640,640,RGB,e9c54bb4dd11798cc4e9c417d40bd8202efc97817ddd91125f8e70357c0ece49,08030777c0c68683,ok,,g482,train
data/original/aquahealth/train_split/Parasitic diseases/Parasitic diseases_aug_123.jpg,train_split,Parasitic diseases,Parasitic Disease,5,.jpg,640,640,RGB,10138b2d9a8d0d72c6d4f43820eb7a44f41d1eb5e61e1d04d103ded4736a1397,0721200e2f0f9f1f,ok,,g432,test
data/original/aquahealth/train_split/Parasitic diseases/Parasitic diseases_aug_124.jpg,train_split,Parasitic diseases,Parasitic Disease,5,.jpg,128,128,RGB,52fad1914dafb392f6d811d2d36b3d543da3b095632c072391354bc8fe5c2fb0,0081216170183f7f,ok,,g117,train
data/original/aquahealth/train_split/Parasitic diseases/Parasitic diseases_aug_125.jpg,train_split,Parasitic diseases,Parasitic Disease,5,.jpg,224,224,RGB,c7e229d0bb010dcdece159bc3c91d1009e0ae7ec11811e4b6f002e5dbd268a33,3033e38282e1e160,ok,,g1256,train
data/original/aquahealth/train_split/Parasitic diseases/Parasitic diseases_aug_126.jpg,train_split,Parasitic diseases,Parasitic Disease,5,.jpg,128,128,RGB,6ccd982197d856bb08f5993c78683c986f6563916b611a47fd97a6980d51422f,0f1c1931e1c1c041,ok,,g705,train
data/original/aquahealth/train_split/Parasitic diseases/Parasitic diseases_aug_127.jpg,train_split,Parasitic diseases,Parasitic Disease,5,.jpg,640,640,RGB,75aa98cebe57d8e316149ca76f764026577c1add967f20b24f815ecd57e76d37,23e10d0f1f4f6f3f,ok,,g1170,train
data/original/aquahealth/train_split/Parasitic diseases/Parasitic diseases_aug_129.jpg,train_split,Parasitic diseases,Parasitic Disease,5,.jpg,640,640,RGB,2ef174cc70b28bc9e72497251dbb3f73ab9decd7475a48d766b46b765adc20eb,3b3b710108181918,ok,,g1427,train
data/original/aquahealth/train_split/Parasitic diseases/Parasitic diseases_aug_13.jpg,train_split,Parasitic diseases,Parasitic Disease,5,.jpg,224,224,RGB,c15448b5e5e830491adffe3f8c4474bb45402a1001e3c4cf3b46f5f9116002b6,97a30f0f1f0f0e0f,ok,,g2299,train
data/original/aquahealth/train_split/Parasitic diseases/Parasitic diseases_aug_130.jpg,train_split,Parasitic diseases,Parasitic Disease,5,.jpg,224,224,RGB,40c239d601cf7f5ad66523bc6b2d04dcf99f44e1cf1390a2c8f595575ef00288,05676746b012436f,ok,,g329,train
data/original/aquahealth/train_split/Parasitic diseases/Parasitic diseases_aug_132.jpg,train_split,Parasitic diseases,Parasitic Disease,5,.jpg,128,128,RGB,0f408fa231dc316b42724381396ac6c706adb77a29ea5a9fe658a8ca94313f2b,270761393181cf0f,ok,,g1188,train
data/original/aquahealth/train_split/Parasitic diseases/Parasitic diseases_aug_133.jpg,train_split,Parasitic diseases,Parasitic Disease,5,.jpg,640,640,RGB,b50e0926d2cce834e4499506340d0c29b43cb03c34917994070514a2234086de,033171703c39010f,ok,,g273,test
data/original/aquahealth/train_split/Parasitic diseases/Parasitic diseases_aug_135.jpg,train_split,Parasitic diseases,Parasitic Disease,5,.jpg,640,640,RGB,d293854c0db6ac4625fbd8a2386881ae41f8174d9404fa95ed045567dbfc0360,3372830203230307,ok,x2805,g1322,test
data/original/aquahealth/train_split/Parasitic diseases/Parasitic diseases_aug_136.jpg,train_split,Parasitic diseases,Parasitic Disease,5,.jpg,640,640,RGB,53ca2f854655bda3c062b6e6d68276a8812b5fb4e605df774d11f39024f87b31,448f1e5edcfc010f,ok,,g1612,train
data/original/aquahealth/train_split/Parasitic diseases/Parasitic diseases_aug_137.jpg,train_split,Parasitic diseases,Parasitic Disease,5,.jpg,640,640,RGB,be2b95a2ec06bffbd894b4168ba3dc29e6406ec40ab7b691e1f613fc612496d9,0f4f0b131330700f,ok,,g753,train
data/original/aquahealth/train_split/Parasitic diseases/Parasitic diseases_aug_138.jpg,train_split,Parasitic diseases,Parasitic Disease,5,.jpg,128,128,RGB,68ce48d83d16ee939328850c61411a0a001d0601d429c961e42683109c6857c3,0e07c3c36f030303,ok,,g601,train
data/original/aquahealth/train_split/Parasitic diseases/Parasitic diseases_aug_139.jpg,train_split,Parasitic diseases,Parasitic Disease,5,.jpg,128,128,RGB,56994f7bd691fede726763776e39f4e071b194eddcf70f0baa8b5a64baa531f2,2f0741393181cf0f,ok,,g1225,val
data/original/aquahealth/train_split/Parasitic diseases/Parasitic diseases_aug_14.jpg,train_split,Parasitic diseases,Parasitic Disease,5,.jpg,224,224,RGB,6d913ec802b4ba7ab42ef7c667a66b5272466b177c41980093eb9274a0ab9a42,6730704f6d09070f,ok,,g1846,train
data/original/aquahealth/train_split/Parasitic diseases/Parasitic diseases_aug_140.jpg,train_split,Parasitic diseases,Parasitic Disease,5,.jpg,128,128,RGB,ef258d37f1db005c504f39bf54d7d487ae4e6063c1e4e19301905346ed1a4ec4,3314206121011d39,ok,,g1311,train
data/original/aquahealth/train_split/Parasitic diseases/Parasitic diseases_aug_141.jpg,train_split,Parasitic diseases,Parasitic Disease,5,.jpg,128,128,RGB,afada18411abdf9b771d7d8ae10a74bb689a474b325b58cb208efaa257d2f95d,1b7feebf67233119,ok,,g940,train
data/original/aquahealth/train_split/Parasitic diseases/Parasitic diseases_aug_142.jpg,train_split,Parasitic diseases,Parasitic Disease,5,.jpg,128,128,RGB,56efcda2362ef4d18707c8c7b461668a56f4518143e9d199c1f7aeecb166f7b6,1f101090b03c7431,ok,,g1030,train
data/original/aquahealth/train_split/Parasitic diseases/Parasitic diseases_aug_144.jpg,train_split,Parasitic diseases,Parasitic Disease,5,.jpg,640,640,RGB,ec5c3268110cb48c9720b5659bd76dad044164687eb0529fb836ad8390a02bd7,1c1e0e0e0e87a7e7,ok,,g946,test
data/original/aquahealth/train_split/Parasitic diseases/Parasitic diseases_aug_146.jpg,train_split,Parasitic diseases,Parasitic Disease,5,.jpg,640,640,RGB,d2adb6f26e2e8dfed9914c6e2ada8159cd4850f288a5158cdcbc31b160e64a5e,63633f3e3e363e3e,ok,,g1803,val
data/original/aquahealth/train_split/Parasitic diseases/Parasitic diseases_aug_147.jpg,train_split,Parasitic diseases,Parasitic Disease,5,.jpg,640,640,RGB,13f95d2b58057846f4c876c5e650ae3587c4000b3d428bad4d81c685ec1c3333,0104327fbdfc3911,ok,,g166,train
data/original/aquahealth/train_split/Parasitic diseases/Parasitic diseases_aug_148.jpg,train_split,Parasitic diseases,Parasitic Disease,5,.jpg,640,640,RGB,9915a1032d5660d3c97415154b62d117e392205478d86e52c7db6681751c15ef,70200c1edfdf4f87,ok,x1980,g1907,train
data/original/aquahealth/train_split/Parasitic diseases/Parasitic diseases_aug_149.jpg,train_split,Parasitic diseases,Parasitic Disease,5,.jpg,640,640,RGB,18fa6e25fd2e66a55e8a70b5bf3085d414980cb0e83315124ef0a89f361879ba,07e787874e0e0e1e,ok,,g480,train
data/original/aquahealth/train_split/Parasitic diseases/Parasitic diseases_aug_15.jpg,train_split,Parasitic diseases,Parasitic Disease,5,.jpg,640,640,RGB,540a14a3496120ec992a01eed03fa71c88bae14f0c89fb6deb48a8e0591016e9,fc0e8785c4c0340f,ok,,g2997,train
data/original/aquahealth/train_split/Parasitic diseases/Parasitic diseases_aug_150.jpg,train_split,Parasitic diseases,Parasitic Disease,5,.jpg,640,640,RGB,c0644fae2e6eeb1b175b1aa29af0b71f934b9d1d4644d91717f6bd1c8ad9e791,4393cbe626264b3f,ok,,g1605,train
data/original/aquahealth/train_split/Parasitic diseases/Parasitic diseases_aug_151.jpg,train_split,Parasitic diseases,Parasitic Disease,5,.jpg,640,640,RGB,0625118218e445a6247daf330d074e8c76136bcd6559a91cb4a3fed1b0aa543e,2f37373f1f8f8f39,ok,,g1238,train
data/original/aquahealth/train_split/Parasitic diseases/Parasitic diseases_aug_152.jpg,train_split,Parasitic diseases,Parasitic Disease,5,.jpg,128,128,RGB,7968d52f1a5147fa7a1433b769264e55ca9b30ca961fa8238a302dfed94a5fb0,6077666760606165,ok,x1590,g1769,test
data/original/aquahealth/train_split/Parasitic diseases/Parasitic diseases_aug_153.jpg,train_split,Parasitic diseases,Parasitic Disease,5,.jpg,640,640,RGB,33128fbec4bed177df4e02537730b8db1ff4b6583762efeeec807c0ac9c16511,1f3ff7f3e2e20203,ok,,g1074,train
data/original/aquahealth/train_split/Parasitic diseases/Parasitic diseases_aug_154.jpg,train_split,Parasitic diseases,Parasitic Disease,5,.jpg,640,640,RGB,508bcafafba0a751be2ff9bdd177646ca4b5dc8b93e053c621f1c0b976a60e93,1f1313313c3f7f3f,ok,,g1033,test
data/original/aquahealth/train_split/Parasitic diseases/Parasitic diseases_aug_156.jpg,train_split,Parasitic diseases,Parasitic Disease,5,.jpg,640,640,RGB,8f322622d781040235d381ff5fe1de9c06c27539738699d4d39d708af086cebb,2f0f193373190f0f,ok,,g1227,train
data/original/aquahealth/train_split/Parasitic diseases/Parasitic diseases_aug_158.jpg,train_split,Parasitic diseases,Parasitic Disease,5,.jpg,640,640,RGB,c0b9ff7a82c6ee19a1a6f447bd8a747cae152099023ab78e4631cecd560b2207,7defe767677f7f3f,ok,,g2076,val
data/original/aquahealth/train_split/Parasitic diseases/Parasitic diseases_aug_159.jpg,train_split,Parasitic diseases,Parasitic Disease,5,.jpg,640,640,RGB,5ca96c6b6fd0ced41b9832de1f14cef3c9bce64f0c60122bd899fed4b94c32ea,8fdec34140400000,ok,,g2270,train
data/original/aquahealth/train_split/Parasitic diseases/Parasitic diseases_aug_16.jpg,train_split,Parasitic diseases,Parasitic Disease,5,.jpg,128,128,RGB,a9fe00a251f5c554e6e15cde5ba7e312526cc4b3f426255eba4cbfab59cd1dd9,0100ac377313fe5f,ok,,g141,train
data/original/aquahealth/train_split/Parasitic diseases/Parasitic diseases_aug_160.jpg,train_split,Parasitic diseases,Parasitic Disease,5,.jpg,640,640,RGB,5db52ddd82420e634b544b42499c00f73e9ca5e91f89729f81e73ae8c85191fa,0f0f99636727371f,ok,,g691,test
data/original/aquahealth/train_split/Parasitic diseases/Parasitic diseases_aug_161.jpg,train_split,Parasitic diseases,Parasitic Disease,5,.jpg,640,640,RGB,94ed2fb848fd70c1713a29a7e76dc60b10903711459145df4d400b7e01dd01cf,2b2b1c1e3d3c3f3f,ok,,g1210,test
data/original/aquahealth/train_split/Parasitic diseases/Parasitic diseases_aug_162.jpg,train_split,Parasitic diseases,Parasitic Disease,5,.jpg,128,128,RGB,909b44d15db5c7f154ed3914449bf436de667cac69c563f8adcf02deb65b4ffc,6325311108c9010c,ok,,g1799,train
data/original/aquahealth/train_split/Parasitic diseases/Parasitic diseases_aug_163.jpg,train_split,Parasitic diseases,Parasitic Disease,5,.jpg,640,640,RGB,4d9d69e0af145a398c965026b8f5e7541f0843926b7af51f90683253c882445c,263b7b76261e1b07,ok,,g1182,val
data/original/aquahealth/train_split/Parasitic diseases/Parasitic diseases_aug_165.jpg,train_split,Parasitic diseases,Parasitic Disease,5,.jpg,640,640,RGB,6f047f643146b7ae3faf80591269f2eddf3cdaacd4d4ae46b51f08b8cf2b7e4a,3f71a10191d1611f,ok,,g1539,train
data/original/aquahealth/train_split/Parasitic diseases/Parasitic diseases_aug_166.jpg,train_split,Parasitic diseases,Parasitic Disease,5,.jpg,128,128,RGB,bd016ed34aeb700095a24d506184365207a583b5c5aaca75d32aa48ed943d2dd,0000ac377313fe5f,ok,,g38,train
data/original/aquahealth/train_split/Parasitic diseases/Parasitic diseases_aug_167.jpg,train_split,Parasitic diseases,Parasitic Disease,5,.jpg,640,640,RGB,f6d2c8c363aaa154927ea2816a5fab0a0b6a02d9c0e67336895a1b314822e8c6,496373363602001f,ok,,g1643,train
data/original/aquahealth/train_split/Parasitic diseases/Parasitic diseases_aug_169.jpg,train_split,Parasitic diseases,Parasitic Disease,5,.jpg,640,640,RGB,76d0769d9213604e6c40ddd0bf91b20f0c4507eab4adb3a3504efb1740b16a5b,1f19163e3f7f3f1f,ok,,g1040,train
data/original/aquahealth/train_split/Parasitic diseases/Parasitic diseases_aug_170.jpg,train_split,Parasitic diseases,Parasitic Disease,5,.jpg,640,640,RGB,c85490c471261f571bd72645e7754f4ec56c20baae711254b7a5ad6d6d7a2d82,037371e3c343030f,ok,,g290,train
data/original/aquahealth/train_split/Parasitic diseases/Parasitic diseases_aug_171.jpg,train_split,Parasitic diseases,Parasitic Disease,5,.jpg,640,640,RGB,3d4c0f3fa920b1cb64a1c2d82cae24e20e351b4cb1a10bcfe13a622181fc83b6,0f9bc7c14040011f,ok,,g781,train
data/original/aquahealth/train_split/Parasitic diseases/Parasitic diseases_aug_172.jpg,train_split,Parasitic diseases,Parasitic Disease,5,.jpg,640,640,RGB,2f6ef6b6c3cbb2ea7618c7e1582d56d3081c2d09d6e3446d8ec2005bb4107fe4,026627078f8d0d1f,ok,,g210,val
data/original/aquahealth/train_split/Parasitic diseases/Parasitic diseases_aug_173.jpg,train_split,Parasitic diseases,Parasitic Disease,5,.jpg,224,224,RGB,0cd210879bd6bd5b092001d226a14a3692d94ce961b20697a1fe0a4c3587bbf2,27622206b0b18501,ok,,g1198,train
data/original/aquahealth/train_split/Parasitic diseases/Parasitic diseases_aug_174.jpg,train_split,Parasitic diseases,Parasitic Disease,5,.jpg,640,640,RGB,9472614f1ae9b1adffb79555b2d989e18a8c09c3b253a2350b66999d6c2dc094,0303038386971115,ok,,g223,test
data/original/aquahealth/train_split/Parasitic diseases/Parasitic diseases_aug_176.jpg,train_split,Parasitic diseases,Parasitic Disease,5,.jpg,640,640,RGB,b1bbd4ee0d442c69558bf67ebbfd40cbf2e31e9145597875ae8fdd07c312dc5a,0f435d1f26745007,ok,,g744,train
data/original/aquahealth/train_split/Parasitic diseases/Parasitic diseases_aug_179.jpg,train_split,Parasitic diseases,Parasitic Disease,5,.jpg,640,640,RGB,d620d40577792774397270de75b53b46078db5de20bcda6659c4946d4fa19494,ffffbf3f3c398303,ok,,g3053,train
data/original/aquahealth/train_split/Parasitic diseases/Parasitic diseases_aug_18.jpg,train_split,Parasitic diseases,Parasitic Disease,5,.jpg,224,224,RGB,b1bf08ad7555bf0febcf9aff957bb05eb752238c918828f6c1dc8c1202eab20c,f8debf7fcf6fbffc,ok,,g2963,test
data/original/aquahealth/train_split/Parasitic diseases/Parasitic diseases_aug_180.jpg,train_split,Parasitic diseases,Parasitic Disease,5,.jpg,640,640,RGB,10d70729380afbe708f9f183db092689854a8633be1d647cc5ee1a26c275409b,033171703c39011f,ok,,g274,train
data/original/aquahealth/train_split/Parasitic diseases/Parasitic diseases_aug_181.jpg,train_split,Parasitic diseases,Parasitic Disease,5,.jpg,128,128,RGB,f11c2c3b1c9951fe1c59bbdb05f4631da74ca2abb61875bae059667939841807,8181a01b1d1d9c9e,ok,,g2147,test
data/original/aquahealth/train_split/Parasitic diseases/Parasitic diseases_aug_182.jpg,train_split,Parasitic diseases,Parasitic Disease,5,.jpg,640,640,RGB,abcda6136794c72ffed792afff25840a52db1fb8cff1d88a6e0fdf911e754339,0363e1f1f07c7c79,ok,,g283,train
data/original/aquahealth/train_split/Parasitic diseases/Parasitic diseases_aug_183.jpg,train_split,Parasitic diseases,Parasitic Disease,5,.jpg,640,640,RGB,1545e047af1c710d91dcc1ba9fa5b32b6c0571c385a5e5143533d91280078f24,0000063e2e0e3cff,ok,,g13,train
data/original/aquahealth/train_split/Parasitic diseases/Parasitic diseases_aug_184.jpg,train_split,Parasitic diseases,Parasitic Disease,5,.jpg,128,128,RGB,7be35a2424571a39583fa23cb5d66c49cdee0cda2c54192e378d01a7de5c94c4,682430706d49f0b8,ok,,g1861,train
data/original/aquahealth/train_split/Parasitic diseases/Parasitic diseases_aug_185.jpg,train_split,Parasitic diseases,Parasitic Disease,5,.jpg,224,224,RGB,c346cb9bb819f1a4e360bcac2f3649b8d163b378e57a5ebc2e3f4a8189e775d0,1632070f070f0f87,ok,,g852,train
data/original/aquahealth/train_split/Parasitic diseases/Parasitic diseases_aug_186.jpg,train_split,Parasitic diseases,Parasitic Disease,5,.jpg,128,128,RGB,252eed1e960f8ad78aa997ddfe2d25fee637c92b5002a21f87249d07037bc8c2,038f37e44e4c7877,ok,,g297,test
data/original/aquahealth/train_split/Parasitic diseases/Parasitic diseases_aug_191.jpg,train_split,Parasitic diseases,Parasitic Disease,5,.jpg,128,128,RGB,edba2819e2f73ff9095dec1bb8df88202d70020823cc0a4b4eb2c098b0272c34,0f40e3b999c1e71f,ok,,g743,train
data/original/aquahealth/train_split/Parasitic diseases/Parasitic diseases_aug_193.jpg,train_split,Parasitic diseases,Parasitic Disease,5,.jpg,128,128,RGB,13da0f137319adae3e12ba260654dc1142e7dd96e9bf2b600ada381ab36bf3a7,870707060e073634,ok,,g2201,train
data/original/aquahealth/train_split/Parasitic diseases/Parasitic diseases_aug_194.jpg,train_split,Parasitic diseases,Parasitic Disease,5,.jpg,128,128,RGB,7968d52f1a5147fa7a1433b769264e55ca9b30ca961fa8238a302dfed94a5fb0,6077666760606165,ok,x1590,g1769,
data/original/aquahealth/train_split/Parasitic diseases/Parasitic diseases_aug_195.jpg,train_split,Parasitic diseases,Parasitic Disease,5,.jpg,128,128,RGB,bcebfa48be4fd8dd87e1a275f21bdcd3fa0f5baacb29c9ef250f30fd62f36370,0f1d30305340641d,ok,,g708,val
data/original/aquahealth/train_split/Parasitic diseases/Parasitic diseases_aug_196.jpg,train_split,Parasitic diseases,Parasitic Disease,5,.jpg,640,640,RGB,f09fb630a0af92d5dbf59de0534cf881b940039e7421f3787e4adf90c7e1bfe6,1c1e0e0e0f8727e7,ok,,g947,train
data/original/aquahealth/train_split/Parasitic diseases/Parasitic diseases_aug_197.jpg,train_split,Parasitic diseases,Parasitic Disease,5,.jpg,224,224,RGB,b259977761b29bef83c9b89ade10df916ff4fcb8970c20d05d67677fb714ceee,75ff49e0a4a36337,ok,,g1979,train
data/original/aquahealth/train_split/Parasitic diseases/Parasitic diseases_aug_198.jpg,train_split,Parasitic diseases,Parasitic Disease,5,.jpg,224,224,RGB,518efa094ab016ca99b66c1e75281caf878b8f60b99f1ef542e17b5560544898,3e3e3e372723c696,ok,,g1485,train
data/original/aquahealth/train_split/Parasitic diseases/Parasitic diseases_aug_199.jpg,train_split,Parasitic diseases,Parasitic Disease,5,.jpg,224,224,RGB,b99ec6048fa854c8ec237cc10a89557e158c191b7d797d2dfffc11d45ea46497,353f677333773f1f,ok,,g1334,train
data/original/aquahealth/train_split/Parasitic diseases/Parasitic diseases_aug_20.jpg,train_split,Parasitic diseases,Parasitic Disease,5,.jpg,640,640,RGB,a738317646af9b482d6e0bf3e5ce6f297633d1acfaaab628faf9260d6e08d3c9,3961617838181c1f,ok,,g1403,train
data/original/aquahealth/train_split/Parasitic diseases/Parasitic diseases_aug_200.jpg,train_split,Parasitic diseases,Parasitic Disease,5,.jpg,640,640,RGB,dc917bee519fa8b43a72591801eaeb3ca44ba3c335d5ff9cd0f576ce6428c400,07333f1f3f36080f,ok,,g437,train
data/original/aquahealth/train_split/Parasitic diseases/Parasitic diseases_aug_201.jpg,train_split,Parasitic diseases,Parasitic Disease,5,.jpg,640,640,RGB,c85173b0d29bd2b6de1df8a4bffc17e78bf73db3a3b8b1f452889a00367c54b8,0f6b3b93d25b6c4f,ok,,g759,train
data/original/aquahealth/train_split/Parasitic diseases/Parasitic diseases_aug_202.jpg,train_split,Parasitic diseases,Parasitic Disease,5,.jpg,640,640,RGB,c01ea675690240bc06fa20b803efd4ac1bbfdbd6e0934e0f3b7ed9f744daaf0a,0b031303070e0e43,ok,,g516,train
data/original/aquahealth/train_split/Parasitic diseases/Parasitic diseases_aug_203.jpg,train_split,Parasitic diseases,Parasitic Disease,5,.jpg,640,640,RGB,755cfbd9557b992fce94303dc36dd53a373fe320942424759234ea553ada089c,799f1345c2d4667f,ok,,g2032,train
data/original/aquahealth/train_split/Parasitic diseases/Parasitic diseases_aug_204.jpg,train_split,Parasitic diseases,Parasitic Disease,5,.jpg,640,640,RGB,7168d88971327bf586785628b139fd54087bdc3d12969321ceec438aad786af0,0f030607078f4d09,ok,,g631,train
data/original/aquahealth/train_split/Parasitic diseases/Parasitic diseases_aug_207.jpg,train_split,Parasitic diseases,Parasitic Disease,5,.jpg,128,128,RGB,1e2cac903df8a2f58dec61b64ba5a1523b600c078a927592400a6855d9dabfb9,060787c6e6fe1f1f,ok,,g342,train
data/original/aquahealth/train_split/Parasitic diseases/Parasitic diseases_aug_208.jpg,train_split,Parasitic diseases,Parasitic Disease,5,.jpg,640,640,RGB,39932f245bca7806c99b295a3ba835a5b680bb01ad67b18d27ec63edfadd12ba,e8b8309090800000,ok,x765,g2819,test
data/original/aquahealth/train_split/Parasitic diseases/Parasitic diseases_aug_209.jpg,train_split,Parasitic diseases,Parasitic Disease,5,.jpg,640,640,RGB,0c729265261ec7704c8f149bafab6c76e287e71c6f9b73a0d07e0d0987c7bfe6,0d25090d1c3c3879,ok,,g587,train
data/original/aquahealth/train_split/Parasitic diseases/Parasitic diseases_aug_21.jpg,train_split,Parasitic diseases,Parasitic Disease,5,.jpg,128,128,RGB,83e9f9e3ffaa006fba5bded47d4721c4c3a4d3084dcf11fcaf8dc402739486df,0fc7f0bc3e3c3047,ok,,g787,test
data/original/aquahealth/train_split/Parasitic diseases/Parasitic diseases_aug_210.jpg,train_split,Parasitic diseases,Parasitic Disease,5,.jpg,640,640,RGB,1b063e1f210f6698d82aaefde3dcf569ff059ef1551d6e2abbf15142900610b0,0018303070e1ecf0,ok,,g70,train
data/original/aquahealth/train_split/Parasitic diseases/Parasitic diseases_aug_211.jpg,train_split,Parasitic diseases,Parasitic Disease,5,.jpg,128,128,RGB,69fdd9a5e59abe5d073ea76b641c4ffe26cc198b21a8ff9457a8a30c068128b4,00000d0c0c3d7f7f,ok,,g16,train
data/original/aquahealth/train_split/Parasitic diseases/Parasitic diseases_aug_212.jpg,train_split,Parasitic diseases,Parasitic Disease,5,.jpg,128,128,RGB,2dcc9c9556a7b0daa40c49bad04178433557d75a39f2b65d8dd12b1f49b1e1af,2221c1c1c3979130,ok,,g1153,val
data/original/aquahealth/train_split/Parasitic diseases/Parasitic diseases_aug_213.jpg,train_split,Parasitic diseases,Parasitic Disease,5,.jpg,640,640,RGB,96e1dcd5ecd3f95ac36680354d3710b0b71a6bbcf2ef8e5e0d9bf40c6ef90134,735f0f0f090b0901,ok,,g1960,train
data/original/aquahealth/train_split/Parasitic diseases/Parasitic diseases_aug_214.jpg,train_split,Parasitic diseases,Parasitic Disease,5,.jpg,640,640,RGB,5682197e40497fb7d64c9aba32c7730b234bcd9c81200014deee048f2da37525,818c088818c40660,ok,,g2149,test
data/original/aquahealth/train_split/Parasitic diseases/Parasitic diseases_aug_215.jpg,train_split,Parasitic diseases,Parasitic Disease,5,.jpg,128,128,RGB,26dacbe1eba1eb9fc0d9b2cfa0560fd4d88edc2f76455f5a7a5008e1757e41af,010101010040633f,ok,,g145,train
data/original/aquahealth/train_split/Parasitic diseases/Parasitic diseases_aug_216.jpg,train_split,Parasitic diseases,Parasitic Disease,5,.jpg,640,640,RGB,4cc88cb103652d8f4e6c91d03950c6c3b0d1661045d3d0684217e85431bfbf4c,070c1a06cced6927,ok,,g402,train
data/original/aquahealth/train_split/Parasitic diseases/Parasitic diseases_aug_217.jpg,train_split,Parasitic diseases,Parasitic Disease,5,.jpg,640,640,RGB,f2a3ccdced793e6ed718a4baf2d7457cdf81a27ea0a574e6a6d764fdb5320592,6363d3e72f0e0e1c,ok,,g1806,train
data/original/aquahealth/train_split/Parasitic diseases/Parasitic diseases_aug_218.jpg,train_split,Parasitic diseases,Parasitic Disease,5,.jpg,128,128,RGB,95fe9b39649e27c35d1b37681d19608ecf32b1e158f333f8cf91211f8070d18a,078f0e0e861070e1,ok,,g466,val
data/original/aquahealth/train_split/Parasitic diseases/Parasitic diseases_aug_219.jpg,train_split,Parasitic diseases,Parasitic Disease,5,.jpg,640,640,RGB,800811ce82dd01184f156c0fcc976be323c4c7c9a5ba27ea95365da1c013d018,1a1a0e1e3f1c1d3d,ok,x1681,g921,train
data/original/aquahealth/train_split/Parasitic diseases/Parasitic diseases_aug_22.jpg,train_split,Parasitic diseases,Parasitic Disease,5,.jpg,128,128,RGB,ab39b314fb5eaf0fdbfbeadc0f12c0c989df9f7dcb3e0c29186d711af1ccc5d5,707e7f7f1f0d1903,ok,,g1926,train
data/original/aquahealth/train_split/Parasitic diseases/Parasitic diseases_aug_220.jpg,train_split,Parasitic diseases,Parasitic Disease,5,.jpg,224,224,RGB,2cef1a72beaa6f0358a6c3285c4a801a22548bfff0808f4a30b782af48f4490f,9f0f030213270f03,ok,,g2354,test
data/original/aquahealth/train_split/Parasitic diseases/Parasitic diseases_aug_221.jpg,train_split,Parasitic diseases,Parasitic Disease,5,.jpg,128,128,RGB,aa2033f5f5dd6f02389925baeffc88908ceb60d37e54290700ad3d879334333f,333bfb7c5c3e1e17,ok,,g1317,val
data/original/aquahealth/train_split/Parasitic diseases/Parasitic diseases_aug_222.jpg,train_split,Parasitic diseases,Parasitic Disease,5,.jpg,128,128,RGB,2bde4f78358646904983b17d4fc618c65ec695f0dedc31eab8f9d36584edb600,0383c3c7e6fe3f1f,ok,,g295,val
data/original/aquahealth/train_split/Parasitic diseases/Parasitic diseases_aug_223.jpg,train_split,Parasitic diseases,Parasitic Disease,5,.jpg,640,640,RGB,a7d48ccfeb8e7c626c830c5f762969da6f101922c294da34a87066a2bedd218a,3f8600030b038381,ok,,g1551,train
data/original/aquahealth/train_split/Parasitic diseases/Parasitic diseases_aug_224.jpg,train_split,Parasitic diseases,Parasitic Disease,5,.jpg,128,128,RGB,7e0a188363edeb1f90928e6f7f38d55e7ba69bc52d20413792065f47bb8f2f2b,91c626c606e27c5c,ok,,g2277,val
data/original/aquahealth/train_split/Parasitic diseases/Parasitic diseases_aug_225.jpg,train_split,Parasitic diseases,Parasitic Disease,5,.jpg,128,128,RGB,c9feed31d165c6a5878a97444b0f341adf5238c402b714d526dc4fd536667185,f038b8587c782469,ok,,g2854,train
data/original/aquahealth/train_split/Parasitic diseases/Parasitic diseases_aug_226.jpg,train_split,Parasitic diseases,Parasitic Disease,5,.jpg,224,224,RGB,d8e977071bc8abfa271ed2ab10bdc734a8c3c501790a23ac0d1ffcac1b43b6dc,f00069f8da1a3893,ok,,g2853,train
data/original/aquahealth/train_split/Parasitic diseases/Parasitic diseases_aug_227.jpg,train_split,Parasitic diseases,Parasitic Disease,5,.jpg,128,128,RGB,dab3d7735e056a8570ef86c3fe1d2972579a336b28dd5747f0c15e5498823f9a,84070f0e20606262,ok,,g2176,test
data/original/aquahealth/train_split/Parasitic diseases/Parasitic diseases_aug_228.jpg,train_split,Parasitic diseases,Parasitic Disease,5,.jpg,640,640,RGB,9275ef8f42311b20cff1b8760c4a61a36d739c97181b3267e5fa6c48607dfd5e,4363737b3b0f0606,ok,,g1601,train
data/original/aquahealth/train_split/Parasitic diseases/Parasitic diseases_aug_231.jpg,train_split,Parasitic diseases,Parasitic Disease,5,.jpg,128,128,RGB,b4f074b39614c0fa97c90854142a6d2213f4ce4206d48fc0de1844c874afd4ff,bebcc393d3f3e1c1,ok,,g2452,val
data/original/aquahealth/train_split/Parasitic diseases/Parasitic diseases_aug_232.jpg,train_split,Parasitic diseases,Parasitic Disease,5,.jpg,128,128,RGB,a20b6f21618ad73500f06104705ae72e3930d03d07c716cdb05eea5d5c17f8d1,3e3c7968a4383d25,ok,,g1484,train
data/original/aquahealth/train_split/Parasitic diseases/Parasitic diseases_aug_233.jpg,train_split,Parasitic diseases,Parasitic Disease,5,.jpg,640,640,RGB,9eea692b7923fbd82a9df69983b6a239dc02cd0af3f6fc61eeca4c5fae728929,e7f3f9df8f0d090b,ok,,g2815,train
data/original/aquahealth/train_split/Parasitic diseases/Parasitic diseases_aug_234.jpg,train_split,Parasitic diseases,Parasitic Disease,5,.jpg,640,640,RGB,51da2f688104a30f442f4eb279cbe35501d5f1ffde25cac30b0f1f6d44d9c8b7,02139f7cc999c3d3,ok,,g207,train
data/original/aquahealth/train_split/Parasitic diseases/Parasitic diseases_aug_236.jpg,train_split,Parasitic diseases,Parasitic Disease,5,.jpg,128,128,RGB,017f28392a53c5d20da617ce9efc8c50ab17f6886a1e15da14f37536ff335aaa,b3b3b3f37a5c7c3c,ok,,g2423,train
data/original/aquahealth/train_split/Parasitic diseases/Parasitic diseases_aug_237.jpg,train_split,Parasitic diseases,Parasitic Disease,5,.jpg,640,640,RGB,32e58e86208b4305d47de78a2decc56fb5114da904f9ac9f5f8816edb60859ed,0727373f3f3f3b1f,ok,,g434,val
data/original/aquahealth/train_split/Parasitic diseases/Parasitic diseases_aug_238.jpg,train_split,Parasitic diseases,Parasitic Disease,5,.jpg,128,128,RGB,f35e007cca5bbc47384207fa2513c58ffdbef93f3ed79adece033c574e5144f4,6077666760606165,ok,,g1769,test
data/original/aquahealth/train_split/Parasitic diseases/Parasitic diseases_aug_24.jpg,train_split,Parasitic diseases,Parasitic Disease,5,.jpg,128,128,RGB,c729d10c11536a4ff691b4b33f10535eec212f0f8b409b2e8964c27b6c274d22,010101010041673f,ok,,g146,train
data/original/aquahealth/train_split/Parasitic diseases/Parasitic diseases_aug_240.jpg,train_split,Parasitic diseases,Parasitic Disease,5,.jpg,640,640,RGB,af9ff672036b1b62c2ec6520d7f07515793fdbe7275aabff54b64e3695b73161,0b031303070e0e43,ok,,g516,train
data/original/aquahealth/train_split/Parasitic diseases/Parasitic diseases_aug_241.jpg,train_split,Parasitic diseases,Parasitic Disease,5,.jpg,640,640,RGB,5b49037f902438a3d09368377c5392dd0c2e26a9b301331c6c52ec278eeb6247,0f6b3b93d25bcc4e,ok,,g760,train
data/original/aquahealth/train_split/Parasitic diseases/Parasitic diseases_aug_243.jpg,train_split,Parasitic diseases,Parasitic Disease,5,.jpg,128,128,RGB,3374870f514500952c198b196e2d31fc373b680319d7eab9c3a691fb28337831,35a765342503060f,ok,,g1336,val
data/original/aquahealth/train_split/Parasitic diseases/Parasitic diseases_aug_245.jpg,train_split,Parasitic diseases,Parasitic Disease,5,.jpg,224,224,RGB,eb2766c63bed0d1bb9286a55e3b3ff11fe9ad7632c8aa83d7a795213346fe8fe,03f9ff9fa7177e7f,ok,,g313,train
data/original/aquahealth/train_split/Parasitic diseases/Parasitic diseases_aug_247.jpg,train_split,Parasitic diseases,Parasitic Disease,5,.jpg,128,128,RGB,1f08ce8a08d1bdf44b297c3c38f58122840d3d56441bc90c67a74a47ef4f530c,b0b299d3db3f1f4f,ok,,g2406,train
data/original/aquahealth/train_split/Parasitic diseases/Parasitic diseases_aug_248.jpg,train_split,Parasitic diseases,Parasitic Disease,5,.jpg,640,640,RGB,346fb3e459b2f4405b7ba0fd728c756a6402424e994538bbcf7bcc86f80d7fbb,3f202066e686c2c3,ok,,g1508,train
data/original/aquahealth/train_split/Parasitic diseases/Parasitic diseases_aug_25.jpg,train_split,Parasitic diseases,Parasitic Disease,5,.jpg,128,128,RGB,e5838f3a527bb8e99034d33af113d889cb9e151f05cb206fe679e0427c3b400a,17f35d7c3e17333b,ok,,g872,train
data/original/aquahealth/train_split/Parasitic diseases/Parasitic diseases_aug_250.jpg,train_split,Parasitic diseases,Parasitic Disease,5,.jpg,640,640,RGB,01692e2b2d0afab5654c5f99df9520c411b58d1af5c7171400f4256bdae3fcbc,2323339302032203,ok,,g1159,val
data/original/aquahealth/train_split/Parasitic diseases/Parasitic diseases_aug_251.jpg,train_split,Parasitic diseases,Parasitic Disease,5,.jpg,128,128,RGB,fbaefe89a88a4c86e970cd04bdc969cf4fe60185e06ab73b122f42748f81f6bf,3e1800f17978f0e3,ok,,g1483,train
data/original/aquahealth/train_split/Parasitic diseases/Parasitic diseases_aug_253.jpg,train_split,Parasitic diseases,Parasitic Disease,5,.jpg,640,640,RGB,67da9b6e4072622258e939fa054cbf2154cd237ba0447a7951c8cd994009cf69,0000000000021b18,ok,,g0,train
data/original/aquahealth/train_split/Parasitic diseases/Parasitic diseases_aug_254.jpg,train_split,Parasitic diseases,Parasitic Disease,5,.jpg,128,128,RGB,c29c8169a84abceb43f118259ebea5d62b43ec222aaf3f8fe01bbfa96aa19a0f,01016161701b3f7c,ok,,g156,train
data/original/aquahealth/train_split/Parasitic diseases/Parasitic diseases_aug_255.jpg,train_split,Parasitic diseases,Parasitic Disease,5,.jpg,640,640,RGB,994ac18d948f7a7da72d804347accc80b3bc5afe52bbf850c86a8a49a062dc33,8c8cccecef8f070e,ok,x1985,g2236,test
data/original/aquahealth/train_split/Parasitic diseases/Parasitic diseases_aug_257.jpg,train_split,Parasitic diseases,Parasitic Disease,5,.jpg,640,640,RGB,0d486cff300b0fb347f4f8eb33e668b82be93017253fb8ee5dc7eb7d05d7bd86,3f1353d0982f0f0f,ok,,g1502,train
data/original/aquahealth/train_split/Parasitic diseases/Parasitic diseases_aug_258.jpg,train_split,Parasitic diseases,Parasitic Disease,5,.jpg,640,640,RGB,6946671bf90caad0114c7a2a90e5fc57f0bda0a155aafb39a718a88fe0b52d6d,33333336bf3fbb3f,ok,x1381,g1314,train
data/original/aquahealth/train_split/Parasitic diseases/Parasitic diseases_aug_259.jpg,train_split,Parasitic diseases,Parasitic Disease,5,.jpg,224,224,RGB,b44b56d212aa468ffa2ad011e6f4fee6b6d3d8e3c3de9ce8740adea2053e4933,391a367025011939,ok,,g1387,test
data/original/aquahealth/train_split/Parasitic diseases/Parasitic diseases_aug_26.jpg,train_split,Parasitic diseases,Parasitic Disease,5,.jpg,640,640,RGB,d271526069bd707b269015e7c06b51247077b8de98f8c43d1d5e99bd766c890e,0f060c0d1476e3c0,ok,,g636,test
data/original/aquahealth/train_split/Parasitic diseases/Parasitic diseases_aug_261.jpg,train_split,Parasitic diseases,Parasitic Disease,5,.jpg,640,640,RGB,f404f42cabc2cd5e080f7af00a3e119869bfb6a3b9d046142ad51a1010246fe5,10101898989eb878,ok,,g799,val
data/original/aquahealth/train_split/Parasitic diseases/Parasitic diseases_aug_262.jpg,train_split,Parasitic diseases,Parasitic Disease,5,.jpg,128,128,RGB,75b5e20ea77f27fd915017a9078b47e3b4857e88c7340224c2934c0ffa299466,1f173866667c1907,ok,,g1038,train
data/original/aquahealth/train_split/Parasitic diseases/Parasitic diseases_aug_263.jpg,train_split,Parasitic diseases,Parasitic Disease,5,.jpg,640,640,RGB,994ac18d948f7a7da72d804347accc80b3bc5afe52bbf850c86a8a49a062dc33,8c8cccecef8f070e,ok,x1985,g2236,
data/original/aquahealth/train_split/Parasitic diseases/Parasitic diseases_aug_265.jpg,train_split,Parasitic diseases,Parasitic Disease,5,.jpg,640,640,RGB,934f3bffc48c99923fef15fd9d132333f9e47b5ca0b378bdaa3f89c7a0f00951,09010181c5fd1913,ok,,g494,train
data/original/aquahealth/train_split/Parasitic diseases/Parasitic diseases_aug_268.jpg,train_split,Parasitic diseases,Parasitic Disease,5,.jpg,640,640,RGB,5efaae74bf4d1224da8c11591eadd4cd90dab6a86fdfc62badffb43208fbd24e,1f013c7af0b93903,ok,,g1013,train
data/original/aquahealth/train_split/Parasitic diseases/Parasitic diseases_aug_27.jpg,train_split,Parasitic diseases,Parasitic Disease,5,.jpg,640,640,RGB,39932f245bca7806c99b295a3ba835a5b680bb01ad67b18d27ec63edfadd12ba,e8b8309090800000,ok,x765,g2819,
data/original/aquahealth/train_split/Parasitic diseases/Parasitic diseases_aug_270.jpg,train_split,Parasitic diseases,Parasitic Disease,5,.jpg,128,128,RGB,271811e6c61de232c958c3c70fccf194b2873fbfa9ae367f7a62cc636f73b10f,0a0f1d3c0c000101,ok,,g513,train
data/original/aquahealth/train_split/Parasitic diseases/Parasitic diseases_aug_272.jpg,train_split,Parasitic diseases,Parasitic Disease,5,.jpg,128,128,RGB,9b12fd68d02a2230f60f2dd08fee3dd77e467c8a8de00ae6249cd56158a94243,0dd96b63a3b71717,ok,,g597,val
data/original/aquahealth/train_split/Parasitic diseases/Parasitic diseases_aug_273.jpg,train_split,Parasitic diseases,Parasitic Disease,5,.jpg,640,640,RGB,2a4e9b687d4a9b4866ea9f22e8adda31896ae7b630e8af2f1a5e6ade67820063,c08f1e5cdcfcc30f,ok,,g2474,train
data/original/aquahealth/train_split/Parasitic diseases/Parasitic diseases_aug_274.jpg,train_split,Parasitic diseases,Parasitic Disease,5,.jpg,128,128,RGB,035e376545a80635b9503be9e0ee5bc906fb6f3478cc5e300454e946628c55a2,8008b88888000000,ok,,g2125,train
data/original/aquahealth/train_split/Parasitic diseases/Parasitic diseases_aug_275.jpg,train_split,Parasitic diseases,Parasitic Disease,5,.jpg,128,128,RGB,de35e47c1230bae7ba778e6312d226d80d91268f7949d0e510da2458f3655513,35a765302503060f,ok,,g1335,train
data/original/aquahealth/train_split/Parasitic diseases/Parasitic diseases_aug_276.jpg,train_split,Parasitic diseases,Parasitic Disease,5,.jpg,640,640,RGB,0ac571350535a755b16076b2f72cf70806f6fbce3c605349c64d208b5cfcd4bc,0f00181e1f1f1f1b,ok,,g624,train
data/original/aquahealth/train_split/Parasitic diseases/Parasitic diseases_aug_277.jpg,train_split,Parasitic diseases,Parasitic Disease,5,.jpg,128,128,RGB,6b37889b375104262868ac3b63f78ac2e6934e4e316fa72918a8fad7b003b4e8,1b7ff67f67233131,ok,,g941,test
data/original/aquahealth/train_split/Parasitic diseases/Parasitic diseases_aug_279.jpg,train_split,Parasitic diseases,Parasitic Disease,5,.jpg,640,640,RGB,09351eed28fccecfaa98bbecec50115e6487ffd8afd047ed78be269661d8eff5,070c783113190d0d,ok,,g404,train
data/original/aquahealth/train_split/Parasitic diseases/Parasitic diseases_aug_28.jpg,train_split,Parasitic diseases,Parasitic Disease,5,.jpg,640,640,RGB,b06aef0be25e675b0c954bedcd298571e26cb6cd9bbd6ee17e38feff5ba437cd,c144c0e0e0f5dd49,ok,,g2505,test
data/original/aquahealth/train_split/Parasitic diseases/Parasitic diseases_aug_280.jpg,train_split,Parasitic diseases,Parasitic Disease,5,.jpg,640,640,RGB,d711db5b4eb685b365f8dea3c678dc9bdbb7747762ad3c34e8537262a3cecff7,0f060c0d1476e3c0,ok,,g636,test
data/original/aquahealth/train_split/Parasitic diseases/Parasitic diseases_aug_281.jpg,train_split,Parasitic diseases,Parasitic Disease,5,.jpg,640,640,RGB,7a2b5378bf5ff869e2436005d7dbf63778c1ff9db2c70ff3e157320099026f2a,cececcc8080e1f8f,ok,,g2607,train
data/original/aquahealth/train_split/Parasitic diseases/Parasitic diseases_aug_282.jpg,train_split,Parasitic diseases,Parasitic Disease,5,.jpg,128,128,RGB,a1520cefe2748ffc15c11c97d186e202377047165a5bfcc70a9761492e9962ca,e4cce4a323273727,ok,,g2788,val
data/original/aquahealth/train_split/Parasitic diseases/Parasitic diseases_aug_283.jpg,train_split,Parasitic diseases,Parasitic Disease,5,.jpg,640,640,RGB,800811ce82dd01184f156c0fcc976be323c4c7c9a5ba27ea95365da1c013d018,1a1a0e1e3f1c1d3d,ok,x1681,g921,
data/original/aquahealth/train_split/Parasitic diseases/Parasitic diseases_aug_284.jpg,train_split,Parasitic diseases,Parasitic Disease,5,.jpg,640,640,RGB,48b8c50d9a707168afd22ca15cf335239a8a2e8966463391df3896530925a255,0d1b133331bc0f0f,ok,,g580,train
data/original/aquahealth/train_split/Parasitic diseases/Parasitic diseases_aug_285.jpg,train_split,Parasitic diseases,Parasitic Disease,5,.jpg,224,224,RGB,ae79cd6fe1ab4e5440e23cbb66a7ebe686dd34ab65ba12148915c82f05ea6dc4,0bbbbf9fb27a5e7f,ok,,g534,train
data/original/aquahealth/train_split/Parasitic diseases/Parasitic diseases_aug_286.jpg,train_split,Parasitic diseases,Parasitic Disease,5,.jpg,128,128,RGB,f343128a973d14f613ee4fe442d66ce035ce3683b502de9e8ff13c21153fd57e,071f1f4743519d07,ok,,g429,train
data/original/aquahealth/train_split/Parasitic diseases/Parasitic diseases_aug_287.jpg,train_split,Parasitic diseases,Parasitic Disease,5,.jpg,224,224,RGB,1d0a310e6bd3354aabb1a3d12c27f50eb7d16393dd478b3eeb1337c461a61a2c,0f83203f1b3bb90d,ok,,g773,test
data/original/aquahealth/train_split/Parasitic diseases/Parasitic diseases_aug_288.jpg,train_split,Parasitic diseases,Parasitic Disease,5,.jpg,128,128,RGB,25fdc5ebd373f9b017aa03689279ca04c4ea4cf2f2711f9d2026672ffd84301d,1f1331f3c296c303,ok,,g1034,train
data/original/aquahealth/train_split/Parasitic diseases/Parasitic diseases_aug_289.jpg,train_split,Parasitic diseases,Parasitic Disease,5,.jpg,640,640,RGB,6946671bf90caad0114c7a2a90e5fc57f0bda0a155aafb39a718a88fe0b52d6d,33333336bf3fbb3f,ok,x1381,g1314,
data/original/aquahealth/train_split/Parasitic diseases/Parasitic diseases_aug_29.jpg,train_split,Parasitic diseases,Parasitic Disease,5,.jpg,640,640,RGB,bdcdc80e8cb789c86f8860022467c9e8b9ad5e7d38ec22dc75416a44ce61c2e3,71e1a180c8e33e1f,ok,,g1948,train
data/original/aquahealth/train_split/Parasitic diseases/Parasitic diseases_aug_290.jpg,train_split,Parasitic diseases,Parasitic Disease,5,.jpg,128,128,RGB,dccb9653cf95a889ac4086bca5db2cdd943927c87d4288f62441a4cd16c79f05,3674d4d4d2168707,ok,,g1344,train
data/original/aquahealth/train_split/Parasitic diseases/Parasitic diseases_aug_291.jpg,train_split,Parasitic diseases,Parasitic Disease,5,.jpg,640,640,RGB,77b002d9326e4b7ff895337fadce29ede064d2821cb2f6361321f380e96af142,8f0f31240479791f,ok,,g2258,train
data/original/aquahealth/train_split/Parasitic diseases/Parasitic diseases_aug_292.jpg,train_split,Parasitic diseases,Parasitic Disease,5,.jpg,640,640,RGB,2842ffc39986eeca452f2ae876d1fd23e6e0ec45e73dcacb13274c4f59de465e,2d2f0c0f0fcf1d0f,ok,,g1217,val
data/original/aquahealth/train_split/Parasitic diseases/Parasitic diseases_aug_293.jpg,train_split,Parasitic diseases,Parasitic Disease,5,.jpg,640,640,RGB,bf65d9332900173cea4cff8fbb8640c6ae3b01fb6e72d065febfb31f6f9e2ca4,e0f0d8f0e0e0c0c0,ok,,g2739,train
data/original/aquahealth/train_split/Parasitic diseases/Parasitic diseases_aug_294.jpg,train_split,Parasitic diseases,Parasitic Disease,5,.jpg,128,128,RGB,99b6ed9e4f57f0e7267b053fc8a0e2bb52a1a81b9789b8a579432d3efbe423ee,1f1f1f9e1801450f,ok,,g1056,train
data/original/aquahealth/train_split/Parasitic diseases/Parasitic diseases_aug_296.jpg,train_split,Parasitic diseases,Parasitic Disease,5,.jpg,128,128,RGB,d8f50c23feeb451b1911b1da6f521d27ca3c8dfc38e6d62ce871da306a1931f6,9dc393dbe7c3c203,ok,,g2336,train
data/original/aquahealth/train_split/Parasitic diseases/Parasitic diseases_aug_297.jpg,train_split,Parasitic diseases,Parasitic Disease,5,.jpg,128,128,RGB,4ad40b12e6aba21866c100aae2323db8e7b6cf5c1a06a2e1deb99561be13164a,a98bdafa3b1b0b0b,ok,,g2394,train
data/original/aquahealth/train_split/Parasitic diseases/Parasitic diseases_aug_298.jpg,train_split,Parasitic diseases,Parasitic Disease,5,.jpg,128,128,RGB,642f6d628d9d21ed9cc7ddf32d99ee0a387f9f1767e13861056b9d1bbc793a9b,0f1e3c3053c74d09,ok,,g709,test
data/original/aquahealth/train_split/Parasitic diseases/Parasitic diseases_aug_299.jpg,train_split,Parasitic diseases,Parasitic Disease,5,.jpg,640,640,RGB,187e9c0d76436cfccfed5ae6ac7fb71396a115f3eb7cdbc904c5bcfd4805b3b4,1f0475e48f0dc939,ok,,g1018,train
data/original/aquahealth/train_split/Parasitic diseases/Parasitic diseases_aug_3.jpg,train_split,Parasitic diseases,Parasitic Disease,5,.jpg,128,128,RGB,d1117c57b18290ea5a185f7b0ef2efe512bc887502f69347e73dc3bcfbf169f1,018bc6474706785c,ok,,g189,val
data/original/aquahealth/train_split/Parasitic diseases/Parasitic diseases_aug_30.jpg,train_split,Parasitic diseases,Parasitic Disease,5,.jpg,640,640,RGB,4a6b131462ac78ea62d76bed0d12a53a59c25eac9ac3073c6360c7a950772a1b,0f0f0f0f1f9d9f17,ok,,g668,val
data/original/aquahealth/train_split/Parasitic diseases/Parasitic diseases_aug_300.jpg,train_split,Parasitic diseases,Parasitic Disease,5,.jpg,640,640,RGB,db4d4b9d27d564bb31648a2a072586f51ada7f2093f55c6db88cc464dac7dca3,30747a3278787818,ok,,g1271,train
data/original/aquahealth/train_split/Parasitic diseases/Parasitic diseases_aug_301.jpg,train_split,Parasitic diseases,Parasitic Disease,5,.jpg,640,640,RGB,240c53448e9fc2aeae92f5509b16e90a42653846e31e9b09ed807eb0e4d92d5b,c39f6f5ec3c3e161,ok,x472,g2531,test
data/original/aquahealth/train_split/Parasitic diseases/Parasitic diseases_aug_302.jpg,train_split,Parasitic diseases,Parasitic Disease,5,.jpg,640,640,RGB,49a946af70f406002294e232622816f247c1f0ac1296f8c805df390f2b5392be,03031030b8b8bf1b,ok,x962,g229,train
data/original/aquahealth/train_split/Parasitic diseases/Parasitic diseases_aug_303.jpg,train_split,Parasitic diseases,Parasitic Disease,5,.jpg,640,640,RGB,f2359627ea901aa16cfa5759301eebd60b4a6a0a7373c52832a6be9915a03ef5,c39f6f6ec3c3e161,ok,,g2532,train
data/original/aquahealth/train_split/Parasitic diseases/Parasitic diseases_aug_304.jpg,train_split,Parasitic diseases,Parasitic Disease,5,.jpg,640,640,RGB,6d1e39367e856c9cb3cc5c0102a2a027e2dc56be17fd882cf804471f3b0b3f83,0f0f072243030b13,ok,,g661,train
data/original/aquahealth/train_split/Parasitic diseases/Parasitic diseases_aug_305.jpg,train_split,Parasitic diseases,Parasitic Disease,5,.jpg,128,128,RGB,0844ecb61fa0b7a7fe986d05aef3513b5ca55aaa27b8f49c05f66eac2e310833,ffe7c1191891e310,ok,,g3046,val
data/original/aquahealth/train_split/Parasitic diseases/Parasitic diseases_aug_307.jpg,train_split,Parasitic diseases,Parasitic Disease,5,.jpg,128,128,RGB,f9aba0099bfab66963d47bab70a789b83c0eada5e838fac40bce5a55f26ea651,8e0f47c3c7030101,ok,,g2250,train
data/original/aquahealth/train_split/Parasitic diseases/Parasitic diseases_aug_308.jpg,train_split,Parasitic diseases,Parasitic Disease,5,.jpg,640,640,RGB,0c9828af9ed290d227f73102e9b4efab26045e90a123332f0992263d001f1e07,337371e1c3430307,ok,,g1323,test
data/original/aquahealth/train_split/Parasitic diseases/Parasitic diseases_aug_309.jpg,train_split,Parasitic diseases,Parasitic Disease,5,.jpg,224,224,RGB,048ca7430287432fb116425fba0c71fe31826d043790b7eb2d2e7d59d3bc2eca,0ff9d960b723431f,ok,,g793,train
data/original/aquahealth/train_split/Parasitic diseases/Parasitic diseases_aug_31.jpg,train_split,Parasitic diseases,Parasitic Disease,5,.jpg,640,640,RGB,e5663cc179cc8609022dc67605b527eb0cd358254e537f4d24bd6b452b071388,1f1313113e3f7f3f,ok,,g1032,val
data/original/aquahealth/train_split/Parasitic diseases/Parasitic diseases_aug_310.jpg,train_split,Parasitic diseases,Parasitic Disease,5,.jpg,640,640,RGB,a25448e7de9b8af58d081f6be02ec8c6a5b358e79779f577e1847742e3310e7b,1b1e1e1e1f1e1d1d,ok,,g925,train
data/original/aquahealth/train_split/Parasitic diseases/Parasitic diseases_aug_312.jpg,train_split,Parasitic diseases,Parasitic Disease,5,.jpg,224,224,RGB,a73f954d73c27594722bebf7963f19ba2c371320c4d2fc969b0e0b4a40fa3dae,01c1810300100567,ok,,g191,train
data/original/aquahealth/train_split/Parasitic diseases/Parasitic diseases_aug_313.jpg,train_split,Parasitic diseases,Parasitic Disease,5,.jpg,224,224,RGB,85f36e5fbe8ff11132b06eb533e33cb1c125e4e2bf8528666d35accf5dec8068,0f1bf36727331b1f,ok,,g704,train
data/original/aquahealth/train_split/Parasitic diseases/Parasitic diseases_aug_314.jpg,train_split,Parasitic diseases,Parasitic Disease,5,.jpg,128,128,RGB,3c673fa6774db127cd929bdbadaeaee88540f66a1b98046a79ac56a114db1513,0b072311860e1e1f,ok,,g517,val
data/original/aquahealth/train_split/Parasitic diseases/Parasitic diseases_aug_315.jpg,train_split,Parasitic diseases,Parasitic Disease,5,.jpg,640,640,RGB,e0036b4155b2095b19a94931fa55fce69aba888276a9cae4c3302faba8e8ed88,3c362c989b9b2d03,ok,x2997,g1443,train
data/original/aquahealth/train_split/Parasitic diseases/Parasitic diseases_aug_317.jpg,train_split,Parasitic diseases,Parasitic Disease,5,.jpg,128,128,RGB,2970a027a2e1ceba6fa1ebe64434ea28e31d4bd326abe3f56745c0a0edb59180,3c3ebc3ce48f0e0f,ok,,g1450,train
data/original/aquahealth/train_split/Parasitic diseases/Parasitic diseases_aug_318.jpg,train_split,Parasitic diseases,Parasitic Disease,5,.jpg,640,640,RGB,5944d802bbe3a6637f0dd60e1d2eb66b05c82e76089eccff0f0e73f52ccc16a8,1f7170f0f119c961,ok,,g1086,train
data/original/aquahealth/train_split/Parasitic diseases/Parasitic diseases_aug_319.jpg,train_split,Parasitic diseases,Parasitic Disease,5,.jpg,224,224,RGB,babdee9e8eeadc6b4467be6c4457abb68432488ed6f3fdb6ad85158291b59ac1,038381331b3b980d,ok,,g293,val
data/original/aquahealth/train_split/Parasitic diseases/Parasitic diseases_aug_321.jpg,train_split,Parasitic diseases,Parasitic Disease,5,.jpg,640,640,RGB,7edfcdcb4ce0aa7e12b44b1d83b66d3878866b56002781d11419c00fe0dd1940,db0c090f0fce0e0e,ok,,g2663,train
data/original/aquahealth/train_split/Parasitic diseases/Parasitic diseases_aug_322.jpg,train_split,Parasitic diseases,Parasitic Disease,5,.jpg,128,128,RGB,cec5ca5b1c5184e3b83ae483f0a456ca63783a748e96241be04884a0349f59dd,090c3e63631b1c3b,ok,,g499,train
data/original/aquahealth/train_split/Parasitic diseases/Parasitic diseases_aug_323.jpg,train_split,Parasitic diseases,Parasitic Disease,5,.jpg,128,128,RGB,15f29a479ce474deb2f3ab6fc06ff435c3c9ce5f054d7d7f99d51880d190043e,499b076061678e0e,ok,,g1645,train
data/original/aquahealth/train_split/Parasitic diseases/Parasitic diseases_aug_324.jpg,train_split,Parasitic diseases,Parasitic Disease,5,.jpg,640,640,RGB,3737fd525952d99df61fd9218d30be1d4d4463dcc8f07d72e12b0f46d0b02e73,8386062767677f7b,ok,,g2164,train
data/original/aquahealth/train_split/Parasitic diseases/Parasitic diseases_aug_327.jpg,train_split,Parasitic diseases,Parasitic Disease,5,.jpg,640,640,RGB,b539d5a251b752e9eeac2ed8b23be0c7dbf933bcce2eb8544438a2ac30f841c7,89040000c11198f0,ok,,g2223,train
data/original/aquahealth/train_split/Parasitic diseases/Parasitic diseases_aug_328.jpg,train_split,Parasitic diseases,Parasitic Disease,5,.jpg,128,128,RGB,e84602e0e86b3957166cb0e8eaf3ea5760eb0706ee99fc337d164fcb41a7f80e,0f87d3f1351cd967,ok,,g776,test
data/original/aquahealth/train_split/Parasitic diseases/Parasitic diseases_aug_329.jpg,train_split,Parasitic diseases,Parasitic Disease,5,.jpg,128,128,RGB,efa4e97c372924a8a5ec979bea55be4baefd1530c04f5b0f26444259023df3b9,0402c670e0ec7c04,ok,,g316,test
data/original/aquahealth/train_split/Parasitic diseases/Parasitic diseases_aug_33.jpg,train_split,Parasitic diseases,Parasitic Disease,5,.jpg,640,640,RGB,bcb0e46b0a0497772240310cd079887fd9f0a6dc83711958ca3381365b9aa78f,0f0d081819010101,ok,,g657,val
data/original/aquahealth/train_split/Parasitic diseases/Parasitic diseases_aug_34.jpg,train_split,Parasitic diseases,Parasitic Disease,5,.jpg,224,224,RGB,dc50b2037000c2b4e0bd0c79b417e4a5bc691bb0f14054a87e2b71c055129b32,f8debf3fcf6fbffc,ok,,g2962,val
data/original/aquahealth/train_split/Parasitic diseases/Parasitic diseases_aug_35.jpg,train_split,Parasitic diseases,Parasitic Disease,5,.jpg,640,640,RGB,355852d7b47a1c9d7aa0236e50526a4f9cc5914ef2b00e89ce5c3062020a194b,c000c0e0e0f5dd4b,ok,,g2464,train
data/original/aquahealth/train_split/Parasitic diseases/Parasitic diseases_aug_36.jpg,train_split,Parasitic diseases,Parasitic Disease,5,.jpg,640,640,RGB,84392e12aaf0aa42dc6c0b0190666ac8637a369849287b8890af07c32e66f607,07b33f1f3f37080f,ok,,g467,train
data/original/aquahealth/train_split/Parasitic diseases/Parasitic diseases_aug_38.jpg,train_split,Parasitic diseases,Parasitic Disease,5,.jpg,640,640,RGB,e306c59f6cf9da28f83a89865dc299bfeca55db84f65fef9c4aca37388298be2,3333339302032203,ok,,g1315,train
data/original/aquahealth/train_split/Parasitic diseases/Parasitic diseases_aug_39.jpg,train_split,Parasitic diseases,Parasitic Disease,5,.jpg,128,128,RGB,cec6a011e1ea633406583c06cd686ff4959c7c9fe10ff6035262c58a0d12f1b9,c383c3c3da0f0f07,ok,,g2528,test
data/original/aquahealth/train_split/Parasitic diseases/Parasitic diseases_aug_4.jpg,train_split,Parasitic diseases,Parasitic Disease,5,.jpg,128,128,RGB,7ed1689e4bbbf1e3b852306f6417e2e411c9ffaecfca271b721171675ccde202,ecaca991d4743436,ok,x1665,g2837,train
data/original/aquahealth/train_split/Parasitic diseases/Parasitic diseases_aug_40.jpg,train_split,Parasitic diseases,Parasitic Disease,5,.jpg,640,640,RGB,36f9781a38b5df5be077007bfd7d130963fca138d4ed09d8f993e4beecf9e7e1,fc0e87c5c4c0240f,ok,,g2998,train
data/original/aquahealth/train_split/Parasitic diseases/Parasitic diseases_aug_41.jpg,train_split,Parasitic diseases,Parasitic Disease,5,.jpg,640,640,RGB,db85ce9d4ac3309cd61442f43da8844f6007dbed7e43f5a69cb4d06f9e9bf475,f933b0909b8fa7de,ok,,g2975,test
data/original/aquahealth/train_split/Parasitic diseases/Parasitic diseases_aug_42.jpg,train_split,Parasitic diseases,Parasitic Disease,5,.jpg,640,640,RGB,7b104ea00b9304167973406c56eb7e49e61dc6e011eda829f597ffc1c052f2fa,0f070707078f4509,ok,,g638,train
data/original/aquahealth/train_split/Parasitic diseases/Parasitic diseases_aug_43.jpg,train_split,Parasitic diseases,Parasitic Disease,5,.jpg,224,224,RGB,f4edf8442260ff890dafec6ff8d5914cdde43209985dffe452436cdc04dda23a,f00069f8da1a3893,ok,,g2853,train
data/original/aquahealth/train_split/Parasitic diseases/Parasitic diseases_aug_45.jpg,train_split,Parasitic diseases,Parasitic Disease,5,.jpg,640,640,RGB,aa90820a185f9a74f58d4c080ff2fe0cf67c708d51464d2481ad5c1c55506351,db0c090f0fce0f0e,ok,,g2664,val
data/original/aquahealth/train_split/Parasitic diseases/Parasitic diseases_aug_47.jpg,train_split,Parasitic diseases,Parasitic Disease,5,.jpg,640,640,RGB,8db4197398ffce743374fca7452af3b5096f0ad20188bfb38a0875ab1ebdd4f3,3939141809010101,ok,,g1395,train
data/original/aquahealth/train_split/Parasitic diseases/Parasitic diseases_aug_48.jpg,train_split,Parasitic diseases,Parasitic Disease,5,.jpg,640,640,RGB,8f1f03aa81839917d691070df2b5d5a1c870e0670e0c1840a460bf0021e1da26,1d89181f1b1f0d0f,ok,,g977,train
data/original/aquahealth/train_split/Parasitic diseases/Parasitic diseases_aug_49.jpg,train_split,Parasitic diseases,Parasitic Disease,5,.jpg,128,128,RGB,83c2cdef3876f1da5196714a70f8be7a0e9f52e658f43588f9e8d9ce7d3c9d36,40e1e2e5c1e1db69,ok,,g1570,train
data/original/aquahealth/train_split/Parasitic diseases/Parasitic diseases_aug_5.jpg,train_split,Parasitic diseases,Parasitic Disease,5,.jpg,640,640,RGB,c6c0875273d3a0fa69556326ce0693db6dd4887c9ea302eb3883e86e7a4cd8ce,443332f6260e0a05,ok,,g1611,train
data/original/aquahealth/train_split/Parasitic diseases/Parasitic diseases_aug_50.jpg,train_split,Parasitic diseases,Parasitic Disease,5,.jpg,640,640,RGB,c495278b81616bc12ed35fb638fe642847c7a5a4436424d4073e652c24530367,9c88181e1f1f1d9b,ok,,g2328,train
data/original/aquahealth/train_split/Parasitic diseases/Parasitic diseases_aug_51.jpg,train_split,Parasitic diseases,Parasitic Disease,5,.jpg,640,640,RGB,9251d55ca98d16417b9b5b74c741bc3014e1eb8d8ef346ff422ea16a50aea9a7,33b1ecbeccf8581f,ok,,g1325,val
data/original/aquahealth/train_split/Parasitic diseases/Parasitic diseases_aug_52.jpg,train_split,Parasitic diseases,Parasitic Disease,5,.jpg,224,224,RGB,9ee76b4426a6e81b0f202a5fd82451e2d9ff6d0444f4fe0683d8ee321c8f5b17,5314216160a21c9c,ok,,g1698,test
data/original/aquahealth/train_split/Parasitic diseases/Parasitic diseases_aug_53.jpg,train_split,Parasitic diseases,Parasitic Disease,5,.jpg,640,640,RGB,b2f30f77577c7ca6b2eee2aeae23e7cc03d336bc990a775a49bd6713dcf926c8,113171703c390101,ok,,g816,train
data/original/aquahealth/train_split/Parasitic diseases/Parasitic diseases_aug_54.jpg,train_split,Parasitic diseases,Parasitic Disease,5,.jpg,224,224,RGB,946302e612ec2d49f678cf8a94280628f62b61c56260a4bbbbd98be1046d6083,f00069f8da1a3893,ok,,g2853,train
data/original/aquahealth/train_split/Parasitic diseases/Parasitic diseases_aug_55.jpg,train_split,Parasitic diseases,Parasitic Disease,5,.jpg,640,640,RGB,c5fcee05111e85c0c8ee9379bef30fcd23be76f78b21f10f4ddd2fbe260fe728,0f0f2879191b1b17,ok,,g676,train
data/original/aquahealth/train_split/Parasitic diseases/Parasitic diseases_aug_56.jpg,train_split,Parasitic diseases,Parasitic Disease,5,.jpg,640,640,RGB,8e55b4a1b6fd7bc3789bdd5a8d0ad9a21b85b7cde24ed5047a274169a394bd78,1f1a0e1e3e1d3d1b,ok,,g1042,train
data/original/aquahealth/train_split/Parasitic diseases/Parasitic diseases_aug_57.jpg,train_split,Parasitic diseases,Parasitic Disease,5,.jpg,640,640,RGB,1ae933f98c6b0a056b3db32d5516debed4b6c8fe71e0240ff2f0ee76095de83b,0d1b133331bc0f0f,ok,,g580,train
data/original/aquahealth/train_split/Parasitic diseases/Parasitic diseases_aug_58.jpg,train_split,Parasitic diseases,Parasitic Disease,5,.jpg,640,640,RGB,75ed07e6ebdd3f3a1194bf09f11f7bef56ce20003df3ea2338a0f11dd425510d,1131e1060f0f672f,ok,,g817,train
data/original/aquahealth/train_split/Parasitic diseases/Parasitic diseases_aug_59.jpg,train_split,Parasitic diseases,Parasitic Disease,5,.jpg,128,128,RGB,bde31a38636f03d753558159a20a433058eb40b26fe1de8f1c92a8fb67455cb8,3d3dfc38e7c7070f,ok,,g1469,train
data/original/aquahealth/train_split/Parasitic diseases/Parasitic diseases_aug_6.jpg,train_split,Parasitic diseases,Parasitic Disease,5,.jpg,224,224,RGB,dccb0890c4beee971c8a045a79b51d6d847a2b0ac6f471c0cac34863b6777abf,5d19919df2f73d1d,ok,,g1727,train
data/original/aquahealth/train_split/Parasitic diseases/Parasitic diseases_aug_60.jpg,train_split,Parasitic diseases,Parasitic Disease,5,.jpg,224,224,RGB,aac22dbbfe8f87852e64dfbd67f591bac20812fcb91cbd933d4124ebd6b8eeda,71d7fb7979fbc7c2,ok,,g1947,train
data/original/aquahealth/train_split/Parasitic diseases/Parasitic diseases_aug_61.jpg,train_split,Parasitic diseases,Parasitic Disease,5,.jpg,128,128,RGB,dd3a5fde40e1c43efa213944de26622820de4bff5e84a22f3c15520ead8631d2,7f3e3b3171650301,ok,,g2095,val
data/original/aquahealth/train_split/Parasitic diseases/Parasitic diseases_aug_62.jpg,train_split,Parasitic diseases,Parasitic Disease,5,.jpg,128,128,RGB,d73484dd1c0076749d64e380b2cc26ca27d4be48263e6766efefe8bca7d07501,82c23c363430583c,ok,,g2155,train
data/original/aquahealth/train_split/Parasitic diseases/Parasitic diseases_aug_63.jpg,train_split,Parasitic diseases,Parasitic Disease,5,.jpg,640,640,RGB,639d975d5e1b22a508a655643bd3f35702e58826a0da28fad0edb7e7e81002f6,8703f87fe7430906,ok,,g2200,train
data/original/aquahealth/train_split/Parasitic diseases/Parasitic diseases_aug_64.jpg,train_split,Parasitic diseases,Parasitic Disease,5,.jpg,640,640,RGB,e69f1b378a3b9febaa6289d3caf447f996185703068499ee5b64ad1d1110e181,07077ff9e951214f,ok,,g391,val
data/original/aquahealth/train_split/Parasitic diseases/Parasitic diseases_aug_65.jpg,train_split,Parasitic diseases,Parasitic Disease,5,.jpg,640,640,RGB,9915a1032d5660d3c97415154b62d117e392205478d86e52c7db6681751c15ef,70200c1edfdf4f87,ok,x1980,g1907,
data/original/aquahealth/train_split/Parasitic diseases/Parasitic diseases_aug_66.jpg,train_split,Parasitic diseases,Parasitic Disease,5,.jpg,640,640,RGB,240c53448e9fc2aeae92f5509b16e90a42653846e31e9b09ed807eb0e4d92d5b,c39f6f5ec3c3e161,ok,x472,g2531,
data/original/aquahealth/train_split/Parasitic diseases/Parasitic diseases_aug_67.jpg,train_split,Parasitic diseases,Parasitic Disease,5,.jpg,640,640,RGB,464cc6c74c59b005ebe735ffc9e8f24c84d97a161d4540ae0525e7cf0e37ba14,0f4c081e1f1f0f0d,ok,,g749,train
data/original/aquahealth/train_split/Parasitic diseases/Parasitic diseases_aug_68.jpg,train_split,Parasitic diseases,Parasitic Disease,5,.jpg,640,640,RGB,49a946af70f406002294e232622816f247c1f0ac1296f8c805df390f2b5392be,03031030b8b8bf1b,ok,x962,g229,
data/original/aquahealth/train_split/Parasitic diseases/Parasitic diseases_aug_69.jpg,train_split,Parasitic diseases,Parasitic Disease,5,.jpg,640,640,RGB,d14cb0b2ae8a49ae090ec13616cc043bd5fb85df5d7ea73d91841cb8ba057b9e,c393cbe626264b3f,ok,,g2529,train
data/original/aquahealth/train_split/Parasitic diseases/Parasitic diseases_aug_70.jpg,train_split,Parasitic diseases,Parasitic Disease,5,.jpg,640,640,RGB,5cee32e0f58c9745134c6c1d9ffe1f17d9df11e504a466b9421d43a6847cc7cf,0711042e9f9f3d1f,ok,,g419,train
data/original/aquahealth/train_split/Parasitic diseases/Parasitic diseases_aug_71.jpg,train_split,Parasitic diseases,Parasitic Disease,5,.jpg,224,224,RGB,780b1665d62750612a8768481d9558dbc2027cbaa4ac010cae4c573b8b419e0d,c70f6f4f0e04301d,ok,,g2561,train
data/original/aquahealth/train_split/Parasitic diseases/Parasitic diseases_aug_72.jpg,train_split,Parasitic diseases,Parasitic Disease,5,.jpg,640,640,RGB,bc32ee4e201eca383d74ef239f5a5fcd281f9c9d2ea290c422721f89e77e97a9,1f0f03000b130303,ok,,g1026,train
data/original/aquahealth/train_split/Parasitic diseases/Parasitic diseases_aug_74.jpg,train_split,Parasitic diseases,Parasitic Disease,5,.jpg,128,128,RGB,7ed1689e4bbbf1e3b852306f6417e2e411c9ffaecfca271b721171675ccde202,ecaca991d4743436,ok,x1665,g2837,
data/original/aquahealth/train_split/Parasitic diseases/Parasitic diseases_aug_75.jpg,train_split,Parasitic diseases,Parasitic Disease,5,.jpg,640,640,RGB,0783acc98b3befdec09db5fb3816952b7aa9f68854112eda415509b1411d06b5,0307052767777f3f,ok,,g239,train
data/original/aquahealth/train_split/Parasitic diseases/Parasitic diseases_aug_77.jpg,train_split,Parasitic diseases,Parasitic Disease,5,.jpg,640,640,RGB,d293854c0db6ac4625fbd8a2386881ae41f8174d9404fa95ed045567dbfc0360,3372830203230307,ok,x2805,g1322,
data/original/aquahealth/train_split/Parasitic diseases/Parasitic diseases_aug_78.jpg,train_split,Parasitic diseases,Parasitic Disease,5,.jpg,224,224,RGB,13e59771f741f7c4ed8d008a65fa6e85aba046abd214df4c4a6ef8ed34df06a1,4f60190d49211d0f,ok,,g1683,train
data/original/aquahealth/train_split/Parasitic diseases/Parasitic diseases_aug_80.jpg,train_split,Parasitic diseases,Parasitic Disease,5,.jpg,640,640,RGB,495b99faa1389e120b42ecb5365844595044f3c7cffb46335b4a62c68c868c86,4363737b3b0f0e06,ok,,g1602,train
data/original/aquahealth/train_split/Parasitic diseases/Parasitic diseases_aug_81.jpg,train_split,Parasitic diseases,Parasitic Disease,5,.jpg,128,128,RGB,06b80e6a852cd9bbe29621fc55b6039416387db20dd9f6cd1f342e0d58cb7ff5,3c3ebc3ce48f0e0f,ok,,g1450,train
data/original/aquahealth/train_split/Parasitic diseases/Parasitic diseases_aug_82.jpg,train_split,Parasitic diseases,Parasitic Disease,5,.jpg,640,640,RGB,bcf1909ea3ca35d46a213734738dcd7634920e043328bb362e730cc7f12626fb,07338fe626266f1f,ok,,g438,train
data/original/aquahealth/train_split/Parasitic diseases/Parasitic diseases_aug_83.jpg,train_split,Parasitic diseases,Parasitic Disease,5,.jpg,640,640,RGB,ea1b3f0f912feaf6d7bc32571bfe75356cc531ef7f013026f8f7822f867a94b9,607078fcf16f9ec2,ok,,g1768,test
data/original/aquahealth/train_split/Parasitic diseases/Parasitic diseases_aug_84.jpg,train_split,Parasitic diseases,Parasitic Disease,5,.jpg,640,640,RGB,058f8b09451e86ff6777ce470b0ce655c1d658aebaa70b2f5f0f65d8a1262de1,3c362c989b9b2d03,ok,,g1443,train
data/original/aquahealth/train_split/Parasitic diseases/Parasitic diseases_aug_85.jpg,train_split,Parasitic diseases,Parasitic Disease,5,.jpg,128,128,RGB,9b9e2962c03f26b8282e4d9f7e8a2c684d14ed126bbbc7d4f05b2ca8adebcf24,1f5cf003276b624f,ok,,g1083,train
data/original/aquahealth/train_split/Parasitic diseases/Parasitic diseases_aug_87.jpg,train_split,Parasitic diseases,Parasitic Disease,5,.jpg,640,640,RGB,9df92799b459061ca850361a6cfb3e423916e3459368c127a0966d5656ef0873,1900041ededf0f87,ok,,g894,train
data/original/aquahealth/train_split/Parasitic diseases/Parasitic diseases_aug_88.jpg,train_split,Parasitic diseases,Parasitic Disease,5,.jpg,640,640,RGB,da75bfdab556b534d9a6994d46d3f507eba0b3d35019d77334f60ba42ddf41e2,fbd3228b0b0d86e6,ok,,g2993,train
data/original/aquahealth/train_split/Parasitic diseases/Parasitic diseases_aug_9.jpg,train_split,Parasitic diseases,Parasitic Disease,5,.jpg,128,128,RGB,74baa2066ded757e1c9015aafe365f1b785e5cc45ee36a3a6dc004436d73706d,33f7f7377d6f3f67,ok,,g1328,train
data/original/aquahealth/train_split/Parasitic diseases/Parasitic diseases_aug_90.jpg,train_split,Parasitic diseases,Parasitic Disease,5,.jpg,224,224,RGB,54f5dad26bb773ced6904add884777a5a37b1dccfd45c919ade5ae17f9e95391,35d77b7979bac7c2,ok,,g1337,train
data/original/aquahealth/train_split/Parasitic diseases/Parasitic diseases_aug_91.jpg,train_split,Parasitic diseases,Parasitic Disease,5,.jpg,640,640,RGB,e0036b4155b2095b19a94931fa55fce69aba888276a9cae4c3302faba8e8ed88,3c362c989b9b2d03,ok,x2997,g1443,
data/original/aquahealth/train_split/Parasitic diseases/Parasitic diseases_aug_93.jpg,train_split,Parasitic diseases,Parasitic Disease,5,.jpg,640,640,RGB,d71315066b7bdecb73111569f85aa6618629da2195bbf5e32e6a4339093acf2a,00011d7161610167,ok,,g47,train
data/original/aquahealth/train_split/Parasitic diseases/Parasitic diseases_aug_94.jpg,train_split,Parasitic diseases,Parasitic Disease,5,.jpg,128,128,RGB,835044642cf081c3690585b23e29c9d77b6192ab73531cd1ec0f9d6c0d3e0013,0d01252d1c3e1f1f,ok,,g567,train
data/original/aquahealth/train_split/Parasitic diseases/Parasitic diseases_aug_95.jpg,train_split,Parasitic diseases,Parasitic Disease,5,.jpg,640,640,RGB,aa644dfb9561d575c52b1a6e26e4a338b56318874ad095371f51ddb3de3a706d,0f4f63212727272f,ok,,g755,train
data/original/aquahealth/train_split/Parasitic diseases/Parasitic diseases_aug_96.jpg,train_split,Parasitic diseases,Parasitic Disease,5,.jpg,128,128,RGB,7a2fb909784b913eb0d7c2eeac0515b0069f57ab4cef5ccddfeb7e26af4b1c46,7f0471cccec6e031,ok,,g2092,train
data/original/aquahealth/train_split/Parasitic diseases/Parasitic diseases_aug_97.jpg,train_split,Parasitic diseases,Parasitic Disease,5,.jpg,640,640,RGB,b178fb91a5af98c681cc9fb453c534b31a2e9cb30ba217f5af16fa9a22d3197f,0fcfe17337674f0f,ok,,g791,train
data/original/aquahealth/train_split/Parasitic diseases/Parasitic diseases_aug_98.jpg,train_split,Parasitic diseases,Parasitic Disease,5,.jpg,128,128,RGB,7968d52f1a5147fa7a1433b769264e55ca9b30ca961fa8238a302dfed94a5fb0,6077666760606165,ok,x1590,g1769,
data/original/aquahealth/train_split/Parasitic diseases/Parasitic diseases_aug_99.jpg,train_split,Parasitic diseases,Parasitic Disease,5,.jpg,640,640,RGB,3ddde42054e96b7ec9a3370403b8a3425b934a7f6868da9644b9cbc8e51f9a76,3f3f1f1ed6c98909,ok,,g1523,train
data/original/aquahealth/train_split/Viral diseases White tail disease/Viral diseases White tail disease_1.jpeg,train_split,Viral diseases White tail disease,White Tail Disease,6,.jpeg,224,224,RGB,8d1c130bcf7f4f8b33f7f3add9987b170e2ada0ff2198284f915b11b30c8d7e2,1070e4c486868203,ok,,g808,train
data/original/aquahealth/train_split/Viral diseases White tail disease/Viral diseases White tail disease_10.jpg,train_split,Viral diseases White tail disease,White Tail Disease,6,.jpg,128,128,RGB,53995e5499db9ef5a59d2bd65c3e8f83d143a15afd407b536ff40eee340e9c2e,030301f1b737ffbe,ok,,g218,train
data/original/aquahealth/train_split/Viral diseases White tail disease/Viral diseases White tail disease_100.jpg,train_split,Viral diseases White tail disease,White Tail Disease,6,.jpg,640,640,RGB,6474a47705309c8ab774bf8e0627dfef52ec4b5444db4714a86551f9d60e975f,0707030181c3e3e1,ok,,g378,train
data/original/aquahealth/train_split/Viral diseases White tail disease/Viral diseases White tail disease_101.jpg,train_split,Viral diseases White tail disease,White Tail Disease,6,.jpg,640,640,RGB,db362ea6c9cd1ae51487bc8d3690496526f19351f54c08ebe3f21f2bf4a949b0,7f3c9e9680e0d2b8,ok,,g2094,train
data/original/aquahealth/train_split/Viral diseases White tail disease/Viral diseases White tail disease_104.jpg,train_split,Viral diseases White tail disease,White Tail Disease,6,.jpg,640,640,RGB,9922b54b9db2e062b9615ec1b7ae92235aa3ed2a67c2e44fb4cfba0ea3c03e32,1e0f8bc502060c0d,ok,,g990,val
data/original/aquahealth/train_split/Viral diseases White tail disease/Viral diseases White tail disease_111.jpg,train_split,Viral diseases White tail disease,White Tail Disease,6,.jpg,640,640,RGB,3ce12bffe2213365a2b25581209c1a8009492545f1e6803e4f697fa9659ae31e,d8795b4b5bf9e0e0,ok,,g2638,train
data/original/aquahealth/train_split/Viral diseases White tail disease/Viral diseases White tail disease_112.jpg,train_split,Viral diseases White tail disease,White Tail Disease,6,.jpg,640,640,RGB,fc59d4a54236edfd47ac69a42c589717af8cd6ecd44bbba608f1d7498028416c,c0c0f3f3e79f97f7,ok,,g2484,train
data/original/aquahealth/train_split/Viral diseases White tail disease/Viral diseases White tail disease_114.jpg,train_split,Viral diseases White tail disease,White Tail Disease,6,.jpg,640,640,RGB,6dd248a4cc0e5a45c970329e1b16401fda6b07595984f5158c4ee6bc64f5ebe2,e0452d2d61e4e460,ok,,g2693,val
data/original/aquahealth/train_split/Viral diseases White tail disease/Viral diseases White tail disease_115.jpg,train_split,Viral diseases White tail disease,White Tail Disease,6,.jpg,640,640,RGB,8ee1271570ff3f4770cc2b009a6e1c46d3fb501d1e24f89f502c73bd6c8e2bcb,60703d6b2b79f9e8,ok,,g1767,train
data/original/aquahealth/train_split/Viral diseases White tail disease/Viral diseases White tail disease_122.jpg,train_split,Viral diseases White tail disease,White Tail Disease,6,.jpg,640,640,RGB,ace199314cd23ce231175ec677f463577f82b6cf4b0311cb7f56769ba8eff930,070f8787139b3484,ok,,g416,test
data/original/aquahealth/train_split/Viral diseases White tail disease/Viral diseases White tail disease_123.jpg,train_split,Viral diseases White tail disease,White Tail Disease,6,.jpg,640,640,RGB,5ee08a289f0001e5e8f9326a90a86febee146d7f44df7cd0e1269c384172bf0d,599d1f0703070f8c,ok,,g1711,train
data/original/aquahealth/train_split/Viral diseases White tail disease/Viral diseases White tail disease_124.jpg,train_split,Viral diseases White tail disease,White Tail Disease,6,.jpg,640,640,RGB,e9951fa70732054605919ae96bdc2a613a06f617f095997115651649357af069,3c3c387978b83c3f,ok,,g1445,train
data/original/aquahealth/train_split/Viral diseases White tail disease/Viral diseases White tail disease_125.jpg,train_split,Viral diseases White tail disease,White Tail Disease,6,.jpg,640,640,RGB,0e2a31181767fc7a637e0514a5a4cc8f0836c99303acac773fb6083081229011,000b0f03c040c200,ok,,g59,train
data/original/aquahealth/train_split/Viral diseases White tail disease/Viral diseases White tail disease_126.jpg,train_split,Viral diseases White tail disease,White Tail Disease,6,.jpg,640,640,RGB,1ea3353a737e4adaf85e833aea5c26192b5e4fc0fea5f91cbff0709e3b0f9ff6,2707070303076760,ok,,g1187,val
data/original/aquahealth/train_split/Viral diseases White tail disease/Viral diseases White tail disease_127.jpg,train_split,Viral diseases White tail disease,White Tail Disease,6,.jpg,640,640,RGB,b4a5b506d133ebcc7c7741f2ee5fe2f8cc6699dcc65b51db63ee54089d1ffe21,0f1e5e362e0e1d67,ok,,g710,val
data/original/aquahealth/train_split/Viral diseases White tail disease/Viral diseases White tail disease_128.jpg,train_split,Viral diseases White tail disease,White Tail Disease,6,.jpg,640,640,RGB,05d5d97b9c2527acd6c961285245e5c8247176b4bccd8c3da33f8a1a9de69a1a,b010068707070707,ok,,g2400,val
data/original/aquahealth/train_split/Viral diseases White tail disease/Viral diseases White tail disease_13.jpg,train_split,Viral diseases White tail disease,White Tail Disease,6,.jpg,224,224,RGB,66d9283c9f5812f451a4f1dbf6ae41a57920ff5f40c5d1b55657c66551af58e1,fbffff3f9fcf4d25,ok,,g2996,train
data/original/aquahealth/train_split/Viral diseases White tail disease/Viral diseases White tail disease_135.jpg,train_split,Viral diseases White tail disease,White Tail Disease,6,.jpg,640,640,RGB,fa4bc56c34c302d055ca78e6aa17666c9fa2b6ae53fded2e622ad9cde324eee6,85e0e9e18fcfcf67,ok,,g2186,train
data/original/aquahealth/train_split/Viral diseases White tail disease/Viral diseases White tail disease_14.jpg,train_split,Viral diseases White tail disease,White Tail Disease,6,.jpg,224,224,RGB,131a7605397fc5ed2f386e9398d230261631bacb412b57e37103444810345e4f,f4e0e2e3c3c6e0f0,ok,,g2936,train
data/original/aquahealth/train_split/Viral diseases White tail disease/Viral diseases White tail disease_152.jpg,train_split,Viral diseases White tail disease,White Tail Disease,6,.jpg,640,640,RGB,ab1de2638300b358b763e1081f6878fcc819652550e9dd003244f8dc0cee1f63,e2c68387271e9000,ok,,g2763,train
data/original/aquahealth/train_split/Viral diseases White tail disease/Viral diseases White tail disease_155.jpg,train_split,Viral diseases White tail disease,White Tail Disease,6,.jpg,640,640,RGB,4b94634227c5649f6c9f293d3e333bf51389464b2083aa5140f08e20bbd5fd3e,d83c3e1b175e8a82,ok,,g2637,val
data/original/aquahealth/train_split/Viral diseases White tail disease/Viral diseases White tail disease_157.jpg,train_split,Viral diseases White tail disease,White Tail Disease,6,.jpg,640,640,RGB,549e44f55e64453d456ff2851a09241e35b9a5eecf6fdc2f3e5d8669a212e2a3,0b0f2d3b1acc7832,ok,,g525,test
data/original/aquahealth/train_split/Viral diseases White tail disease/Viral diseases White tail disease_159.jpg,train_split,Viral diseases White tail disease,White Tail Disease,6,.jpg,640,640,RGB,0ebf04690f5464d44ae06ff53cdf5156800d06e9d17e4b279bd5ebda27b680fd,181c2e3637078d89,ok,,g877,test
data/original/aquahealth/train_split/Viral diseases White tail disease/Viral diseases White tail disease_160.jpg,train_split,Viral diseases White tail disease,White Tail Disease,6,.jpg,640,640,RGB,f8d16cf28d01801b5ed29bdc3b7ebc14c8bef0169c9568d6b6e115572915c127,8cbc8e9f9f1d0d03,ok,,g2240,train
data/original/aquahealth/train_split/Viral diseases White tail disease/Viral diseases White tail disease_163.jpg,train_split,Viral diseases White tail disease,White Tail Disease,6,.jpg,640,640,RGB,06967cfde056f020dc2723c765d018a0d5eb382b658341a0c5756cb32e4b5c56,8f8ee2cece027255,ok,,g2267,train
data/original/aquahealth/train_split/Viral diseases White tail disease/Viral diseases White tail disease_167.jpg,train_split,Viral diseases White tail disease,White Tail Disease,6,.jpg,640,640,RGB,8b0d8f791613904fe2f8366e3fec47c7425417909efd090b3d3b8970e3d7bb06,70e0c4e6f91dcdce,ok,,g1932,val
data/original/aquahealth/train_split/Viral diseases White tail disease/Viral diseases White tail disease_169.jpg,train_split,Viral diseases White tail disease,White Tail Disease,6,.jpg,640,640,RGB,3197ddb5bdb1eba821d89b88c7e9ab2dc508f9bcf0c86ba59cec3805a9741de9,0001682022363c30,ok,,g48,train
data/original/aquahealth/train_split/Viral diseases White tail disease/Viral diseases White tail disease_170.jpg,train_split,Viral diseases White tail disease,White Tail Disease,6,.jpg,640,640,RGB,b770101ec1e9e5d317366b85bc06ebf97065b0e6958c3c42b2b9a04f891e70fd,c7c7f9e8ca8cc9c9,ok,,g2566,val
data/original/aquahealth/train_split/Viral diseases White tail disease/Viral diseases White tail disease_173.jpg,train_split,Viral diseases White tail disease,White Tail Disease,6,.jpg,640,640,RGB,57057f1325c1f9a450c0ac0a4a0482115fa00fa8eefe9b798f18859ef7e3f077,c7e77371391f0f9f,ok,,g2570,train
data/original/aquahealth/train_split/Viral diseases White tail disease/Viral diseases White tail disease_174.jpg,train_split,Viral diseases White tail disease,White Tail Disease,6,.jpg,640,640,RGB,4bc0e3e11c570245e2097a47fbb5ec1642907de5e5233fd9b1d8aa99d376a2ea,ff1f3efefe06242c,ok,,g3041,train
data/original/aquahealth/train_split/Viral diseases White tail disease/Viral diseases White tail disease_178.jpg,train_split,Viral diseases White tail disease,White Tail Disease,6,.jpg,640,640,RGB,27758d85b82de6b10c43b09fc93496afca79dfd9e2fa04bd37bf22d587c4c639,203b78f8f89e1319,ok,,g1119,train
data/original/aquahealth/train_split/Viral diseases White tail disease/Viral diseases White tail disease_18.jpg,train_split,Viral diseases White tail disease,White Tail Disease,6,.jpg,224,224,RGB,8da5ee8d8bd33c563280b0c4974eb776470f999412cfbb913e686a725c62cacd,537ef6c3c7e7f581,ok,,g1702,val
data/original/aquahealth/train_split/Viral diseases White tail disease/Viral diseases White tail disease_180.jpg,train_split,Viral diseases White tail disease,White Tail Disease,6,.jpg,640,640,RGB,8b0743bfdd1ec7c203233ab98f3e6535740b1e900ac668f0d24f6e6f3a8b3e5e,18181c0808c48410,ok,,g875,train
data/original/aquahealth/train_split/Viral diseases White tail disease/Viral diseases White tail disease_183.jpg,train_split,Viral diseases White tail disease,White Tail Disease,6,.jpg,640,640,RGB,7c23f7236d09d14cff6c20caa24cb35caf731942dc517417173752e5d157d613,000d38b378f8fa3a,ok,,g62,train
data/original/aquahealth/train_split/Viral diseases White tail disease/Viral diseases White tail disease_187.jpg,train_split,Viral diseases White tail disease,White Tail Disease,6,.jpg,640,640,RGB,23fc5c940db29655d0af63be3353f3f3adc3a128266171ffeec829ffe0f38bf2,099f0f0707074752,ok,,g511,train
data/original/aquahealth/train_split/Viral diseases White tail disease/Viral diseases White tail disease_188.jpg,train_split,Viral diseases White tail disease,White Tail Disease,6,.jpg,640,640,RGB,2cdce86aca5814997f703b4c0c150411bf5bf6bd862eda224a9714ab15bd4044,838383030f060713,ok,,g2163,train
data/original/aquahealth/train_split/Viral diseases White tail disease/Viral diseases White tail disease_189.jpg,train_split,Viral diseases White tail disease,White Tail Disease,6,.jpg,640,640,RGB,3da39f058f08caf2528e3391e6f0a51ddd30c37a82f4effcc5e24547e5ce293c,1401c1612105070f,ok,,g842,train
data/original/aquahealth/train_split/Viral diseases White tail disease/Viral diseases White tail disease_190.jpg,train_split,Viral diseases White tail disease,White Tail Disease,6,.jpg,640,640,RGB,478872ca42adc41d168ccb68a8080c3a03dcd011362bea8d07c15bc24d4f5f3c,2e2f07070f9f1f1e,ok,,g1219,train
data/original/aquahealth/train_split/Viral diseases White tail disease/Viral diseases White tail disease_191.jpg,train_split,Viral diseases White tail disease,White Tail Disease,6,.jpg,640,640,RGB,a6caf37c44ab33b97be42487dfebc1506bd90c809703d95ad4b6290303391717,850d0f8787070343,ok,,g2179,train
data/original/aquahealth/train_split/Viral diseases White tail disease/Viral diseases White tail disease_192.jpg,train_split,Viral diseases White tail disease,White Tail Disease,6,.jpg,640,640,RGB,1d178cc55812ee9cf8e28b065de4a47ea3b79323f315c6aa45abf65d9ab7e86d,e3efdf9f9fdffff3,ok,,g2777,train
data/original/aquahealth/train_split/Viral diseases White tail disease/Viral diseases White tail disease_195.jpg,train_split,Viral diseases White tail disease,White Tail Disease,6,.jpg,640,640,RGB,95ee929aacb0f8f6f21c056d09093a36a40715dd9ad9ab6d5dff920a73c19c75,6030180c86040c18,ok,,g1753,train
data/original/aquahealth/train_split/Viral diseases White tail disease/Viral diseases White tail disease_2.jpg,train_split,Viral diseases White tail disease,White Tail Disease,6,.jpg,224,224,RGB,039d92efc193713aeb0a0f70ad22bc4f536987c989945dd950bd3fac8f0078f5,854f6e7a39ac8585,ok,,g2181,train
data/original/aquahealth/train_split/Viral diseases White tail disease/Viral diseases White tail disease_20.jpeg,train_split,Viral diseases White tail disease,White Tail Disease,6,.jpeg,224,224,RGB,c80bf3bf0edf2b2aa5d66d0474eafc00a26055cbf2ab80809e7094ae868d4437,3878f0fcde9e96f4,ok,,g1376,train
data/original/aquahealth/train_split/Viral diseases White tail disease/Viral diseases White tail disease_200.jpg,train_split,Viral diseases White tail disease,White Tail Disease,6,.jpg,640,640,RGB,a0f5ae0099dc17ca563a1561faa04ff6bf0077644696e88964ddb8cf04cb8c81,3f7f7ffffcfc3805,ok,,g1549,train
data/original/aquahealth/train_split/Viral diseases White tail disease/Viral diseases White tail disease_202.jpg,train_split,Viral diseases White tail disease,White Tail Disease,6,.jpg,640,640,RGB,e2b094ee0ffd9906994d34f6d51bd7cdafa9c81c37fdfc703cf5496b7be6653b,039383c3c3c3d7bf,ok,,g298,val
data/original/aquahealth/train_split/Viral diseases White tail disease/Viral diseases White tail disease_208.jpg,train_split,Viral diseases White tail disease,White Tail Disease,6,.jpg,640,640,RGB,888b8ccaf0e74dca1be42b4ba0cf1aefcf0ef9743db0ea5e22bb44ae0238737d,e6fc7e1f0fe3e337,ok,,g2806,train
data/original/aquahealth/train_split/Viral diseases White tail disease/Viral diseases White tail disease_210.jpg,train_split,Viral diseases White tail disease,White Tail Disease,6,.jpg,640,640,RGB,ec71da0c558a84e9555826fbb8644642ab3d8a46b68fe35d6768141cc126d2eb,636b680f1f13360c,ok,,g1809,train
data/original/aquahealth/train_split/Viral diseases White tail disease/Viral diseases White tail disease_213.jpg,train_split,Viral diseases White tail disease,White Tail Disease,6,.jpg,640,640,RGB,a65bf40a48e6f076c1d5c8f455c811aae596ad36e928ff48ac7bca58cca49795,ffff6f1f1f0fcfce,ok,,g3052,train
data/original/aquahealth/train_split/Viral diseases White tail disease/Viral diseases White tail disease_215.jpg,train_split,Viral diseases White tail disease,White Tail Disease,6,.jpg,640,640,RGB,86b3c6f59bc84706fe86e190fc5e3a2e670c9eac39268c34f5b8baa57b19c057,41030260c0080800,ok,,g1573,test
data/original/aquahealth/train_split/Viral diseases White tail disease/Viral diseases White tail disease_218.jpg,train_split,Viral diseases White tail disease,White Tail Disease,6,.jpg,640,640,RGB,19a38604cdbb60b2f848a6c2af6a4e26151ab2ec4f2ad9d856d64bef1601dc44,7e1d3dde393d3d0f,ok,,g2080,train
data/original/aquahealth/train_split/Viral diseases White tail disease/Viral diseases White tail disease_22.png,train_split,Viral diseases White tail disease,White Tail Disease,6,.png,224,224,RGB,35ca472315bf3c6b466d73a6fa55e5500cfa09ccd9d3d731bc2bc5e80121f4cb,0f0e0bc1808c89d9,ok,,g659,train
data/original/aquahealth/train_split/Viral diseases White tail disease/Viral diseases White tail disease_222.jpg,train_split,Viral diseases White tail disease,White Tail Disease,6,.jpg,640,640,RGB,c8bf69ce017375361ef978ed7b12a67a9d1902ae45ffbece5e817becf6b0bf3a,3e6743efefcfe77f,ok,,g1490,train
data/original/aquahealth/train_split/Viral diseases White tail disease/Viral diseases White tail disease_23.jpg,train_split,Viral diseases White tail disease,White Tail Disease,6,.jpg,128,128,RGB,1610b6b5272978965ead62966844ac68c1144837d7231b9d58af7e02b6fe6f65,4b4f4d61d144060f,ok,,g1652,test
data/original/aquahealth/train_split/Viral diseases White tail disease/Viral diseases White tail disease_239.jpg,train_split,Viral diseases White tail disease,White Tail Disease,6,.jpg,640,640,RGB,c31b256a4977ba5f5aa903d010d20d8e3616ecaf7f7c1bbd5c54aa7bc839dc8b,e0b01838f081053c,ok,,g2701,train
data/original/aquahealth/train_split/Viral diseases White tail disease/Viral diseases White tail disease_24.jpg,train_split,Viral diseases White tail disease,White Tail Disease,6,.jpg,224,224,RGB,f0a4c61cd65c1cdf741e04d685b23113c9c9b4fa875d6d19749a564f44cb5277,e0fbdbd7d3f3b1b1,ok,,g2743,test
data/original/aquahealth/train_split/Viral diseases White tail disease/Viral diseases White tail disease_241.jpg,train_split,Viral diseases White tail disease,White Tail Disease,6,.jpg,640,640,RGB,7d5055f455294796830915a6fe5130643e3d837120d947c9d3188511f22251f9,e1311d7066676331,ok,,g2747,test
data/original/aquahealth/train_split/Viral diseases White tail disease/Viral diseases White tail disease_242.jpg,train_split,Viral diseases White tail disease,White Tail Disease,6,.jpg,640,640,RGB,522c6101ba80241b688272292b757d403e5bb32ae28e7d23d487fe3cfada67f9,071d6cd033333a00,ok,,g426,train
data/original/aquahealth/train_split/Viral diseases White tail disease/Viral diseases White tail disease_244.jpg,train_split,Viral diseases White tail disease,White Tail Disease,6,.jpg,640,640,RGB,4b1b83737d943bac0bac598dc087fb347091f56311794055d2a04f603df347c3,bb71f1f97dfe0010,ok,,g2443,val
data/original/aquahealth/train_split/Viral diseases White tail disease/Viral diseases White tail disease_26.jpg,train_split,Viral diseases White tail disease,White Tail Disease,6,.jpg,224,224,RGB,1e2cb81eb6a5bec4c3204f61aa08bbbb86b32a84ebda2c249660ed318be73eaf,9c0f2707071f1d99,ok,,g2324,train
data/original/aquahealth/train_split/Viral diseases White tail disease/Viral diseases White tail disease_29.jpg,train_split,Viral diseases White tail disease,White Tail Disease,6,.jpg,224,224,RGB,bd7f2467a752a34b80e646958a28891c5d1ef528922bc37d9d54b41a9a9fa2dd,b3f7ff6f77f7ff37,ok,,g2425,val
data/original/aquahealth/train_split/Viral diseases White tail disease/Viral diseases White tail disease_3.png,train_split,Viral diseases White tail disease,White Tail Disease,6,.png,224,224,RGB,99cf0bf9c05f44c306f60de4820dfaf9c61408a78ed01540f01fd2eec2d47d6e,3f3f1f1f3f3f0f0f,ok,,g1524,train
data/original/aquahealth/train_split/Viral diseases White tail disease/Viral diseases White tail disease_30.jpeg,train_split,Viral diseases White tail disease,White Tail Disease,6,.jpeg,224,224,RGB,90162dceaada82ffd42888adfbfb6eb209cfad0b882781f276c250ee1e952665,80c8c0b0b0303079,ok,,g2135,train
data/original/aquahealth/train_split/Viral diseases White tail disease/Viral diseases White tail disease_31.jpg,train_split,Viral diseases White tail disease,White Tail Disease,6,.jpg,224,224,RGB,9bb71b102bb9ee1772c0bbd4c92fb71b261ca501ee2a3c80b4addef23e95e69d,13cb6330f0e0b2e1,ok,,g841,train
data/original/aquahealth/train_split/Viral diseases White tail disease/Viral diseases White tail disease_32.png,train_split,Viral diseases White tail disease,White Tail Disease,6,.png,224,224,RGB,b673bf0a3cbea2082f659ed9fae6a4e50e7e453b7a9d49da0aef18f881d6e762,4e2f071f1e3f3e3d,ok,,g1663,val
data/original/aquahealth/train_split/Viral diseases White tail disease/Viral diseases White tail disease_34.jpg,train_split,Viral diseases White tail disease,White Tail Disease,6,.jpg,128,128,RGB,3257b9d38d929ff6a92a91453ec5529b95a0bdecfef4eed674bac73e0f60bce8,003e2f270303038f,ok,,g93,train
data/original/aquahealth/train_split/Viral diseases White tail disease/Viral diseases White tail disease_35.jpg,train_split,Viral diseases White tail disease,White Tail Disease,6,.jpg,128,128,RGB,7264b8a07f7b2e6e64a51ae2fcbf009817f8922afa0e2cb70437bf2d4bb66c11,03071737270e1c00,ok,,g244,val
data/original/aquahealth/train_split/Viral diseases White tail disease/Viral diseases White tail disease_36.jpg,train_split,Viral diseases White tail disease,White Tail Disease,6,.jpg,128,128,RGB,ac46f0c227c9b97c3b2cfb28bfd1a0931a6e9940da03fb1e41c20594ff573980,040e1e7f87030307,ok,,g322,train
data/original/aquahealth/train_split/Viral diseases White tail disease/Viral diseases White tail disease_37.jpg,train_split,Viral diseases White tail disease,White Tail Disease,6,.jpg,128,128,RGB,d402970c971c3428385036d2337cc6815293e46fa6b0ea36c04b7f0080b25893,1f0b0e1f1f1f0d01,ok,,g1025,train
data/original/aquahealth/train_split/Viral diseases White tail disease/Viral diseases White tail disease_38.jpg,train_split,Viral diseases White tail disease,White Tail Disease,6,.jpg,128,128,RGB,9073e1365f1010f7518d91c8504851d9463dab99728c0a1d7e37caaf49e18210,3f3f3b070e1c1800,ok,,g1526,train
data/original/aquahealth/train_split/Viral diseases White tail disease/Viral diseases White tail disease_39.jpg,train_split,Viral diseases White tail disease,White Tail Disease,6,.jpg,128,128,RGB,5c77a14acc23bbae187c4e0c73ed7fbec7f1cdd2edf196256ff568a0e947f50e,463e1e0e0e0c0c0c,ok,,g1617,train
data/original/aquahealth/train_split/Viral diseases White tail disease/Viral diseases White tail disease_4.jpeg,train_split,Viral diseases White tail disease,White Tail Disease,6,.jpeg,224,224,RGB,31c253384f1facd05c1ad7268a011fdbf48e9882d97ac3a5ddcb5fcf37f332f1,387c1e1b3d1d0b0b,ok,,g1378,train
data/original/aquahealth/train_split/Viral diseases White tail disease/Viral diseases White tail disease_41.jpg,train_split,Viral diseases White tail disease,White Tail Disease,6,.jpg,128,128,RGB,d2216f724a6f3d60df42361c11c1064fa4f73691ef2636cd61561143e9f4a84a,0810000080e03010,ok,,g484,train
data/original/aquahealth/train_split/Viral diseases White tail disease/Viral diseases White tail disease_45.jpg,train_split,Viral diseases White tail disease,White Tail Disease,6,.jpg,128,128,RGB,adc380a4e9106330099c3f8608f3640155943718db00115c932736d2ac5ab1c8,8000004040000000,ok,,g2123,train
data/original/aquahealth/train_split/Viral diseases White tail disease/Viral diseases White tail disease_46.jpg,train_split,Viral diseases White tail disease,White Tail Disease,6,.jpg,128,128,RGB,b357b475a4d94f35cd2145acce5d21e3bfb205ea8d2fe216406a6d8f5fbc247f,f0f8fcfbfbfbc7c7,ok,,g2892,val
data/original/aquahealth/train_split/Viral diseases White tail disease/Viral diseases White tail disease_47.jpg,train_split,Viral diseases White tail disease,White Tail Disease,6,.jpg,128,128,RGB,8c04a65fdccd7dd880b96016b035ab9b4e9b1c4a191b8bf83c1620cf08734454,1ff7f7fdf9793130,ok,,g1106,train
data/original/aquahealth/train_split/Viral diseases White tail disease/Viral diseases White tail disease_48.jpg,train_split,Viral diseases White tail disease,White Tail Disease,6,.jpg,128,128,RGB,925fa0c65999b282523cafdfbfd5f779dbbc192ceea56db8415e0774175b72f5,91f9e8c0e0801001,ok,,g2278,train
data/original/aquahealth/train_split/Viral diseases White tail disease/Viral diseases White tail disease_49.jpg,train_split,Viral diseases White tail disease,White Tail Disease,6,.jpg,128,128,RGB,0293babc2d62c745c02b868cb59f32502afe1c4d28ef548de45c3f697cc05e34,a4f8fcf8e5686800,ok,,g2386,train
data/original/aquahealth/train_split/Viral diseases White tail disease/Viral diseases White tail disease_5.jpg,train_split,Viral diseases White tail disease,White Tail Disease,6,.jpg,224,224,RGB,6ea5363d1d93059bfa69dc4294bd3d7c3c108287c3b101006120bb7bae3642cb,c4e060f8cce8fcdc,ok,,g2553,train
data/original/aquahealth/train_split/Viral diseases White tail disease/Viral diseases White tail disease_50.jpg,train_split,Viral diseases White tail disease,White Tail Disease,6,.jpg,128,128,RGB,ef3a3881b18166c42429f49a225902118e0137688334ae262656f9f6a3e1b0b8,1438f0c1800ccfc6,ok,,g844,train
data/original/aquahealth/train_split/Viral diseases White tail disease/Viral diseases White tail disease_51.jpg,train_split,Viral diseases White tail disease,White Tail Disease,6,.jpg,128,128,RGB,d82c7f4a0c82b6b7009d3c4be99469b42b8eb83e2996f7208c749709c4e32f67,5cdcc8c8f8d0c088,ok,,g1726,train
data/original/aquahealth/train_split/Viral diseases White tail disease/Viral diseases White tail disease_52.jpg,train_split,Viral diseases White tail disease,White Tail Disease,6,.jpg,128,128,RGB,2b4ce07495a2eeb3a0e1d942c23ef637b9de9557d0773ed5ee9f2f0cd00497b1,000042e204cc44c4,ok,,g24,train
data/original/aquahealth/train_split/Viral diseases White tail disease/Viral diseases White tail disease_53.jpg,train_split,Viral diseases White tail disease,White Tail Disease,6,.jpg,128,128,RGB,891e2c11f5d8f469e5d277e7bc97cb16e665c4a8ede3c5768cd696cf95f52eae,7876f6eefcfdf7c7,ok,,g2007,train
data/original/aquahealth/train_split/Viral diseases White tail disease/Viral diseases White tail disease_54.jpg,train_split,Viral diseases White tail disease,White Tail Disease,6,.jpg,224,224,RGB,dad19453a2bb98f3c5f3a5c3ddb96b5175887a0a8c9d3578b146238163da7f5a,07c1c141c1c1f23f,ok,,g469,train
data/original/aquahealth/train_split/Viral diseases White tail disease/Viral diseases White tail disease_55.png,train_split,Viral diseases White tail disease,White Tail Disease,6,.png,224,224,RGB,449ab59d893b376a3937ad882af748f9351ecff74e60d8dc043eb7eef7eb84ad,30bc9e9480e0b0b0,ok,,g1276,val
data/original/aquahealth/train_split/Viral diseases White tail disease/Viral diseases White tail disease_57.jpg,train_split,Viral diseases White tail disease,White Tail Disease,6,.jpg,128,128,RGB,58a76e1f53b5f1f5346b43f30710711f1c3a757fc6210e2d75d310fc61bc6c2a,7a7be2f0fcfc647c,ok,,g2036,train
data/original/aquahealth/train_split/Viral diseases White tail disease/Viral diseases White tail disease_6.jpg,train_split,Viral diseases White tail disease,White Tail Disease,6,.jpg,128,128,RGB,3c64178d5ea1cda5232767ef7ff6d0f7d70c79daf6efae7b6dfeaeeeed99cb70,c0c0c34b29697060,ok,,g2480,train
data/original/aquahealth/train_split/Viral diseases White tail disease/Viral diseases White tail disease_60.jpg,train_split,Viral diseases White tail disease,White Tail Disease,6,.jpg,128,128,RGB,edbd4d6311c58fb4d3787031f7320158ec3a08e73931ecdc562d709d286ccd60,2060e8303010c2c6,ok,,g1120,train
data/original/aquahealth/train_split/Viral diseases White tail disease/Viral diseases White tail disease_61.jpg,train_split,Viral diseases White tail disease,White Tail Disease,6,.jpg,128,128,RGB,e821d7d5d1172a006804de266806419cca371b941a33614bb084343ff6d1f74c,8d9cb2b8b919190f,ok,,g2247,train
data/original/aquahealth/train_split/Viral diseases White tail disease/Viral diseases White tail disease_62.jpg,train_split,Viral diseases White tail disease,White Tail Disease,6,.jpg,128,128,RGB,3e76287100076caad0bb170aa5c9de8b63a3c63102dfeb72120eb1d26cb42243,34b1e7c6c6e57b39,ok,,g1332,test
data/original/aquahealth/train_split/Viral diseases White tail disease/Viral diseases White tail disease_63.jpg,train_split,Viral diseases White tail disease,White Tail Disease,6,.jpg,128,128,RGB,4845cb25d774b54a96f5db715357e0e30a1e5a0176fbc3b62b34d3708317cffc,0060f0d00014181c,ok,,g102,train
data/original/aquahealth/train_split/Viral diseases White tail disease/Viral diseases White tail disease_67.jpg,train_split,Viral diseases White tail disease,White Tail Disease,6,.jpg,128,128,RGB,f07d4956580e2a0c034f4cea65f8c74c9e48d9054a700d99ecd16f54d0da4e0c,7d7c4e1e3f370747,ok,,g2068,train
data/original/aquahealth/train_split/Viral diseases White tail disease/Viral diseases White tail disease_70.jpg,train_split,Viral diseases White tail disease,White Tail Disease,6,.jpg,128,128,RGB,31361a926a0360467301faa3f71880304c327fc9b153734c58ea8632681494fa,0f3bc10f232b0e84,ok,,g735,train
data/original/aquahealth/train_split/Viral diseases White tail disease/Viral diseases White tail disease_71.jpg,train_split,Viral diseases White tail disease,White Tail Disease,6,.jpg,128,128,RGB,558caae0b46cc759cfdebd0b89c61d5db88cde9bee1df6e8eb617dc2d51e3eef,173f1f6666200000,ok,,g864,val
data/original/aquahealth/train_split/Viral diseases White tail disease/Viral diseases White tail disease_72.jpg,train_split,Viral diseases White tail disease,White Tail Disease,6,.jpg,128,128,RGB,acd3346fc800389c9695161cbfadbb7a886d19e09bc0a6809655d71cdea0826e,f060606075361604,ok,,g2855,val
data/original/aquahealth/train_split/Viral diseases White tail disease/Viral diseases White tail disease_74.jpg,train_split,Viral diseases White tail disease,White Tail Disease,6,.jpg,128,128,RGB,73c33dbaed4f4642af23b509b920953909d1126ba4a8f065a5b68adb5b8a1a81,f1e1c5cd8787c5e1,ok,,g2903,val
data/original/aquahealth/train_split/Viral diseases White tail disease/Viral diseases White tail disease_75.jpg,train_split,Viral diseases White tail disease,White Tail Disease,6,.jpg,128,128,RGB,e3558bde63f19f05bff9e642719f7f13fd5c31a8e3338f050e64b6d606f18999,781c3c3cb8b8e060,ok,,g1997,train
data/original/aquahealth/train_split/Viral diseases White tail disease/Viral diseases White tail disease_76.jpg,train_split,Viral diseases White tail disease,White Tail Disease,6,.jpg,128,128,RGB,8cd2d0942c3180688886a4963d58b2f8fb3962a93078e71ae5955176a3ddfa5d,b4b0828287c787b7,ok,,g2427,val
data/original/aquahealth/train_split/Viral diseases White tail disease/Viral diseases White tail disease_8.jpg,train_split,Viral diseases White tail disease,White Tail Disease,6,.jpg,224,224,RGB,d691a720622873db979b3fa70e197a4148de7e211f8b65c1e1c5692272a7757e,e7c9ad60e3e3f37d,ok,,g2811,test
data/original/aquahealth/train_split/Viral diseases White tail disease/Viral diseases White tail disease_81.jpg,train_split,Viral diseases White tail disease,White Tail Disease,6,.jpg,128,128,RGB,4249c1a115e107bf7f79bf77068564939e6520968f3086b65b940dba258c4259,b63634e9ff9e1313,ok,,g2428,train
data/original/aquahealth/train_split/Viral diseases White tail disease/Viral diseases White tail disease_86.jpeg,train_split,Viral diseases White tail disease,White Tail Disease,6,.jpeg,224,224,RGB,d3ecf8648765986484cd508a8237e29e440ba7a1621cb3da74c8d4b1a0c068b3,c0c0e170f0e0828f,label_conflict,,g2483,
data/original/aquahealth/train_split/Viral diseases White tail disease/Viral diseases White tail disease_88.jpg,train_split,Viral diseases White tail disease,White Tail Disease,6,.jpg,128,128,RGB,8b06403f9e85e713f42ba57206db4641a660a15658f087b278bdec281b009b56,83b13b13fbfbfef8,ok,,g2170,train
data/original/aquahealth/train_split/Viral diseases White tail disease/Viral diseases White tail disease_9.jpg,train_split,Viral diseases White tail disease,White Tail Disease,6,.jpg,128,128,RGB,b64de8614767d3b165f29f4a28752a89f40bf3c5104c2120ca436c5bed3e043e,1e0f8bc50206040d,ok,,g989,test
data/original/aquahealth/train_split/Viral diseases White tail disease/Viral diseases White tail disease_91.jpg,train_split,Viral diseases White tail disease,White Tail Disease,6,.jpg,640,640,RGB,5a9716197f63f5b21f257e7792d0753b73450d33114b32241fb51d6132e4eb4a,496b6f2cbc7cf6fa,ok,,g1644,train
data/original/aquahealth/train_split/Viral diseases White tail disease/Viral diseases White tail disease_92.jpg,train_split,Viral diseases White tail disease,White Tail Disease,6,.jpg,640,640,RGB,f7ec37015f749bfa66796d49a06562855f9b0adbb7fbedfd9ceb16ccb8793972,a3a7e78f97dff9e0,ok,,g2379,train
data/original/aquahealth/train_split/Viral diseases White tail disease/Viral diseases White tail disease_94.jpg,train_split,Viral diseases White tail disease,White Tail Disease,6,.jpg,640,640,RGB,0d21b89d3cb764bfe838e698aa95a20939eeb979eb493e77d168ef212ad4fc99,bc9c9480a0e0d0d0,ok,,g2446,test
data/original/aquahealth/train_split/Viral diseases White tail disease/Viral diseases White tail disease_95.jpg,train_split,Viral diseases White tail disease,White Tail Disease,6,.jpg,640,640,RGB,2500c5bd0fc1daa91182c65241701937e1587eab68b980a2ea3d96b684521a2e,3c3f3b30b0e0c000,ok,,g1451,train
data/original/aquahealth/train_split/Viral diseases White tail disease/Viral diseases White tail disease_98.jpg,train_split,Viral diseases White tail disease,White Tail Disease,6,.jpg,640,640,RGB,b9e3ff04d8bbc5a4fce8360d9725bf981b7033032fb3712e2d16639afb852229,f87ebf3c1c0ec4e4,ok,,g2953,train
data/original/aquahealth/train_split/Viral diseases White tail disease/Viral diseases White tail disease_99.jpg,train_split,Viral diseases White tail disease,White Tail Disease,6,.jpg,640,640,RGB,af5d6dd75ac07ce80646419b8574e92b66a39deecc4f3c01c3d0fb820d24edcb,80c0c0d0f0c3eeec,ok,,g2132,train
data/original/aquahealth/train_split/Viral diseases White tail disease/Viral diseases White tail disease_aug_0.jpg,train_split,Viral diseases White tail disease,White Tail Disease,6,.jpg,128,128,RGB,8686acba30b5cabd1919d9d9748b379282742e00d17963b9d747363f2b29b19c,71e1c5cd8787c7c3,ok,,g1949,train
data/original/aquahealth/train_split/Viral diseases White tail disease/Viral diseases White tail disease_aug_1.jpg,train_split,Viral diseases White tail disease,White Tail Disease,6,.jpg,128,128,RGB,f8257fa403e414a6b5e03f8fc29beb123e941ec03776dd5be86d6812b078859b,070f4f7012130002,ok,,g414,train
data/original/aquahealth/train_split/Viral diseases White tail disease/Viral diseases White tail disease_aug_10.jpg,train_split,Viral diseases White tail disease,White Tail Disease,6,.jpg,128,128,RGB,92eab8ce7492cecdfbda47fbbb62f41bf57cc43b0d3321faa9b715caaf76c71e,a0f8fcf8e1686806,ok,,g2374,train
data/original/aquahealth/train_split/Viral diseases White tail disease/Viral diseases White tail disease_aug_100.jpg,train_split,Viral diseases White tail disease,White Tail Disease,6,.jpg,640,640,RGB,513b7228a32d38ff75c019baf9e637fde5ec5a792d3f6e54806c7375fdfd7f7d,074ffd3c3c7e490f,ok,,g450,val
data/original/aquahealth/train_split/Viral diseases White tail disease/Viral diseases White tail disease_aug_102.jpg,train_split,Viral diseases White tail disease,White Tail Disease,6,.jpg,640,640,RGB,a85c1cdb6a354f8db8b763744dc3ec55f070d150567433de92a31c98af4c76a3,e3efdf9f9fdffff3,ok,,g2777,train
data/original/aquahealth/train_split/Viral diseases White tail disease/Viral diseases White tail disease_aug_105.jpg,train_split,Viral diseases White tail disease,White Tail Disease,6,.jpg,224,224,RGB,08f886f8b6a1706e57c891020872c3b8e51cfae183ce9ec6686aaa7074b759fc,c0c0e170f0e0828f,label_conflict,,g2483,
data/original/aquahealth/train_split/Viral diseases White tail disease/Viral diseases White tail disease_aug_106.jpg,train_split,Viral diseases White tail disease,White Tail Disease,6,.jpg,640,640,RGB,b5d7f9dfa77e02e8fbe50e570bc1df8c63b9224bfd4fb490c40be141453b4b82,564020e1e0624343,ok,,g1704,train
data/original/aquahealth/train_split/Viral diseases White tail disease/Viral diseases White tail disease_aug_109.jpg,train_split,Viral diseases White tail disease,White Tail Disease,6,.jpg,640,640,RGB,d4b0701dee6cef08cd1d810908c60307319e3e6c91bd851d8c54aaa572ba145a,0e8e388c8c9fb110,ok,,g620,test
data/original/aquahealth/train_split/Viral diseases White tail disease/Viral diseases White tail disease_aug_110.jpg,train_split,Viral diseases White tail disease,White Tail Disease,6,.jpg,224,224,RGB,b8b0b9830eef0c166338f276f6f57c7bab7b3f8ce25b2bff80ba26d3e3b35c6d,13cb6330f0e0b2a1,ok,,g840,test
data/original/aquahealth/train_split/Viral diseases White tail disease/Viral diseases White tail disease_aug_111.jpg,train_split,Viral diseases White tail disease,White Tail Disease,6,.jpg,224,224,RGB,fdd7b0d80182f01dbde571e48e6f16122fba80a89bb2b07c20ebb0890f6d9880,0307070303030f3f,ok,,g240,val
data/original/aquahealth/train_split/Viral diseases White tail disease/Viral diseases White tail disease_aug_112.jpg,train_split,Viral diseases White tail disease,White Tail Disease,6,.jpg,224,224,RGB,cefa5f22876e5b47f3c2c6e0c61d6033ec78013b649b6e262c36b1b32150890d,0f07170f0f070633,ok,,g640,train
data/original/aquahealth/train_split/Viral diseases White tail disease/Viral diseases White tail disease_aug_116.jpg,train_split,Viral diseases White tail disease,White Tail Disease,6,.jpg,128,128,RGB,03fb3941cd1033fd64735fe400f1937edc85eef64c9ae54cc19016364e9367e3,21c1c18020000c0f,ok,,g1148,test
data/original/aquahealth/train_split/Viral diseases White tail disease/Viral diseases White tail disease_aug_117.jpg,train_split,Viral diseases White tail disease,White Tail Disease,6,.jpg,224,224,RGB,a3c70a35826098bff1583f5339b310aba13810d1782e3e5142dc70ac2178af76,1070e4c486848703,ok,,g807,train
data/original/aquahealth/train_split/Viral diseases White tail disease/Viral diseases White tail disease_aug_119.jpg,train_split,Viral diseases White tail disease,White Tail Disease,6,.jpg,128,128,RGB,a80b7304fae9a661288f665a734da6ab84f670adb0b87138180ef46acaf2d21d,0b3bc10f232b0e84,ok,,g529,train
data/original/aquahealth/train_split/Viral diseases White tail disease/Viral diseases White tail disease_aug_12.jpg,train_split,Viral diseases White tail disease,White Tail Disease,6,.jpg,640,640,RGB,90248bb2b032197520f6afb1abd67e8ee66df2dc031714e034b0aaba575ef376,2f0f4b03a7cce1a1,ok,,g1232,train
data/original/aquahealth/train_split/Viral diseases White tail disease/Viral diseases White tail disease_aug_120.jpg,train_split,Viral diseases White tail disease,White Tail Disease,6,.jpg,640,640,RGB,8aab27428c9fe8792d827c5cf31af3422311994e9336c0e902abd7f7c7711a0f,060c01339c7cf3f0,ok,,g344,train
data/original/aquahealth/train_split/Viral diseases White tail disease/Viral diseases White tail disease_aug_121.jpg,train_split,Viral diseases White tail disease,White Tail Disease,6,.jpg,640,640,RGB,4cefeea957cad9d127fdd52f2c63534bca4b4140c273f99802475d1243f307e3,c0d8d0b080cb9f9c,ok,,g2495,train
data/original/aquahealth/train_split/Viral diseases White tail disease/Viral diseases White tail disease_aug_122.jpg,train_split,Viral diseases White tail disease,White Tail Disease,6,.jpg,640,640,RGB,ba02806b6bfcef75ea0854ccaa18591b9f7ac6cd2d0c2ed002f120959b3ffa99,74783f2b2b73d959,ok,,g1973,train
data/original/aquahealth/train_split/Viral diseases White tail disease/Viral diseases White tail disease_aug_123.jpg,train_split,Viral diseases White tail disease,White Tail Disease,6,.jpg,640,640,RGB,1fa1b99bd381bdfa17e17da6d81dcf700cd0c0000829f1cc17efac62afa570e8,03e1033330787077,ok,,g308,train
data/original/aquahealth/train_split/Viral diseases White tail disease/Viral diseases White tail disease_aug_124.jpg,train_split,Viral diseases White tail disease,White Tail Disease,6,.jpg,640,640,RGB,ba9a713473776623e442ade158eba92721b12093eb13e44ebd131e041f247233,1f8fdb33e6c00009,ok,,g1093,train
data/original/aquahealth/train_split/Viral diseases White tail disease/Viral diseases White tail disease_aug_125.jpg,train_split,Viral diseases White tail disease,White Tail Disease,6,.jpg,128,128,RGB,d0a81bfeb6b0e8c2de7d67398390d8931610603596c968ba01da424aaec87e42,091111b9b818090f,ok,,g501,train
data/original/aquahealth/train_split/Viral diseases White tail disease/Viral diseases White tail disease_aug_126.jpg,train_split,Viral diseases White tail disease,White Tail Disease,6,.jpg,640,640,RGB,e8032e686895711f8c516b04b1d4e6733c5ab0fd78dc190e3f84527b9164feef,1401c1612105070f,ok,,g842,train
data/original/aquahealth/train_split/Viral diseases White tail disease/Viral diseases White tail disease_aug_127.jpg,train_split,Viral diseases White tail disease,White Tail Disease,6,.jpg,128,128,RGB,71540c4088f2913d8768cab2b2e8922ee50159b3979af9c13d6d02330d344a44,0707471f0e06060f,ok,,g389,test
data/original/aquahealth/train_split/Viral diseases White tail disease/Viral diseases White tail disease_aug_128.jpg,train_split,Viral diseases White tail disease,White Tail Disease,6,.jpg,640,640,RGB,e027169c6289dd7367731496d6cf4d056a801022ce230fc0eacab91e35874e29,070f8787139b3484,ok,x3001,g416,test
data/original/aquahealth/train_split/Viral diseases White tail disease/Viral diseases White tail disease_aug_129.jpg,train_split,Viral diseases White tail disease,White Tail Disease,6,.jpg,224,224,RGB,c19b7f17d3ad5d5d13d62be8a815bf9649dfea1e940932a5f1a166fb9dc00d4c,b3f7ff6f77f7ff37,ok,,g2425,val
data/original/aquahealth/train_split/Viral diseases White tail disease/Viral diseases White tail disease_aug_130.jpg,train_split,Viral diseases White tail disease,White Tail Disease,6,.jpg,224,224,RGB,540d45716f6bea65602c4e9448f0e3b685d3f39b7cb6493429f64b5b64a015eb,0fbfe5e3c7e6747f,ok,,g784,train
data/original/aquahealth/train_split/Viral diseases White tail disease/Viral diseases White tail disease_aug_131.jpg,train_split,Viral diseases White tail disease,White Tail Disease,6,.jpg,224,224,RGB,f2f840387feef3263d6ae2bebee0993d7f702cac26f1278ff40e8b46032c0920,0581111c1c08403f,ok,,g333,train
data/original/aquahealth/train_split/Viral diseases White tail disease/Viral diseases White tail disease_aug_132.jpg,train_split,Viral diseases White tail disease,White Tail Disease,6,.jpg,224,224,RGB,9ec2f034e1120564b7ba5c424224424ed5ba29dc6e3142e95735cd88f2c4d4b2,0f4d0d7c76cf7637,ok,,g751,train
data/original/aquahealth/train_split/Viral diseases White tail disease/Viral diseases White tail disease_aug_133.jpg,train_split,Viral diseases White tail disease,White Tail Disease,6,.jpg,128,128,RGB,4671fde8ce0f51ee092792b989192c04711e0a79749b9e3c20bcf06142e45184,0f21380e2b0b1f03,ok,,g722,train
data/original/aquahealth/train_split/Viral diseases White tail disease/Viral diseases White tail disease_aug_134.jpg,train_split,Viral diseases White tail disease,White Tail Disease,6,.jpg,224,224,RGB,9372c505fd7d02798abd34d10143c34b52e4dd97b548accf35aa40241880a2fc,63c1872743472f2f,ok,,g1817,train
data/original/aquahealth/train_split/Viral diseases White tail disease/Viral diseases White tail disease_aug_135.jpg,train_split,Viral diseases White tail disease,White Tail Disease,6,.jpg,128,128,RGB,e2385d1dbfa54a14c89416cc62637acbef2c49ee9395a360472ff57f1043a81a,0060f0d00014181c,ok,,g102,train
data/original/aquahealth/train_split/Viral diseases White tail disease/Viral diseases White tail disease_aug_136.jpg,train_split,Viral diseases White tail disease,White Tail Disease,6,.jpg,128,128,RGB,b7706eb3b0a546334902f5068ddc0949d1a161d9b6262689ace214e27d178fd0,062f8f0707074f7f,ok,,g351,train
data/original/aquahealth/train_split/Viral diseases White tail disease/Viral diseases White tail disease_aug_137.jpg,train_split,Viral diseases White tail disease,White Tail Disease,6,.jpg,640,640,RGB,a6c1593348e8ebccd658c85be18962a00a2bbfac88346e7bb744265131902bc8,0101030707050607,ok,,g151,train
data/original/aquahealth/train_split/Viral diseases White tail disease/Viral diseases White tail disease_aug_138.jpg,train_split,Viral diseases White tail disease,White Tail Disease,6,.jpg,640,640,RGB,c4746fd0c305e4a39130ccef224ef470e43b49ef9114397904829d1ac1d3c8f5,83193d08080c1801,ok,,g2159,train
data/original/aquahealth/train_split/Viral diseases White tail disease/Viral diseases White tail disease_aug_139.jpg,train_split,Viral diseases White tail disease,White Tail Disease,6,.jpg,224,224,RGB,134d6ee079a0c63b521184c919cf451f0dedcb006cb1b7613868ca6d00316080,f7f1d8dc9e9ebe3f,ok,x249,g2949,train
data/original/aquahealth/train_split/Viral diseases White tail disease/Viral diseases White tail disease_aug_14.jpg,train_split,Viral diseases White tail disease,White Tail Disease,6,.jpg,128,128,RGB,64dba7a12e5413e8708c37bc4a08e26b7b210204c40573cb976996e9ecbf7597,4b4f4d61d144060f,ok,,g1652,test
data/original/aquahealth/train_split/Viral diseases White tail disease/Viral diseases White tail disease_aug_140.jpg,train_split,Viral diseases White tail disease,White Tail Disease,6,.jpg,640,640,RGB,f43d04d05b407174a387759079ca9023270925c02ccc16484661aec95006eea8,80c4f4f2fc2c0606,ok,,g2133,test
data/original/aquahealth/train_split/Viral diseases White tail disease/Viral diseases White tail disease_aug_143.jpg,train_split,Viral diseases White tail disease,White Tail Disease,6,.jpg,128,128,RGB,474cf2b79a313fd6eea40b0c166936a61f699b7129f8b7a0f613671029b3d8ec,0f01806060617303,ok,,g627,test
data/original/aquahealth/train_split/Viral diseases White tail disease/Viral diseases White tail disease_aug_144.jpg,train_split,Viral diseases White tail disease,White Tail Disease,6,.jpg,128,128,RGB,233d62bdcb99ae1136eec48cad409d51b48cab40edb0fa38bd9f135056bac856,010101014000001f,ok,,g147,train
data/original/aquahealth/train_split/Viral diseases White tail disease/Viral diseases White tail disease_aug_145.jpg,train_split,Viral diseases White tail disease,White Tail Disease,6,.jpg,128,128,RGB,9776b876d0053fe8f192d0b4547d0008a8945eacbd52453af29e038f433d098b,7876f6eefcfdf7c7,ok,,g2007,train
data/original/aquahealth/train_split/Viral diseases White tail disease/Viral diseases White tail disease_aug_146.jpg,train_split,Viral diseases White tail disease,White Tail Disease,6,.jpg,640,640,RGB,62392c899e2a794c38ab3e959f1c37cbcbe23d51e0ce541d943209ac3ec748bf,70f8fc9c8404e6fe,ok,,g1940,train
data/original/aquahealth/train_split/Viral diseases White tail disease/Viral diseases White tail disease_aug_147.jpg,train_split,Viral diseases White tail disease,White Tail Disease,6,.jpg,640,640,RGB,730c7a172631b717c65f6c49ce7f972d6cc57080a3038641ffdca6161de94dd2,7d7d3c9090b3535f,ok,,g2070,test
data/original/aquahealth/train_split/Viral diseases White tail disease/Viral diseases White tail disease_aug_148.jpg,train_split,Viral diseases White tail disease,White Tail Disease,6,.jpg,640,640,RGB,ebe56e70de4b51cf9da6c4c942944f8d18a321c0c16c94f92de33b74d75ce9e5,0c0c60e8accc6c6c,ok,,g540,val
data/original/aquahealth/train_split/Viral diseases White tail disease/Viral diseases White tail disease_aug_149.jpg,train_split,Viral diseases White tail disease,White Tail Disease,6,.jpg,640,640,RGB,6050f74ff03309fa04bf6f34bb3b08657df224390f5844822cf2e3c17b4afc28,ff1f3efefe06242c,ok,,g3041,train
data/original/aquahealth/train_split/Viral diseases White tail disease/Viral diseases White tail disease_aug_150.jpg,train_split,Viral diseases White tail disease,White Tail Disease,6,.jpg,128,128,RGB,db8f1f6e78b3b21510d5c133cde07fb839c43edd2c09fb31b0c0df4804a9afe4,87c5e1fe5e7e4c4c,ok,,g2215,train
data/original/aquahealth/train_split/Viral diseases White tail disease/Viral diseases White tail disease_aug_151.jpg,train_split,Viral diseases White tail disease,White Tail Disease,6,.jpg,640,640,RGB,bd64fcd5cf5ec94dc45fb7f0bb513ec8be25f4ff8c80ac2702a0df577cdb57d0,3f7b78f8f9bd3703,ok,,g1544,train
data/original/aquahealth/train_split/Viral diseases White tail disease/Viral diseases White tail disease_aug_152.jpg,train_split,Viral diseases White tail disease,White Tail Disease,6,.jpg,640,640,RGB,df0b4a401c7692ff01ac80ff39e995313101f5d1e677259fe9b44df82dd85eb7,1d3f3230b0e0404f,ok,,g975,val
data/original/aquahealth/train_split/Viral diseases White tail disease/Viral diseases White tail disease_aug_153.jpg,train_split,Viral diseases White tail disease,White Tail Disease,6,.jpg,128,128,RGB,12c9b4a0b17828bfb58224b7ced8dda706c75d47dfb28d98f26c5eefb8da4bdd,1d03070f0f0f0f0c,ok,x242,g962,train
data/original/aquahealth/train_split/Viral diseases White tail disease/Viral diseases White tail disease_aug_154.jpg,train_split,Viral diseases White tail disease,White Tail Disease,6,.jpg,640,640,RGB,913fadfc7a836dcf8431663b071f102878908ec8fefb4d10deef0b0f86ef56d0,03010100c0c0c35f,ok,,g214,train
data/original/aquahealth/train_split/Viral diseases White tail disease/Viral diseases White tail disease_aug_155.jpg,train_split,Viral diseases White tail disease,White Tail Disease,6,.jpg,128,128,RGB,7a0dbef35de38831cf47e3f11213997011bf6633d397f735439afa59a4bef6af,7d7c4e1e3b270746,ok,,g2067,train
data/original/aquahealth/train_split/Viral diseases White tail disease/Viral diseases White tail disease_aug_156.jpg,train_split,Viral diseases White tail disease,White Tail Disease,6,.jpg,128,128,RGB,b0c33f570e7590f198e911bb28cfb5be4703461f02b94b387072c4ce4cbbbc13,0303231f0e060400,ok,,g232,val
data/original/aquahealth/train_split/Viral diseases White tail disease/Viral diseases White tail disease_aug_157.jpg,train_split,Viral diseases White tail disease,White Tail Disease,6,.jpg,128,128,RGB,67eb25459f9d9feea99f97a8f9570dd1745c1c527fca7e5cfc8fd486c29cfd61,31716371740c0000,ok,,g1292,train
data/original/aquahealth/train_split/Viral diseases White tail disease/Viral diseases White tail disease_aug_158.jpg,train_split,Viral diseases White tail disease,White Tail Disease,6,.jpg,128,128,RGB,070f6bb16f0fea3dd4f421669fd579b63235f20505be23b32b36c7023dd57814,83b13b13fbfbfcf8,ok,,g2169,test
data/original/aquahealth/train_split/Viral diseases White tail disease/Viral diseases White tail disease_aug_159.jpg,train_split,Viral diseases White tail disease,White Tail Disease,6,.jpg,640,640,RGB,690d88425cc9b692036b9f76165d62c21eff86ff33b925e388f821366de1554e,070f2c5d1e1e0b4f,ok,,g411,train
data/original/aquahealth/train_split/Viral diseases White tail disease/Viral diseases White tail disease_aug_16.jpg,train_split,Viral diseases White tail disease,White Tail Disease,6,.jpg,224,224,RGB,487cfc71515fd823cbad934ba964e37871c948ca4db6301a72adfce635600db1,13cb6330f0e0b2a1,ok,,g840,test
data/original/aquahealth/train_split/Viral diseases White tail disease/Viral diseases White tail disease_aug_160.jpg,train_split,Viral diseases White tail disease,White Tail Disease,6,.jpg,224,224,RGB,f578f56a6b72a9f65dbad96a5745cee1bed6a87bbb5a74f797d5586d7a721686,38bc9e9480e0b0b0,ok,,g1380,train
data/original/aquahealth/train_split/Viral diseases White tail disease/Viral diseases White tail disease_aug_161.jpg,train_split,Viral diseases White tail disease,White Tail Disease,6,.jpg,640,640,RGB,090808a5ebd4bdcd1f0931566666f37c12b3273454c729e57b4c32d17c282ee1,2f2f0f1d1e3f3f39,ok,,g1235,train
data/original/aquahealth/train_split/Viral diseases White tail disease/Viral diseases White tail disease_aug_162.jpg,train_split,Viral diseases White tail disease,White Tail Disease,6,.jpg,128,128,RGB,c39a3595513e2a98ead891617f53d2600890ce003043c48a04f377f2d853fd06,0f0303d999130101,ok,,g630,test
data/original/aquahealth/train_split/Viral diseases White tail disease/Viral diseases White tail disease_aug_163.jpg,train_split,Viral diseases White tail disease,White Tail Disease,6,.jpg,640,640,RGB,56b3256cad5e300818b32127e30cb40a9e39e2d5bb3ffe2673081509ba86bc8f,8cbc8e9f9f1d0d01,ok,,g2239,train
data/original/aquahealth/train_split/Viral diseases White tail disease/Viral diseases White tail disease_aug_164.jpg,train_split,Viral diseases White tail disease,White Tail Disease,6,.jpg,128,128,RGB,ac7e7658abdc54c553dda6291658217fe04f53b6c6845a54ff053ba51d903391,0d61231f797b7c7f,ok,,g590,train
data/original/aquahealth/train_split/Viral diseases White tail disease/Viral diseases White tail disease_aug_165.jpg,train_split,Viral diseases White tail disease,White Tail Disease,6,.jpg,640,640,RGB,fe3ee22c7536a4474f9b4a0615ef551e8d60d30119f95032e0b05be355d4d035,0001682022363c30,ok,x3405,g48,train
data/original/aquahealth/train_split/Viral diseases White tail disease/Viral diseases White tail disease_aug_166.jpg,train_split,Viral diseases White tail disease,White Tail Disease,6,.jpg,224,224,RGB,33bc0542144afa70b791b4d0219d47cec44053b09414af5530ba7e122c738e78,0981111c1c08401f,ok,,g510,test
data/original/aquahealth/train_split/Viral diseases White tail disease/Viral diseases White tail disease_aug_167.jpg,train_split,Viral diseases White tail disease,White Tail Disease,6,.jpg,640,640,RGB,558b5a40d22182703cbc33184eba81fab0bfc29eb3773d44efee18a783b1c2ff,03192919080c0813,ok,,g259,train
data/original/aquahealth/train_split/Viral diseases White tail disease/Viral diseases White tail disease_aug_168.jpg,train_split,Viral diseases White tail disease,White Tail Disease,6,.jpg,640,640,RGB,dcc82ed5354e755e882aab201eb703b877f212dc1b17b5aca9da0b46bcca4162,0b097968eece6467,ok,,g519,train
data/original/aquahealth/train_split/Viral diseases White tail disease/Viral diseases White tail disease_aug_169.jpg,train_split,Viral diseases White tail disease,White Tail Disease,6,.jpg,128,128,RGB,1ecef88040ab5faca9fd9b8b7c3a4d1da364bb5fc48c4e96bdec86767e1f7491,0f7bc3072b2b0f47,ok,,g767,test
data/original/aquahealth/train_split/Viral diseases White tail disease/Viral diseases White tail disease_aug_17.jpg,train_split,Viral diseases White tail disease,White Tail Disease,6,.jpg,128,128,RGB,565299a146e5bca509a6a66dcc022ca51afddd5a71f1aac90da885387657f4f6,0810000080e03010,ok,,g484,train
data/original/aquahealth/train_split/Viral diseases White tail disease/Viral diseases White tail disease_aug_171.jpg,train_split,Viral diseases White tail disease,White Tail Disease,6,.jpg,640,640,RGB,b49db38b4464a91bda21683e8a4788973340d845064611fbdb9bfa3d495bde36,0d1f0bc70306040f,ok,,g586,train
data/original/aquahealth/train_split/Viral diseases White tail disease/Viral diseases White tail disease_aug_172.jpg,train_split,Viral diseases White tail disease,White Tail Disease,6,.jpg,640,640,RGB,3084994dcc8049265dbd0d8041c76c7c53aff337700694e20faf4dc781deb989,f0f8dc9860474c8c,ok,,g2888,train
data/original/aquahealth/train_split/Viral diseases White tail disease/Viral diseases White tail disease_aug_173.jpg,train_split,Viral diseases White tail disease,White Tail Disease,6,.jpg,128,128,RGB,81a48fa92a45689a7117f53344652ff199920262cb0be8ad9c2ef2cecc24a9ff,30fcfcfbfbfb0303,ok,,g1284,train
data/original/aquahealth/train_split/Viral diseases White tail disease/Viral diseases White tail disease_aug_174.jpg,train_split,Viral diseases White tail disease,White Tail Disease,6,.jpg,128,128,RGB,6c0d8e648db45f23604e6e896a69979188efa0ee6d29035da4083cd8056040fc,030301f1b737ffbe,ok,x1413,g218,train
data/original/aquahealth/train_split/Viral diseases White tail disease/Viral diseases White tail disease_aug_175.jpg,train_split,Viral diseases White tail disease,White Tail Disease,6,.jpg,224,224,RGB,f5f4331a0dbbb0344434d2a3080cb45b0e763fbfadc0198806b4ffb5ac1d00df,8e071b1f1f074626,ok,,g2249,train
data/original/aquahealth/train_split/Viral diseases White tail disease/Viral diseases White tail disease_aug_176.jpg,train_split,Viral diseases White tail disease,White Tail Disease,6,.jpg,128,128,RGB,c54d041de4f2ab78e76bd6b05a885da381d54d6da0a643a56119bc129dbd4e03,77f5e1f1740c241f,ok,,g1993,test
data/original/aquahealth/train_split/Viral diseases White tail disease/Viral diseases White tail disease_aug_178.jpg,train_split,Viral diseases White tail disease,White Tail Disease,6,.jpg,640,640,RGB,e027169c6289dd7367731496d6cf4d056a801022ce230fc0eacab91e35874e29,070f8787139b3484,ok,x3001,g416,
data/original/aquahealth/train_split/Viral diseases White tail disease/Viral diseases White tail disease_aug_18.jpg,train_split,Viral diseases White tail disease,White Tail Disease,6,.jpg,224,224,RGB,3ef3c78a9c317e846bd626d6812c4df74c6d8f0471859ca314c5772817ab3b52,7f7efcf2e6f2e747,ok,,g2108,test
data/original/aquahealth/train_split/Viral diseases White tail disease/Viral diseases White tail disease_aug_180.jpg,train_split,Viral diseases White tail disease,White Tail Disease,6,.jpg,640,640,RGB,e670e5cd62b71a005fdec976e62de2b38523126452adbb637e909f9d61393104,c0452d2d61e4e420,ok,,g2467,train
data/original/aquahealth/train_split/Viral diseases White tail disease/Viral diseases White tail disease_aug_181.jpg,train_split,Viral diseases White tail disease,White Tail Disease,6,.jpg,640,640,RGB,22d6f933e505feb964a2783fdff96d60d25f9f6a8b0a6bc1be3a11f1f0955bd0,4753184e878f5f1f,ok,,g1627,train
data/original/aquahealth/train_split/Viral diseases White tail disease/Viral diseases White tail disease_aug_182.jpg,train_split,Viral diseases White tail disease,White Tail Disease,6,.jpg,128,128,RGB,ce2ba211f8728c45fce4ad7a4919b6822e0f748401a9f69b67a09e520195d9ae,1f49e4c7cf6f7333,ok,,g1077,train
data/original/aquahealth/train_split/Viral diseases White tail disease/Viral diseases White tail disease_aug_185.jpg,train_split,Viral diseases White tail disease,White Tail Disease,6,.jpg,128,128,RGB,fb3317d6b66248d3f976496b1fd1cfa0cc4eaaf22b312063881bf72a7453367a,003e2f270303038f,ok,,g93,train
data/original/aquahealth/train_split/Viral diseases White tail disease/Viral diseases White tail disease_aug_186.jpg,train_split,Viral diseases White tail disease,White Tail Disease,6,.jpg,224,224,RGB,134d6ee079a0c63b521184c919cf451f0dedcb006cb1b7613868ca6d00316080,f7f1d8dc9e9ebe3f,ok,x249,g2949,
data/original/aquahealth/train_split/Viral diseases White tail disease/Viral diseases White tail disease_aug_187.jpg,train_split,Viral diseases White tail disease,White Tail Disease,6,.jpg,640,640,RGB,6165c0269541387c8b6ec205ee5b025f6be4a61300b2637b8db3b438e06b0c69,0307070f3e3c3038,ok,,g241,train
data/original/aquahealth/train_split/Viral diseases White tail disease/Viral diseases White tail disease_aug_188.jpg,train_split,Viral diseases White tail disease,White Tail Disease,6,.jpg,224,224,RGB,45194215df6a65cd9a8a389569f1c0382715f0203e236f80fd10521bb677815a,033f5b0f1f3f1f3f,ok,,g277,train
data/original/aquahealth/train_split/Viral diseases White tail disease/Viral diseases White tail disease_aug_19.jpg,train_split,Viral diseases White tail disease,White Tail Disease,6,.jpg,640,640,RGB,d29b209a6504d9aaf3663fbecd5880a597f12149da01f1385f3c3775e86ebbc9,7e1d3dde393d3d0f,ok,,g2080,train
data/original/aquahealth/train_split/Viral diseases White tail disease/Viral diseases White tail disease_aug_190.jpg,train_split,Viral diseases White tail disease,White Tail Disease,6,.jpg,640,640,RGB,f12b2be7767306a619973c080629d7ee2f81bb698f5621736cd8ebd038a15374,110d040606040010,ok,,g814,train
data/original/aquahealth/train_split/Viral diseases White tail disease/Viral diseases White tail disease_aug_191.jpg,train_split,Viral diseases White tail disease,White Tail Disease,6,.jpg,224,224,RGB,134d6ee079a0c63b521184c919cf451f0dedcb006cb1b7613868ca6d00316080,f7f1d8dc9e9ebe3f,ok,x249,g2949,
data/original/aquahealth/train_split/Viral diseases White tail disease/Viral diseases White tail disease_aug_193.jpg,train_split,Viral diseases White tail disease,White Tail Disease,6,.jpg,128,128,RGB,62c92dd161f556ea8cccd5a6008dd0925c72daec2594ffa66be6cddb45bfcf8e,01010101424dcd4c,ok,,g148,train
data/original/aquahealth/train_split/Viral diseases White tail disease/Viral diseases White tail disease_aug_194.jpg,train_split,Viral diseases White tail disease,White Tail Disease,6,.jpg,640,640,RGB,5c5354a8b5c67b4dba1b25935445d6d320ae6d47efde027cf9c49640b75a77d2,2f0f470387cce1a3,ok,,g1230,train
data/original/aquahealth/train_split/Viral diseases White tail disease/Viral diseases White tail disease_aug_195.jpg,train_split,Viral diseases White tail disease,White Tail Disease,6,.jpg,224,224,RGB,e32b0ca0762d528dc27e57a0c08d6eff28d5f9dd72e3fae428f105030e962b7c,2135340f0f1b1606,ok,,g1140,test
data/original/aquahealth/train_split/Viral diseases White tail disease/Viral diseases White tail disease_aug_196.jpg,train_split,Viral diseases White tail disease,White Tail Disease,6,.jpg,224,224,RGB,5758d1fbb20d9943daa80f56cdb8acb398b06556c6a66f358bbf357f2e1d35b0,07e1e1c0c2938043,ok,,g475,train
data/original/aquahealth/train_split/Viral diseases White tail disease/Viral diseases White tail disease_aug_197.jpg,train_split,Viral diseases White tail disease,White Tail Disease,6,.jpg,224,224,RGB,32265bb517ec2f1f815b858ef67f57f7ed868686a3afc1f30a2e0e4c1b0f3d84,0d89c141c1c1f23f,ok,,g593,train
data/original/aquahealth/train_split/Viral diseases White tail disease/Viral diseases White tail disease_aug_198.jpg,train_split,Viral diseases White tail disease,White Tail Disease,6,.jpg,128,128,RGB,77101d37bf3f10facbf68169b02b38c5e8f04015ae81e95c9c3fc99601132312,0f7ffef8f978311f,ok,,g771,train
data/original/aquahealth/train_split/Viral diseases White tail disease/Viral diseases White tail disease_aug_199.jpg,train_split,Viral diseases White tail disease,White Tail Disease,6,.jpg,640,640,RGB,fb68ed02e9667d38ddc41740b2153dd332965ad560fee7c66b4e92792b79f229,7b783e9c0cc4e51d,ok,,g2044,val
data/original/aquahealth/train_split/Viral diseases White tail disease/Viral diseases White tail disease_aug_2.jpg,train_split,Viral diseases White tail disease,White Tail Disease,6,.jpg,640,640,RGB,2308f5991ac1ed7cc24c1df07df65c56a1e2614d1e5675d9364ab213c6a40381,0f0d03339c7e71ff,ok,,g656,train
data/original/aquahealth/train_split/Viral diseases White tail disease/Viral diseases White tail disease_aug_20.jpg,train_split,Viral diseases White tail disease,White Tail Disease,6,.jpg,640,640,RGB,cf3aa06b0d30548e675a9bc988cb30b5dd2b7d988b73b7d815e0613ee9340b4b,0b3bc10f232b0e84,ok,,g529,train
data/original/aquahealth/train_split/Viral diseases White tail disease/Viral diseases White tail disease_aug_200.jpg,train_split,Viral diseases White tail disease,White Tail Disease,6,.jpg,640,640,RGB,baee56c75f3bcca9c26accfac6680c8404a3f2df321224ddfbd01e7f3a837a5f,e7efdf9f9fdffff7,ok,,g2814,test
data/original/aquahealth/train_split/Viral diseases White tail disease/Viral diseases White tail disease_aug_201.jpg,train_split,Viral diseases White tail disease,White Tail Disease,6,.jpg,224,224,RGB,b228c70fe97cc2939db472fe4ed7e716f1c2ab8166a17b9c98ba59506a01139c,0b11c1c363694b1f,ok,,g526,test
data/original/aquahealth/train_split/Viral diseases White tail disease/Viral diseases White tail disease_aug_202.jpg,train_split,Viral diseases White tail disease,White Tail Disease,6,.jpg,640,640,RGB,45de8d460683db87319bb6a500879bb3bba58c37b73743223085d563d2a5d731,f0f8dc9860674c8c,ok,,g2889,train
data/original/aquahealth/train_split/Viral diseases White tail disease/Viral diseases White tail disease_aug_203.jpg,train_split,Viral diseases White tail disease,White Tail Disease,6,.jpg,224,224,RGB,46358f0f17ba24c55bef6034880e3a1fe183e86aa74f380ae2b60b3dabdd5947,5e0d89a163ca1e16,ok,,g1732,val
data/original/aquahealth/train_split/Viral diseases White tail disease/Viral diseases White tail disease_aug_204.jpg,train_split,Viral diseases White tail disease,White Tail Disease,6,.jpg,224,224,RGB,9e505d6b237ca6341e613d9602cc81a864aaedcab38f13f996c51e44ee4bd450,3481903c1c18407c,ok,,g1331,train
data/original/aquahealth/train_split/Viral diseases White tail disease/Viral diseases White tail disease_aug_205.jpg,train_split,Viral diseases White tail disease,White Tail Disease,6,.jpg,128,128,RGB,ff1c35bab8c1a996683616dc9fd32f010c75b4731a5fe8b64c42c14755ce593e,b4b0828287c787b7,ok,,g2427,val
data/original/aquahealth/train_split/Viral diseases White tail disease/Viral diseases White tail disease_aug_206.jpg,train_split,Viral diseases White tail disease,White Tail Disease,6,.jpg,640,640,RGB,20473ffb0ba6f020d6471fe4fa26a71289e228ef5c4be35b0d684a17334630ca,3a3307814141a707,ok,,g1416,train
data/original/aquahealth/train_split/Viral diseases White tail disease/Viral diseases White tail disease_aug_207.jpg,train_split,Viral diseases White tail disease,White Tail Disease,6,.jpg,128,128,RGB,05532ecbc9151d28e4db934e899a0d645142792a455fabb2408b9a58cfc58df7,0f706e1e3f2b0f0f,ok,,g761,train
data/original/aquahealth/train_split/Viral diseases White tail disease/Viral diseases White tail disease_aug_208.jpg,train_split,Viral diseases White tail disease,White Tail Disease,6,.jpg,224,224,RGB,02c7c80853b2a3f4c1a6036c01d201665defa3c695d6c49d52c906b3b8041e4a,7b53d30f0f27978f,ok,,g2040,train
data/original/aquahealth/train_split/Viral diseases White tail disease/Viral diseases White tail disease_aug_21.jpg,train_split,Viral diseases White tail disease,White Tail Disease,6,.jpg,224,224,RGB,9040476b182c6be173d9149772180c38df8bca21a3ef853efda82ebf882935b6,0ffd7c797c7c1003,ok,,g794,train
data/original/aquahealth/train_split/Viral diseases White tail disease/Viral diseases White tail disease_aug_210.jpg,train_split,Viral diseases White tail disease,White Tail Disease,6,.jpg,128,128,RGB,4daced6eb1abd3f9c559af531cad0396ca1f040c9d9656e236068f391ad851e9,7970307171351d0d,ok,,g2027,train
data/original/aquahealth/train_split/Viral diseases White tail disease/Viral diseases White tail disease_aug_211.jpg,train_split,Viral diseases White tail disease,White Tail Disease,6,.jpg,224,224,RGB,25287e5f0fa80d4ee80bcb2ce47a25d3f5649ddd596a979bfffe1283f57fa32e,1d9919a3e34d4f0f,ok,,g978,train
data/original/aquahealth/train_split/Viral diseases White tail disease/Viral diseases White tail disease_aug_212.jpg,train_split,Viral diseases White tail disease,White Tail Disease,6,.jpg,128,128,RGB,9df97f56c9964c0d63ec15c208f586a17b5de9e9c8c19cc9885fe90d599e4de0,c0c2997bfb6be1c0,ok,,g2486,train
data/original/aquahealth/train_split/Viral diseases White tail disease/Viral diseases White tail disease_aug_213.jpg,train_split,Viral diseases White tail disease,White Tail Disease,6,.jpg,128,128,RGB,a57ad78b0a8559d84bd23649eff88c9730122e723efc1bc9428cac8d1bff819e,dae0c0e058e86800,ok,,g2660,train
data/original/aquahealth/train_split/Viral diseases White tail disease/Viral diseases White tail disease_aug_214.jpg,train_split,Viral diseases White tail disease,White Tail Disease,6,.jpg,224,224,RGB,7769dd0db93f89137399d9c0d2919f62da832f083c87b6431a29c1da14443b66,0303070703030f0b,ok,,g225,train
data/original/aquahealth/train_split/Viral diseases White tail disease/Viral diseases White tail disease_aug_215.jpg,train_split,Viral diseases White tail disease,White Tail Disease,6,.jpg,128,128,RGB,3a658e98670218196c388ff03c31620a021a38b50b30e0ea4be5aeed4784ce57,0060f0d00014181c,ok,,g102,train
data/original/aquahealth/train_split/Viral diseases White tail disease/Viral diseases White tail disease_aug_217.jpg,train_split,Viral diseases White tail disease,White Tail Disease,6,.jpg,128,128,RGB,428de68c287ffb9b6f6911ff26796025886ed6aae20cb1e29c241f95d40f5d1d,3b391a9338364f1b,ok,,g1425,train
data/original/aquahealth/train_split/Viral diseases White tail disease/Viral diseases White tail disease_aug_219.jpg,train_split,Viral diseases White tail disease,White Tail Disease,6,.jpg,640,640,RGB,85fb12ed08c4381e1c9eb28cf7091781e2f4f5b582c22ce11bb40c5b88a61a07,000000c1c78f9cd8,ok,,g11,test
data/original/aquahealth/train_split/Viral diseases White tail disease/Viral diseases White tail disease_aug_22.jpg,train_split,Viral diseases White tail disease,White Tail Disease,6,.jpg,640,640,RGB,a312bf3e4753cfc793b7a201c97d3f55cd3e331ca84ff68813efdb328ac3db21,00061e1c3c241400,ok,,g54,test
data/original/aquahealth/train_split/Viral diseases White tail disease/Viral diseases White tail disease_aug_220.jpg,train_split,Viral diseases White tail disease,White Tail Disease,6,.jpg,640,640,RGB,bcdd16696863a0913c41a30107bfd35a4dd3fe503bb118477774fa1f46c2fbc8,00006820323e3c30,ok,,g29,train
data/original/aquahealth/train_split/Viral diseases White tail disease/Viral diseases White tail disease_aug_221.jpg,train_split,Viral diseases White tail disease,White Tail Disease,6,.jpg,128,128,RGB,af6092fd7767718880bdc3aafaa5f51ed23b2bd47f359ce332bf633a07e125e8,1f3f1f6666210101,ok,,g1069,train
data/original/aquahealth/train_split/Viral diseases White tail disease/Viral diseases White tail disease_aug_222.jpg,train_split,Viral diseases White tail disease,White Tail Disease,6,.jpg,640,640,RGB,902e3229f232651849ef9ac07327a9073b3c00922816348c64c2f86c5ce1f9e5,6f0843c2c78d472f,ok,,g1888,train
data/original/aquahealth/train_split/Viral diseases White tail disease/Viral diseases White tail disease_aug_223.jpg,train_split,Viral diseases White tail disease,White Tail Disease,6,.jpg,128,128,RGB,64fc92870315f5e3610b8e23381819c4ac2ab874de9d923c70b1c7127f67f3fa,fff9f0747fd7e7c7,ok,,g3049,train
data/original/aquahealth/train_split/Viral diseases White tail disease/Viral diseases White tail disease_aug_224.jpg,train_split,Viral diseases White tail disease,White Tail Disease,6,.jpg,128,128,RGB,12c9b4a0b17828bfb58224b7ced8dda706c75d47dfb28d98f26c5eefb8da4bdd,1d03070f0f0f0f0c,ok,x242,g962,
data/original/aquahealth/train_split/Viral diseases White tail disease/Viral diseases White tail disease_aug_225.jpg,train_split,Viral diseases White tail disease,White Tail Disease,6,.jpg,224,224,RGB,5dc3dd395dfa481249388fc4a7edf576a1f6fd86291dedbd91586584be2ae4b6,18644af938383041,ok,,g890,train
data/original/aquahealth/train_split/Viral diseases White tail disease/Viral diseases White tail disease_aug_227.jpg,train_split,Viral diseases White tail disease,White Tail Disease,6,.jpg,640,640,RGB,20f8efbdd17ee9c28ef5bf3be0ab149970d4cb3f49531acbf15ddd143da17794,38181c0808c48410,ok,,g1364,test
data/original/aquahealth/train_split/Viral diseases White tail disease/Viral diseases White tail disease_aug_228.jpg,train_split,Viral diseases White tail disease,White Tail Disease,6,.jpg,128,128,RGB,022ad95eee2f4e76887f8178558bfdc46dd84d61d37117ff99eb3efc9c1b967e,070f3d7d1e0f0f0f,ok,,g413,val
data/original/aquahealth/train_split/Viral diseases White tail disease/Viral diseases White tail disease_aug_23.jpg,train_split,Viral diseases White tail disease,White Tail Disease,6,.jpg,640,640,RGB,50bb3714af78e362d54a57a51cfb5008cf6df7054e8f3fcd07ebd762d495a8b0,91fdfb78f8b93d3c,ok,,g2279,val
data/original/aquahealth/train_split/Viral diseases White tail disease/Viral diseases White tail disease_aug_233.jpg,train_split,Viral diseases White tail disease,White Tail Disease,6,.jpg,640,640,RGB,7e0392f7ff8b0fa65592169a0a92e57f37c1bb9331454db8cba52880800abfc5,6f060f1f1f1f1d34,ok,,g1887,train
data/original/aquahealth/train_split/Viral diseases White tail disease/Viral diseases White tail disease_aug_235.jpg,train_split,Viral diseases White tail disease,White Tail Disease,6,.jpg,640,640,RGB,c7b2f8cb44b15df009755b8918f3e99086910d510725a613d969cd088d11177a,4383030b8b4f0e03,ok,,g1604,train
data/original/aquahealth/train_split/Viral diseases White tail disease/Viral diseases White tail disease_aug_236.jpg,train_split,Viral diseases White tail disease,White Tail Disease,6,.jpg,640,640,RGB,5f80c274b2f94fa47237dad4d2908e145330873e6018ed9638634cce2457d70e,0101830f1a02071f,ok,,g158,test
data/original/aquahealth/train_split/Viral diseases White tail disease/Viral diseases White tail disease_aug_237.jpg,train_split,Viral diseases White tail disease,White Tail Disease,6,.jpg,128,128,RGB,30093ec60772f293073a695438d95367932ab09770997133f922f5727748fa29,dae0c0e018e86800,ok,,g2659,val
data/original/aquahealth/train_split/Viral diseases White tail disease/Viral diseases White tail disease_aug_238.jpg,train_split,Viral diseases White tail disease,White Tail Disease,6,.jpg,640,640,RGB,0677883749bb8aef6f193b1b71fcf719d191983ccb05dc8100fe742afd614931,0c0c60e8accc6c6c,ok,,g540,val
data/original/aquahealth/train_split/Viral diseases White tail disease/Viral diseases White tail disease_aug_239.jpg,train_split,Viral diseases White tail disease,White Tail Disease,6,.jpg,640,640,RGB,b5773ffbc0ce57a65743cde8dc7fb82613272a2536226dd1b9447a4db16ecac6,9401c1612105070f,ok,,g2291,train
data/original/aquahealth/train_split/Viral diseases White tail disease/Viral diseases White tail disease_aug_24.jpg,train_split,Viral diseases White tail disease,White Tail Disease,6,.jpg,640,640,RGB,667f619e0c052d3bcc15e8fad277cbd2dd51ee7c86c14cb24cd69318ab5d5e21,0101830f1a230b1f,ok,,g159,train
data/original/aquahealth/train_split/Viral diseases White tail disease/Viral diseases White tail disease_aug_240.jpg,train_split,Viral diseases White tail disease,White Tail Disease,6,.jpg,640,640,RGB,8db3c1a219a5b09c981a30294bc5e2ba0fac4dc25ba52a456233cf09395c1403,01e3e7cfdfcf4767,ok,,g196,test
data/original/aquahealth/train_split/Viral diseases White tail disease/Viral diseases White tail disease_aug_242.jpg,train_split,Viral diseases White tail disease,White Tail Disease,6,.jpg,128,128,RGB,23eba21d1fb072a63c283ad280ddb20c880a50963fdb431854ec0c357255a6a4,0ffff7fcf9793037,ok,,g797,train
data/original/aquahealth/train_split/Viral diseases White tail disease/Viral diseases White tail disease_aug_244.jpg,train_split,Viral diseases White tail disease,White Tail Disease,6,.jpg,128,128,RGB,15ff6cff75ee1d8c5dbff226182ad25dda51e8b620860530e61f67e5e803cd66,0010104060603030,ok,,g64,train
data/original/aquahealth/train_split/Viral diseases White tail disease/Viral diseases White tail disease_aug_246.jpg,train_split,Viral diseases White tail disease,White Tail Disease,6,.jpg,640,640,RGB,07e5cb81946d28ec90528e42f7a1bbd46d3a63a7de6e605d1ca20a129e667349,0d1d380c0c59091f,ok,,g583,train
data/original/aquahealth/train_split/Viral diseases White tail disease/Viral diseases White tail disease_aug_247.jpg,train_split,Viral diseases White tail disease,White Tail Disease,6,.jpg,640,640,RGB,cfd9dc988015e1a4981fa7311f49de5823e9f6abd9cf8567ea76586e4f9f5421,0307070f3e3c3070,ok,,g242,train
data/original/aquahealth/train_split/Viral diseases White tail disease/Viral diseases White tail disease_aug_248.jpg,train_split,Viral diseases White tail disease,White Tail Disease,6,.jpg,640,640,RGB,4eabb7032eba174ae4ec554d52abbc70d468ea560a09dd696f0b7b8d34e299ef,1f1f07070f1f393b,ok,,g1044,train
data/original/aquahealth/train_split/Viral diseases White tail disease/Viral diseases White tail disease_aug_249.jpg,train_split,Viral diseases White tail disease,White Tail Disease,6,.jpg,640,640,RGB,fe3ee22c7536a4474f9b4a0615ef551e8d60d30119f95032e0b05be355d4d035,0001682022363c30,ok,x3405,g48,
data/original/aquahealth/train_split/Viral diseases White tail disease/Viral diseases White tail disease_aug_25.jpg,train_split,Viral diseases White tail disease,White Tail Disease,6,.jpg,128,128,RGB,6dcfc38ecc58de629812b01274992532658bc61c1fd02c00f75f0aa2ff843efd,70c0c02020201c18,ok,,g1927,train
data/original/aquahealth/train_split/Viral diseases White tail disease/Viral diseases White tail disease_aug_250.jpg,train_split,Viral diseases White tail disease,White Tail Disease,6,.jpg,640,640,RGB,4711e6ba9146c11d62866e42b2fcd6280a34453d77d2ddca31a71b55cd8ce732,3a3307814141a707,ok,,g1416,train
data/original/aquahealth/train_split/Viral diseases White tail disease/Viral diseases White tail disease_aug_251.jpg,train_split,Viral diseases White tail disease,White Tail Disease,6,.jpg,640,640,RGB,2992444067ad4fb84e5ba3b3e4b0a094c6cf9167f1fb6bd66101b9a4eca5b996,277170604181ed07,ok,,g1200,train
data/original/aquahealth/train_split/Viral diseases White tail disease/Viral diseases White tail disease_aug_253.jpg,train_split,Viral diseases White tail disease,White Tail Disease,6,.jpg,128,128,RGB,c8fc10865eca4571d4143ea24acda4071a517992c6ac54e0cade07e14a2cc340,3f1f17131b0f0600,ok,,g1507,train
data/original/aquahealth/train_split/Viral diseases White tail disease/Viral diseases White tail disease_aug_254.jpg,train_split,Viral diseases White tail disease,White Tail Disease,6,.jpg,128,128,RGB,0a0bc9ec92f26313efff92a33dfe018eda46b700ae2c5a9a7ee5b4cb53480278,7d7c4e1e3f370747,ok,,g2068,train
data/original/aquahealth/train_split/Viral diseases White tail disease/Viral diseases White tail disease_aug_255.jpg,train_split,Viral diseases White tail disease,White Tail Disease,6,.jpg,640,640,RGB,f94bf23b10b3d95adce7e5e4274df0b80538e34e32d213a01529ae0d7c88b9b8,1f3f1e5e3b39390f,ok,,g1067,train
data/original/aquahealth/train_split/Viral diseases White tail disease/Viral diseases White tail disease_aug_257.jpg,train_split,Viral diseases White tail disease,White Tail Disease,6,.jpg,640,640,RGB,bef043f5478649723670598df851c3552ab2542ba940cebcd31fe73106261aa3,8f8ee2cecc063291,ok,,g2266,train
data/original/aquahealth/train_split/Viral diseases White tail disease/Viral diseases White tail disease_aug_258.jpg,train_split,Viral diseases White tail disease,White Tail Disease,6,.jpg,224,224,RGB,2fa8a98184a33c091247f6018bc7fd670110a315a4e83a04b53bb902dea872df,f6ecfcf2f2f37361,ok,,g2944,train
data/original/aquahealth/train_split/Viral diseases White tail disease/Viral diseases White tail disease_aug_259.jpg,train_split,Viral diseases White tail disease,White Tail Disease,6,.jpg,224,224,RGB,0ec6c3cd789043b0bc74c3a4c00e8fd1db0b87f7f61e28a7bd56fa3c9a50e300,0f9f1bf1c28c8947,ok,,g782,test
data/original/aquahealth/train_split/Viral diseases White tail disease/Viral diseases White tail disease_aug_26.jpg,train_split,Viral diseases White tail disease,White Tail Disease,6,.jpg,224,224,RGB,b56c7a11b9f25be59f30c8092e5dd0be9f1567e131a81a2902b6b5731688d89b,0317470303030f3f,ok,,g256,train
data/original/aquahealth/train_split/Viral diseases White tail disease/Viral diseases White tail disease_aug_260.jpg,train_split,Viral diseases White tail disease,White Tail Disease,6,.jpg,640,640,RGB,3723a7759ab40c5902078d662f36dd171c8b856cb0fe75d7fd8854536163d075,fb22e0e0e0863667,ok,,g2989,test
data/original/aquahealth/train_split/Viral diseases White tail disease/Viral diseases White tail disease_aug_261.jpg,train_split,Viral diseases White tail disease,White Tail Disease,6,.jpg,128,128,RGB,340fcb4e5c106c7ceedaa0831372177c626c2fd154d58797266c695fa0cb7793,1e5c78808181cdcd,ok,,g1003,train
data/original/aquahealth/train_split/Viral diseases White tail disease/Viral diseases White tail disease_aug_263.jpg,train_split,Viral diseases White tail disease,White Tail Disease,6,.jpg,640,640,RGB,b2dba3c8df368bac3328c9a573843e0d4007b07eb756077caa820eda8a302d63,1f3f7ffffffd7d0f,ok,x2360,g1072,val
data/original/aquahealth/train_split/Viral diseases White tail disease/Viral diseases White tail disease_aug_264.jpg,train_split,Viral diseases White tail disease,White Tail Disease,6,.jpg,128,128,RGB,a8f461cdf2c80215dcc40e4111e241297670b9526370f247a7f4e5b1bca9fa0a,3f0f0b2737140404,ok,,g1499,train
data/original/aquahealth/train_split/Viral diseases White tail disease/Viral diseases White tail disease_aug_266.jpg,train_split,Viral diseases White tail disease,White Tail Disease,6,.jpg,640,640,RGB,2435e11fea15f71ff0e5d1f8134684f85753b4cf8f7cf76202e571eaf75804b5,81092d2d7064e47c,ok,,g2141,train
data/original/aquahealth/train_split/Viral diseases White tail disease/Viral diseases White tail disease_aug_267.jpg,train_split,Viral diseases White tail disease,White Tail Disease,6,.jpg,640,640,RGB,dd3f591e1043519674067dc3a996ec4657e217c1a7194dd6f1d9eb2b2fd5c267,31391c0808440008,ok,,g1288,train
data/original/aquahealth/train_split/Viral diseases White tail disease/Viral diseases White tail disease_aug_268.jpg,train_split,Viral diseases White tail disease,White Tail Disease,6,.jpg,128,128,RGB,5c561934436cf50077a45f5e803c53db6a746c40a54cc67c5951db1c5dfffa8b,dae0c0c0f8682800,ok,,g2658,train
data/original/aquahealth/train_split/Viral diseases White tail disease/Viral diseases White tail disease_aug_269.jpg,train_split,Viral diseases White tail disease,White Tail Disease,6,.jpg,128,128,RGB,419bb9558c7099311d9d0d39750b4409f06d41a2cd86b0344d2873224c7fc0db,1703079999110000,ok,,g854,train
data/original/aquahealth/train_split/Viral diseases White tail disease/Viral diseases White tail disease_aug_27.jpg,train_split,Viral diseases White tail disease,White Tail Disease,6,.jpg,128,128,RGB,d424f35b030d08676c5a7cfdff19619005f49242f38bd2001b2418c17b746e14,036070d001113819,ok,,g280,train
data/original/aquahealth/train_split/Viral diseases White tail disease/Viral diseases White tail disease_aug_270.jpg,train_split,Viral diseases White tail disease,White Tail Disease,6,.jpg,640,640,RGB,8e1cef59ff7ebfe621117d4d67975831dbff84c6b02c22c0d315b544bb54ddb4,6fee4e0e0f9fb78f,ok,,g1906,test
data/original/aquahealth/train_split/Viral diseases White tail disease/Viral diseases White tail disease_aug_271.jpg,train_split,Viral diseases White tail disease,White Tail Disease,6,.jpg,640,640,RGB,70d03037f3a908eef64e61bb1061e162f1637fd2a039d8272dafc0bcc81db0e5,5e786878060c0c19,ok,,g1733,train
data/original/aquahealth/train_split/Viral diseases White tail disease/Viral diseases White tail disease_aug_273.jpg,train_split,Viral diseases White tail disease,White Tail Disease,6,.jpg,128,128,RGB,8f47578f73938f0c66101fd37065f5cbcd6e09d0a560eb0ed7af9a8088c59289,fae0c0e078696901,ok,,g2986,train
data/original/aquahealth/train_split/Viral diseases White tail disease/Viral diseases White tail disease_aug_274.jpg,train_split,Viral diseases White tail disease,White Tail Disease,6,.jpg,128,128,RGB,c1dab0c98b4362ca8a772b849f28bdeb4c573b179ebf9d605b168ac88002dead,4a4f4d61d044060f,ok,,g1650,val
data/original/aquahealth/train_split/Viral diseases White tail disease/Viral diseases White tail disease_aug_275.jpg,train_split,Viral diseases White tail disease,White Tail Disease,6,.jpg,224,224,RGB,7ac351c7623b818a072f50d839c9e1ee5e0d9c703bdd7d1559c6265410d4262e,8e071b1f1f074626,ok,,g2249,train
data/original/aquahealth/train_split/Viral diseases White tail disease/Viral diseases White tail disease_aug_276.jpg,train_split,Viral diseases White tail disease,White Tail Disease,6,.jpg,128,128,RGB,5e7f99af26785de2f0b8022c6bbac48c6ed5583465a602933c70f6ec3179f191,0f010b3f3f3f1b1d,ok,,g626,train
data/original/aquahealth/train_split/Viral diseases White tail disease/Viral diseases White tail disease_aug_277.jpg,train_split,Viral diseases White tail disease,White Tail Disease,6,.jpg,128,128,RGB,2337fb75335645f6ea3740f62f1f217b6b3b64ba7dec40aa9968d3d255766a6c,0fb18987832b0f0f,ok,,g783,train
data/original/aquahealth/train_split/Viral diseases White tail disease/Viral diseases White tail disease_aug_278.jpg,train_split,Viral diseases White tail disease,White Tail Disease,6,.jpg,128,128,RGB,1eaa32ed770827014f49833aa07f69689a6932368c0f04b86f674605ee58b485,6f6d40e0f9d91903,ok,,g1902,train
data/original/aquahealth/train_split/Viral diseases White tail disease/Viral diseases White tail disease_aug_279.jpg,train_split,Viral diseases White tail disease,White Tail Disease,6,.jpg,224,224,RGB,8cba2bdf2c513142dad1999ac0f715c892b031147fae062b5ba3aec4abdcf210,6020241434307272,ok,,g1749,train
data/original/aquahealth/train_split/Viral diseases White tail disease/Viral diseases White tail disease_aug_28.jpg,train_split,Viral diseases White tail disease,White Tail Disease,6,.jpg,224,224,RGB,d7bbcba2e6ed9776e63694296b96e17637291818d7c221aaa6949f2a408b1d4b,20000003060c4d59,ok,,g1113,train
data/original/aquahealth/train_split/Viral diseases White tail disease/Viral diseases White tail disease_aug_280.jpg,train_split,Viral diseases White tail disease,White Tail Disease,6,.jpg,640,640,RGB,c1a38c11d3aa45bf5a13a885dc5b51ae77c9acde4e3ba162a2102e1f3541e051,e4c3832717802820,ok,,g2787,val
data/original/aquahealth/train_split/Viral diseases White tail disease/Viral diseases White tail disease_aug_281.jpg,train_split,Viral diseases White tail disease,White Tail Disease,6,.jpg,640,640,RGB,177f63a1319d9ddb8ad07b309a22fe504285288cd7ea1f524dbafff99dae365e,e0452d2d61e4e460,ok,,g2693,val
data/original/aquahealth/train_split/Viral diseases White tail disease/Viral diseases White tail disease_aug_284.jpg,train_split,Viral diseases White tail disease,White Tail Disease,6,.jpg,640,640,RGB,64d27a9cc7c0c922697e099c7c3e255edbae2ae62b2ce748350f99280f19ef27,07070f0f1e7c383c,ok,,g385,test
data/original/aquahealth/train_split/Viral diseases White tail disease/Viral diseases White tail disease_aug_285.jpg,train_split,Viral diseases White tail disease,White Tail Disease,6,.jpg,128,128,RGB,12c9b4a0b17828bfb58224b7ced8dda706c75d47dfb28d98f26c5eefb8da4bdd,1d03070f0f0f0f0c,ok,x242,g962,
data/original/aquahealth/train_split/Viral diseases White tail disease/Viral diseases White tail disease_aug_286.jpg,train_split,Viral diseases White tail disease,White Tail Disease,6,.jpg,640,640,RGB,b890cb6b2cbe98a42942c6cf226bffce921697c0e7329e82246f254feeff7995,2f0f4303a7cce1a1,ok,,g1229,train
data/original/aquahealth/train_split/Viral diseases White tail disease/Viral diseases White tail disease_aug_287.jpg,train_split,Viral diseases White tail disease,White Tail Disease,6,.jpg,640,640,RGB,081071d3b1337fb20b7bc2d554ecf65d4aefe9010285e44ce7004a2f087b0c20,bc9c9480a0e0d0c0,ok,,g2445,train
data/original/aquahealth/train_split/Viral diseases White tail disease/Viral diseases White tail disease_aug_288.jpg,train_split,Viral diseases White tail disease,White Tail Disease,6,.jpg,640,640,RGB,b72e39d114a5e3d257198892afffdacd79119715b86da5f696cdaa63fbeca5d7,7872e7e3f07e5f43,ok,,g2005,train
data/original/aquahealth/train_split/Viral diseases White tail disease/Viral diseases White tail disease_aug_289.jpg,train_split,Viral diseases White tail disease,White Tail Disease,6,.jpg,640,640,RGB,feb0a38176a18742f971e6810762da1c4435e4d7809336141cf0e8ffb368f4a7,0f0c61b88cdccc19,ok,,g655,train
data/original/aquahealth/train_split/Viral diseases White tail disease/Viral diseases White tail disease_aug_29.jpg,train_split,Viral diseases White tail disease,White Tail Disease,6,.jpg,128,128,RGB,b36cd7163f534ef490157a50b731cc640376d84eae2c8d6fc9856a130cfbd05a,07034840c1010303,ok,,g368,train
data/original/aquahealth/train_split/Viral diseases White tail disease/Viral diseases White tail disease_aug_290.jpg,train_split,Viral diseases White tail disease,White Tail Disease,6,.jpg,640,640,RGB,6bb6b47c1f95c1497fb45e480c2664aaa5bdac5045c537f56816611912f4b520,f0f8dc9860474c8c,ok,,g2888,train
data/original/aquahealth/train_split/Viral diseases White tail disease/Viral diseases White tail disease_aug_291.jpg,train_split,Viral diseases White tail disease,White Tail Disease,6,.jpg,128,128,RGB,df50e7263a2e6a1ca6eeced2cd4a98a305055081daa7fc11967d963f0f5dcc87,2b381c0c3c1e4d79,ok,,g1212,test
data/original/aquahealth/train_split/Viral diseases White tail disease/Viral diseases White tail disease_aug_292.jpg,train_split,Viral diseases White tail disease,White Tail Disease,6,.jpg,640,640,RGB,ec174b5db926bd0b078f49ab800d0caec6cebbd820093655d8b3661c38dc068b,3f7f7ffffcfc3805,ok,,g1549,train
data/original/aquahealth/train_split/Viral diseases White tail disease/Viral diseases White tail disease_aug_293.jpg,train_split,Viral diseases White tail disease,White Tail Disease,6,.jpg,640,640,RGB,9212e25deed280f67eebb3b38314c56b5965e024e2e4250d43bb9866440d252e,850d0f8787078343,ok,,g2180,train
data/original/aquahealth/train_split/Viral diseases White tail disease/Viral diseases White tail disease_aug_295.jpg,train_split,Viral diseases White tail disease,White Tail Disease,6,.jpg,640,640,RGB,e57235c77d8eb8b1c3984193d8296f8d71e740996a229d5ef461d0b871e0e93a,a3a7e78f97dff9e0,ok,x3054,g2379,train
data/original/aquahealth/train_split/Viral diseases White tail disease/Viral diseases White tail disease_aug_296.jpg,train_split,Viral diseases White tail disease,White Tail Disease,6,.jpg,128,128,RGB,7f98982ae0bc1e1b6b50308c2facbfa59c7411fbaa8315a118b2addab27165ab,15e30734b020002f,ok,,g849,train
data/original/aquahealth/train_split/Viral diseases White tail disease/Viral diseases White tail disease_aug_297.jpg,train_split,Viral diseases White tail disease,White Tail Disease,6,.jpg,640,640,RGB,7ed4a0a57065c546ea345af98981871092100b4df5048e0a44d061d0552f824d,e6fc7e1f0fe3e337,ok,,g2806,train
data/original/aquahealth/train_split/Viral diseases White tail disease/Viral diseases White tail disease_aug_298.jpg,train_split,Viral diseases White tail disease,White Tail Disease,6,.jpg,640,640,RGB,3c16a31f58b8d2aa3111f653d4499d5326ef7e1d823b84987a506987855ebf5d,fb23e0e0e0863667,ok,,g2990,val
data/original/aquahealth/train_split/Viral diseases White tail disease/Viral diseases White tail disease_aug_3.jpg,train_split,Viral diseases White tail disease,White Tail Disease,6,.jpg,224,224,RGB,c155015c012dae0ec311a93e45b332d75238f3d072094c60855c6c4207439c01,f2028696fc78fae6,ok,,g2913,train
data/original/aquahealth/train_split/Viral diseases White tail disease/Viral diseases White tail disease_aug_30.jpg,train_split,Viral diseases White tail disease,White Tail Disease,6,.jpg,128,128,RGB,dc59ba231313d66a5dd4b9c31ff19cbf4dea0bad078b439b3b76d42d4dcd978a,781c3c3cb8b1e161,ok,,g1996,train
data/original/aquahealth/train_split/Viral diseases White tail disease/Viral diseases White tail disease_aug_300.jpg,train_split,Viral diseases White tail disease,White Tail Disease,6,.jpg,640,640,RGB,b2ac699005689b5b86d6fe61f003b4aa808a1c4959f29c35ac73da7c8217534d,c3c1e061e1e2c303,ok,,g2536,test
data/original/aquahealth/train_split/Viral diseases White tail disease/Viral diseases White tail disease_aug_301.jpg,train_split,Viral diseases White tail disease,White Tail Disease,6,.jpg,224,224,RGB,69d64a5f51e1fd201c17d9f86ae03ff903fc4063ce370246f71e68f3b58be4b5,13cb6330f0e0b0e1,ok,x1386,g839,test
data/original/aquahealth/train_split/Viral diseases White tail disease/Viral diseases White tail disease_aug_302.jpg,train_split,Viral diseases White tail disease,White Tail Disease,6,.jpg,128,128,RGB,88945d0a4707d947b441ad63d354600d018c28794c2f4d6e5f2065859c126c09,41418d8703131e1c,ok,,g1577,train
data/original/aquahealth/train_split/Viral diseases White tail disease/Viral diseases White tail disease_aug_303.jpg,train_split,Viral diseases White tail disease,White Tail Disease,6,.jpg,640,640,RGB,8dbc673ba0f57cba52c15b6151b5e5055730183b041044c1c462d7f31706ede2,4131197066676331,ok,,g1575,train
data/original/aquahealth/train_split/Viral diseases White tail disease/Viral diseases White tail disease_aug_306.jpg,train_split,Viral diseases White tail disease,White Tail Disease,6,.jpg,128,128,RGB,6389e265cc3b23e659088fc0aac5fa7b43b3320e965598efdc019766706209d0,f37733929a132cde,ok,,g2920,train
data/original/aquahealth/train_split/Viral diseases White tail disease/Viral diseases White tail disease_aug_307.jpg,train_split,Viral diseases White tail disease,White Tail Disease,6,.jpg,640,640,RGB,81bc839c6b4c35bfa3a8c4a5f26ec94bdcbd5bf7a68f63e542a3335d46006cb7,397b70797d7f1101,ok,,g1409,train
data/original/aquahealth/train_split/Viral diseases White tail disease/Viral diseases White tail disease_aug_309.jpg,train_split,Viral diseases White tail disease,White Tail Disease,6,.jpg,224,224,RGB,dfcfebac050f8ad9719bdfb242f28aec1ea1bbb66fc3fc616d0b7b845cd6f092,67492c2743470f0f,ok,,g1850,val
data/original/aquahealth/train_split/Viral diseases White tail disease/Viral diseases White tail disease_aug_31.jpg,train_split,Viral diseases White tail disease,White Tail Disease,6,.jpg,640,640,RGB,008c2c28d444f2e10dfd7f1de8132e72a25864d9fab9ccd22e8e5816f2c4667d,00090f03c141c301,ok,,g58,train
data/original/aquahealth/train_split/Viral diseases White tail disease/Viral diseases White tail disease_aug_310.jpg,train_split,Viral diseases White tail disease,White Tail Disease,6,.jpg,128,128,RGB,3963b42968717945c9f880c80351390815a35bb561f6cad72b8ef63a1c55d8c9,6f773f1f3e383377,ok,,g1904,train
data/original/aquahealth/train_split/Viral diseases White tail disease/Viral diseases White tail disease_aug_311.jpg,train_split,Viral diseases White tail disease,White Tail Disease,6,.jpg,640,640,RGB,1472c2c13e2d81d722b7a8929b090b5c5644a029638f48d44686ca4e2282db98,0001686022363c30,ok,,g49,train
data/original/aquahealth/train_split/Viral diseases White tail disease/Viral diseases White tail disease_aug_313.jpg,train_split,Viral diseases White tail disease,White Tail Disease,6,.jpg,128,128,RGB,c0b29cb22b86eb7acf21a004466fe9a949bd9a2068846f0d2cbe5c0b393480a4,030319306044492f,ok,,g231,train
data/original/aquahealth/train_split/Viral diseases White tail disease/Viral diseases White tail disease_aug_314.jpg,train_split,Viral diseases White tail disease,White Tail Disease,6,.jpg,128,128,RGB,ef567dd34dc25b57d8a7995ca1ceb072b3815c92b64bd677a5271ecb74938cf7,000042e204cc44c4,ok,,g24,train
data/original/aquahealth/train_split/Viral diseases White tail disease/Viral diseases White tail disease_aug_315.jpg,train_split,Viral diseases White tail disease,White Tail Disease,6,.jpg,640,640,RGB,326943b68f83fa911cee7efcd0551a680ba75e9acefce9474c86a18a18903c7b,fb4f0f1e1c1c3c3e,ok,,g2991,val
data/original/aquahealth/train_split/Viral diseases White tail disease/Viral diseases White tail disease_aug_316.jpg,train_split,Viral diseases White tail disease,White Tail Disease,6,.jpg,128,128,RGB,a82dfbd27f5cb068fbcaf40c1b61ee0afe8e862a9bc44ca6844d63aa0548d7a6,781c3c3cb8b8e060,ok,,g1997,train
data/original/aquahealth/train_split/Viral diseases White tail disease/Viral diseases White tail disease_aug_317.jpg,train_split,Viral diseases White tail disease,White Tail Disease,6,.jpg,640,640,RGB,50d2c697d72d6a52fcc614648e161dcfd1d39ccb18d8b4877e979cac98e3ad1b,19c1bff78f8c3127,ok,,g914,train
data/original/aquahealth/train_split/Viral diseases White tail disease/Viral diseases White tail disease_aug_318.jpg,train_split,Viral diseases White tail disease,White Tail Disease,6,.jpg,224,224,RGB,ce12331fd5930a5e7fc644b83f2ca8663d1c20956e84a8109e0f86052400990c,37253c39f3f1f8f6,ok,,g1348,train
data/original/aquahealth/train_split/Viral diseases White tail disease/Viral diseases White tail disease_aug_319.jpg,train_split,Viral diseases White tail disease,White Tail Disease,6,.jpg,640,640,RGB,42818566c661b9483d52f9c939dc9a07b3cd6ff930721a58b90a905e24716e14,223170604080e4e7,ok,,g1154,train
data/original/aquahealth/train_split/Viral diseases White tail disease/Viral diseases White tail disease_aug_321.jpg,train_split,Viral diseases White tail disease,White Tail Disease,6,.jpg,128,128,RGB,4086817802bff660015c2b81153d1ee89573cb596aaef4870842ded95fbf60a9,3ff7f7fcf9793130,ok,,g1554,test
data/original/aquahealth/train_split/Viral diseases White tail disease/Viral diseases White tail disease_aug_322.jpg,train_split,Viral diseases White tail disease,White Tail Disease,6,.jpg,640,640,RGB,eb453787a2b7377d03ff772032356741c174306a81d4ee9f5c1e73cbcfd90e6f,2c28323018151501,ok,,g1213,train
data/original/aquahealth/train_split/Viral diseases White tail disease/Viral diseases White tail disease_aug_324.jpg,train_split,Viral diseases White tail disease,White Tail Disease,6,.jpg,640,640,RGB,0b78ad68748e5b0d4b90401d778190740c630ec55530d4699e05b7724c28ad56,1f4fd7cf6f67733f,ok,,g1080,val
data/original/aquahealth/train_split/Viral diseases White tail disease/Viral diseases White tail disease_aug_325.jpg,train_split,Viral diseases White tail disease,White Tail Disease,6,.jpg,224,224,RGB,8f8612d7a2ca6a2726c34f110f00b1479fe400e4cf16b4e69724f9f566ae75a3,e1fbd3d7d3f3b1b1,ok,,g2759,val
data/original/aquahealth/train_split/Viral diseases White tail disease/Viral diseases White tail disease_aug_326.jpg,train_split,Viral diseases White tail disease,White Tail Disease,6,.jpg,640,640,RGB,edf8e2a38c86752397b5010f6a402f6f8d51170546caf43c951754f1ded66f8e,030309214008000f,ok,,g226,train
data/original/aquahealth/train_split/Viral diseases White tail disease/Viral diseases White tail disease_aug_328.jpg,train_split,Viral diseases White tail disease,White Tail Disease,6,.jpg,640,640,RGB,0d29f671602df19ea9dad938bc20472a7cd8a5cd7687f30ffca555d0cbe0a795,f0f8dc9860674c8c,ok,,g2889,train
data/original/aquahealth/train_split/Viral diseases White tail disease/Viral diseases White tail disease_aug_329.jpg,train_split,Viral diseases White tail disease,White Tail Disease,6,.jpg,128,128,RGB,a4cd5277a13a3bdc2c3c1de91ed6e1c3f15a68ef5b708d67a8e501b225b526f2,1f030020e1e1c1c1,ok,,g1015,train
data/original/aquahealth/train_split/Viral diseases White tail disease/Viral diseases White tail disease_aug_330.jpg,train_split,Viral diseases White tail disease,White Tail Disease,6,.jpg,128,128,RGB,dc9605014f18de1e90006797b49130334818352655791114cece44e28d7b6e95,4f030f0e1d9f1f0f,ok,,g1669,train
data/original/aquahealth/train_split/Viral diseases White tail disease/Viral diseases White tail disease_aug_332.jpg,train_split,Viral diseases White tail disease,White Tail Disease,6,.jpg,128,128,RGB,2e8b179d7c8f246fed7cb550eea6d111b11f43f2756bf7b24875c42a4d1f9e78,7f79f0747fd7e747,ok,,g2104,val
data/original/aquahealth/train_split/Viral diseases White tail disease/Viral diseases White tail disease_aug_333.jpg,train_split,Viral diseases White tail disease,White Tail Disease,6,.jpg,640,640,RGB,a4502f455ad3ea33ded92f693e44971ae8e4044a3ae7c704c4f6bdce2a57f3d1,2f0f470387cce1b1,ok,,g1231,train
data/original/aquahealth/train_split/Viral diseases White tail disease/Viral diseases White tail disease_aug_335.jpg,train_split,Viral diseases White tail disease,White Tail Disease,6,.jpg,640,640,RGB,db3edb3db1f4b3fbf9a49b8cee5242d3fb3756cedc98ffc429858a0b78a12535,c3c16060e1e68303,ok,,g2535,train
data/original/aquahealth/train_split/Viral diseases White tail disease/Viral diseases White tail disease_aug_336.jpg,train_split,Viral diseases White tail disease,White Tail Disease,6,.jpg,640,640,RGB,722301e1963443aad2acf4bd70970de52c9060815b12a168d37496e267e8111d,01016b7bb993c373,ok,,g157,train
data/original/aquahealth/train_split/Viral diseases White tail disease/Viral diseases White tail disease_aug_34.jpg,train_split,Viral diseases White tail disease,White Tail Disease,6,.jpg,224,224,RGB,b6bc109877e1ec3e62a77ee3265f5bb6bea2ed57f675d434d1c395a1d8e551b7,1ff7f77f3f4f4e37,ok,,g1105,train
data/original/aquahealth/train_split/Viral diseases White tail disease/Viral diseases White tail disease_aug_341.jpg,train_split,Viral diseases White tail disease,White Tail Disease,6,.jpg,640,640,RGB,5f22117fe489778db875df507f88cd7fec9365c4f33a31378fb55fd8d116a8c2,3f1d5f3f1c0ccd8d,ok,,g1506,train
data/original/aquahealth/train_split/Viral diseases White tail disease/Viral diseases White tail disease_aug_344.jpg,train_split,Viral diseases White tail disease,White Tail Disease,6,.jpg,640,640,RGB,67a54c6f1915306b316db19a7c7876bcf3fe858ea43361edefc3e8f06591423e,00363e3c1c241400,ok,x1356,g88,test
data/original/aquahealth/train_split/Viral diseases White tail disease/Viral diseases White tail disease_aug_345.jpg,train_split,Viral diseases White tail disease,White Tail Disease,6,.jpg,128,128,RGB,ffcb363cecf2dbc127f5deb2d86b73db0f7d93825bb4a3b22f049dcfb5f6f3e3,91f9e8c0e0801001,ok,,g2278,train
data/original/aquahealth/train_split/Viral diseases White tail disease/Viral diseases White tail disease_aug_346.jpg,train_split,Viral diseases White tail disease,White Tail Disease,6,.jpg,640,640,RGB,67a54c6f1915306b316db19a7c7876bcf3fe858ea43361edefc3e8f06591423e,00363e3c1c241400,ok,x1356,g88,
data/original/aquahealth/train_split/Viral diseases White tail disease/Viral diseases White tail disease_aug_347.jpg,train_split,Viral diseases White tail disease,White Tail Disease,6,.jpg,128,128,RGB,d218061fda63b0d699e998c3221bdfd2b00009a53589a56a23c49a699ae54aa7,0c0f07011e1f3f17,ok,,g543,train
data/original/aquahealth/train_split/Viral diseases White tail disease/Viral diseases White tail disease_aug_348.jpg,train_split,Viral diseases White tail disease,White Tail Disease,6,.jpg,224,224,RGB,4a4aa455956bed057e252a9e3b06894a699d8928e8d191fff2e86b4c2ff43cdb,0f406061c1c1711f,ok,,g741,val
data/original/aquahealth/train_split/Viral diseases White tail disease/Viral diseases White tail disease_aug_349.jpg,train_split,Viral diseases White tail disease,White Tail Disease,6,.jpg,640,640,RGB,19a273a1f3f00aeb5508db0fdf95c45a1756cecb68c11a9e6edfaf5c9333b464,0286d6fefaf8f4c0,ok,,g213,val
data/original/aquahealth/train_split/Viral diseases White tail disease/Viral diseases White tail disease_aug_35.jpg,train_split,Viral diseases White tail disease,White Tail Disease,6,.jpg,640,640,RGB,3fc560ad466409b67be736cac47cab3139d9ffbf718fcf3de9051a9e435cd6a3,b23303014143a786,ok,,g2420,val
data/original/aquahealth/train_split/Viral diseases White tail disease/Viral diseases White tail disease_aug_350.jpg,train_split,Viral diseases White tail disease,White Tail Disease,6,.jpg,640,640,RGB,5eb6e8309a6a085a3f5cb60f966fe735ef0b3b08d0c37b2b25cb08623b2c43ff,070f3c7d1e1f0f4f,ok,,g412,val
data/original/aquahealth/train_split/Viral diseases White tail disease/Viral diseases White tail disease_aug_351.jpg,train_split,Viral diseases White tail disease,White Tail Disease,6,.jpg,224,224,RGB,a0ad468d43673e7bbe25f35f3125160749a899d1dadc416cae52cf58abffe4fe,6f4d2d60e3e3771f,ok,,g1895,train
data/original/aquahealth/train_split/Viral diseases White tail disease/Viral diseases White tail disease_aug_353.jpg,train_split,Viral diseases White tail disease,White Tail Disease,6,.jpg,640,640,RGB,b2dba3c8df368bac3328c9a573843e0d4007b07eb756077caa820eda8a302d63,1f3f7ffffffd7d0f,ok,x2360,g1072,
data/original/aquahealth/train_split/Viral diseases White tail disease/Viral diseases White tail disease_aug_354.jpg,train_split,Viral diseases White tail disease,White Tail Disease,6,.jpg,640,640,RGB,c8b5c2d236704238539a771baed737c64d15f45113ac31c94d80cd40021b3cf6,3f7f7ffffcfc3805,ok,,g1549,train
data/original/aquahealth/train_split/Viral diseases White tail disease/Viral diseases White tail disease_aug_357.jpg,train_split,Viral diseases White tail disease,White Tail Disease,6,.jpg,128,128,RGB,a080d45455254b4aaacb884aa0866aefaa833017546d6c1d5cb7011e315ee46b,70785c4c1e1e5c78,ok,,g1924,test
data/original/aquahealth/train_split/Viral diseases White tail disease/Viral diseases White tail disease_aug_359.jpg,train_split,Viral diseases White tail disease,White Tail Disease,6,.jpg,640,640,RGB,a676fe6143223532b5cf02d3e8bb58d7bc9dc56cf4b02ceef4044709eb549325,3a33074143450707,ok,,g1415,train
data/original/aquahealth/train_split/Viral diseases White tail disease/Viral diseases White tail disease_aug_36.jpg,train_split,Viral diseases White tail disease,White Tail Disease,6,.jpg,224,224,RGB,69d64a5f51e1fd201c17d9f86ae03ff903fc4063ce370246f71e68f3b58be4b5,13cb6330f0e0b0e1,ok,x1386,g839,
data/original/aquahealth/train_split/Viral diseases White tail disease/Viral diseases White tail disease_aug_361.jpg,train_split,Viral diseases White tail disease,White Tail Disease,6,.jpg,640,640,RGB,9c5d829f1888f03bf646e064b9ba5f078aa63bc3c8a60e04e91016d8cc683f59,1f006871b383c373,ok,,g1008,train
data/original/aquahealth/train_split/Viral diseases White tail disease/Viral diseases White tail disease_aug_362.jpg,train_split,Viral diseases White tail disease,White Tail Disease,6,.jpg,640,640,RGB,1863a801b118e5d3a18aa071e32239f5b7c38856b526ea0b6aaa5ec06de181db,e0452d2d61e4e460,ok,,g2693,val
data/original/aquahealth/train_split/Viral diseases White tail disease/Viral diseases White tail disease_aug_364.jpg,train_split,Viral diseases White tail disease,White Tail Disease,6,.jpg,640,640,RGB,7e194798a30ecda56c0d09af7be4e55777b56a4d93b36296e8bfa68eb8feab2c,3e6743efefcfe77f,ok,,g1490,train
data/original/aquahealth/train_split/Viral diseases White tail disease/Viral diseases White tail disease_aug_365.jpg,train_split,Viral diseases White tail disease,White Tail Disease,6,.jpg,224,224,RGB,324952957ed5a7540c2ef7a3a458d1913727794ef83fed240a2490137a2aa3d9,7fd1d8dc9e9e3d1d,ok,,g2118,test
data/original/aquahealth/train_split/Viral diseases White tail disease/Viral diseases White tail disease_aug_367.jpg,train_split,Viral diseases White tail disease,White Tail Disease,6,.jpg,128,128,RGB,cd4c39a1a4e8fcb40089fd2f25854324a8729befe3e5327d912c0275103e59b0,1438f0c1800ccfc6,ok,,g844,train
data/original/aquahealth/train_split/Viral diseases White tail disease/Viral diseases White tail disease_aug_368.jpg,train_split,Viral diseases White tail disease,White Tail Disease,6,.jpg,128,128,RGB,668162e303a8372c868bca258e9dc5b9d122f6668d2ecd0943f9db2257de032a,032319706040496f,ok,,g265,val
data/original/aquahealth/train_split/Viral diseases White tail disease/Viral diseases White tail disease_aug_369.jpg,train_split,Viral diseases White tail disease,White Tail Disease,6,.jpg,640,640,RGB,055d467e90ab4969224613a4285c221d2a99d4211729fb6929f8d5ebd9b48eb2,09088d0f0f06120e,ok,,g495,train
data/original/aquahealth/train_split/Viral diseases White tail disease/Viral diseases White tail disease_aug_38.jpg,train_split,Viral diseases White tail disease,White Tail Disease,6,.jpg,128,128,RGB,f1ded02391d9730b3619aed182b00a75a3addc8b29b985c488668fa02384d4d5,1f1bf2e8b93f2707,ok,,g1043,train
data/original/aquahealth/train_split/Viral diseases White tail disease/Viral diseases White tail disease_aug_39.jpg,train_split,Viral diseases White tail disease,White Tail Disease,6,.jpg,224,224,RGB,723bb4ffeb51abd462d7deb358ff63507d3e44f7effec3964408d8cbf051c0f6,3210000911100011,ok,,g1300,train
data/original/aquahealth/train_split/Viral diseases White tail disease/Viral diseases White tail disease_aug_4.jpg,train_split,Viral diseases White tail disease,White Tail Disease,6,.jpg,640,640,RGB,0250609d225e0d4a0b5cc29255d6e2cd5a3fdf6cb2f63934fdb32a3b94163e8b,f80083c3c7cd473e,ok,,g2950,test
data/original/aquahealth/train_split/Viral diseases White tail disease/Viral diseases White tail disease_aug_40.jpg,train_split,Viral diseases White tail disease,White Tail Disease,6,.jpg,224,224,RGB,8d12beebd492956c2f1c751a47baecb1b6c179a3ca1d6b2938e23cfaad20b373,86071b1f1f074666,ok,,g2189,train
data/original/aquahealth/train_split/Viral diseases White tail disease/Viral diseases White tail disease_aug_41.jpg,train_split,Viral diseases White tail disease,White Tail Disease,6,.jpg,224,224,RGB,a6f84d8ad9a187c2eda5602b87d593f9425dec8a51aee237313efb12de111d89,69e9d4f6f3717133,ok,,g1868,train
data/original/aquahealth/train_split/Viral diseases White tail disease/Viral diseases White tail disease_aug_42.jpg,train_split,Viral diseases White tail disease,White Tail Disease,6,.jpg,128,128,RGB,619f9e01d68442f588bcacbe0ec9e4d39bfd000f4da3b0d21f1b2f9dfe793913,fcfc3c2d6b69f1e1,ok,,g3016,train
data/original/aquahealth/train_split/Viral diseases White tail disease/Viral diseases White tail disease_aug_43.jpg,train_split,Viral diseases White tail disease,White Tail Disease,6,.jpg,128,128,RGB,828323386c96c286077d7d8e49689e5dcb2e8a794e82e023d01ede1608e40ade,0f7b430f2b2b0f47,ok,,g765,val
data/original/aquahealth/train_split/Viral diseases White tail disease/Viral diseases White tail disease_aug_44.jpg,train_split,Viral diseases White tail disease,White Tail Disease,6,.jpg,640,640,RGB,43a1525b2afdb68bca8042929d0f8af721c8baa713d9c7730799231c7ca32276,71d0c0c29e9dbf0f,ok,,g1945,train
data/original/aquahealth/train_split/Viral diseases White tail disease/Viral diseases White tail disease_aug_47.jpg,train_split,Viral diseases White tail disease,White Tail Disease,6,.jpg,640,640,RGB,ad938db5bcc5043c7d8ad1aff9c36478be7ed0c995851f9b98658175ab75b61f,0b0b1f1f0f060787,ok,,g520,train
data/original/aquahealth/train_split/Viral diseases White tail disease/Viral diseases White tail disease_aug_49.jpg,train_split,Viral diseases White tail disease,White Tail Disease,6,.jpg,128,128,RGB,4d46d6342e1e2f37ee99f6372ff79f66f46e571650cfc3fc0e403c1da507d81b,3b1d270b93979f0f,ok,,g1422,train
data/original/aquahealth/train_split/Viral diseases White tail disease/Viral diseases White tail disease_aug_5.jpg,train_split,Viral diseases White tail disease,White Tail Disease,6,.jpg,128,128,RGB,b717a6269912aa3c9a23c5d104ba424fc8e7bedc47f51ed4e3f7aa17a214c620,1f4be4c7cf6f7333,ok,,g1078,train
data/original/aquahealth/train_split/Viral diseases White tail disease/Viral diseases White tail disease_aug_50.jpg,train_split,Viral diseases White tail disease,White Tail Disease,6,.jpg,224,224,RGB,bc2e63fbadc697376476d514a5886515e749ef05038e6141c1988d4e217667e0,63e1f0c0848696d0,ok,,g1820,train
data/original/aquahealth/train_split/Viral diseases White tail disease/Viral diseases White tail disease_aug_52.jpg,train_split,Viral diseases White tail disease,White Tail Disease,6,.jpg,224,224,RGB,f77c9ae561a1d709e148b30cd39ce717e67dcf70ee2fb53709f52efb61ae00dd,07270f3ef777073f,ok,,g433,val
data/original/aquahealth/train_split/Viral diseases White tail disease/Viral diseases White tail disease_aug_53.jpg,train_split,Viral diseases White tail disease,White Tail Disease,6,.jpg,128,128,RGB,4078db02246abefad61ee73dd910cc6eea92e4beeeb23f282e6b91522711de49,038383c92d3c3c7e,ok,,g294,train
data/original/aquahealth/train_split/Viral diseases White tail disease/Viral diseases White tail disease_aug_54.jpg,train_split,Viral diseases White tail disease,White Tail Disease,6,.jpg,640,640,RGB,d21f8db69b7ebb7fcb3dc44f55be491d74daaaa65bcd7cb47befccdbd9176ae3,2707070303076760,ok,,g1187,val
data/original/aquahealth/train_split/Viral diseases White tail disease/Viral diseases White tail disease_aug_55.jpg,train_split,Viral diseases White tail disease,White Tail Disease,6,.jpg,224,224,RGB,db00abccca7130abc46e33df4a2e882d5a42e1057002b6de1c0774ee6ac799a4,147062c486848703,ok,,g845,train
data/original/aquahealth/train_split/Viral diseases White tail disease/Viral diseases White tail disease_aug_56.jpg,train_split,Viral diseases White tail disease,White Tail Disease,6,.jpg,224,224,RGB,fa606b805a5a50a38a4ff71d3c04f05b095d8c578757cf8390a6483a96c704a3,e7c9ad60e3e3f37d,ok,,g2811,test
data/original/aquahealth/train_split/Viral diseases White tail disease/Viral diseases White tail disease_aug_57.jpg,train_split,Viral diseases White tail disease,White Tail Disease,6,.jpg,224,224,RGB,d912ac0382e2640396de9a944b23a2effb1ff7d39d58f948d53ae2ad10b7cb94,dcf8f8e0cce8c0c0,ok,,g2675,val
data/original/aquahealth/train_split/Viral diseases White tail disease/Viral diseases White tail disease_aug_58.jpg,train_split,Viral diseases White tail disease,White Tail Disease,6,.jpg,640,640,RGB,540b061a25db464cdcdc14ce34a8627c7231129ca99958b545fc0eae6a9dd4ea,3b7171797dff0010,ok,,g1430,train
data/original/aquahealth/train_split/Viral diseases White tail disease/Viral diseases White tail disease_aug_59.jpg,train_split,Viral diseases White tail disease,White Tail Disease,6,.jpg,640,640,RGB,37d33925b4a5623407d83fdcbbfc8d063afe2e414436bfccda71d6efed531f35,85e0e9e18fcfcf67,ok,,g2186,train
data/original/aquahealth/train_split/Viral diseases White tail disease/Viral diseases White tail disease_aug_6.jpg,train_split,Viral diseases White tail disease,White Tail Disease,6,.jpg,640,640,RGB,976ac1fdabd9c0e5eb174c8a053b7b745618856230bd7935a8adf8431d971027,227170604080e4e5,ok,,g1155,test
data/original/aquahealth/train_split/Viral diseases White tail disease/Viral diseases White tail disease_aug_60.jpg,train_split,Viral diseases White tail disease,White Tail Disease,6,.jpg,224,224,RGB,76b6bb90da1c2a00baf7102404f4ce4b77b96ca6ce8c825c0a0d57a2da58bbc1,073f5b071f3f1f3f,ok,,g442,train
data/original/aquahealth/train_split/Viral diseases White tail disease/Viral diseases White tail disease_aug_61.jpg,train_split,Viral diseases White tail disease,White Tail Disease,6,.jpg,640,640,RGB,f1d95125a1d90eb4e0170127c89195f9d069979916d0d60763300722ce9237e3,1505c1612107070f,ok,,g846,train
data/original/aquahealth/train_split/Viral diseases White tail disease/Viral diseases White tail disease_aug_63.jpg,train_split,Viral diseases White tail disease,White Tail Disease,6,.jpg,128,128,RGB,d85c44ed4271e44ccaa2a40ce47b7f34d02ccf5e2ab020b94a420d7c2808a4e4,0707471f0e06060f,ok,,g389,test
data/original/aquahealth/train_split/Viral diseases White tail disease/Viral diseases White tail disease_aug_64.jpg,train_split,Viral diseases White tail disease,White Tail Disease,6,.jpg,128,128,RGB,6c0d8e648db45f23604e6e896a69979188efa0ee6d29035da4083cd8056040fc,030301f1b737ffbe,ok,x1413,g218,
data/original/aquahealth/train_split/Viral diseases White tail disease/Viral diseases White tail disease_aug_66.jpg,train_split,Viral diseases White tail disease,White Tail Disease,6,.jpg,128,128,RGB,9d3f01d70290ceae50875aad479cdaf36b957cff1afd1bbba15d7ee38ce36ea9,03071737270e0c07,ok,,g243,val
data/original/aquahealth/train_split/Viral diseases White tail disease/Viral diseases White tail disease_aug_67.jpg,train_split,Viral diseases White tail disease,White Tail Disease,6,.jpg,128,128,RGB,a0f40a2362304a22fc03fab94fcd5b5f7428b78fb7ce196fae67ebda19144096,8c9c98b8b9191900,ok,,g2238,train
data/original/aquahealth/train_split/Viral diseases White tail disease/Viral diseases White tail disease_aug_68.jpg,train_split,Viral diseases White tail disease,White Tail Disease,6,.jpg,640,640,RGB,05dc144d8df3d0a2707aa8d47a979e5d0e4c0d5f0fc606155d436543b8e47ef3,47071f1f1f1f1c14,ok,,g1623,train
data/original/aquahealth/train_split/Viral diseases White tail disease/Viral diseases White tail disease_aug_69.jpg,train_split,Viral diseases White tail disease,White Tail Disease,6,.jpg,640,640,RGB,6be2aba192cfc414e82ed8a9fb3c997cff1042476a4743a4aa9b0878288c8858,0f09080c070f1b09,ok,,g649,train
data/original/aquahealth/train_split/Viral diseases White tail disease/Viral diseases White tail disease_aug_7.jpg,train_split,Viral diseases White tail disease,White Tail Disease,6,.jpg,640,640,RGB,fb7d29e45c777c2a52da9dbff19f835d26d750cdba5ed5141a69c58e429592c5,7c38323018151501,ok,,g2049,train
data/original/aquahealth/train_split/Viral diseases White tail disease/Viral diseases White tail disease_aug_70.jpg,train_split,Viral diseases White tail disease,White Tail Disease,6,.jpg,128,128,RGB,03d7a896a15bd89cb8adc993a554f8b52dbafc03e8a2db4ebddab093ca812cc4,83b13113fbfbfef8,ok,,g2168,train
data/original/aquahealth/train_split/Viral diseases White tail disease/Viral diseases White tail disease_aug_71.jpg,train_split,Viral diseases White tail disease,White Tail Disease,6,.jpg,128,128,RGB,ed5548e34b855a50260a54d79d78e106f9554b3eb4b183d8dd596371b9d3ea24,00030b1b3f3f3f0e,ok,,g51,train
data/original/aquahealth/train_split/Viral diseases White tail disease/Viral diseases White tail disease_aug_72.jpg,train_split,Viral diseases White tail disease,White Tail Disease,6,.jpg,128,128,RGB,f0a4c7b811e3c5dd78512276ba2b51c8658fc179c1c6ce53049fc6aabc7aa394,397173313c0d0101,ok,,g1407,train
data/original/aquahealth/train_split/Viral diseases White tail disease/Viral diseases White tail disease_aug_73.jpg,train_split,Viral diseases White tail disease,White Tail Disease,6,.jpg,128,128,RGB,4d7176a3cefd014612634320e5edcb6adf09ae0839c94cd5f95f0bb7738b83c2,a4f8fcf8e1686800,ok,,g2385,val
data/original/aquahealth/train_split/Viral diseases White tail disease/Viral diseases White tail disease_aug_74.jpg,train_split,Viral diseases White tail disease,White Tail Disease,6,.jpg,128,128,RGB,b3517822d8a72a946a021f66035eae3dd89343a9ddccbd3f6c49207dbdc65c03,4b4f4d61d144060f,ok,,g1652,test
data/original/aquahealth/train_split/Viral diseases White tail disease/Viral diseases White tail disease_aug_75.jpg,train_split,Viral diseases White tail disease,White Tail Disease,6,.jpg,640,640,RGB,b1363bf5840aa2aee609e08c37d38321629b80c78f4a11fc54345e440024ed21,bb71f1f97dfe0010,ok,,g2443,val
data/original/aquahealth/train_split/Viral diseases White tail disease/Viral diseases White tail disease_aug_76.jpg,train_split,Viral diseases White tail disease,White Tail Disease,6,.jpg,224,224,RGB,a5609a3d65b8717a80bb7f2d1f8137d1e249e4e6fd15d70783657cb8c6902d36,07c1c141c1c1f23f,ok,,g469,train
data/original/aquahealth/train_split/Viral diseases White tail disease/Viral diseases White tail disease_aug_77.jpg,train_split,Viral diseases White tail disease,White Tail Disease,6,.jpg,640,640,RGB,61cd95b4a5e40d179581d0e191e30e397d370b8a0a1eff8e79458d70342444a1,3f3f3f1f1e3d7979,ok,,g1528,test
data/original/aquahealth/train_split/Viral diseases White tail disease/Viral diseases White tail disease_aug_78.jpg,train_split,Viral diseases White tail disease,White Tail Disease,6,.jpg,640,640,RGB,953f136086c02b3d585dd3f2ee564a236aa4d43924ef0bf9798285f377a20b15,fcfe7e1fc30f0001,ok,,g3020,train
data/original/aquahealth/train_split/Viral diseases White tail disease/Viral diseases White tail disease_aug_79.jpg,train_split,Viral diseases White tail disease,White Tail Disease,6,.jpg,640,640,RGB,6022b45932fe362ff2d983434f1fda8ef79d72034274b3ccc463c1ff5765dfec,bffeec838fc4e4f3,ok,,g2463,train
data/original/aquahealth/train_split/Viral diseases White tail disease/Viral diseases White tail disease_aug_80.jpg,train_split,Viral diseases White tail disease,White Tail Disease,6,.jpg,640,640,RGB,e57235c77d8eb8b1c3984193d8296f8d71e740996a229d5ef461d0b871e0e93a,a3a7e78f97dff9e0,ok,x3054,g2379,
data/original/aquahealth/train_split/Viral diseases White tail disease/Viral diseases White tail disease_aug_81.jpg,train_split,Viral diseases White tail disease,White Tail Disease,6,.jpg,640,640,RGB,ac7ba2df99343c7443eab63aff7855df76d0b5f2b5a53d47056ffc905b7f9c10,1d1e3f3f1f1e5f47,ok,,g971,train
data/original/aquahealth/train_split/Viral diseases White tail disease/Viral diseases White tail disease_aug_82.jpg,train_split,Viral diseases White tail disease,White Tail Disease,6,.jpg,128,128,RGB,7f27a75c1fac0dce924002dda1ac1de47ea111c2291b0c3a479facfd83a96805,1f1f0d1f1f1f0707,ok,,g1045,train
data/original/aquahealth/train_split/Viral diseases White tail disease/Viral diseases White tail disease_aug_83.jpg,train_split,Viral diseases White tail disease,White Tail Disease,6,.jpg,640,640,RGB,4da1675b8acfaac73f1a44ac522bf443813183f1594c17feb97514e9d752ded0,1f0460b88cdcdd19,ok,,g1017,test
data/original/aquahealth/train_split/Viral diseases White tail disease/Viral diseases White tail disease_aug_85.jpg,train_split,Viral diseases White tail disease,White Tail Disease,6,.jpg,128,128,RGB,62b6ee2691d3ee91fd5f6c8ea4086b759f7eb0bc60d033265d644dac10ff032a,c0c4ecece0f4fcee,ok,,g2489,val
data/original/aquahealth/train_split/Viral diseases White tail disease/Viral diseases White tail disease_aug_86.jpg,train_split,Viral diseases White tail disease,White Tail Disease,6,.jpg,640,640,RGB,af0d39c2dc723e7213ba668f5188be511ad2de7d8a23b9f3ffa3774824643543,00406232e0e0a0a3,ok,,g95,val
data/original/aquahealth/train_split/Viral diseases White tail disease/Viral diseases White tail disease_aug_87.jpg,train_split,Viral diseases White tail disease,White Tail Disease,6,.jpg,640,640,RGB,dd285e5096097b5a8d253cbf4d10f1c656cb8d6c660307e9dfe56d7d5ff3262a,1fcf7f33c6c10000,ok,,g1101,train
data/original/aquahealth/train_split/Viral diseases White tail disease/Viral diseases White tail disease_aug_88.jpg,train_split,Viral diseases White tail disease,White Tail Disease,6,.jpg,640,640,RGB,f042408e18c68faf6d269c9495f7dd24c0a9092466917e3094a60d708c5866fe,a2c11b1e1f0f070f,ok,,g2377,train
data/original/aquahealth/train_split/Viral diseases White tail disease/Viral diseases White tail disease_aug_89.jpg,train_split,Viral diseases White tail disease,White Tail Disease,6,.jpg,128,128,RGB,b2de41bd4195000967a3a8097628ce1e0e2057f609095e0a404494476d9a5f2b,1f7333376121c181,ok,,g1088,test
data/original/aquahealth/train_split/Viral diseases White tail disease/Viral diseases White tail disease_aug_9.jpg,train_split,Viral diseases White tail disease,White Tail Disease,6,.jpg,640,640,RGB,323d5478d43ccf89389d54e46878ceaf3cdc09a2bac934ee4fe289aedad89ca5,7d2f2e1f1c3d787c,ok,,g2062,train
data/original/aquahealth/train_split/Viral diseases White tail disease/Viral diseases White tail disease_aug_90.jpg,train_split,Viral diseases White tail disease,White Tail Disease,6,.jpg,640,640,RGB,24917cf81b818bb727f628be730e74ecc392dd232ce83b061aaf157a60bc1abb,7b58dc9c69430d0d,ok,,g2041,val
data/original/aquahealth/train_split/Viral diseases White tail disease/Viral diseases White tail disease_aug_91.jpg,train_split,Viral diseases White tail disease,White Tail Disease,6,.jpg,640,640,RGB,01e5755c95a61eab6295a83feccd6ece11cf989585fb6006fcf7befeff214a7d,c0456d2d61e4e420,ok,,g2468,train
data/original/aquahealth/train_split/Viral diseases White tail disease/Viral diseases White tail disease_aug_92.jpg,train_split,Viral diseases White tail disease,White Tail Disease,6,.jpg,640,640,RGB,ac84f9436e3e152e785fd0aa14ec2b68e7fbd390e610c2950c74e3fa58314c95,7873e3c7ce84c3c6,ok,,g2006,train
data/original/aquahealth/train_split/Viral diseases White tail disease/Viral diseases White tail disease_aug_93.jpg,train_split,Viral diseases White tail disease,White Tail Disease,6,.jpg,224,224,RGB,45e9a5bfc2dc79087478f3bc2cbdd8a3daae37b2651ebba4f8313624b1b50836,0f49613173c16101,ok,,g748,train
data/original/aquahealth/train_split/Viral diseases White tail disease/Viral diseases White tail disease_aug_95.jpg,train_split,Viral diseases White tail disease,White Tail Disease,6,.jpg,224,224,RGB,f793e31bb31440c471b4c00f050f6676d4b15598cf561a3de8f23e378d31be45,2e2f07171e3f3f3d,ok,,g1220,train
data/original/aquahealth/train_split/Viral diseases White tail disease/Viral diseases White tail disease_aug_97.jpg,train_split,Viral diseases White tail disease,White Tail Disease,6,.jpg,128,128,RGB,04d8f04d177b273b7ca652aea125e19a7497e6e5bb322ce3c8aea5d92bd1f8a0,1f7777fff9717303,ok,,g1089,val
data/original/aquahealth/train_split/Viral diseases White tail disease/Viral diseases White tail disease_aug_98.jpg,train_split,Viral diseases White tail disease,White Tail Disease,6,.jpg,640,640,RGB,0b5025ed125a22bc216ebe6092224ea905a4f29e83fa0457c21d9d1ee511d747,3a1a180e160460e0,ok,,g1414,train
data/original/aquahealth/test_split/Bacterial Red disease_Bacterial Red disease_1.jpeg,test_split,Bacterial Red disease,Bacterial Red Disease,0,.jpeg,224,224,RGB,1870efcff5289da8bbe726a5b007df187a31b081cb095db2092c1547a2d0608e,101c060743161e1a,ok,,g803,train
data/original/aquahealth/test_split/Bacterial Red disease_Bacterial Red disease_12.jpg,test_split,Bacterial Red disease,Bacterial Red Disease,0,.jpg,224,224,RGB,86edeba011b22a69ba19aa4a14e2afb0922b574b29e10ecbf474a5868adc9815,7decccccccd83033,ok,,g2074,train
data/original/aquahealth/test_split/Bacterial Red disease_Bacterial Red disease_124.jpg,test_split,Bacterial Red disease,Bacterial Red Disease,0,.jpg,640,640,RGB,44934dc83a8d6b9f0674004624ed68e0cfbc8572fe28ac79eb879c99f11f488f,7561616d63c14141,ok,,g1977,val
data/original/aquahealth/test_split/Bacterial Red disease_Bacterial Red disease_129.jpg,test_split,Bacterial Red disease,Bacterial Red Disease,0,.jpg,640,640,RGB,a3c22aa8bb9c4f592f6ba5d0d9b9e1ec621cf477f72d0ef64dae0d4fc5ed2a14,f1f9f87436160e0d,ok,,g2911,test
data/original/aquahealth/test_split/Bacterial Red disease_Bacterial Red disease_130.jpg,test_split,Bacterial Red disease,Bacterial Red Disease,0,.jpg,640,640,RGB,06a0041e5c34374c23f275a9f2c3582ae917078c7cc2e2d71985b11954d492b6,0c0c8c8cccdcccec,ok,,g541,test
data/original/aquahealth/test_split/Bacterial Red disease_Bacterial Red disease_15.jpg,test_split,Bacterial Red disease,Bacterial Red Disease,0,.jpg,128,128,RGB,7559c5ef420cfa66515d40f60aea31765d0447c5c1d144e9b0b386f5b674c96f,0401000507326013,ok,,g314,train
data/original/aquahealth/test_split/Bacterial Red disease_Bacterial Red disease_155.jpg,test_split,Bacterial Red disease,Bacterial Red Disease,0,.jpg,640,640,RGB,aaef44a1ae582d49557126467f5cbe1cffd8af5df24decc3d8a3d7905e394a25,1f7efc787c6c6edf,ok,,g1090,train
data/original/aquahealth/test_split/Bacterial Red disease_Bacterial Red disease_16.jpg,test_split,Bacterial Red disease,Bacterial Red Disease,0,.jpg,224,224,RGB,4f51de6b7e6141b2b3bf5dbca93874bd7e23a76994710bc26f570aff3c89f95a,f0d0b27870a0e64b,ok,,g2866,train
data/original/aquahealth/test_split/Bacterial Red disease_Bacterial Red disease_164.jpg,test_split,Bacterial Red disease,Bacterial Red Disease,0,.jpg,640,640,RGB,6ce0fd29d222d0d0124693276cf2cca39400a3f60b53d85da3d29ea5c0d756c7,19191d9c9c383838,ok,,g898,test
data/original/aquahealth/test_split/Bacterial Red disease_Bacterial Red disease_165.jpg,test_split,Bacterial Red disease,Bacterial Red Disease,0,.jpg,640,640,RGB,dc58514181ff4713cba3093281cd6897bf8969e83927a45b3323e96959f6ba9c,060e0e271387c6e6,ok,,g345,train
data/original/aquahealth/test_split/Bacterial Red disease_Bacterial Red disease_180.jpg,test_split,Bacterial Red disease,Bacterial Red Disease,0,.jpg,640,640,RGB,9cd7f8a0fba3e5621acab201d76b3264c81a65ebf48ff56c56358d1374aa599a,fe3e3c9e87773181,ok,,g3029,train
data/original/aquahealth/test_split/Bacterial Red disease_Bacterial Red disease_186.jpg,test_split,Bacterial Red disease,Bacterial Red Disease,0,.jpg,640,640,RGB,78d7d081a57acdb1b13986c09b2e8b3f967cc33480a03bdea7008e04841d4564,0f0f363e1c9c988c,ok,,g680,train
data/original/aquahealth/test_split/Bacterial Red disease_Bacterial Red disease_191.jpg,test_split,Bacterial Red disease,Bacterial Red Disease,0,.jpg,640,640,RGB,ccc88c9ee2ed308ef6d4f78c1786c75b4598b39d704c96017964faa73443f34a,652d9c4e43c0d45c,ok,,g1838,val
data/original/aquahealth/test_split/Bacterial Red disease_Bacterial Red disease_20.jpeg,test_split,Bacterial Red disease,Bacterial Red Disease,0,.jpeg,224,224,RGB,76a891da5628604143bde1a3c0857ad9f950e91315a18af5ea7b1d1226fe4f98,988c9c1e171b071f,ok,,g2302,test
data/original/aquahealth/test_split/Bacterial Red disease_Bacterial Red disease_203.jpg,test_split,Bacterial Red disease,Bacterial Red Disease,0,.jpg,640,640,RGB,2b74fd653d6cea4d3798185c665594495f16e913f13f5d16024653af16e4c3a8,3f9f3f3050510101,ok,,g1552,train
data/original/aquahealth/test_split/Bacterial Red disease_Bacterial Red disease_210.jpg,test_split,Bacterial Red disease,Bacterial Red Disease,0,.jpg,640,640,RGB,59182b2577c7cec96a1248b5330cbe733566d2a6446a40c83eac77d4e20deaa9,007a92e06040464e,ok,,g108,train
data/original/aquahealth/test_split/Bacterial Red disease_Bacterial Red disease_212.jpg,test_split,Bacterial Red disease,Bacterial Red Disease,0,.jpg,640,640,RGB,d65b0c80d17900ef60467e9c4872d4e54bce681b1f4ba65cb943bc178c4b5e3c,80001898d8b0e0c0,ok,,g2124,train
data/original/aquahealth/test_split/Bacterial Red disease_Bacterial Red disease_221.jpg,test_split,Bacterial Red disease,Bacterial Red Disease,0,.jpg,640,640,RGB,b63a5ba0546b0baa8915cf57e3c80b560d3f312012f18cfc27dc22a8858031bf,000f0c191b87c337,ok,,g63,train
data/original/aquahealth/test_split/Bacterial Red disease_Bacterial Red disease_224.jpg,test_split,Bacterial Red disease,Bacterial Red Disease,0,.jpg,640,640,RGB,594cb721a4994c4e987d639a20a37109bb0eeb1bf848effe8a89119a9eec4f7c,c97b130f2f3e7f2f,ok,,g2577,val
data/original/aquahealth/test_split/Bacterial Red disease_Bacterial Red disease_39.jpg,test_split,Bacterial Red disease,Bacterial Red Disease,0,.jpg,128,128,RGB,17e28d34234adb97bda8af75188e621076ebfbd7608d38c5a42a80c690f7253b,8f1b97a591010000,ok,,g2261,test
data/original/aquahealth/test_split/Bacterial Red disease_Bacterial Red disease_41.jpg,test_split,Bacterial Red disease,Bacterial Red Disease,0,.jpg,128,128,RGB,1300bd34df24776984914f6f415f88f9cd0b533b1ef7ca8366210f52f5553371,0d070482c6070000,ok,,g568,val
data/original/aquahealth/test_split/Bacterial Red disease_Bacterial Red disease_65.jpg,test_split,Bacterial Red disease,Bacterial Red Disease,0,.jpg,128,128,RGB,bc890592751f34f0187e2d66d22d296acf78ee2d5810b2e0f9914a47f620e0ea,0c998b2b3b1f1830,ok,,g561,train
data/original/aquahealth/test_split/Bacterial Red disease_Bacterial Red disease_67.jpg,test_split,Bacterial Red disease,Bacterial Red Disease,0,.jpg,224,224,RGB,bc24e4159f956ece669c9d80ad0cf646505061c3e1deb579cdf776d71df9e397,040c243747c20698,ok,,g321,train
data/original/aquahealth/test_split/Bacterial Red disease_Bacterial Red disease_73.jpg,test_split,Bacterial Red disease,Bacterial Red Disease,0,.jpg,128,128,RGB,1439ceac967f4ffe8fb891c296c48d5a06d2ef694c0bb684c50e9adf8418a21a,00e060e80c8e8703,ok,,g130,train
data/original/aquahealth/test_split/Bacterial Red disease_Bacterial Red disease_74.jpg,test_split,Bacterial Red disease,Bacterial Red Disease,0,.jpg,128,128,RGB,cbceed67f0e32c42e2ae9fff184f541cbe024370cf1973fdee7e3f8e17bab882,bcbebcf4e6972f0f,ok,,g2448,train
data/original/aquahealth/test_split/Bacterial Red disease_Bacterial Red disease_79.jpeg,test_split,Bacterial Red disease,Bacterial Red Disease,0,.jpeg,224,224,RGB,12a8c648743549feed28e0dc8850a7db73235f6346ea17219ec356bedb96c017,f0c003591d0f1cd0,ok,,g2859,train
data/original/aquahealth/test_split/Bacterial Red disease_Bacterial Red disease_81.jpg,test_split,Bacterial Red disease,Bacterial Red Disease,0,.jpg,128,128,RGB,3d429de7cc901934fd45e3f863212285a75d7e690d09162d2dae67c8cb0a4ed3,1f9f3f1b117373f3,ok,,g1096,train
data/original/aquahealth/test_split/Bacterial Red disease_Bacterial Red disease_9.jpg,test_split,Bacterial Red disease,Bacterial Red Disease,0,.jpg,128,128,RGB,9bdd5f2cf12515ca093bee851a4ebd2ea16ba1301ab14236250e11fc835d6a7f,07e6f4e083434622,ok,,g479,val
data/original/aquahealth/test_split/Bacterial diseases - Aeromoniasis_Bacterial diseases - Aeromoniasis_103.jpg,test_split,Bacterial diseases - Aeromoniasis,Aeromoniasis,1,.jpg,224,224,RGB,ceb946e240caaf0bc23610de73d20d602b016d1b9ccb6b81f1c64e62b34cef71,7cfd9124ecec7819,ok,,g2060,train
data/original/aquahealth/test_split/Bacterial diseases - Aeromoniasis_Bacterial diseases - Aeromoniasis_112.jpg,test_split,Bacterial diseases - Aeromoniasis,Aeromoniasis,1,.jpg,128,128,RGB,fd44371f528732a258b5153d31fe81d4ae8f9d792da107a10a851b90c9f57496,2eaefcf8b8f8f818,ok,,g1224,train
data/original/aquahealth/test_split/Bacterial diseases - Aeromoniasis_Bacterial diseases - Aeromoniasis_113.jpg,test_split,Bacterial diseases - Aeromoniasis,Aeromoniasis,1,.jpg,128,128,RGB,17ceb497d76a37520eed2a0b3f101bdc81bc8e490f5eb2dfe405e5c4c38430fc,f0e06ce470c0c3c3,ok,,g2872,train
data/original/aquahealth/test_split/Bacterial diseases - Aeromoniasis_Bacterial diseases - Aeromoniasis_115.png,test_split,Bacterial diseases - Aeromoniasis,Aeromoniasis,1,.png,224,224,RGB,39d6e79089466f593c995da0d2f3a00f1d5c2cb1199792b011abcb5365de78ce,f3f3b226e6e6f3e3,ok,,g2926,train
data/original/aquahealth/test_split/Bacterial diseases - Aeromoniasis_Bacterial diseases - Aeromoniasis_116.jpg,test_split,Bacterial diseases - Aeromoniasis,Aeromoniasis,1,.jpg,224,224,RGB,6d3402a47e689a1ef80af04098c1adde7d964302c2cfff32335777e7de963d62,f0e1d1d8bce4e470,ok,,g2873,val
data/original/aquahealth/test_split/Bacterial diseases - Aeromoniasis_Bacterial diseases - Aeromoniasis_121.jpg,test_split,Bacterial diseases - Aeromoniasis,Aeromoniasis,1,.jpg,128,128,RGB,aef504925c6d63399cd1b939308c1492475d43b69ed76dd62ab45160a7943522,0f1f4f41c079b107,ok,,g719,train
data/original/aquahealth/test_split/Bacterial diseases - Aeromoniasis_Bacterial diseases - Aeromoniasis_122.jpg,test_split,Bacterial diseases - Aeromoniasis,Aeromoniasis,1,.jpg,128,128,RGB,c086b5e75312779d06a3b2c80433854f2934fe3d849e5e9f77be923e9c917fe0,1f1f19cfefcdcacf,ok,,g1047,test
data/original/aquahealth/test_split/Bacterial diseases - Aeromoniasis_Bacterial diseases - Aeromoniasis_133.jpg,test_split,Bacterial diseases - Aeromoniasis,Aeromoniasis,1,.jpg,128,128,RGB,1a18c3db95276cb5a0d7358f1ff635c056a335816628fccf0a6024879eebeaff,3064e6fcd8e17030,ok,,g1260,train
data/original/aquahealth/test_split/Bacterial diseases - Aeromoniasis_Bacterial diseases - Aeromoniasis_134.jpg,test_split,Bacterial diseases - Aeromoniasis,Aeromoniasis,1,.jpg,128,128,RGB,2eca4d52838d25e770df2a08ea702b17e707b3783c317587073e48ccccf48648,000273f1e8e8d0d0,ok,,g50,train
data/original/aquahealth/test_split/Bacterial diseases - Aeromoniasis_Bacterial diseases - Aeromoniasis_138.jpg,test_split,Bacterial diseases - Aeromoniasis,Aeromoniasis,1,.jpg,224,224,RGB,3d0e54f53845e716731eb31d733df878c536ef5e807164efaaafca56491fe62e,0c3cf191192ce660,ok,,g554,train
data/original/aquahealth/test_split/Bacterial diseases - Aeromoniasis_Bacterial diseases - Aeromoniasis_141.jpg,test_split,Bacterial diseases - Aeromoniasis,Aeromoniasis,1,.jpg,128,128,RGB,e5a1d2cd4782a128488fcff4e267dbf7676b144b5b55b868de1395c56f58bc87,726062e2c0e0e060,ok,,g1954,train
data/original/aquahealth/test_split/Bacterial diseases - Aeromoniasis_Bacterial diseases - Aeromoniasis_144.jpg,test_split,Bacterial diseases - Aeromoniasis,Aeromoniasis,1,.jpg,128,128,RGB,b9e2c5aa120887282a9c6cb9371ce8ad9b6a4e998a5e2317b1ee66dfa3d29070,dede7e7e7e383870,ok,,g2679,test
data/original/aquahealth/test_split/Bacterial diseases - Aeromoniasis_Bacterial diseases - Aeromoniasis_146.jpg,test_split,Bacterial diseases - Aeromoniasis,Aeromoniasis,1,.jpg,128,128,RGB,a43f51eefb4b7743541c4e6d013a37785b6a3c8325aa45f43a3d6a76209ae9b2,83c6cfd7b3b3f2c0,ok,,g2172,train
data/original/aquahealth/test_split/Bacterial diseases - Aeromoniasis_Bacterial diseases - Aeromoniasis_148.jpg,test_split,Bacterial diseases - Aeromoniasis,Aeromoniasis,1,.jpg,128,128,RGB,cda6006b35bd48087a3e8ae18631308d36fc8b95f3894d23ed7067ce9039a18e,83f9f0d98c0523e0,ok,,g2174,val
data/original/aquahealth/test_split/Bacterial diseases - Aeromoniasis_Bacterial diseases - Aeromoniasis_149.jpg,test_split,Bacterial diseases - Aeromoniasis,Aeromoniasis,1,.jpg,224,224,RGB,38afad2c1df1878eb43ba4f94ae6a746b967eb1ab9664a6e5723717975cf5df0,e0cc34b28ec6e6e4,ok,,g2719,train
data/original/aquahealth/test_split/Bacterial diseases - Aeromoniasis_Bacterial diseases - Aeromoniasis_153.jpg,test_split,Bacterial diseases - Aeromoniasis,Aeromoniasis,1,.jpg,128,128,RGB,72ea06f13bdae5b00cecacfc11e4e0c867e4bf42725952fdc1ed1497be1d7391,0e0f1b3979bbbb1f,ok,,g611,train
data/original/aquahealth/test_split/Bacterial diseases - Aeromoniasis_Bacterial diseases - Aeromoniasis_161.jpg,test_split,Bacterial diseases - Aeromoniasis,Aeromoniasis,1,.jpg,128,128,RGB,b626a246e52c7395f8759ece3175196df5f499f36f54228c3ef6c24574c6b926,fcecfcb0e1e32a8b,ok,,g3007,test
data/original/aquahealth/test_split/Bacterial diseases - Aeromoniasis_Bacterial diseases - Aeromoniasis_171.jpg,test_split,Bacterial diseases - Aeromoniasis,Aeromoniasis,1,.jpg,224,224,RGB,7df72641d0ccbec1891a3cdae3dc11199cb48c43381f6a674e2009ec39211de9,f0fcdf9919521c30,ok,,g2896,train
data/original/aquahealth/test_split/Bacterial diseases - Aeromoniasis_Bacterial diseases - Aeromoniasis_180.jpg,test_split,Bacterial diseases - Aeromoniasis,Aeromoniasis,1,.jpg,128,128,RGB,16d03b8641c2e2c2a17ddc8536ca8f6ba8f020ce07092880abffdcf8657024e0,7c66668ce4e06161,ok,,g2053,train
data/original/aquahealth/test_split/Bacterial diseases - Aeromoniasis_Bacterial diseases - Aeromoniasis_182.jpg,test_split,Bacterial diseases - Aeromoniasis,Aeromoniasis,1,.jpg,128,128,RGB,90d735d90d6ffa92edaa3d730907b852e7f27a9d0f35c467b8b3e74374f0620a,66f276e3f7bebcbc,ok,,g1842,test
data/original/aquahealth/test_split/Bacterial diseases - Aeromoniasis_Bacterial diseases - Aeromoniasis_185.jpg,test_split,Bacterial diseases - Aeromoniasis,Aeromoniasis,1,.jpg,128,128,RGB,e2f8109bbcd11426f5939e6d5de830bf0db7076af9ec5c576f385387a0102efe,197174e2e6e47076,ok,,g907,val
data/original/aquahealth/test_split/Bacterial diseases - Aeromoniasis_Bacterial diseases - Aeromoniasis_20.jpg,test_split,Bacterial diseases - Aeromoniasis,Aeromoniasis,1,.jpg,128,128,RGB,1937e88bddd550dfb78b70b0f22f15b162d0260ea2f5c4fe9b20783469078de1,e0e2d2f8ecc8e000,ok,,g2732,train
data/original/aquahealth/test_split/Bacterial diseases - Aeromoniasis_Bacterial diseases - Aeromoniasis_202.jpg,test_split,Bacterial diseases - Aeromoniasis,Aeromoniasis,1,.jpg,128,128,RGB,63fbd21ac0694a57697bb1afff56247d3376f7c6846e8c317a64e2b6c85f0c3d,e83931d8f83c9898,ok,,g2816,train
data/original/aquahealth/test_split/Bacterial diseases - Aeromoniasis_Bacterial diseases - Aeromoniasis_208.jpg,test_split,Bacterial diseases - Aeromoniasis,Aeromoniasis,1,.jpg,128,128,RGB,f66894f2b4f189f75bbd75c72d1164091e83cbd40421a406ecdcec4149aeb34c,011f056f7e0e0f2c,ok,,g173,train
data/original/aquahealth/test_split/Bacterial diseases - Aeromoniasis_Bacterial diseases - Aeromoniasis_210.jpg,test_split,Bacterial diseases - Aeromoniasis,Aeromoniasis,1,.jpg,128,128,RGB,849639a449c024fb31c51f7ed995794e87c5f4d04ab6ee3b4ab8f2d010b328be,3f1b1ffc3c1cfc7c,ok,,g1505,train
data/original/aquahealth/test_split/Bacterial diseases - Aeromoniasis_Bacterial diseases - Aeromoniasis_212.jpg,test_split,Bacterial diseases - Aeromoniasis,Aeromoniasis,1,.jpg,128,128,RGB,ca49587ea1c3d88be71b04ba6052f6e948c4b25cf9fd4868fa4ed9d7a4211c97,1707efff1f070773,ok,,g856,train
data/original/aquahealth/test_split/Bacterial diseases - Aeromoniasis_Bacterial diseases - Aeromoniasis_213.jpg,test_split,Bacterial diseases - Aeromoniasis,Aeromoniasis,1,.jpg,128,128,RGB,ab7456df86726f08c56ed769b29b6d098109ff51a5b747ab151656bc48d4a01b,0e0e7c0f0d171717,ok,,g608,train
data/original/aquahealth/test_split/Bacterial diseases - Aeromoniasis_Bacterial diseases - Aeromoniasis_215.jpg,test_split,Bacterial diseases - Aeromoniasis,Aeromoniasis,1,.jpg,128,128,RGB,67a4b35af455ce914f882e4e393ea1bde2c1921b07b9088f2b8d1b4cb21afb38,058105011f070303,ok,,g332,val
data/original/aquahealth/test_split/Bacterial diseases - Aeromoniasis_Bacterial diseases - Aeromoniasis_217.jpg,test_split,Bacterial diseases - Aeromoniasis,Aeromoniasis,1,.jpg,128,128,RGB,e67cc4d720b386753d6cc681e5e911f33ebbd9102e9dd56d17dd6ea3b51733c0,e0e0f8f838e0c080,ok,,g2729,train
data/original/aquahealth/test_split/Bacterial diseases - Aeromoniasis_Bacterial diseases - Aeromoniasis_22.jpg,test_split,Bacterial diseases - Aeromoniasis,Aeromoniasis,1,.jpg,128,128,RGB,729c99bafa18501b0f1342ad22c8ea21c751d9e7483966746cfa0518fd568f0b,0000f0d8c0e0b070,ok,,g42,train
data/original/aquahealth/test_split/Bacterial diseases - Aeromoniasis_Bacterial diseases - Aeromoniasis_225.jpg,test_split,Bacterial diseases - Aeromoniasis,Aeromoniasis,1,.jpg,128,128,RGB,c17950a6ccc8e52c94e92c6967a2486796e34b7a443c3fdd1a3234bd2f02bcfd,00031673c392b0f0,ok,,g52,train
data/original/aquahealth/test_split/Bacterial diseases - Aeromoniasis_Bacterial diseases - Aeromoniasis_234.jpg,test_split,Bacterial diseases - Aeromoniasis,Aeromoniasis,1,.jpg,128,128,RGB,0d6d64da7064c6d58e4a26a47f050bf958a9f23bc9ece59bee6ce64842a45aab,1800504e83800000,ok,,g873,train
data/original/aquahealth/test_split/Bacterial diseases - Aeromoniasis_Bacterial diseases - Aeromoniasis_235.jpg,test_split,Bacterial diseases - Aeromoniasis,Aeromoniasis,1,.jpg,128,128,RGB,4cf3c59204b3a55db25fe02eaa8baff68c386006afefd60a573f1b43fed25f53,fcf8bc33d3d81e8f,ok,,g3015,train
data/original/aquahealth/test_split/Bacterial diseases - Aeromoniasis_Bacterial diseases - Aeromoniasis_239.jpg,test_split,Bacterial diseases - Aeromoniasis,Aeromoniasis,1,.jpg,128,128,RGB,79b912263b164625d407e515b08ed79673641bb69a55f2a834520b5e2e039cca,f8f0e4e4a4b8b800,ok,,g2966,val
data/original/aquahealth/test_split/Bacterial diseases - Aeromoniasis_Bacterial diseases - Aeromoniasis_240.jpg,test_split,Bacterial diseases - Aeromoniasis,Aeromoniasis,1,.jpg,128,128,RGB,42a521a53cc027ded6ca95bdb27930b892d22039a8e05e81ebefb084f0df3cb7,307068ecacb8b800,ok,,g1264,train
data/original/aquahealth/test_split/Bacterial diseases - Aeromoniasis_Bacterial diseases - Aeromoniasis_246.jpg,test_split,Bacterial diseases - Aeromoniasis,Aeromoniasis,1,.jpg,640,640,RGB,423fd7630e0e2740c576f08bc4185225ef7ab89ce89aa5dce534d37d8fdb7f13,0080f8eff3f1f959,ok,,g116,val
data/original/aquahealth/test_split/Bacterial diseases - Aeromoniasis_Bacterial diseases - Aeromoniasis_249.jpg,test_split,Bacterial diseases - Aeromoniasis,Aeromoniasis,1,.jpg,640,640,RGB,e069b92f9ef560419fff73a841e63ef3a442f50c5af1e22ad4c888d49a58c322,0f0f33737373367f,ok,,g679,train
data/original/aquahealth/test_split/Bacterial diseases - Aeromoniasis_Bacterial diseases - Aeromoniasis_43.jpg,test_split,Bacterial diseases - Aeromoniasis,Aeromoniasis,1,.jpg,128,128,RGB,5b980b2a641912d98cf1a9ec82535ad863a68ba14eb43b14cdac8083ac8763d6,0b0b716323030381,ok,,g521,train
data/original/aquahealth/test_split/Bacterial diseases - Aeromoniasis_Bacterial diseases - Aeromoniasis_45.jpg,test_split,Bacterial diseases - Aeromoniasis,Aeromoniasis,1,.jpg,128,128,RGB,d7b6a75c37472a309e58e91cd1e705a555f06c89c6ff8dc5c7d59979939bc4b9,5666762e3c3c7820,ok,,g1705,val
data/original/aquahealth/test_split/Bacterial diseases - Aeromoniasis_Bacterial diseases - Aeromoniasis_49.jpg,test_split,Bacterial diseases - Aeromoniasis,Aeromoniasis,1,.jpg,128,128,RGB,22414bdfa439c3e396b5f8f60e6cece52eb8db64e96eb2269c909e3d451be5cb,1883070303020303,ok,,g892,train
data/original/aquahealth/test_split/Bacterial diseases - Aeromoniasis_Bacterial diseases - Aeromoniasis_58.jpg,test_split,Bacterial diseases - Aeromoniasis,Aeromoniasis,1,.jpg,128,128,RGB,6a91e3e61787d4c1508d45aeab80496ec541f2c739575ad51837828d663b7716,d0c0c040f6f0f81c,ok,,g2619,train
data/original/aquahealth/test_split/Bacterial diseases - Aeromoniasis_Bacterial diseases - Aeromoniasis_6.jpg,test_split,Bacterial diseases - Aeromoniasis,Aeromoniasis,1,.jpg,128,128,RGB,718b4ac3aab6ba9d970ca215b2cb468a62c92e48783742d4d5b31d25ba6ba759,c0c080b0a0c0c0d0,ok,,g2478,test
data/original/aquahealth/test_split/Bacterial diseases - Aeromoniasis_Bacterial diseases - Aeromoniasis_61.jpg,test_split,Bacterial diseases - Aeromoniasis,Aeromoniasis,1,.jpg,128,128,RGB,5e75dd1f0d3e4cb9aa6f2f3040ea28eb880b10635312ce8d3392c8843014c29f,00e8f8bcfefcfe38,ok,,g135,val
data/original/aquahealth/test_split/Bacterial diseases - Aeromoniasis_Bacterial diseases - Aeromoniasis_62.jpg,test_split,Bacterial diseases - Aeromoniasis,Aeromoniasis,1,.jpg,128,128,RGB,75fd6bb6503cb0757258b69a5923718a2c37fe9bf2a0f98799f8e86042377484,0000e0e0f0f0f0a0,ok,,g41,train
data/original/aquahealth/test_split/Bacterial diseases - Aeromoniasis_Bacterial diseases - Aeromoniasis_65.jpg,test_split,Bacterial diseases - Aeromoniasis,Aeromoniasis,1,.jpg,128,128,RGB,16ae84aec5c0942aba7b896c78d9042b94dc46df341ae531f725812a6c572afc,3030b28b989898b8,ok,,g1253,train
data/original/aquahealth/test_split/Bacterial diseases - Aeromoniasis_Bacterial diseases - Aeromoniasis_69.jpg,test_split,Bacterial diseases - Aeromoniasis,Aeromoniasis,1,.jpg,128,128,RGB,16c6d4eb786ded92ce8423406ef007b443e2ab668ba94d050ccb2ffdf6dfdee7,8f9f7373762cfdff,ok,,g2268,train
data/original/aquahealth/test_split/Bacterial diseases - Aeromoniasis_Bacterial diseases - Aeromoniasis_7.jpg,test_split,Bacterial diseases - Aeromoniasis,Aeromoniasis,1,.jpg,128,128,RGB,9c6d418d4bdad589a0183004b095f1fbe1291fe6a9f49e9bb0e61fb371fc5de9,5f1f170f0f070e8b,ok,,g1735,val
data/original/aquahealth/test_split/Bacterial diseases - Aeromoniasis_Bacterial diseases - Aeromoniasis_90.jpg,test_split,Bacterial diseases - Aeromoniasis,Aeromoniasis,1,.jpg,128,128,RGB,5f71a07c46314b8605001001c8d032315573635ad1e22e80448713d2406a653c,9ebcb87878f0e0e0,ok,,g2350,train
data/original/aquahealth/test_split/Bacterial diseases - Aeromoniasis_Bacterial diseases - Aeromoniasis_92.jpg,test_split,Bacterial diseases - Aeromoniasis,Aeromoniasis,1,.jpg,224,224,RGB,2b3c34eb05baf3ab745bcafe33486572431cefd8bc1d34be29834690cee29cc5,60f0d8d8dae0e1e1,ok,,g1780,train
data/original/aquahealth/test_split/Bacterial gill disease_Bacterial gill disease_10.jpeg,test_split,Bacterial gill disease,Bacterial Gill Disease,2,.jpeg,224,224,RGB,7c0a2a45ba1299e8189405d3a390d8c1e968b3908358cd42a946b4e6d3163d0b,7ff27068cac4445c,ok,,g2119,test
data/original/aquahealth/test_split/Bacterial gill disease_Bacterial gill disease_13.jpg,test_split,Bacterial gill disease,Bacterial Gill Disease,2,.jpg,128,128,RGB,06c300c050b39a2103f7e7ed32745ddae831927f7943e0be455bcb68440bcab4,1939d81c30278fc6,ok,,g905,train
data/original/aquahealth/test_split/Bacterial gill disease_Bacterial gill disease_134.jpg,test_split,Bacterial gill disease,Bacterial Gill Disease,2,.jpg,640,640,RGB,daeabb1e0f162f8592c214f446c70457f2bb0d6bce37a7e82a1854edc7f89aae,191b3f1f1f1e0f0d,ok,,g899,train
data/original/aquahealth/test_split/Bacterial gill disease_Bacterial gill disease_15.jpg,test_split,Bacterial gill disease,Bacterial Gill Disease,2,.jpg,128,128,RGB,83827bcd3d08631c8e029856b9d3946d34443f977b4a7646e2278dba4ee10210,c1883078b81cccec,ok,,g2509,train
data/original/aquahealth/test_split/Bacterial gill disease_Bacterial gill disease_158.jpg,test_split,Bacterial gill disease,Bacterial Gill Disease,2,.jpg,640,640,RGB,3c768ced107101c513a7572c4b397ffdab8da68b8ffd546b76d02bcd9325a8e0,e0c4edf3e4ec0000,ok,,g2718,train
data/original/aquahealth/test_split/Bacterial gill disease_Bacterial gill disease_161.jpg,test_split,Bacterial gill disease,Bacterial Gill Disease,2,.jpg,640,640,RGB,025dd8393daf804ae390775b6c9dd8c2dd4d665e1619b2fc5730666b30d23f3c,efe7e784b181a3f2,ok,,g2849,train
data/original/aquahealth/test_split/Bacterial gill disease_Bacterial gill disease_169.jpg,test_split,Bacterial gill disease,Bacterial Gill Disease,2,.jpg,640,640,RGB,aad5cac6b1761bccd8bb474fe32432556cef44b5259774e669a749f46d8790d2,bfe6a4868423def8,ok,,g2462,train
data/original/aquahealth/test_split/Bacterial gill disease_Bacterial gill disease_172.jpg,test_split,Bacterial gill disease,Bacterial Gill Disease,2,.jpg,640,640,RGB,a1a3974f20f8eea212d67a27a4911fad03e61749b304d10cc9cfa702e9ab904e,c3e1c9c9c0c00000,ok,,g2541,train
data/original/aquahealth/test_split/Bacterial gill disease_Bacterial gill disease_176.jpg,test_split,Bacterial gill disease,Bacterial Gill Disease,2,.jpg,640,640,RGB,b5bd2792ccb88300d401e1cda19159fb79aff9a8bf0f52041742655cb5f48f4b,ecece000c7673160,ok,,g2839,train
data/original/aquahealth/test_split/Bacterial gill disease_Bacterial gill disease_178.jpg,test_split,Bacterial gill disease,Bacterial Gill Disease,2,.jpg,640,640,RGB,bdc8ce12d0fdce34ea113261f70a46b73860692c6c48a64a423ed09c1df00d55,eef22c363437a3a3,ok,,g2844,train
data/original/aquahealth/test_split/Bacterial gill disease_Bacterial gill disease_209.jpg,test_split,Bacterial gill disease,Bacterial Gill Disease,2,.jpg,640,640,RGB,955f0726467cf9c85c457376ef0ac3ee3551b5610ec2982c6f27c092912eac0e,40008091a9b9c4e6,ok,,g1558,train
data/original/aquahealth/test_split/Bacterial gill disease_Bacterial gill disease_211.jpg,test_split,Bacterial gill disease,Bacterial Gill Disease,2,.jpg,640,640,RGB,8e8fcf1ce115adb4f56c2ef15bd74117e48a520073f2ddf888a118de2df5caf6,303038989899f27d,ok,,g1252,train
data/original/aquahealth/test_split/Bacterial gill disease_Bacterial gill disease_219.jpg,test_split,Bacterial gill disease,Bacterial Gill Disease,2,.jpg,640,640,RGB,1462aae1cba1cbe7da8b61d33bb21cdfa9ad1f7d0d86b8b33278a2eb795f1395,a68e8e3ec6e67b9f,ok,,g2390,train
data/original/aquahealth/test_split/Bacterial gill disease_Bacterial gill disease_22.jpeg,test_split,Bacterial gill disease,Bacterial Gill Disease,2,.jpeg,224,224,RGB,ab1ecb7f639a8883bf6d70364334a98c58905b8be7d20eaa5d6c462d21395241,79590d272313131b,ok,,g2022,train
data/original/aquahealth/test_split/Bacterial gill disease_Bacterial gill disease_221.jpg,test_split,Bacterial gill disease,Bacterial Gill Disease,2,.jpg,640,640,RGB,4e83d2c7d2172acaca54e74bb90cc321534d02280aa3eab48937930109feb85c,1c3266303a1e1818,ok,,g953,val
data/original/aquahealth/test_split/Bacterial gill disease_Bacterial gill disease_228.jpg,test_split,Bacterial gill disease,Bacterial Gill Disease,2,.jpg,640,640,RGB,2c5bcdf84683397edfc40bc16a76adb7bf299b383ec245bc9f5397ebcb1bbae2,323efa6ccdd07070,ok,,g1307,test
data/original/aquahealth/test_split/Bacterial gill disease_Bacterial gill disease_23.jpg,test_split,Bacterial gill disease,Bacterial Gill Disease,2,.jpg,224,224,RGB,1226a75214c392b5aef63a0ed293d01419c4271d2af9ff67d31e8dbd97f45545,d7f9fc9cafa7f8ee,ok,,g2635,test
data/original/aquahealth/test_split/Bacterial gill disease_Bacterial gill disease_248.jpg,test_split,Bacterial gill disease,Bacterial Gill Disease,2,.jpg,640,640,RGB,19b765a1e7fd47df137441202fd23ec83af503fd3bb16d0b1902686a943730f6,0399990e4539096b,ok,,g299,test
data/original/aquahealth/test_split/Bacterial gill disease_Bacterial gill disease_26.jpeg,test_split,Bacterial gill disease,Bacterial Gill Disease,2,.jpeg,224,224,RGB,acee89e190e76fca7a65320e5d387d7624cc14126c28928cb0e40dc8a56aef21,e0d8eceee7333ef8,ok,,g2720,train
data/original/aquahealth/test_split/Bacterial gill disease_Bacterial gill disease_275.jpg,test_split,Bacterial gill disease,Bacterial Gill Disease,2,.jpg,640,640,RGB,d157d601a8e973cf85b6e0731ed8390f63e80df1252967ac14289d15989b4b83,6f0b39690f1c9991,ok,,g1889,train
data/original/aquahealth/test_split/Bacterial gill disease_Bacterial gill disease_276.jpg,test_split,Bacterial gill disease,Bacterial Gill Disease,2,.jpg,640,640,RGB,341bf79d41ffa58bc76f4bf290548bf332330690c8913925f5cdcbf67e4616cb,6f013c250f9adc40,ok,,g1886,train
data/original/aquahealth/test_split/Bacterial gill disease_Bacterial gill disease_288.jpg,test_split,Bacterial gill disease,Bacterial Gill Disease,2,.jpg,640,640,RGB,287f4b5cfad3aee595494380411990e5fa09cff274f1984204ba077df9541908,01f8ecfcf8f8e000,ok,,g199,test
data/original/aquahealth/test_split/Bacterial gill disease_Bacterial gill disease_305.jpg,test_split,Bacterial gill disease,Bacterial Gill Disease,2,.jpg,640,640,RGB,d0342e7c4071ca0e6270452109e8e03e3125e2af29d53a27bd55d284d1eeb2a4,6068a12163330723,ok,,g1766,train
data/original/aquahealth/test_split/Bacterial gill disease_Bacterial gill disease_31.jpg,test_split,Bacterial gill disease,Bacterial Gill Disease,2,.jpg,224,224,RGB,536bfbbe45f3ce8abead98a8b529034e1eaebc0779558472b06987612b4a2422,dc78e89898b0b1e1,ok,,g2670,val
data/original/aquahealth/test_split/Bacterial gill disease_Bacterial gill disease_316.jpg,test_split,Bacterial gill disease,Bacterial Gill Disease,2,.jpg,640,640,RGB,c2d9c2a7bd4491659b23f44aff4b8b68f7001c4d97212d1fa1fa6e4130bc796a,8f1f2f373f1f1f0d,ok,,g2262,train
data/original/aquahealth/test_split/Bacterial gill disease_Bacterial gill disease_33.jpg,test_split,Bacterial gill disease,Bacterial Gill Disease,2,.jpg,224,224,RGB,31349ccb0146d8c36a3f46d6a768166bd51ea7491ca7f52223f91cfdd9ff3363,372763e5c5e1e1e8,label_conflict,,g1350,
data/original/aquahealth/test_split/Bacterial gill disease_Bacterial gill disease_35.png,test_split,Bacterial gill disease,Bacterial Gill Disease,2,.png,224,224,RGB,7a68fda65d2643f11a2f881aa260884791917924ee891e672fd48cc4545a3b9e,8fefcc9c38e0c1c0,ok,,g2272,test
data/original/aquahealth/test_split/Bacterial gill disease_Bacterial gill disease_36.jpg,test_split,Bacterial gill disease,Bacterial Gill Disease,2,.jpg,224,224,RGB,4fdee6b76e62144d5403c7f54d3645169d9e062b27a7d7e020522764015903ee,7c64cc0c1c3880c0,ok,,g2052,train
data/original/aquahealth/test_split/Bacterial gill disease_Bacterial gill disease_362.jpg,test_split,Bacterial gill disease,Bacterial Gill Disease,2,.jpg,640,640,RGB,0e1ae144db15b91271e4c60cc11d48d375ec165057d631074f19d5f8292b69fc,fec4b39b88c86438,ok,,g3032,train
data/original/aquahealth/test_split/Bacterial gill disease_Bacterial gill disease_364.jpg,test_split,Bacterial gill disease,Bacterial Gill Disease,2,.jpg,640,640,RGB,bde33fc39b203d21922965595f6081e8ad5cca4f4fb6d1a47fbab145bf00932d,fc323767cfeedcd0,ok,,g2999,train
data/original/aquahealth/test_split/Bacterial gill disease_Bacterial gill disease_37.jpg,test_split,Bacterial gill disease,Bacterial Gill Disease,2,.jpg,224,224,RGB,8d2d83ff95f44595d715e3504df3f4ac8d4f92a149f97c1a781f445500659ce8,4307337341131e0d,ok,,g1591,train
data/original/aquahealth/test_split/Bacterial gill disease_Bacterial gill disease_376.jpg,test_split,Bacterial gill disease,Bacterial Gill Disease,2,.jpg,640,640,RGB,3e5decdc98d6413916080a575b464d1e0c4c74898f516cb07335bbcf42e4eaa3,2565434333381987,ok,,g1177,train
data/original/aquahealth/test_split/Bacterial gill disease_Bacterial gill disease_406.jpg,test_split,Bacterial gill disease,Bacterial Gill Disease,2,.jpg,640,640,RGB,eb95f2172eeaf7b536e95ba66eb640ce658db8dbb1b5ffbc1ff885d19929e025,074d14362e38090f,ok,,g449,train
data/original/aquahealth/test_split/Bacterial gill disease_Bacterial gill disease_48.jpg,test_split,Bacterial gill disease,Bacterial Gill Disease,2,.jpg,128,128,RGB,390ef1e128451a2889319942701ac92bb40543b3b415ec76d451a92f91416168,c70d0f1b9e99d999,ok,,g2560,train
data/original/aquahealth/test_split/Bacterial gill disease_Bacterial gill disease_50.jpeg,test_split,Bacterial gill disease,Bacterial Gill Disease,2,.jpeg,224,224,RGB,5d5cb790afb0e48d8a3b8fe7b93bad1efbb9dee560fabc7460a2d8088659a86b,103c178f0f2f0f1f,ok,,g805,val
data/original/aquahealth/test_split/Bacterial gill disease_Bacterial gill disease_59.jpg,test_split,Bacterial gill disease,Bacterial Gill Disease,2,.jpg,128,128,RGB,b039209d1e4a0ec2f848b1c97356313e6aea81d7be8cd05aa75a49bb6ff993fb,00c00c16b7a060e0,ok,,g121,train
data/original/aquahealth/test_split/Bacterial gill disease_Bacterial gill disease_6.jpg,test_split,Bacterial gill disease,Bacterial Gill Disease,2,.jpg,640,640,RGB,d8988737c397ac03c786546663126172e1bf16dc97cfe61f3c88f13999aa9edd,525214058ccecccc,ok,,g1697,test
data/original/aquahealth/test_split/Bacterial gill disease_Bacterial gill disease_61.jpg,test_split,Bacterial gill disease,Bacterial Gill Disease,2,.jpg,128,128,RGB,8a5204fc85646cabc0de5997a8955ca69f95ba539f24462430409dc05e574a85,3c64e4f078341400,ok,,g1452,train
data/original/aquahealth/test_split/Bacterial gill disease_Bacterial gill disease_67.jpg,test_split,Bacterial gill disease,Bacterial Gill Disease,2,.jpg,128,128,RGB,2a39321fa9e5c01ed11ce62d4c3566cf7effb6501bf9b71bff5c7fd4572fa14d,b0303838387effff,ok,,g2401,train
data/original/aquahealth/test_split/Bacterial gill disease_Bacterial gill disease_72.jpg,test_split,Bacterial gill disease,Bacterial Gill Disease,2,.jpg,128,128,RGB,79c5fc32b548b10212e7f2641c917aa719bb17e2263189116cbb382e6468a8ed,3f3c3c306465f579,ok,,g1519,val
data/original/aquahealth/test_split/Bacterial gill disease_Bacterial gill disease_75.jpg,test_split,Bacterial gill disease,Bacterial Gill Disease,2,.jpg,128,128,RGB,08954eb15c67ce6713014bbefbf49dca61f091f40a405e6d4b978b3504d224fb,78301b4acc980801,ok,,g1999,train
data/original/aquahealth/test_split/Bacterial gill disease_Bacterial gill disease_76.jpg,test_split,Bacterial gill disease,Bacterial Gill Disease,2,.jpg,128,128,RGB,b89b574dfba75ad2eedb79271cdd543ef4e91623d60697ea79045c4b75b8de91,ecee3f795d66baf8,ok,,g2840,val
data/original/aquahealth/test_split/Bacterial gill disease_Bacterial gill disease_79.jpeg,test_split,Bacterial gill disease,Bacterial Gill Disease,2,.jpeg,224,224,RGB,5a0bd5ead7ee5cfc98f60334fec7e29d765456de15d10e6c262923eeae8abc35,3ef8e8e0c0000000,ok,,g1496,train
data/original/aquahealth/test_split/Bacterial gill disease_Bacterial gill disease_94.jpg,test_split,Bacterial gill disease,Bacterial Gill Disease,2,.jpg,640,640,RGB,221c588fbc52591385dbef48ea3202045fb825196d13abc7c2b22773a1adc2a7,f0cc8c9e8cc0f311,ok,,g2863,val
data/original/aquahealth/test_split/Bacterial gill disease_Bacterial gill disease_98.jpg,test_split,Bacterial gill disease,Bacterial Gill Disease,2,.jpg,640,640,RGB,4f53193051c3129a84a897caa56938410f9c82f9d50e6972e9cc07f2eeea3d59,0123058d19900005,ok,,g175,val
data/original/aquahealth/test_split/EUS_EUS_133.jpg,test_split,EUS,EUS Disease,3,.jpg,640,640,RGB,0d59741c9b936536de13c5f9d5f9891aeb5f4c03e435d1da1af60d8843bfe447,6363e3c3e3633333,ok,,g1807,train
data/original/aquahealth/test_split/EUS_EUS_139.jpg,test_split,EUS,EUS Disease,3,.jpg,640,640,RGB,0d6945fdeccf067603c22fcf4e2977eeb941f3390011a879be436523b2358234,8380c0aeaeec8cc8,ok,,g2161,test
data/original/aquahealth/test_split/EUS_EUS_141.jpg,test_split,EUS,EUS Disease,3,.jpg,640,640,RGB,a91cdd5ea92ab16d113f4a15baf8cfb66441bedd8a09d81e9e633c58caec90b0,772e1c78e5e36333,ok,,g1981,train
data/original/aquahealth/test_split/EUS_EUS_142.jpg,test_split,EUS,EUS Disease,3,.jpg,640,640,RGB,6e3f8216da89309859347ac7414bc7498caba131f5c0648a1e215f6ad4ea3cf1,68e0d0d8ccf8781c,ok,,g1864,train
data/original/aquahealth/test_split/EUS_EUS_145.jpg,test_split,EUS,EUS Disease,3,.jpg,640,640,RGB,fe37acee3e02399ff86002039e4b469c8363624bd192e7e36bda8c3d9b34abe4,4a4a4a4a6a6b6a6b,ok,,g1649,train
data/original/aquahealth/test_split/EUS_EUS_15.jpg,test_split,EUS,EUS Disease,3,.jpg,640,640,RGB,683c8aef19c03fe3c5653014e8aecf7e712b85f8184d4b20d0cda619be13aef3,7773616969613333,ok,,g1986,test
data/original/aquahealth/test_split/EUS_EUS_151.jpg,test_split,EUS,EUS Disease,3,.jpg,640,640,RGB,3fb6790383553cc7233874b085c301fac5b7bb888747c8990e6e8eb000b40eb8,a181e12d2711c140,ok,,g2376,train
data/original/aquahealth/test_split/EUS_EUS_154.jpg,test_split,EUS,EUS Disease,3,.jpg,640,640,RGB,85eed004be04f494db3a7363d7a796cdc17994e225c3898ff85f8c7abfec3f5f,f9f97c7a7fe70709,ok,,g2982,train
data/original/aquahealth/test_split/EUS_EUS_156.jpg,test_split,EUS,EUS Disease,3,.jpg,640,640,RGB,0f46c752e030ab67f19b87917daf6e828f2dcf07e1cc74b13d39e3f9f397d4d5,070323190323330b,label_conflict,,g367,
data/original/aquahealth/test_split/EUS_EUS_157.jpg,test_split,EUS,EUS Disease,3,.jpg,640,640,RGB,cf74acf070c21ecc84dc3d1a71d2fd3c03545fccf0e0a080f2a4f9ddbbe1cedb,2637777777733737,ok,,g1181,train
data/original/aquahealth/test_split/EUS_EUS_159.jpg,test_split,EUS,EUS Disease,3,.jpg,640,640,RGB,14229d5984715960c1bdb93380f92847dd55e75cf81218af7c5d2b14a0b7e146,60c889e088082e3c,ok,,g1771,val
data/original/aquahealth/test_split/EUS_EUS_16.jpg,test_split,EUS,EUS Disease,3,.jpg,640,640,RGB,198a89afd045afce42a419677966542814b1e501026a49cc355bc59466262c49,07c301090f0f0e33,ok,,g470,train
data/original/aquahealth/test_split/EUS_EUS_162.jpg,test_split,EUS,EUS Disease,3,.jpg,640,640,RGB,df54708a0c2f153f76e5684c833abdaf43dc6889e0cbff1971869c107fd9fe6f,316060e0e4e0e0e0,ok,,g1289,train
data/original/aquahealth/test_split/EUS_EUS_168.jpg,test_split,EUS,EUS Disease,3,.jpg,640,640,RGB,93267ddc6bce595674d8720e0497dd34c272613c5d95b34af9cb777e3a1eef89,0848081c1b3f1edc,ok,,g488,test
data/original/aquahealth/test_split/EUS_EUS_173.jpg,test_split,EUS,EUS Disease,3,.jpg,640,640,RGB,a3cc27eb421a09f4e67f1761754af52647bb81688fe8e08a566bf28d0f44a865,c0c3e1e9e1aea1a7,ok,,g2487,train
data/original/aquahealth/test_split/EUS_EUS_176.jpg,test_split,EUS,EUS Disease,3,.jpg,640,640,RGB,ea95d0a53a1a7926aeee6fdf463a16d5fc9b6716f371bbdcacbeaaba637eaedb,41c1dcbca6be3a5b,ok,,g1581,val
data/original/aquahealth/test_split/EUS_EUS_178.jpg,test_split,EUS,EUS Disease,3,.jpg,640,640,RGB,0d1daff9ee15b89569443d9edd7a40d81bcb9a547ca4c86b995a00c2e07680da,e3ec4ceebc9c8c3d,ok,,g2776,train
data/original/aquahealth/test_split/EUS_EUS_187.jpg,test_split,EUS,EUS Disease,3,.jpg,640,640,RGB,e0e9738a6e2b70d04262baf9c1e5535e715ade7861f4b67ae344792529b3983f,c9c3070d0d09ec3c,ok,,g2584,train
data/original/aquahealth/test_split/EUS_EUS_19.jpg,test_split,EUS,EUS Disease,3,.jpg,640,640,RGB,a3755fdb49dcafb7965478ffb888bb4379662d07cd78f899b5ee07e10bee1c68,e8c0d09afafb3c34,ok,,g2821,train
data/original/aquahealth/test_split/EUS_EUS_190.jpg,test_split,EUS,EUS Disease,3,.jpg,640,640,RGB,1bbd13daa9037075cbb069f8a37400cb1be9011c0300f4dfd932590a20be81ee,e0a6061fb9702031,ok,,g2700,train
data/original/aquahealth/test_split/EUS_EUS_224.jpg,test_split,EUS,EUS Disease,3,.jpg,640,640,RGB,d7de321857d920e81f10a03ea8678fbbe47ceea0925d6bec020e4e03e76ab853,07cf0d3d3f0f3d3f,ok,,g473,val
data/original/aquahealth/test_split/EUS_EUS_226.jpg,test_split,EUS,EUS Disease,3,.jpg,640,640,RGB,beda4b765ebcde42552a92408f11220eebdb5da2ee0179b16b88a6cb0c9cbcc2,1cfcf3f3f6e67630,ok,,g961,test
data/original/aquahealth/test_split/EUS_EUS_231.jpg,test_split,EUS,EUS Disease,3,.jpg,640,640,RGB,8c7a9bb94218f3421ba11fb4c04ca24a620bf3a8c8ed2cba567cddca9402d6c1,600c1cd991871c38,ok,,g1748,train
data/original/aquahealth/test_split/EUS_EUS_233.jpg,test_split,EUS,EUS Disease,3,.jpg,640,640,RGB,251b7a81e0f87cad1fdd3d9db49cdfb851a000bffc1e3566d606f7eaecd14591,d8b8f8e4e4e0e0f0,ok,,g2640,test
data/original/aquahealth/test_split/EUS_EUS_251.jpg,test_split,EUS,EUS Disease,3,.jpg,640,640,RGB,1029a9103226047879fb66800635244aeb136d8007cb0c2f4a217b495c2f9c5a,0f1f3b3f3f3f3f17,ok,,g718,test
data/original/aquahealth/test_split/EUS_EUS_263.jpg,test_split,EUS,EUS Disease,3,.jpg,640,640,RGB,3e5f28ae48267b2d57e711b714f2d6cc061f6f8d4cf4aaebddf3179881e1e6e9,49ccecccec6c2d2d,ok,,g1647,test
data/original/aquahealth/test_split/EUS_EUS_27.jpg,test_split,EUS,EUS Disease,3,.jpg,640,640,RGB,6aa5978217905d51976bbf25234546e03a91935ee7b2c6c95a3a4ca602642169,420683030323078c,ok,,g1585,train
data/original/aquahealth/test_split/EUS_EUS_273.jpg,test_split,EUS,EUS Disease,3,.jpg,640,640,RGB,c48f65f0d27c63740983c6aeab801684130c58d09cf34c59122cf97f0ba51ab9,2fbcb9a5870920e0,ok,,g1248,val
data/original/aquahealth/test_split/EUS_EUS_282.jpg,test_split,EUS,EUS Disease,3,.jpg,640,640,RGB,0c2a7f4cdfcceb82dd08ed097e5f89e8bc3c48ce641fa19247cb48f4381af496,93465794d592f5c3,ok,,g2285,train
data/original/aquahealth/test_split/EUS_EUS_283.jpg,test_split,EUS,EUS Disease,3,.jpg,640,640,RGB,190275ce189892f8f50fefccaa056bb35506bd1b72a52a31fa7421667cca8677,7223261d0d3c5a1e,ok,,g1952,test
data/original/aquahealth/test_split/EUS_EUS_289.jpg,test_split,EUS,EUS Disease,3,.jpg,640,640,RGB,519a2f2471e30c1ab98c576ada72bab5b990474213ba48568f15cfa1a179ebb7,6060e030d99b3832,ok,,g1761,train
data/original/aquahealth/test_split/EUS_EUS_291.jpg,test_split,EUS,EUS Disease,3,.jpg,640,640,RGB,e632d07321a35fd05adde6533e259c041967c4d1ad3dab77e8737013e8cd1154,c3c0c310c0cc8ece,ok,,g2533,train
data/original/aquahealth/test_split/EUS_EUS_293.jpg,test_split,EUS,EUS Disease,3,.jpg,640,640,RGB,30672c5108d8958e4a79bbc044c60ac6111dda18c97bbfc7470ae1712790f7c9,2068687a766608c1,label_conflict,,g1123,
data/original/aquahealth/test_split/EUS_EUS_30.jpg,test_split,EUS,EUS Disease,3,.jpg,259,194,RGB,5de0f9be828ef39d798e27fb3760ba0c8b5e29a47dfdfc7096e41b0b2f980534,6363131f1e090101,label_conflict,,g1802,
data/original/aquahealth/test_split/EUS_EUS_306.jpg,test_split,EUS,EUS Disease,3,.jpg,640,640,RGB,cc61ff56b18dd92cbdf1f344b17e3d2eb96dbed4044703914b435e57fded6337,cce841001033e0c0,ok,,g2598,train
data/original/aquahealth/test_split/EUS_EUS_307.jpg,test_split,EUS,EUS Disease,3,.jpg,640,640,RGB,52ceda2b0d8eb9f6b136dec4549e2fd16def64d6f170c4849d61296495082212,f3f1e0e4cecae671,ok,,g2924,val
data/original/aquahealth/test_split/EUS_EUS_315.jpg,test_split,EUS,EUS Disease,3,.jpg,640,640,RGB,ca38fdc972d0ccd37d36bbdecbaa64fcc21e4b7c10e74848d20b7125ce76d03c,86063f7fbfcfc687,ok,,g2187,train
data/original/aquahealth/test_split/EUS_EUS_316.jpg,test_split,EUS,EUS Disease,3,.jpg,640,640,RGB,da52ba7337998a469b9012944b744e9be2b6972995d7b8591a02e9d1d2242e34,0e070b1b33332b3c,ok,,g600,train
data/original/aquahealth/test_split/EUS_EUS_320.jpg,test_split,EUS,EUS Disease,3,.jpg,640,640,RGB,d9d6cdf613e915a25bd94b4cfc890df21a3d6c5ce59d2d214f17f38c46a6186e,c170de8363c29870,ok,,g2508,val
data/original/aquahealth/test_split/EUS_EUS_330.jpg,test_split,EUS,EUS Disease,3,.jpg,640,640,RGB,2e9b219453b201a5294a955bb1d8348e58471c066b1953f4433ae0e5a6e884c2,3f13491d0e330f0f,ok,,g1501,train
data/original/aquahealth/test_split/EUS_EUS_337.jpg,test_split,EUS,EUS Disease,3,.jpg,640,640,RGB,c58e1d1c034a6ac0ff777f5779b39b59f3c46a538919bb5bd9f7b58fc1622f42,2f6e122307169eb5,ok,,g1246,val
data/original/aquahealth/test_split/EUS_EUS_338.jpg,test_split,EUS,EUS Disease,3,.jpg,640,640,RGB,d244d3d13d375f157083ad479aad5e0aaad579dbbc6f431f345cc91c7f22b0a0,0f1e7ed9b9b3070f,ok,,g711,val
data/original/aquahealth/test_split/EUS_EUS_340.jpg,test_split,EUS,EUS Disease,3,.jpg,640,640,RGB,fe0d4156ce355d743a67b96a6c0a1854cdac48bcd91a2689cd5d4469102495be,969ba3230f1f9959,ok,,g2293,train
data/original/aquahealth/test_split/EUS_EUS_349.jpg,test_split,EUS,EUS Disease,3,.jpg,640,640,RGB,37bd8b9467d8711ddb795ede50a9d637dbfbb5c3e6709288c68500d29dc33797,f346442020d41c2e,ok,,g2919,val
data/original/aquahealth/test_split/EUS_EUS_352.jpg,test_split,EUS,EUS Disease,3,.jpg,640,640,RGB,f583acb32345e36436159b966103d78cdb72772108b6005e444444ea8eccf1b9,dbc9656525252667,ok,,g2668,test
data/original/aquahealth/test_split/EUS_EUS_39.jpg,test_split,EUS,EUS Disease,3,.jpg,640,640,RGB,03d4527e1e9fd167799a71dd10443fb204660f87c95b48c81ba35775ef4be64f,0f0f78690d0d0b07,ok,,g686,train
data/original/aquahealth/test_split/EUS_EUS_4.jpg,test_split,EUS,EUS Disease,3,.jpg,640,640,RGB,bae4d2ce29944edb1c20519403487800290aecc658d721cb7b819cbc56bb7173,67664e8f8f8e4e5c,ok,,g1856,train
data/original/aquahealth/test_split/EUS_EUS_49.jpg,test_split,EUS,EUS Disease,3,.jpg,640,640,RGB,72e4b8a9c99f62681a544e94fce4d413b26896b19aa0383c8794a473d2e6a8ec,f3fbcb9b130f8793,ok,,g2931,train
data/original/aquahealth/test_split/EUS_EUS_53.jpg,test_split,EUS,EUS Disease,3,.jpg,640,640,RGB,90ec476d008631faf04e8bc4bafec1c8e7caf51630463e6de253ef2000e8c134,3af3f3e3e7e7e7e6,ok,,g1417,train
data/original/aquahealth/test_split/EUS_EUS_54.jpg,test_split,EUS,EUS Disease,3,.jpg,640,640,RGB,e921589eb87932cdb60e05d8d3de4d6ba472d278dee01dd8f4d61f60000c9480,8c601c5ce27979f9,ok,,g2235,train
data/original/aquahealth/test_split/EUS_EUS_64.jpg,test_split,EUS,EUS Disease,3,.jpg,640,640,RGB,b25aee0075ed6319c4f87cdd9cd5e89920be5c74be115a6d3449d34505597255,cfcf4f47c6c6e667,ok,,g2615,train
data/original/aquahealth/test_split/EUS_EUS_68.jpg,test_split,EUS,EUS Disease,3,.jpg,640,640,RGB,fffe7fa2d262b13a5e0d5ceada0011b5c3afb585ebeb345d186d5d88dc4867e0,c0c0d0c0e4e8f078,ok,,g2481,train
data/original/aquahealth/test_split/EUS_EUS_73.jpg,test_split,EUS,EUS Disease,3,.jpg,640,640,RGB,15af6e82286e3b1ac527feea342d5c5b4d31ee68ced4947df5bf260a593524ed,1f1f1d1d9712c37f,ok,,g1049,train
data/original/aquahealth/test_split/EUS_EUS_80.jpg,test_split,EUS,EUS Disease,3,.jpg,640,640,RGB,44655aba005df1e42e7506960a448368ed45b41eea710ff9748bb491f170fb6d,cbcb1e191d0d2626,ok,,g2589,train
data/original/aquahealth/test_split/EUS_EUS_81.jpg,test_split,EUS,EUS Disease,3,.jpg,640,640,RGB,8d8881e430a876cbc68730d97322bf972d193c13d72439d3e4d8736d580a091c,263ba60c4c4c1c01,ok,,g1183,train
data/original/aquahealth/test_split/EUS_EUS_94.jpg,test_split,EUS,EUS Disease,3,.jpg,640,640,RGB,ed949ab31c534f38c03d8f461584e7e6f9448546ea364bda2e11e60a58e53417,2124a60f1f3c2041,ok,,g1136,train
data/original/aquahealth/test_split/Fungal diseases Saprolegniasis_Fungal diseases Saprolegniasis_1.jpeg,test_split,Fungal diseases Saprolegniasis,Saprolegniasis,4,.jpeg,224,224,RGB,311a2eba680b4cbd367bbbdbf1ff50a3766f8ed8303400f3c270711a0ba0ca87,d8983cc4e0d9db4e,ok,,g2639,train
data/original/aquahealth/test_split/Fungal diseases Saprolegniasis_Fungal diseases Saprolegniasis_128.jpg,test_split,Fungal diseases Saprolegniasis,Saprolegniasis,4,.jpg,640,640,RGB,cecb290b7ed00b388a75365d4f03609c8116be4a38322e652d7012f28830c87c,6363631151613971,ok,,g1805,test
data/original/aquahealth/test_split/Fungal diseases Saprolegniasis_Fungal diseases Saprolegniasis_13.jpg,test_split,Fungal diseases Saprolegniasis,Saprolegniasis,4,.jpg,128,128,RGB,42a7a0b905155e43cf417decde297c5b343dbb91e331f80adfb1bbc6ae8774d4,c5153b3f7e7e1a1a,ok,,g2554,train
data/original/aquahealth/test_split/Fungal diseases Saprolegniasis_Fungal diseases Saprolegniasis_141.jpg,test_split,Fungal diseases Saprolegniasis,Saprolegniasis,4,.jpg,640,640,RGB,3e73398bdfd7bb692969f7ce96c8f9760511b1de628289e42fb63d203ba855d5,7fbf3f1f3e0e0f0f,ok,,g2116,train
data/original/aquahealth/test_split/Fungal diseases Saprolegniasis_Fungal diseases Saprolegniasis_144.jpg,test_split,Fungal diseases Saprolegniasis,Saprolegniasis,4,.jpg,640,640,RGB,627ccb80002c630fbed360abd136a7003ef5c4bd19deb9dd73604197bdc304dd,131303000c030f1f,ok,,g830,train
data/original/aquahealth/test_split/Fungal diseases Saprolegniasis_Fungal diseases Saprolegniasis_15.jpg,test_split,Fungal diseases Saprolegniasis,Saprolegniasis,4,.jpg,224,224,RGB,445612b97b852f613e2df7f7080c529b8058fdbbf4a64b8c0f5643dfd67707b4,07001010072d2970,ok,,g358,train
data/original/aquahealth/test_split/Fungal diseases Saprolegniasis_Fungal diseases Saprolegniasis_182.jpg,test_split,Fungal diseases Saprolegniasis,Saprolegniasis,4,.jpg,640,640,RGB,7b57ea94ba96d542549c66d6258f97d59eccd5a3f9d74d8a827578afa096b1d2,e3fb5b7fefefff78,ok,,g2783,test
data/original/aquahealth/test_split/Fungal diseases Saprolegniasis_Fungal diseases Saprolegniasis_184.jpg,test_split,Fungal diseases Saprolegniasis,Saprolegniasis,4,.jpg,640,640,RGB,18c1d7e1da73cf54f6c483372fca6bfa298302aaf1cda54387bc3c30171d937d,f1b0f94fc300088e,ok,,g2902,train
data/original/aquahealth/test_split/Fungal diseases Saprolegniasis_Fungal diseases Saprolegniasis_222.jpg,test_split,Fungal diseases Saprolegniasis,Saprolegniasis,4,.jpg,640,640,RGB,de4843e5b37a0824ab89d90f56c1f8460bbfec4b6754f8e7b5433c83283768e5,0306848c0c981b13,ok,,g238,train
data/original/aquahealth/test_split/Fungal diseases Saprolegniasis_Fungal diseases Saprolegniasis_248.jpg,test_split,Fungal diseases Saprolegniasis,Saprolegniasis,4,.jpg,640,640,RGB,b27e98e88e8e140503e3a7c62c0cc7ade521b748b21f2cb2da62d1fecbb36af4,1b37efefffef7f5f,ok,,g926,val
data/original/aquahealth/test_split/Fungal diseases Saprolegniasis_Fungal diseases Saprolegniasis_29.jpeg,test_split,Fungal diseases Saprolegniasis,Saprolegniasis,4,.jpeg,224,224,RGB,0760bae55dc4e7b1a885ea936940003c82c25206adeea34db9bc8513037f3273,63ef0f1f7f3f1f1f,ok,,g1825,train
data/original/aquahealth/test_split/Fungal diseases Saprolegniasis_Fungal diseases Saprolegniasis_52.jpg,test_split,Fungal diseases Saprolegniasis,Saprolegniasis,4,.jpg,128,128,RGB,3cd5a49714217b467e26068928d69b9bd9d392b6c489a2e48d23728586c46790,1d1c3062dcf0c383,ok,,g966,train
data/original/aquahealth/test_split/Fungal diseases Saprolegniasis_Fungal diseases Saprolegniasis_53.jpg,test_split,Fungal diseases Saprolegniasis,Saprolegniasis,4,.jpg,128,128,RGB,fe4a4ac9e70f2c09429091be1c0a3d905fc5349c3b1d2deef35733e05395aa12,0b0e8d8f0e0f0f8f,ok,,g524,train
data/original/aquahealth/test_split/Fungal diseases Saprolegniasis_Fungal diseases Saprolegniasis_57.jpg,test_split,Fungal diseases Saprolegniasis,Saprolegniasis,4,.jpg,128,128,RGB,139b991c9ddf09505fcdfdb870ef6240dc396fd78fab368782334a61cde81d95,4541070f47c7c101,ok,,g1613,train
data/original/aquahealth/test_split/Fungal diseases Saprolegniasis_Fungal diseases Saprolegniasis_75.jpg,test_split,Fungal diseases Saprolegniasis,Saprolegniasis,4,.jpg,128,128,RGB,3521fe0578491f66577074f21bbcaaa592ebdfe90f14f8ca5257a3a34cc367fe,80c0c060f0f07878,ok,,g2131,val
data/original/aquahealth/test_split/Fungal diseases Saprolegniasis_Fungal diseases Saprolegniasis_79.jpg,test_split,Fungal diseases Saprolegniasis,Saprolegniasis,4,.jpg,128,128,RGB,5edd5f8941476280ca7c0cf8fc0aee5bcff617e02f21a26856f1888079122581,db39b8b0f0307070,ok,,g2666,train
data/original/aquahealth/test_split/Fungal diseases Saprolegniasis_Fungal diseases Saprolegniasis_80.jpg,test_split,Fungal diseases Saprolegniasis,Saprolegniasis,4,.jpg,128,128,RGB,34960df89971de033016ee362d2cdc559de54c42a759d44ba10c495d8d870352,8fe0f2f0b8388c0e,ok,,g2271,test
data/original/aquahealth/test_split/Fungal diseases Saprolegniasis_Fungal diseases Saprolegniasis_91.jpg,test_split,Fungal diseases Saprolegniasis,Saprolegniasis,4,.jpg,128,128,RGB,8a7993f34f0ac1b330b2cf467d13373e342b1cf1c08455ec8e6dc23a2850abf1,01007071998c8800,ok,,g139,train
data/original/aquahealth/test_split/Fungal diseases Saprolegniasis_Fungal diseases Saprolegniasis_92.jpg,test_split,Fungal diseases Saprolegniasis,Saprolegniasis,4,.jpg,128,128,RGB,a9a5cf43f797b87f6241664896ec21b12b6f21491c5f9f650a7a05279d82ebdd,1f1f7fd3d3b37878,ok,,g1058,val
data/original/aquahealth/test_split/Healthy Fish_Healthy Fish_163.jpg,test_split,Healthy Fish,Healthy Fish,7,.jpg,640,640,RGB,7f5c1be18b34dab406473ae82b04cb9159c3514a537cc105ad496725287377c0,fa1e1d3c7167e6d2,ok,,g2985,val
data/original/aquahealth/test_split/Healthy Fish_Healthy Fish_183.jpg,test_split,Healthy Fish,Healthy Fish,7,.jpg,640,640,RGB,225ea1b7055ffa32a46827f59af226c923e60225debd54976fbc74f16dd1feaf,c080200080c0c0c0,ok,,g2469,train
data/original/aquahealth/test_split/Healthy Fish_Healthy Fish_201.jpg,test_split,Healthy Fish,Healthy Fish,7,.jpg,640,640,RGB,ecf1284d57988ee8d6b704db72c5fead16bd0f586addc2f0883f7b1d07cd69f9,10b0b0f8d8b0f010,ok,,g810,train
data/original/aquahealth/test_split/Healthy Fish_Healthy Fish_220.jpg,test_split,Healthy Fish,Healthy Fish,7,.jpg,640,640,RGB,2ffe9bcb451233239281491d1c775a0065e03b0341b5d1b71c3b3e34d9c8fbd3,6460483c0c8c8c1c,ok,,g1828,test
data/original/aquahealth/test_split/Healthy Fish_Healthy Fish_228.jpg,test_split,Healthy Fish,Healthy Fish,7,.jpg,640,640,RGB,093e23996fb579cc6f927560c825bd907eee399bbe6754291eccab70f01db7df,4b4be3e0f0c0424c,ok,,g1651,train
data/original/aquahealth/test_split/Healthy Fish_Healthy Fish_244.jpg,test_split,Healthy Fish,Healthy Fish,7,.jpg,640,640,RGB,282b9c9132dbe778d6d918cc58ea1e7a64eb6e0039777c35ef88b1e861902eaa,0f8f8f1b138d8707,ok,,g780,train
data/original/aquahealth/test_split/Healthy Fish_Healthy Fish_249.jpg,test_split,Healthy Fish,Healthy Fish,7,.jpg,640,640,RGB,cb3f62ee5a6f5c3d99fc0b2793cd2f11e4a4f6fbc6dad99ff2b84c4fecbcf1b9,0040c4c43074d0c0,ok,,g96,val
data/original/aquahealth/test_split/Healthy Fish_Healthy Fish_256.jpg,test_split,Healthy Fish,Healthy Fish,7,.jpg,640,640,RGB,df519bcb0beb4de9c19a81b64fff5d1f3261f9166ec011fa690ebfbd397a89ec,e0c0c00021808000,ok,,g2707,test
data/original/aquahealth/test_split/Healthy Fish_Healthy Fish_278.jpg,test_split,Healthy Fish,Healthy Fish,7,.jpg,640,640,RGB,102ab993417d3129d38d6a7c6e2ae16d062014c9ae874a1b9da28aa83f105c4f,307070ccd8f86474,ok,,g1265,train
data/original/aquahealth/test_split/Healthy Fish_Healthy Fish_294.jpg,test_split,Healthy Fish,Healthy Fish,7,.jpg,640,640,RGB,9b54210672c5f51e8386e5b4070eaf285c16bde74b25c06f1f18fe8f50f9a17d,f2f2acc2ea612020,ok,,g2917,val
data/original/aquahealth/test_split/Healthy Fish_Healthy Fish_302.jpg,test_split,Healthy Fish,Healthy Fish,7,.jpg,640,640,RGB,10bf7b55b83f850ae9cf447fc3e90cfd8d233985ff737446058546e3a835d4e9,e48949020c90c2c2,ok,,g2786,train
data/original/aquahealth/test_split/Healthy Fish_Healthy Fish_303.jpg,test_split,Healthy Fish,Healthy Fish,7,.jpg,640,640,RGB,b8e35c2e16fb9eaaef527a4b2f068c235c9a52225f2a52041683d1f63646615d,7496dfcf73ed6fce,ok,,g1974,test
data/original/aquahealth/test_split/Healthy Fish_Healthy Fish_307.jpg,test_split,Healthy Fish,Healthy Fish,7,.jpg,640,640,RGB,18b724f22fbaa6b2bfb540c4fd5ebc651d1470aa1a0bcbc07c52fa3bd09927e6,038b0b0381f17e07,ok,,g296,test
data/original/aquahealth/test_split/Healthy Fish_Healthy Fish_310.jpg,test_split,Healthy Fish,Healthy Fish,7,.jpg,640,640,RGB,6a3692f605c9e02fa6664c7cb70a88af624e2e6450dd2547a40b6e1e8fd50956,001070fcbcb80100,ok,,g68,train
data/original/aquahealth/test_split/Healthy Fish_Healthy Fish_317.jpg,test_split,Healthy Fish,Healthy Fish,7,.jpg,640,640,RGB,89100d3fae3704b1a63ad41122f3e41e5c5d3336820ccb26f07c9ac7052abb63,5347076307170744,ok,,g1701,val
data/original/aquahealth/test_split/Healthy Fish_Healthy Fish_334.jpg,test_split,Healthy Fish,Healthy Fish,7,.jpg,640,640,RGB,12aed7e55739d4a33e21f8e774933b7a8600b63fdba555abb083cb5e89d1b71d,1f0f0f0f0f1f1f17,ok,,g1027,train
data/original/aquahealth/test_split/Healthy Fish_Healthy Fish_340.jpg,test_split,Healthy Fish,Healthy Fish,7,.jpg,640,640,RGB,83fc8442321a0bfaa31251fec5f5509b825af9dd8b6b5912beddc865a35781ba,73f3ca86c6c9e574,ok,,g1968,train
data/original/aquahealth/test_split/Healthy Fish_Healthy Fish_345.jpg,test_split,Healthy Fish,Healthy Fish,7,.jpg,640,640,RGB,a654c204710b45ab5018207d2236548fe49040f163c04ab0ec9bcb0eb9ebf8d8,c6c20e2e8e8782c0,ok,,g2559,test
data/original/aquahealth/test_split/Healthy Fish_Healthy Fish_349.jpg,test_split,Healthy Fish,Healthy Fish,7,.jpg,640,640,RGB,d15c8a3fa9abbe1afa7da1a11fc04c47cfdc8203df6650de0101f3b62cef090a,2418f3f2f0f07200,ok,,g1171,train
data/original/aquahealth/test_split/Healthy Fish_Healthy Fish_350.jpg,test_split,Healthy Fish,Healthy Fish,7,.jpg,640,640,RGB,59af966ea2c3e30af029fbf9d0045741d1e2f9f0cea6e5f9625305639950f265,8d4e0e170b0b0fd4,ok,,g2244,test
data/original/aquahealth/test_split/Healthy Fish_Healthy Fish_351.jpg,test_split,Healthy Fish,Healthy Fish,7,.jpg,640,640,RGB,c1890832e9bd47d5953dd9cac5aeffe532fd6489b3d4124a4f0b4e256cf64e79,1f3f1f0f0f1f1b83,ok,,g1068,train
data/original/aquahealth/test_split/Healthy Fish_Healthy Fish_354.jpg,test_split,Healthy Fish,Healthy Fish,7,.jpg,640,640,RGB,0fd4170062f6dfa860044e30bf1d9a0896d917bce1b7cde46cfc47db0036075f,79333373f3f82636,ok,,g2021,train
data/original/aquahealth/test_split/Healthy Fish_Healthy Fish_365.jpg,test_split,Healthy Fish,Healthy Fish,7,.jpg,640,640,RGB,6687f0cf63f77bee7227e979589d526f7c1d35f43f8fbd5cdfe82b12ceb3ada3,554907371f1e177c,ok,,g1703,test
data/original/aquahealth/test_split/Healthy Fish_Healthy Fish_367.jpg,test_split,Healthy Fish,Healthy Fish,7,.jpg,640,640,RGB,d3640f570beb21a0317a4639e178a2d57f7e9d7c96fd8a2c25b7790f0a746040,431f3f3f3f1fd4ec,ok,,g1593,train
data/original/aquahealth/test_split/Healthy Fish_Healthy Fish_370.jpg,test_split,Healthy Fish,Healthy Fish,7,.jpg,640,640,RGB,5b770623a287288656914eebed8cc24bf2a6422e41d78f50438e06922cda36ec,fce687170703070f,ok,,g3006,train
data/original/aquahealth/test_split/Healthy Fish_Healthy Fish_379.jpg,test_split,Healthy Fish,Healthy Fish,7,.jpg,640,640,RGB,658ce7888c36b9842a84c5641064570c7d0dc0cc99773e1943e7058fef800013,6183061eb6e9a72c,ok,,g1787,train
data/original/aquahealth/test_split/Healthy Fish_Healthy Fish_381.jpg,test_split,Healthy Fish,Healthy Fish,7,.jpg,640,640,RGB,af040a05d71c35deffe84c55ea170eb5238e35b034a556c45a4b2a53aac24530,39686e1f1f6e6c3d,ok,,g1405,test
data/original/aquahealth/test_split/Healthy Fish_Healthy Fish_385.jpg,test_split,Healthy Fish,Healthy Fish,7,.jpg,640,640,RGB,011c4c2775a2d0c1a68782f5ffeef8e30e5579d6a937c89457f11d6bc5fb9d88,130f0f0745410383,ok,,g828,train
data/original/aquahealth/test_split/Healthy Fish_Healthy Fish_397.jpg,test_split,Healthy Fish,Healthy Fish,7,.jpg,640,640,RGB,2ea06a0a576562edbe8e46eda79d92b125d8cad6f6b69e430f8f6bcfd264fff0,172f664e6e66ea4e,ok,,g862,train
data/original/aquahealth/test_split/Healthy Fish_Healthy Fish_398.jpg,test_split,Healthy Fish,Healthy Fish,7,.jpg,640,640,RGB,33852cf61d15e2bab39e8c83d00382a5d32bab41047e4617860cf6c7d1374b53,6f3f670307830f1d,ok,,g1894,train
data/original/aquahealth/test_split/Healthy Fish_Healthy Fish_400.jpg,test_split,Healthy Fish,Healthy Fish,7,.jpg,640,640,RGB,b5c0b8b1d836cb76c76a62f9d847a55a2fe88bd1b58bc07e6f89c69a8b39d0e6,0f1f1f372f0fcfee,ok,,g715,train
data/original/aquahealth/test_split/Healthy Fish_Healthy Fish_401.jpg,test_split,Healthy Fish,Healthy Fish,7,.jpg,640,640,RGB,b2e601320bf57bc6206d0517c9c938361ba20165630382c3b5a9551ea82e013d,6f6f8f0f0f0e3929,ok,,g1903,test
data/original/aquahealth/test_split/Healthy Fish_Healthy Fish_405.jpg,test_split,Healthy Fish,Healthy Fish,7,.jpg,640,640,RGB,2605b5807abf43d64b9d328e1eed5674f3165e3e1af48ce7677a3442f430ab41,8c1f1f2f0f168aa0,ok,,g2234,test
data/original/aquahealth/test_split/Healthy Fish_Healthy Fish_419.jpg,test_split,Healthy Fish,Healthy Fish,7,.jpg,640,640,RGB,4bde77ce99bfe28f0abcfad2e9648e71f9760a97a7b42236c72886543a29ee07,6a9fd7574e4e4f39,ok,,g1871,val
data/original/aquahealth/test_split/Healthy Fish_Healthy Fish_421.jpg,test_split,Healthy Fish,Healthy Fish,7,.jpg,640,640,RGB,60d73c586faf8e88fdb4935f74a2b9f8b84aab4a4ea99812271075a9f86d3285,3f3b310f27271727,ok,,g1514,train
data/original/aquahealth/test_split/Healthy Fish_Healthy Fish_431.jpg,test_split,Healthy Fish,Healthy Fish,7,.jpg,640,640,RGB,f739ee888bc83d6afe92861c0a4afba082644e5db2ea2c3bf6380429ee949a86,b0870f3f7f3e3e1f,ok,,g2403,test
data/original/aquahealth/test_split/Healthy Fish_Healthy Fish_44.jpg,test_split,Healthy Fish,Healthy Fish,7,.jpg,640,640,RGB,ad449bc4b80e07602a0fe9f4a941a2bab816029b3cce3824535b2693f010a497,2727676767672767,ok,,g1193,train
data/original/aquahealth/test_split/Healthy Fish_Healthy Fish_440.jpg,test_split,Healthy Fish,Healthy Fish,7,.jpg,640,640,RGB,0d7709d814e1fe42ab94dda87a7047ac9614f46d18b7d8d026d1ac901e8beb51,0e0cc6c767e7efcc,ok,,g603,train
data/original/aquahealth/test_split/Healthy Fish_Healthy Fish_443.jpg,test_split,Healthy Fish,Healthy Fish,7,.jpg,640,640,RGB,82e6a7ab0e2085c2535eb039e9bea92cc445992213c8f851be1db2f89e0f757b,7e7c191f3f0f1f1d,ok,,g2086,train
data/original/aquahealth/test_split/Healthy Fish_Healthy Fish_456.jpg,test_split,Healthy Fish,Healthy Fish,7,.jpg,640,640,RGB,8aeb40c8d4a1e8fa7c3b893ab29b117d787314a36247514797e6a76e55580026,e0c282c282c2c2c0,ok,,g2710,train
data/original/aquahealth/test_split/Healthy Fish_Healthy Fish_466.jpg,test_split,Healthy Fish,Healthy Fish,7,.jpg,640,640,RGB,79cf125b8644ca351f484dbeb6834688de1301d7668e27d2220d973ef806063d,3d9fb3dd7e3e3f3c,ok,,g1477,val
data/original/aquahealth/test_split/Healthy Fish_Healthy Fish_474.jpg,test_split,Healthy Fish,Healthy Fish,7,.jpg,640,640,RGB,a043838b56e97306b5b7e191dbfa82859169f6692845d193dadf2df33364a3e8,93a893070e11c33e,ok,,g2289,val
data/original/aquahealth/test_split/Healthy Fish_Healthy Fish_477.jpg,test_split,Healthy Fish,Healthy Fish,7,.jpg,640,640,RGB,c537f50813fcf816c42eeb98efc7c9d0f7c6d090098cc6525da124a4f1222f23,191d1b191e92d180,ok,,g900,train
data/original/aquahealth/test_split/Healthy Fish_Healthy Fish_478.jpg,test_split,Healthy Fish,Healthy Fish,7,.jpg,640,640,RGB,142ce953562c620e6bcdd4428d918e4afc98d4466edc8a48b8e615b4bb27a2da,0707079e8c2c1e0f,ok,,g383,train
data/original/aquahealth/test_split/Healthy Fish_Healthy Fish_48.jpg,test_split,Healthy Fish,Healthy Fish,7,.jpg,640,640,RGB,5da4fe1c8e521dae1070704eda343a7b708f584c00051b321288b4caf9ddf9ec,3337272707070f4f,ok,,g1316,train
data/original/aquahealth/test_split/Healthy Fish_Healthy Fish_482.jpg,test_split,Healthy Fish,Healthy Fish,7,.jpg,640,640,RGB,b8273ffeba693f04e48c86a5ad03b021a563c738acf59b993a42eeb8359552db,f1f1c18f8f8eccfc,ok,,g2907,val
data/original/aquahealth/test_split/Healthy Fish_Healthy Fish_55.jpg,test_split,Healthy Fish,Healthy Fish,7,.jpg,640,640,RGB,fa85d1d98799f6c8446bafef84cac1bb8382fd51c0f17ce488226d0c06f17335,210b0f9f9f8f9fd3,ok,,g1133,train
data/original/aquahealth/test_split/Parasitic diseases_Parasitic diseases_103.jpg,test_split,Parasitic diseases,Parasitic Disease,5,.jpg,640,640,RGB,ad7359898febc014330ddffd547c832e31655fcf0200efb4bbf6e352a7550d0c,d10e0d1f7ffee3e9,ok,,g2622,train
data/original/aquahealth/test_split/Parasitic diseases_Parasitic diseases_104.jpg,test_split,Parasitic diseases,Parasitic Disease,5,.jpg,640,640,RGB,f638614c29f878e385f24937d8a335a37f6f7d308e02ac4a42eddfdfb5332f48,1303c78743c30303,ok,,g827,train
data/original/aquahealth/test_split/Parasitic diseases_Parasitic diseases_107.jpg,test_split,Parasitic diseases,Parasitic Disease,5,.jpg,640,640,RGB,76c91f4253f597adabaf60bb0b83d597b0c594b0682b62398f45efb2c92510da,b83c3dbffbb68000,ok,,g2429,val
data/original/aquahealth/test_split/Parasitic diseases_Parasitic diseases_11.jpg,test_split,Parasitic diseases,Parasitic Disease,5,.jpg,128,128,RGB,f3f238afd9626d1cd5e13b9b1cd9200b619791442c20a7c015f1553c8919d516,060787c6e6fe1f1f,ok,,g342,train
data/original/aquahealth/test_split/Parasitic diseases_Parasitic diseases_12.jpg,test_split,Parasitic diseases,Parasitic Disease,5,.jpg,224,224,RGB,19aa52d1fc954358c86727b0d0e7739de5523c05e0365143c1550af21c19481a,d77e3c1d0f8f8ecc,ok,,g2634,train
data/original/aquahealth/test_split/Parasitic diseases_Parasitic diseases_137.jpg,test_split,Parasitic diseases,Parasitic Disease,5,.jpg,640,640,RGB,c8e3ffabb73c6dc70cd13d0a3d20d0c42b4b3d120f0e8c310a92c87a82623758,9e88181e1f1f1d9b,ok,,g2344,val
data/original/aquahealth/test_split/Parasitic diseases_Parasitic diseases_139.jpg,test_split,Parasitic diseases,Parasitic Disease,5,.jpg,640,640,RGB,02bacbdd48511a3c328cc8030c7042aa409a9a7bff69c43ea2f3a0867d2b0bd2,87c5c7070f0f0c68,ok,,g2214,train
data/original/aquahealth/test_split/Parasitic diseases_Parasitic diseases_145.jpg,test_split,Parasitic diseases,Parasitic Disease,5,.jpg,640,640,RGB,225396203d25edc29dc3a6787fbb0f343596aad6915b52786f30ebc063f33b47,8f0f37240471791d,ok,,g2259,test
data/original/aquahealth/test_split/Parasitic diseases_Parasitic diseases_149.jpg,test_split,Parasitic diseases,Parasitic Disease,5,.jpg,640,640,RGB,571c49258c78e51825edd5429d8c9cfb480d4004db3fc9945b3e275773efe342,2e6b3a93d2d2cd0c,ok,,g1223,train
data/original/aquahealth/test_split/Parasitic diseases_Parasitic diseases_152.jpg,test_split,Parasitic diseases,Parasitic Disease,5,.jpg,640,640,RGB,35f58d8266cd988293bf6b03889e056d12554c6bd8a96959ef32cd487fc2275f,0000606060f0f179,ok,,g26,train
data/original/aquahealth/test_split/Parasitic diseases_Parasitic diseases_159.jpg,test_split,Parasitic diseases,Parasitic Disease,5,.jpg,640,640,RGB,0cd38c291d8a13259944d8b3c793237a8aa12c7f07a42b242ad18591035b3d66,0f0f1f7feeecfdff,ok,,g674,train
data/original/aquahealth/test_split/Parasitic diseases_Parasitic diseases_16.jpg,test_split,Parasitic diseases,Parasitic Disease,5,.jpg,128,128,RGB,147f247497a5b48662227257a9a0ae3304c1c4233921d06dfbda531098b4d93f,0a0f1d3c0c000101,ok,,g513,train
data/original/aquahealth/test_split/Parasitic diseases_Parasitic diseases_160.jpg,test_split,Parasitic diseases,Parasitic Disease,5,.jpg,640,640,RGB,5648d66a4204a003adaf8cc1ba9a785308bc31ec32140661fd69620c0918f940,0f0f1fbbbdbf3732,ok,,g675,val
data/original/aquahealth/test_split/Parasitic diseases_Parasitic diseases_166.jpg,test_split,Parasitic diseases,Parasitic Disease,5,.jpg,640,640,RGB,397a44597c9866ae29afb1593e5e8546190a03b41b4d8715d0c4acced429f5e0,c1c4c0e0e0f5dd49,ok,,g2518,train
data/original/aquahealth/test_split/Parasitic diseases_Parasitic diseases_169.jpg,test_split,Parasitic diseases,Parasitic Disease,5,.jpg,640,640,RGB,e1bdb764253b5ee63795146424af75a53216d6263368e6777204f603ba7b5d22,176707070313f6f7,ok,,g867,train
data/original/aquahealth/test_split/Parasitic diseases_Parasitic diseases_17.jpg,test_split,Parasitic diseases,Parasitic Disease,5,.jpg,128,128,RGB,f5e94900d914b95b75042350bbb36f2ec24f8bf595a1127bd87b360d0053d5e5,e7e7c78743430303,ok,,g2813,val
data/original/aquahealth/test_split/Parasitic diseases_Parasitic diseases_177.jpg,test_split,Parasitic diseases,Parasitic Disease,5,.jpg,640,640,RGB,2c00eff5fc6158acf10a69ee076da3ae7b147d3bf575fe36a7b2c45b8fb5ed53,4000040989c9f0fe,ok,,g1557,val
data/original/aquahealth/test_split/Parasitic diseases_Parasitic diseases_194.jpg,test_split,Parasitic diseases,Parasitic Disease,5,.jpg,640,640,RGB,283424ad25624097985a6b2c818f617fd13e9b2f97659f70de7119c799789d90,e0c0c1c14302e763,ok,,g2708,train
data/original/aquahealth/test_split/Parasitic diseases_Parasitic diseases_201.jpg,test_split,Parasitic diseases,Parasitic Disease,5,.jpg,640,640,RGB,a036b0a0c33cf604e7f256077778ae7c76f0c7fa89ff1d3d50b8bc128dee0e51,c103028081031010,ok,,g2501,train
data/original/aquahealth/test_split/Parasitic diseases_Parasitic diseases_202.jpg,test_split,Parasitic diseases,Parasitic Disease,5,.jpg,640,640,RGB,11a4e423dbfa31a464fa4a95b881e9a8554a01d108104a7f2d166580db3a40fc,efefffff7f1f8e46,ok,,g2850,train
data/original/aquahealth/test_split/Parasitic diseases_Parasitic diseases_217.jpg,test_split,Parasitic diseases,Parasitic Disease,5,.jpg,640,640,RGB,001bfbb771c3d40af6dbb82e61835b420af41c607c01c97ac91e946d191c8e5b,02001df1e1c101c3,ok,,g200,train
data/original/aquahealth/test_split/Parasitic diseases_Parasitic diseases_221.jpg,test_split,Parasitic diseases,Parasitic Disease,5,.jpg,640,640,RGB,71fa7350ebfb6eb6c599c63adceb197724c23aeb24b27c4ef55484a48dcfee91,c08f1e5cdcfcc30f,ok,,g2474,train
data/original/aquahealth/test_split/Parasitic diseases_Parasitic diseases_241.jpg,test_split,Parasitic diseases,Parasitic Disease,5,.jpg,640,640,RGB,3566da8a6bcecb8d5f44b0e84f7d780bfca6bd2d257d15e61e0defb9f6c305f9,0e843c1c0c080000,ok,,g618,train
data/original/aquahealth/test_split/Parasitic diseases_Parasitic diseases_31.jpeg,test_split,Parasitic diseases,Parasitic Disease,5,.jpeg,224,224,RGB,9812cf9ca2f779225a016cdf4ae813288379703740a3cd193c1840797e788216,f0fcfe9f27777f78,ok,,g2897,train
data/original/aquahealth/test_split/Parasitic diseases_Parasitic diseases_34.jpg,test_split,Parasitic diseases,Parasitic Disease,5,.jpg,128,128,RGB,acb90326a1bb82e57d9575740048c9920093d1e6d6f6bc739e04d2cbbcd2fcdc,ecaca991d4743436,ok,,g2837,train
data/original/aquahealth/test_split/Parasitic diseases_Parasitic diseases_38.jpg,test_split,Parasitic diseases,Parasitic Disease,5,.jpg,128,128,RGB,e8071f392ceb6ee10baaa3eca932cb7f785e315d44ebddf11f7d75d150da147c,7f0471c4cec66033,ok,,g2091,train
data/original/aquahealth/test_split/Parasitic diseases_Parasitic diseases_40.jpg,test_split,Parasitic diseases,Parasitic Disease,5,.jpg,128,128,RGB,75583019b67d5bcbea06f44707c7bc618ad154d022fc0ed27c3e709682bc4683,090c3e63631b1c3b,ok,,g499,train
data/original/aquahealth/test_split/Parasitic diseases_Parasitic diseases_41.jpg,test_split,Parasitic diseases,Parasitic Disease,5,.jpg,128,128,RGB,1250e48277f828c8e4fc8343d4edb569494c67e0fd19040abe33c0dc2099ada5,7fffc21331338005,ok,,g2122,train
data/original/aquahealth/test_split/Parasitic diseases_Parasitic diseases_47.jpg,test_split,Parasitic diseases,Parasitic Disease,5,.jpg,128,128,RGB,a8b3b6d3d185c13bd28640aecb8a2a56073e7802e2eb8c351e655dea3a4da0e0,1785e7727c7c7cfc,ok,,g870,test
data/original/aquahealth/test_split/Parasitic diseases_Parasitic diseases_48.jpg,test_split,Parasitic diseases,Parasitic Disease,5,.jpg,128,128,RGB,0d663a2da25f4bfc9662f2a25acd482460aa3add6ef9e586489ed1642aef31e6,c7e35c5e9f1e80d0,ok,,g2569,train
data/original/aquahealth/test_split/Parasitic diseases_Parasitic diseases_52.jpg,test_split,Parasitic diseases,Parasitic Disease,5,.jpg,128,128,RGB,0a134259f144149e3eb8c64822fff18019bf51bcaa597fc2ac2827de0780d0dc,7e67e2eeee7f4b83,ok,,g2083,train
data/original/aquahealth/test_split/Parasitic diseases_Parasitic diseases_60.jpg,test_split,Parasitic diseases,Parasitic Disease,5,.jpg,128,128,RGB,80ea339093f4394713f0d1352eea2e8c015e792952de6ae058bed37b7b46204c,091f8cf1f8c8c1cf,ok,,g505,val
data/original/aquahealth/test_split/Parasitic diseases_Parasitic diseases_63.jpg,test_split,Parasitic diseases,Parasitic Disease,5,.jpg,128,128,RGB,96777cc95bb2e58c6dfc5cf3ec1cccb4aa71114a126d9e45606c269700cacf8a,9b6760638e1e7cfc,ok,,g2322,train
data/original/aquahealth/test_split/Parasitic diseases_Parasitic diseases_66.jpeg,test_split,Parasitic diseases,Parasitic Disease,5,.jpeg,224,224,RGB,f9a387ee76c26b5b9fcfa564528f6a48e2b70903b22f6e180b3a27d3b5ca9238,3e3ebe372723c696,ok,,g1487,train
data/original/aquahealth/test_split/Parasitic diseases_Parasitic diseases_73.jpg,test_split,Parasitic diseases,Parasitic Disease,5,.jpg,128,128,RGB,df7abc99fe3ab4ea933e2be71ac107b45d880feca53bc548e8cdaae3e17baa1b,612133110cc9800c,ok,,g1784,train
data/original/aquahealth/test_split/Parasitic diseases_Parasitic diseases_8.jpg,test_split,Parasitic diseases,Parasitic Disease,5,.jpg,224,224,RGB,ff509758a820755d5c99fb51504e9c81b4bef5d0fbfea82b0465f3c1843cf8fb,9e1e3c6da73d9c8e,ok,,g2340,train
data/original/aquahealth/test_split/Parasitic diseases_Parasitic diseases_96.jpg,test_split,Parasitic diseases,Parasitic Disease,5,.jpg,128,128,RGB,b18243c313cfbe477a8ed51fd250cc920e01e1981553a787b860a1eee540190e,0b1e1f2341501ee3,ok,,g527,test
data/original/aquahealth/test_split/Viral diseases White tail disease_Viral diseases White tail disease_129.jpg,test_split,Viral diseases White tail disease,White Tail Disease,6,.jpg,640,640,RGB,6e77d494b793c6717875324beacae5431eb1c15bd04ca47570b3ba270a97b8d0,90301e7e7c3d1a9e,ok,,g2273,test
data/original/aquahealth/test_split/Viral diseases White tail disease_Viral diseases White tail disease_154.jpg,test_split,Viral diseases White tail disease,White Tail Disease,6,.jpg,640,640,RGB,9475c4fb317a033c364f4d39417654f4c1db79bb397932b3418f05ec20185353,f48021b2b0f0f0e0,ok,,g2933,train
data/original/aquahealth/test_split/Viral diseases White tail disease_Viral diseases White tail disease_171.jpg,test_split,Viral diseases White tail disease,White Tail Disease,6,.jpg,640,640,RGB,1fc5698a2a8851327c37e047ac73aa24a45eb8ad86a96d3f09a328ffed48f6dc,c0f8e0a0060ff91c,ok,,g2500,train
data/original/aquahealth/test_split/Viral diseases White tail disease_Viral diseases White tail disease_198.jpg,test_split,Viral diseases White tail disease,White Tail Disease,6,.jpg,640,640,RGB,31dc404502a8fd274bd02de6b1e72e2c8dac36e2eb22b80c752b29fd5604ff9b,c08081073c077f7f,ok,,g2472,test
data/original/aquahealth/test_split/Viral diseases White tail disease_Viral diseases White tail disease_201.jpg,test_split,Viral diseases White tail disease,White Tail Disease,6,.jpg,640,640,RGB,7cd410d6847b7e623bed65920a09a078b84a999d4ab51171e41df3fc7333f7cb,6fee4e0e0f9fb78f,ok,,g1906,test
data/original/aquahealth/test_split/Viral diseases White tail disease_Viral diseases White tail disease_212.jpg,test_split,Viral diseases White tail disease,White Tail Disease,6,.jpg,640,640,RGB,bd6db9b39c7133f3541234c059d4439e214774d15fd98d4f09325704529d131b,62320c0101c1f0f1,ok,,g1794,train
data/original/aquahealth/test_split/Viral diseases White tail disease_Viral diseases White tail disease_220.jpg,test_split,Viral diseases White tail disease,White Tail Disease,6,.jpg,640,640,RGB,ad29eb5d5bb9db242dbba84a2a82b8b3e057b1c6bd97daec1e72ddfca0e9650c,e0f73e3c1c4c1d81,ok,,g2741,train
data/original/aquahealth/test_split/Viral diseases White tail disease_Viral diseases White tail disease_221.jpg,test_split,Viral diseases White tail disease,White Tail Disease,6,.jpg,640,640,RGB,47ecc2c6e3bfdcaf691998a6f57d6c0a9b86e90a1cbd0c5997130a619177b35d,91fdfb78f8b93d3c,ok,,g2279,val
data/original/aquahealth/test_split/Viral diseases White tail disease_Viral diseases White tail disease_223.jpg,test_split,Viral diseases White tail disease,White Tail Disease,6,.jpg,640,640,RGB,f2394810723f7f5bcc0474e73bb92a7cb9221563b4d47c740270fc701aed22d9,0f3bc10f232b0e84,ok,,g735,train
data/original/aquahealth/test_split/Viral diseases White tail disease_Viral diseases White tail disease_240.jpg,test_split,Viral diseases White tail disease,White Tail Disease,6,.jpg,640,640,RGB,e4a012672a36da805c504cae6172226f8a1fbbc2d160c87d1010ec099ab4a75d,7873e3c7ce84c3c6,ok,,g2006,train
data/original/aquahealth/test_split/Viral diseases White tail disease_Viral diseases White tail disease_243.jpg,test_split,Viral diseases White tail disease,White Tail Disease,6,.jpg,640,640,RGB,a56848422be05eb96935494c76bf72d70a8d9899af53f3e107383af0fdd27798,0280c83e0eccd800,ok,,g211,train
data/original/aquahealth/test_split/Viral diseases White tail disease_Viral diseases White tail disease_25.jpg,test_split,Viral diseases White tail disease,White Tail Disease,6,.jpg,128,128,RGB,1851189dc0b374332d7935662b2651b9f5044ae4f55275e0156ec4d1e2420f4f,301133b6a6338984,ok,,g1250,train
data/original/aquahealth/test_split/Viral diseases White tail disease_Viral diseases White tail disease_27.jpg,test_split,Viral diseases White tail disease,White Tail Disease,6,.jpg,224,224,RGB,0940b12ccbe06d04ab17722ac4b04e5bd3929f1321d58e25ac327ff76074cdbb,131bc3633070e090,ok,,g831,test
data/original/aquahealth/test_split/Viral diseases White tail disease_Viral diseases White tail disease_40.jpg,test_split,Viral diseases White tail disease,White Tail Disease,6,.jpg,128,128,RGB,0cb0a42b7c8d89190a7e0d5421394747f291cc18096e03ec248c7c383144673e,781f034f0f07071f,ok,,g1998,train
data/original/aquahealth/test_split/Viral diseases White tail disease_Viral diseases White tail disease_44.jpg,test_split,Viral diseases White tail disease,White Tail Disease,6,.jpg,128,128,RGB,ab485a62f0e51486c6d46275f53ca747f041fc2a604c4ed901e24baeb1bd29e2,000000a0a1e1e0e0,ok,,g10,test
data/original/aquahealth/test_split/Viral diseases White tail disease_Viral diseases White tail disease_66.jpg,test_split,Viral diseases White tail disease,White Tail Disease,6,.jpg,224,224,RGB,b3ab13bab10d7eb050e6abb30398348913e6c4208358bcedc5d51245faafd7bb,2135340f0f1b1606,ok,,g1140,test
data/original/aquahealth/test_split/Viral diseases White tail disease_Viral diseases White tail disease_7.jpg,test_split,Viral diseases White tail disease,White Tail Disease,6,.jpg,128,128,RGB,de3c409849dbb3dff6e9e0b68610de0fd3ac9f48a06f620777430e28148d27ad,c0c2997bfb6be1c0,ok,,g2486,train
data/original/aquahealth/test_split/Viral diseases White tail disease_Viral diseases White tail disease_73.jpg,test_split,Viral diseases White tail disease,White Tail Disease,6,.jpg,128,128,RGB,be3b9520e13c6caa649cad96b47e89c54140ffb0c8a2483a20d491880ae73278,b1716331340c0000,ok,,g2412,test
data/original/aquahealth/test_split/Viral diseases White tail disease_Viral diseases White tail disease_77.jpg,test_split,Viral diseases White tail disease,White Tail Disease,6,.jpg,128,128,RGB,8b106592989459a3efcef55ed4d9e48085f40415d62fc7d76ba18572121f6ccb,030f2f0b03d3dfdf,ok,,g250,val
data/original/aquahealth/test_split/Viral diseases White tail disease_Viral diseases White tail disease_90.jpg,test_split,Viral diseases White tail disease,White Tail Disease,6,.jpg,640,640,RGB,bc0fac298f7e42922236b3e3875a388c0265da0d06a164be3bd8e8eda6f527c6,1fcf7f33c6c10000,ok,,g1101,train
data/original/aquahealth/test_split/Viral diseases White tail disease_Viral diseases White tail disease_96.jpg,test_split,Viral diseases White tail disease,White Tail Disease,6,.jpg,640,640,RGB,d05e17a3634bc248ad8216355813f4e86e932e4b89f02ebf03f1c0e04329d919,c0d8d0b080cb9f9c,ok,,g2495,train
data/original/aquahealth/test_split/Viral diseases White tail disease_Viral diseases White tail disease_97.jpg,test_split,Viral diseases White tail disease,White Tail Disease,6,.jpg,640,640,RGB,f061dba71f88605402095aeccbe23d038bc85117472b2a24b5f8904291053523,70f8fc9c8404e6fe,ok,,g1940,train
