image_a,image_b,source_dataset_a,source_dataset_b,original_path_a,original_path_b,original_class_a,original_class_b,unified_class_a,unified_class_b,hash_type,hash_value_or_comparison,similarity_or_distance,duplicate_status,cross_dataset,label_relation,recommended_action,reason
current_freshwater-baaba54ce1e1,current_freshwater-e824fbe3be9b,current_freshwater,current_freshwater,train_split/EUS/EUS_238.jpg,train_split/EUS/EUS_aug_42.jpg,EUS,EUS,EUS Disease,EUS Disease,sha256,00b4d5169c6943c6fa34f3abbe1d597c66f41acdd31398308fbaa0757e5fab78,0,EXACT_DUPLICATE,False,SAME_LABEL,DROP_B_KEEP_A,byte-identical (policy: exact duplicates collapse to the first path)
current_freshwater-b75ffe8b1127,current_freshwater-0170a181a8c1,current_freshwater,current_freshwater,train_split/EUS/EUS_266.jpg,train_split/EUS/EUS_aug_60.jpg,EUS,EUS,EUS Disease,EUS Disease,sha256,00e1baf688ee6856a6475b203631551b99b48c5ab3dec1aee34bc413626b9e2f,0,EXACT_DUPLICATE,False,SAME_LABEL,DROP_B_KEEP_A,byte-identical (policy: exact duplicates collapse to the first path)
current_freshwater-af63950b8f1c,roboflow-6fc251162abc,current_freshwater,roboflow,train_split/Healthy Fish/Healthy Fish_215.jpg,train/Healthy Fish/Healthy-Fish-172-_jpg.rf.97f8b00ec8b26e1b6a29b927da95ae02.jpg,Healthy Fish,Healthy Fish,Healthy Fish,Healthy Fish,sha256,019fca397ad5801eb50a43787ffb0c5f77f6268956da14b9f924a090adfa537f,0,EXACT_DUPLICATE,True,SAME_LABEL,DROP_B_KEEP_A,byte-identical (policy: exact duplicates collapse to the first path)
current_freshwater-606f6e02aa1b,current_freshwater-2cbcd83e893c,current_freshwater,current_freshwater,train_split/Bacterial diseases - Aeromoniasis/Bacterial diseases - Aeromoniasis_aug_180.jpg,train_split/Bacterial diseases - Aeromoniasis/Bacterial diseases - Aeromoniasis_aug_254.jpg,Bacterial diseases - Aeromoniasis,Bacterial diseases - Aeromoniasis,Aeromoniasis,Aeromoniasis,sha256,02a49f84635ae3b73eaafef894e6a8498c898ec32e2f74d431655afc482dfc44,0,EXACT_DUPLICATE,False,SAME_LABEL,DROP_B_KEEP_A,byte-identical (policy: exact duplicates collapse to the first path)
kaptai-063f15b8a0cc,kaptai-8ea2a1b360b0,kaptai,kaptai,Argulus/18.jpg,Healthy Fish/healthy (26).jpg,Argulus,Healthy Fish,,Healthy Fish,sha256,090ad91feebbe3e4bf8dd1a4bda2a1601e62a85c566fe60cc4f3e1d55eef4ab4,0,EXACT_DUPLICATE,False,UNRESOLVED_LABEL,REVIEW,"byte-identical, a label is unresolved; the match is evidence for the mapping decision"
current_freshwater-179382445739,current_freshwater-722627566bca,current_freshwater,current_freshwater,train_split/Healthy Fish/Healthy Fish_380.jpg,train_split/Healthy Fish/Healthy Fish_aug_75.jpg,Healthy Fish,Healthy Fish,Healthy Fish,Healthy Fish,sha256,0a5ed7bd1382a50088c12f5afd9c63a095b74845676aea9cd6a51c25b2ce6aa7,0,EXACT_DUPLICATE,False,SAME_LABEL,DROP_B_KEEP_A,byte-identical (policy: exact duplicates collapse to the first path)
current_freshwater-4dd6bc23a8a1,current_freshwater-a91407310df2,current_freshwater,current_freshwater,train_split/Fungal diseases Saprolegniasis/Fungal diseases Saprolegniasis_aug_190.jpg,train_split/Fungal diseases Saprolegniasis/Fungal diseases Saprolegniasis_aug_334.jpg,Fungal diseases Saprolegniasis,Fungal diseases Saprolegniasis,Saprolegniasis,Saprolegniasis,sha256,0b8e520191c30f8531c8181554e833cc3afbbecc281082ece166fb0bb1a58bc5,0,EXACT_DUPLICATE,False,SAME_LABEL,DROP_B_KEEP_A,byte-identical (policy: exact duplicates collapse to the first path)
current_freshwater-f1d1bdcf38f8,roboflow-091b31907559,current_freshwater,roboflow,train_split/Healthy Fish/Healthy Fish_193.jpg,train/Healthy Fish/Healthy-Fish-144-_jpg.rf.360be2c174e5fd76361a72c2e04ddc08.jpg,Healthy Fish,Healthy Fish,Healthy Fish,Healthy Fish,sha256,0c20c668328e62fc4c41adb981f774933ef5acfa1f857c01af1135578121aa30,0,EXACT_DUPLICATE,True,SAME_LABEL,DROP_B_KEEP_A,byte-identical (policy: exact duplicates collapse to the first path)
current_freshwater-15f59c4dd811,current_freshwater-6c4c12483e8a,current_freshwater,current_freshwater,train_split/Fungal diseases Saprolegniasis/Fungal diseases Saprolegniasis_aug_341.jpg,train_split/Fungal diseases Saprolegniasis/Fungal diseases Saprolegniasis_aug_81.jpg,Fungal diseases Saprolegniasis,Fungal diseases Saprolegniasis,Saprolegniasis,Saprolegniasis,sha256,0c4014937f7feba3d7fe576603b28d5cca5051c670372cbdb795d33331da7b9b,0,EXACT_DUPLICATE,False,SAME_LABEL,DROP_B_KEEP_A,byte-identical (policy: exact duplicates collapse to the first path)
kaptai-db779039ef04,kaptai-e4af1e0f9be1,kaptai,kaptai,Argulus/30.jpg,Broken antennae and rostrum/Broken antennae and rostrum  (7).jpg,Argulus,Broken antennae and rostrum,,,sha256,0dcb687e7ae06c23071bbe9a3ac39b0701489b8627d9c2359c642dbb1657105c,0,EXACT_DUPLICATE,False,UNRESOLVED_LABEL,REVIEW,"byte-identical, a label is unresolved; the match is evidence for the mapping decision"
current_freshwater-a33c958ccd60,roboflow-a5de5c143f43,current_freshwater,roboflow,train_split/Healthy Fish/Healthy Fish_218.jpg,valid/Healthy Fish/Healthy-Fish-177-_jpg.rf.f69568338748dcc8232a1b57e97cc8f3.jpg,Healthy Fish,Healthy Fish,Healthy Fish,Healthy Fish,sha256,0f876af3de090bb2683ce946f6a3f2292d7ecbfa220c40025454b53bad4e741a,0,EXACT_DUPLICATE,True,SAME_LABEL,DROP_B_KEEP_A,byte-identical (policy: exact duplicates collapse to the first path)
current_freshwater-b837cf602c38,roboflow-6846972762ab,current_freshwater,roboflow,test_split/Healthy Fish_Healthy Fish_354.jpg,valid/Healthy Fish/Healthy-Fish-100-_jpg.rf.7b173c6a70bbdfd8381416b86a8bd97f.jpg,Healthy Fish,Healthy Fish,Healthy Fish,Healthy Fish,sha256,0fd4170062f6dfa860044e30bf1d9a0896d917bce1b7cde46cfc47db0036075f,0,EXACT_DUPLICATE,True,SAME_LABEL,DROP_B_KEEP_A,byte-identical (policy: exact duplicates collapse to the first path)
current_freshwater-a6a6edfbf23b,current_freshwater-b16e0f61a0c7,current_freshwater,current_freshwater,train_split/Fungal diseases Saprolegniasis/Fungal diseases Saprolegniasis_aug_260.jpg,train_split/Fungal diseases Saprolegniasis/Fungal diseases Saprolegniasis_aug_308.jpg,Fungal diseases Saprolegniasis,Fungal diseases Saprolegniasis,Saprolegniasis,Saprolegniasis,sha256,0fd82fab1f67f858b32124ee1ce1538bddf237c8611a8de7be2fd5b8d6876341,0,EXACT_DUPLICATE,False,SAME_LABEL,DROP_B_KEEP_A,byte-identical (policy: exact duplicates collapse to the first path)
current_freshwater-446d8dbd8437,roboflow-784951549429,current_freshwater,roboflow,test_split/Healthy Fish_Healthy Fish_278.jpg,train/Healthy Fish/Healthy-Fish-3-_png.rf.ab33c9980c7846124b94accde8d6b718.jpg,Healthy Fish,Healthy Fish,Healthy Fish,Healthy Fish,sha256,102ab993417d3129d38d6a7c6e2ae16d062014c9ae874a1b9da28aa83f105c4f,0,EXACT_DUPLICATE,True,SAME_LABEL,DROP_B_KEEP_A,byte-identical (policy: exact duplicates collapse to the first path)
current_freshwater-bdaa9981fea9,roboflow-6a1983be0e5d,current_freshwater,roboflow,test_split/Healthy Fish_Healthy Fish_334.jpg,valid/Healthy Fish/Healthy-Fish-69-_jpg.rf.b9678da33e70898098815bdfae1c52d3.jpg,Healthy Fish,Healthy Fish,Healthy Fish,Healthy Fish,sha256,12aed7e55739d4a33e21f8e774933b7a8600b63fdba555abb083cb5e89d1b71d,0,EXACT_DUPLICATE,True,SAME_LABEL,DROP_B_KEEP_A,byte-identical (policy: exact duplicates collapse to the first path)
current_freshwater-7880c34917f1,current_freshwater-f41be9f279b7,current_freshwater,current_freshwater,train_split/Viral diseases White tail disease/Viral diseases White tail disease_aug_153.jpg,train_split/Viral diseases White tail disease/Viral diseases White tail disease_aug_224.jpg,Viral diseases White tail disease,Viral diseases White tail disease,White Tail Disease,White Tail Disease,sha256,12c9b4a0b17828bfb58224b7ced8dda706c75d47dfb28d98f26c5eefb8da4bdd,0,EXACT_DUPLICATE,False,SAME_LABEL,DROP_B_KEEP_A,byte-identical (policy: exact duplicates collapse to the first path)
current_freshwater-7880c34917f1,current_freshwater-0f2db0819329,current_freshwater,current_freshwater,train_split/Viral diseases White tail disease/Viral diseases White tail disease_aug_153.jpg,train_split/Viral diseases White tail disease/Viral diseases White tail disease_aug_285.jpg,Viral diseases White tail disease,Viral diseases White tail disease,White Tail Disease,White Tail Disease,sha256,12c9b4a0b17828bfb58224b7ced8dda706c75d47dfb28d98f26c5eefb8da4bdd,0,EXACT_DUPLICATE,False,SAME_LABEL,DROP_B_KEEP_A,byte-identical (policy: exact duplicates collapse to the first path)
current_freshwater-f41be9f279b7,current_freshwater-0f2db0819329,current_freshwater,current_freshwater,train_split/Viral diseases White tail disease/Viral diseases White tail disease_aug_224.jpg,train_split/Viral diseases White tail disease/Viral diseases White tail disease_aug_285.jpg,Viral diseases White tail disease,Viral diseases White tail disease,White Tail Disease,White Tail Disease,sha256,12c9b4a0b17828bfb58224b7ced8dda706c75d47dfb28d98f26c5eefb8da4bdd,0,EXACT_DUPLICATE,False,SAME_LABEL,DROP_B_KEEP_A,byte-identical (policy: exact duplicates collapse to the first path)
current_freshwater-ba64beb1e21f,current_freshwater-d44c4ac12a12,current_freshwater,current_freshwater,train_split/Healthy Fish/Healthy Fish_aug_150.jpg,train_split/Healthy Fish/Healthy Fish_aug_189.jpg,Healthy Fish,Healthy Fish,Healthy Fish,Healthy Fish,sha256,12e7c005f3dd10f57811fdb3ab8769c80c5a94d55108f298cd33b698e9c731e1,0,EXACT_DUPLICATE,False,SAME_LABEL,DROP_B_KEEP_A,byte-identical (policy: exact duplicates collapse to the first path)
current_freshwater-7ef8480d80de,current_freshwater-f86f859b1d61,current_freshwater,current_freshwater,train_split/Viral diseases White tail disease/Viral diseases White tail disease_aug_139.jpg,train_split/Viral diseases White tail disease/Viral diseases White tail disease_aug_186.jpg,Viral diseases White tail disease,Viral diseases White tail disease,White Tail Disease,White Tail Disease,sha256,134d6ee079a0c63b521184c919cf451f0dedcb006cb1b7613868ca6d00316080,0,EXACT_DUPLICATE,False,SAME_LABEL,DROP_B_KEEP_A,byte-identical (policy: exact duplicates collapse to the first path)
current_freshwater-7ef8480d80de,current_freshwater-61f1d308715f,current_freshwater,current_freshwater,train_split/Viral diseases White tail disease/Viral diseases White tail disease_aug_139.jpg,train_split/Viral diseases White tail disease/Viral diseases White tail disease_aug_191.jpg,Viral diseases White tail disease,Viral diseases White tail disease,White Tail Disease,White Tail Disease,sha256,134d6ee079a0c63b521184c919cf451f0dedcb006cb1b7613868ca6d00316080,0,EXACT_DUPLICATE,False,SAME_LABEL,DROP_B_KEEP_A,byte-identical (policy: exact duplicates collapse to the first path)
current_freshwater-f86f859b1d61,current_freshwater-61f1d308715f,current_freshwater,current_freshwater,train_split/Viral diseases White tail disease/Viral diseases White tail disease_aug_186.jpg,train_split/Viral diseases White tail disease/Viral diseases White tail disease_aug_191.jpg,Viral diseases White tail disease,Viral diseases White tail disease,White Tail Disease,White Tail Disease,sha256,134d6ee079a0c63b521184c919cf451f0dedcb006cb1b7613868ca6d00316080,0,EXACT_DUPLICATE,False,SAME_LABEL,DROP_B_KEEP_A,byte-identical (policy: exact duplicates collapse to the first path)
current_freshwater-68675f3c5e4d,current_freshwater-5d79085eaf50,current_freshwater,current_freshwater,train_split/Fungal diseases Saprolegniasis/Fungal diseases Saprolegniasis_aug_354.jpg,train_split/Fungal diseases Saprolegniasis/Fungal diseases Saprolegniasis_aug_370.jpg,Fungal diseases Saprolegniasis,Fungal diseases Saprolegniasis,Saprolegniasis,Saprolegniasis,sha256,1ba8eec4ac15432bf27d33384252a137bca625979b8d5592dae23763385de3ff,0,EXACT_DUPLICATE,False,SAME_LABEL,DROP_B_KEEP_A,byte-identical (policy: exact duplicates collapse to the first path)
current_freshwater-37fe315dd124,roboflow-7fc95bcf39c7,current_freshwater,roboflow,train_split/Healthy Fish/Healthy Fish_364.jpg,test/Healthy Fish/Healthy-Fish-115-_jpg.rf.bf008706bca01404b3559a1834c4ac4a.jpg,Healthy Fish,Healthy Fish,Healthy Fish,Healthy Fish,sha256,1bc425d33b8322affa79e74abbda80944e8bf5bc2133e414c3fd804e6b547c08,0,EXACT_DUPLICATE,True,SAME_LABEL,DROP_B_KEEP_A,byte-identical (policy: exact duplicates collapse to the first path)
current_freshwater-8e3f759da841,current_freshwater-86047c1b9ed3,current_freshwater,current_freshwater,train_split/EUS/EUS_300.jpg,train_split/EUS/EUS_aug_40.jpg,EUS,EUS,EUS Disease,EUS Disease,sha256,1cac297d6a9e6eaff0b62aa613dc1c60052af2dee77aa23a4d13d10ebaffc3cc,0,EXACT_DUPLICATE,False,SAME_LABEL,DROP_B_KEEP_A,byte-identical (policy: exact duplicates collapse to the first path)
current_freshwater-1405664d3a4e,roboflow-87972f7a4729,current_freshwater,roboflow,test_split/Healthy Fish_Healthy Fish_183.jpg,train/Healthy Fish/Healthy-Fish-137-_jpg.rf.061f4b498a12668cff2cb58666a8fbd7.jpg,Healthy Fish,Healthy Fish,Healthy Fish,Healthy Fish,sha256,225ea1b7055ffa32a46827f59af226c923e60225debd54976fbc74f16dd1feaf,0,EXACT_DUPLICATE,True,SAME_LABEL,DROP_B_KEEP_A,byte-identical (policy: exact duplicates collapse to the first path)
current_freshwater-152b26e2af72,current_freshwater-e31fb4f078ef,current_freshwater,current_freshwater,train_split/Parasitic diseases/Parasitic diseases_aug_301.jpg,train_split/Parasitic diseases/Parasitic diseases_aug_66.jpg,Parasitic diseases,Parasitic diseases,Parasitic Disease,Parasitic Disease,sha256,240c53448e9fc2aeae92f5509b16e90a42653846e31e9b09ed807eb0e4d92d5b,0,EXACT_DUPLICATE,False,SAME_LABEL,DROP_B_KEEP_A,byte-identical (policy: exact duplicates collapse to the first path)
kaptai-18d23165babd,kaptai-ec61de04fe7f,kaptai,kaptai,Argulus/32.jpg,Redspot/Red Spot (10).jpg,Argulus,Redspot,,,sha256,258cc52a08a87277670dba46572d9b08f118f946592d049c3858957ec7693610,0,EXACT_DUPLICATE,False,UNRESOLVED_LABEL,REVIEW,"byte-identical, a label is unresolved; the match is evidence for the mapping decision"
current_freshwater-e83d105334c2,roboflow-7373bd231a34,current_freshwater,roboflow,train_split/Healthy Fish/Healthy Fish_190.jpg,train/Healthy Fish/Healthy-Fish-141-_jpg.rf.62a450b75fdcd074a1c5130d01f7c907.jpg,Healthy Fish,Healthy Fish,Healthy Fish,Healthy Fish,sha256,2b222d24b7e9105e679457b3a6f9db3bfbfec76986d80b6f94bdaeed15b8a2ef,0,EXACT_DUPLICATE,True,SAME_LABEL,DROP_B_KEEP_A,byte-identical (policy: exact duplicates collapse to the first path)
kaptai-7ec23e660b44,kaptai-18a5e69d5e31,kaptai,kaptai,Argulus/27.jpg,Broken antennae and rostrum/Broken antennae and rostrum  (4).jpg,Argulus,Broken antennae and rostrum,,,sha256,2e36b30f090657546b2096a4bf97e36c605520b4c28e1403a1546691ad258465,0,EXACT_DUPLICATE,False,UNRESOLVED_LABEL,REVIEW,"byte-identical, a label is unresolved; the match is evidence for the mapping decision"
current_freshwater-8e85bd86479c,current_freshwater-561008e79adc,current_freshwater,current_freshwater,train_split/Bacterial Red disease/Bacterial Red disease_aug_143.jpg,train_split/Bacterial Red disease/Bacterial Red disease_aug_290.jpg,Bacterial Red disease,Bacterial Red disease,Bacterial Red Disease,Bacterial Red Disease,sha256,2e3cd05ac4ac4389dfe28656c23dc68443259adeedbdb2fdf253822830885b6d,0,EXACT_DUPLICATE,False,SAME_LABEL,DROP_B_KEEP_A,byte-identical (policy: exact duplicates collapse to the first path)
current_freshwater-97fdad2dc333,current_freshwater-18afafb9af1d,current_freshwater,current_freshwater,train_split/Bacterial Red disease/Bacterial Red disease_aug_261.jpg,train_split/Bacterial Red disease/Bacterial Red disease_aug_57.jpg,Bacterial Red disease,Bacterial Red disease,Bacterial Red Disease,Bacterial Red Disease,sha256,2e9f56183ce1d9a54e6c37fd74483a1fc6d7e458d28ca6d929e3954e7821962b,0,EXACT_DUPLICATE,False,SAME_LABEL,DROP_B_KEEP_A,byte-identical (policy: exact duplicates collapse to the first path)
current_freshwater-35f462fb468e,current_freshwater-adb6b56c4669,current_freshwater,current_freshwater,train_split/EUS/EUS_182.jpg,train_split/EUS/EUS_aug_112.jpg,EUS,EUS,EUS Disease,EUS Disease,sha256,2f4fac40cbd3c3f2cb2f47631ec3cc3080c30706a6d91658d0d54eef666da2ac,0,EXACT_DUPLICATE,False,SAME_LABEL,DROP_B_KEEP_A,byte-identical (policy: exact duplicates collapse to the first path)
current_freshwater-0c7f2f792d92,roboflow-859417f5177e,current_freshwater,roboflow,test_split/Healthy Fish_Healthy Fish_220.jpg,train/Healthy Fish/Healthy-Fish-179-_jpg.rf.29c45d32eb02e677c80bc59517d7c6ef.jpg,Healthy Fish,Healthy Fish,Healthy Fish,Healthy Fish,sha256,2ffe9bcb451233239281491d1c775a0065e03b0341b5d1b71c3b3e34d9c8fbd3,0,EXACT_DUPLICATE,True,SAME_LABEL,DROP_B_KEEP_A,byte-identical (policy: exact duplicates collapse to the first path)
kaptai-07c319454773,kaptai-fe92726bc4b4,kaptai,kaptai,EUS/EUS  (14).jpg,Redspot/EUS  (14).jpg,EUS,Redspot,EUS Disease,,sha256,3031387046ff2ce7654d5127839b260bdafdce8bc32ad94db807d11f6d18776a,0,EXACT_DUPLICATE,False,UNRESOLVED_LABEL,REVIEW,"byte-identical, a label is unresolved; the match is evidence for the mapping decision"
kaptai-61aa7395c351,kaptai-4303e72dc03c,kaptai,kaptai,Argulus/21.jpg,Healthy Fish/healthy (30).jpg,Argulus,Healthy Fish,,Healthy Fish,sha256,322e0ac7603f8e90e281d8539c6d44a00695dbb0b6529fbd5647a8cb41afa9cf,0,EXACT_DUPLICATE,False,UNRESOLVED_LABEL,REVIEW,"byte-identical, a label is unresolved; the match is evidence for the mapping decision"
current_freshwater-1e0e152e3301,roboflow-0ebc32f9a495,current_freshwater,roboflow,train_split/Healthy Fish/Healthy Fish_188.jpg,train/Healthy Fish/Healthy-Fish-140-_jpg.rf.7f514106e4d2fdf34768cbb33ed8586e.jpg,Healthy Fish,Healthy Fish,Healthy Fish,Healthy Fish,sha256,3513c231b218b2f60f28c66e3e7971938b2db417f7ef1883a287fe1fcdb759c5,0,EXACT_DUPLICATE,True,SAME_LABEL,DROP_B_KEEP_A,byte-identical (policy: exact duplicates collapse to the first path)
current_freshwater-14fc26bf46e3,roboflow-134ee47072fa,current_freshwater,roboflow,train_split/Healthy Fish/Healthy Fish_231.jpg,train/Healthy Fish/Healthy-Fish-20-_jpg.rf.10cf5c7f1d9ca86c6e2ed0059084ec67.jpg,Healthy Fish,Healthy Fish,Healthy Fish,Healthy Fish,sha256,3871d589ccd32712469d4405cffd0465ed50d3ab6164fe09e946516381bab3e2,0,EXACT_DUPLICATE,True,SAME_LABEL,DROP_B_KEEP_A,byte-identical (policy: exact duplicates collapse to the first path)
current_freshwater-626d579ede6d,current_freshwater-55384ceaffff,current_freshwater,current_freshwater,train_split/Parasitic diseases/Parasitic diseases_aug_208.jpg,train_split/Parasitic diseases/Parasitic diseases_aug_27.jpg,Parasitic diseases,Parasitic diseases,Parasitic Disease,Parasitic Disease,sha256,39932f245bca7806c99b295a3ba835a5b680bb01ad67b18d27ec63edfadd12ba,0,EXACT_DUPLICATE,False,SAME_LABEL,DROP_B_KEEP_A,byte-identical (policy: exact duplicates collapse to the first path)
current_freshwater-b0a78c5f8dca,roboflow-e0e1c139c339,current_freshwater,roboflow,train_split/Bacterial gill disease/Bacterial gill disease_213.jpg,train/Bacterial gill disease/Bacterial-gill-disease-7-_jpeg.rf.18dde61db9a3bf3944ab5dcff0c5b357.jpg,Bacterial gill disease,Bacterial gill disease,Bacterial Gill Disease,Bacterial Gill Disease,sha256,3dc391b10849d9792ee76dcec65265f3f1749b186115521ab011da0d6ad05aec,0,EXACT_DUPLICATE,True,SAME_LABEL,DROP_B_KEEP_A,byte-identical (policy: exact duplicates collapse to the first path)
current_freshwater-7c56616ea386,roboflow-44a217f7ba75,current_freshwater,roboflow,test_split/Bacterial diseases - Aeromoniasis_Bacterial diseases - Aeromoniasis_246.jpg,train/Bacterial diseases - Aeromoniasis/Bacterial-diseases-Aeromoniasis-26-_jpg.rf.0ac86b95cbdbc22be1b5f902f0f01757.jpg,Bacterial diseases - Aeromoniasis,Bacterial diseases - Aeromoniasis,Aeromoniasis,Aeromoniasis,sha256,423fd7630e0e2740c576f08bc4185225ef7ab89ce89aa5dce534d37d8fdb7f13,0,EXACT_DUPLICATE,True,SAME_LABEL,DROP_B_KEEP_A,byte-identical (policy: exact duplicates collapse to the first path)
current_freshwater-4e7bc767e5de,roboflow-9ff393d5a6c3,current_freshwater,roboflow,train_split/Healthy Fish/Healthy Fish_321.jpg,train/Healthy Fish/Healthy-Fish-5-_png.rf.a5063620fae4c6e50ee1030f715ca9f6.jpg,Healthy Fish,Healthy Fish,Healthy Fish,Healthy Fish,sha256,42612a3226d983b4476a263006f99cd85903c024a355bb809d3f62cd8c7e1cef,0,EXACT_DUPLICATE,True,SAME_LABEL,DROP_B_KEEP_A,byte-identical (policy: exact duplicates collapse to the first path)
kaptai-cd1575597cb5,kaptai-c6efbfe5b192,kaptai,kaptai,Argulus/29.jpg,Broken antennae and rostrum/Broken antennae and rostrum  (6).jpg,Argulus,Broken antennae and rostrum,,,sha256,438da45e029673433158b8f9dfc3eaf9756da93144a973c0e22c258f797b9c15,0,EXACT_DUPLICATE,False,UNRESOLVED_LABEL,REVIEW,"byte-identical, a label is unresolved; the match is evidence for the mapping decision"
current_freshwater-b962c982dda1,current_freshwater-353338baa294,current_freshwater,current_freshwater,train_split/Parasitic diseases/Parasitic diseases_aug_302.jpg,train_split/Parasitic diseases/Parasitic diseases_aug_68.jpg,Parasitic diseases,Parasitic diseases,Parasitic Disease,Parasitic Disease,sha256,49a946af70f406002294e232622816f247c1f0ac1296f8c805df390f2b5392be,0,EXACT_DUPLICATE,False,SAME_LABEL,DROP_B_KEEP_A,byte-identical (policy: exact duplicates collapse to the first path)
kaptai-c3dab79c251f,kaptai-76d8f1663690,kaptai,kaptai,Argulus/25.jpg,Broken antennae and rostrum/Broken antennae and rostrum  (8).jpg,Argulus,Broken antennae and rostrum,,,sha256,4b66bf9fa36d99762f5e624200b4b3ac5ebe17895acf0dd996e813ad24c8f9c2,0,EXACT_DUPLICATE,False,UNRESOLVED_LABEL,REVIEW,"byte-identical, a label is unresolved; the match is evidence for the mapping decision"
current_freshwater-f3a2a727ce19,roboflow-add65ca22c97,current_freshwater,roboflow,train_split/Healthy Fish/Healthy Fish_311.jpg,train/Healthy Fish/Healthy-Fish-30-_jpg.rf.2e45da10f112ee93ccd5cdaec9eba7f6.jpg,Healthy Fish,Healthy Fish,Healthy Fish,Healthy Fish,sha256,526c687681c1795cb9be4758682283ca94eeaec22b1c78e531d69db54ad55354,0,EXACT_DUPLICATE,True,SAME_LABEL,DROP_B_KEEP_A,byte-identical (policy: exact duplicates collapse to the first path)
current_freshwater-f3f34db65728,roboflow-c0c86d807c91,current_freshwater,roboflow,train_split/Healthy Fish/Healthy Fish_217.jpg,train/Healthy Fish/Healthy-Fish-176-_jpg.rf.fd40a0a2b74bfe013c5bf933640eac5c.jpg,Healthy Fish,Healthy Fish,Healthy Fish,Healthy Fish,sha256,55484605bdb71a87665476045cc09f8a8b2f04b96fd26b5edb9401ee716e000b,0,EXACT_DUPLICATE,True,SAME_LABEL,DROP_B_KEEP_A,byte-identical (policy: exact duplicates collapse to the first path)
current_freshwater-3838dd26a63c,roboflow-6a8864a47276,current_freshwater,roboflow,train_split/Healthy Fish/Healthy Fish_194.jpg,train/Healthy Fish/Healthy-Fish-145-_jpg.rf.f6c6150ade8c469031f1e3a44c898839.jpg,Healthy Fish,Healthy Fish,Healthy Fish,Healthy Fish,sha256,5586543c4f1f9e76fcd3fe6f70978d2c1757b91122748c1e2f31e5d5e7d21413,0,EXACT_DUPLICATE,True,SAME_LABEL,DROP_B_KEEP_A,byte-identical (policy: exact duplicates collapse to the first path)
current_freshwater-47f71bb939b9,roboflow-1b30bbb47850,current_freshwater,roboflow,train_split/Healthy Fish/Healthy Fish_318.jpg,train/Healthy Fish/Healthy-Fish-42-_jpg.rf.bf94df5e4a9544da7a061018dddea291.jpg,Healthy Fish,Healthy Fish,Healthy Fish,Healthy Fish,sha256,55c73032f51314b2bfa9b19d548a4790a71758f857355bc70e5e59b9ce01981c,0,EXACT_DUPLICATE,True,SAME_LABEL,DROP_B_KEEP_A,byte-identical (policy: exact duplicates collapse to the first path)
current_freshwater-4ef0c42c69be,current_freshwater-5775b7078024,current_freshwater,current_freshwater,train_split/Healthy Fish/Healthy Fish_242.jpg,train_split/Healthy Fish/Healthy Fish_aug_126.jpg,Healthy Fish,Healthy Fish,Healthy Fish,Healthy Fish,sha256,585097c6575723eaf9d71359a47c60c32349c4f870faf5269227b45d6ac70df7,0,EXACT_DUPLICATE,False,SAME_LABEL,DROP_B_KEEP_A,byte-identical (policy: exact duplicates collapse to the first path)
current_freshwater-4ef0c42c69be,roboflow-372c9e27b13d,current_freshwater,roboflow,train_split/Healthy Fish/Healthy Fish_242.jpg,test/Healthy Fish/Healthy-Fish-23-_jpeg.rf.2f91278e4f34f2823a99fabcf0ff0732.jpg,Healthy Fish,Healthy Fish,Healthy Fish,Healthy Fish,sha256,585097c6575723eaf9d71359a47c60c32349c4f870faf5269227b45d6ac70df7,0,EXACT_DUPLICATE,True,SAME_LABEL,DROP_B_KEEP_A,byte-identical (policy: exact duplicates collapse to the first path)
current_freshwater-5775b7078024,roboflow-372c9e27b13d,current_freshwater,roboflow,train_split/Healthy Fish/Healthy Fish_aug_126.jpg,test/Healthy Fish/Healthy-Fish-23-_jpeg.rf.2f91278e4f34f2823a99fabcf0ff0732.jpg,Healthy Fish,Healthy Fish,Healthy Fish,Healthy Fish,sha256,585097c6575723eaf9d71359a47c60c32349c4f870faf5269227b45d6ac70df7,0,EXACT_DUPLICATE,True,SAME_LABEL,DROP_B_KEEP_A,byte-identical (policy: exact duplicates collapse to the first path)
current_freshwater-7cb1e16d56a3,current_freshwater-6f055dbe3ba3,current_freshwater,current_freshwater,train_split/Fungal diseases Saprolegniasis/Fungal diseases Saprolegniasis_aug_108.jpg,train_split/Fungal diseases Saprolegniasis/Fungal diseases Saprolegniasis_aug_327.jpg,Fungal diseases Saprolegniasis,Fungal diseases Saprolegniasis,Saprolegniasis,Saprolegniasis,sha256,59addb6974c5bbb54e672391d664b5fc00c4483f01b1c7e63ce9028badc28207,0,EXACT_DUPLICATE,False,SAME_LABEL,DROP_B_KEEP_A,byte-identical (policy: exact duplicates collapse to the first path)
current_freshwater-273e967b8d3f,roboflow-ca39ae734ccb,current_freshwater,roboflow,test_split/Healthy Fish_Healthy Fish_350.jpg,train/Healthy Fish/Healthy-Fish-93-_jpg.rf.4b31a402d866ed5fd23bcfb844e5a080.jpg,Healthy Fish,Healthy Fish,Healthy Fish,Healthy Fish,sha256,59af966ea2c3e30af029fbf9d0045741d1e2f9f0cea6e5f9625305639950f265,0,EXACT_DUPLICATE,True,SAME_LABEL,DROP_B_KEEP_A,byte-identical (policy: exact duplicates collapse to the first path)
current_freshwater-0adce37b8335,roboflow-1a33bb7721ac,current_freshwater,roboflow,train_split/Healthy Fish/Healthy Fish_172.jpg,train/Healthy Fish/Healthy-Fish-128-_jpg.rf.2ac765023a5e2737365acd20e8366ce2.jpg,Healthy Fish,Healthy Fish,Healthy Fish,Healthy Fish,sha256,5c97055898fd8b8023b2f09e4f4115cd328d6f72b85f7f2aaa8cc7d1a1afc645,0,EXACT_DUPLICATE,True,SAME_LABEL,DROP_B_KEEP_A,byte-identical (policy: exact duplicates collapse to the first path)
current_freshwater-f4179ce7d679,current_freshwater-00b7e16b1be1,current_freshwater,current_freshwater,train_split/Fungal diseases Saprolegniasis/Fungal diseases Saprolegniasis_aug_301.jpg,train_split/Fungal diseases Saprolegniasis/Fungal diseases Saprolegniasis_aug_55.jpg,Fungal diseases Saprolegniasis,Fungal diseases Saprolegniasis,Saprolegniasis,Saprolegniasis,sha256,5cf5be673b44250b604a432a4367f1bfcc67782950f7adce0cca82bc863862df,0,EXACT_DUPLICATE,False,SAME_LABEL,DROP_B_KEEP_A,byte-identical (policy: exact duplicates collapse to the first path)
current_freshwater-3cbfead19a46,current_freshwater-8f2b5ee1a560,current_freshwater,current_freshwater,train_split/EUS/EUS_175.jpg,train_split/EUS/EUS_aug_25.jpg,EUS,EUS,EUS Disease,EUS Disease,sha256,5de5a29f7603fb2887ce19f85749f73c9959905f26d7f6b28e6fb14af1c86c8a,0,EXACT_DUPLICATE,False,SAME_LABEL,DROP_B_KEEP_A,byte-identical (policy: exact duplicates collapse to the first path)
current_freshwater-9b09b7e70b5f,roboflow-3a9cd82506a0,current_freshwater,roboflow,train_split/Healthy Fish/Healthy Fish_204.jpg,train/Healthy Fish/Healthy-Fish-158-_jpg.rf.d1cd9753686f2320611c58d193cd8f29.jpg,Healthy Fish,Healthy Fish,Healthy Fish,Healthy Fish,sha256,5f522a1ea243e1d8ebf0d6f81b9468e085cc3cdf8bf06d2c8d52b4ba3d5022e1,0,EXACT_DUPLICATE,True,SAME_LABEL,DROP_B_KEEP_A,byte-identical (policy: exact duplicates collapse to the first path)
current_freshwater-33f36c18e896,current_freshwater-97f78bcf7d64,current_freshwater,current_freshwater,train_split/Bacterial Red disease/Bacterial Red disease_aug_200.jpg,train_split/Bacterial Red disease/Bacterial Red disease_aug_258.jpg,Bacterial Red disease,Bacterial Red disease,Bacterial Red Disease,Bacterial Red Disease,sha256,5fa4f92f1e04f37cf0413729df984a062830698f41004c9b93e915e9e00c6f45,0,EXACT_DUPLICATE,False,SAME_LABEL,DROP_B_KEEP_A,byte-identical (policy: exact duplicates collapse to the first path)
kaptai-6f0b6028fe8c,kaptai-33821afc5af5,kaptai,kaptai,Broken antennae and rostrum/Broken antennae and rostrum  (2).jpg,EUS/26.jpg,Broken antennae and rostrum,EUS,,EUS Disease,sha256,6180da9bc58b78afef22c58834d8e4e8b33827296f7e83715cc9709b593bd1b6,0,EXACT_DUPLICATE,False,UNRESOLVED_LABEL,REVIEW,"byte-identical, a label is unresolved; the match is evidence for the mapping decision"
kaptai-88049a4ecf8f,kaptai-c4d226ffdcbe,kaptai,kaptai,Argulus/33.jpg,Redspot/Red Spot.jpg,Argulus,Redspot,,,sha256,641c3984a89ee9c2452cdacc3c34906e7a9d00e3e318855cf2db906f05d956b1,0,EXACT_DUPLICATE,False,UNRESOLVED_LABEL,REVIEW,"byte-identical, a label is unresolved; the match is evidence for the mapping decision"
current_freshwater-8b8be1272e37,roboflow-9726899fb12d,current_freshwater,roboflow,test_split/Healthy Fish_Healthy Fish_365.jpg,train/Healthy Fish/Healthy-Fish-116-_jpg.rf.9f99e1b4953e3569d9ec4eef38df2ed9.jpg,Healthy Fish,Healthy Fish,Healthy Fish,Healthy Fish,sha256,6687f0cf63f77bee7227e979589d526f7c1d35f43f8fbd5cdfe82b12ceb3ada3,0,EXACT_DUPLICATE,True,SAME_LABEL,DROP_B_KEEP_A,byte-identical (policy: exact duplicates collapse to the first path)
current_freshwater-9fafdf3d7afd,current_freshwater-4dc5a25522d5,current_freshwater,current_freshwater,train_split/Bacterial Red disease/Bacterial Red disease_aug_208.jpg,train_split/Bacterial Red disease/Bacterial Red disease_aug_54.jpg,Bacterial Red disease,Bacterial Red disease,Bacterial Red Disease,Bacterial Red Disease,sha256,66add07fece93f73525e23a79ef38ebec04aa384a5c98b39cba84b69316a174b,0,EXACT_DUPLICATE,False,SAME_LABEL,DROP_B_KEEP_A,byte-identical (policy: exact duplicates collapse to the first path)
current_freshwater-e5bcc6dcbab6,current_freshwater-9457f230e1fd,current_freshwater,current_freshwater,train_split/Viral diseases White tail disease/Viral diseases White tail disease_aug_344.jpg,train_split/Viral diseases White tail disease/Viral diseases White tail disease_aug_346.jpg,Viral diseases White tail disease,Viral diseases White tail disease,White Tail Disease,White Tail Disease,sha256,67a54c6f1915306b316db19a7c7876bcf3fe858ea43361edefc3e8f06591423e,0,EXACT_DUPLICATE,False,SAME_LABEL,DROP_B_KEEP_A,byte-identical (policy: exact duplicates collapse to the first path)
current_freshwater-e186eca718e2,roboflow-3532ccd6888a,current_freshwater,roboflow,train_split/Healthy Fish/Healthy Fish_159.jpg,train/Healthy Fish/Healthy-Fish-1-_jpg.rf.158575b02c079dbb610261e78138c4fd.jpg,Healthy Fish,Healthy Fish,Healthy Fish,Healthy Fish,sha256,686b83a6851d54a0f7d3d9073bc82ce5e49d15bbb6d7a0893a67437fe5e0145d,0,EXACT_DUPLICATE,True,SAME_LABEL,DROP_B_KEEP_A,byte-identical (policy: exact duplicates collapse to the first path)
current_freshwater-46530b258ad2,roboflow-9c83c97472de,current_freshwater,roboflow,train_split/Healthy Fish/Healthy Fish_216.jpg,train/Healthy Fish/Healthy-Fish-175-_jpg.rf.2cd9550ff09e5c647d536e46092bde98.jpg,Healthy Fish,Healthy Fish,Healthy Fish,Healthy Fish,sha256,68d4ff1e98291c6442f4a4c3dd599cc8f4875cde6e16be0d2080f047134f3858,0,EXACT_DUPLICATE,True,SAME_LABEL,DROP_B_KEEP_A,byte-identical (policy: exact duplicates collapse to the first path)
current_freshwater-90695270fc23,current_freshwater-8ab6795efb19,current_freshwater,current_freshwater,train_split/Parasitic diseases/Parasitic diseases_aug_258.jpg,train_split/Parasitic diseases/Parasitic diseases_aug_289.jpg,Parasitic diseases,Parasitic diseases,Parasitic Disease,Parasitic Disease,sha256,6946671bf90caad0114c7a2a90e5fc57f0bda0a155aafb39a718a88fe0b52d6d,0,EXACT_DUPLICATE,False,SAME_LABEL,DROP_B_KEEP_A,byte-identical (policy: exact duplicates collapse to the first path)
current_freshwater-0b4c8e8f486b,current_freshwater-59a18c3ce512,current_freshwater,current_freshwater,train_split/Viral diseases White tail disease/Viral diseases White tail disease_aug_301.jpg,train_split/Viral diseases White tail disease/Viral diseases White tail disease_aug_36.jpg,Viral diseases White tail disease,Viral diseases White tail disease,White Tail Disease,White Tail Disease,sha256,69d64a5f51e1fd201c17d9f86ae03ff903fc4063ce370246f71e68f3b58be4b5,0,EXACT_DUPLICATE,False,SAME_LABEL,DROP_B_KEEP_A,byte-identical (policy: exact duplicates collapse to the first path)
current_freshwater-675641aca9f9,roboflow-8233cb818655,current_freshwater,roboflow,test_split/Healthy Fish_Healthy Fish_310.jpg,train/Healthy Fish/Healthy-Fish-29-_jpg.rf.645871efdb383f029dccf66f78f71538.jpg,Healthy Fish,Healthy Fish,Healthy Fish,Healthy Fish,sha256,6a3692f605c9e02fa6664c7cb70a88af624e2e6450dd2547a40b6e1e8fd50956,0,EXACT_DUPLICATE,True,SAME_LABEL,DROP_B_KEEP_A,byte-identical (policy: exact duplicates collapse to the first path)
current_freshwater-d521fb949a6f,roboflow-abfbec6a0479,current_freshwater,roboflow,train_split/Healthy Fish/Healthy Fish_196.jpg,train/Healthy Fish/Healthy-Fish-147-_jpg.rf.30149d23c2244500701a5870ac907bbe.jpg,Healthy Fish,Healthy Fish,Healthy Fish,Healthy Fish,sha256,6aea642790cc3f7f922f57b054a6d09dff5d65658839968853cb2cdd91ac605d,0,EXACT_DUPLICATE,True,SAME_LABEL,DROP_B_KEEP_A,byte-identical (policy: exact duplicates collapse to the first path)
current_freshwater-dbd7dd138580,current_freshwater-25a505d95f30,current_freshwater,current_freshwater,train_split/Viral diseases White tail disease/Viral diseases White tail disease_aug_174.jpg,train_split/Viral diseases White tail disease/Viral diseases White tail disease_aug_64.jpg,Viral diseases White tail disease,Viral diseases White tail disease,White Tail Disease,White Tail Disease,sha256,6c0d8e648db45f23604e6e896a69979188efa0ee6d29035da4083cd8056040fc,0,EXACT_DUPLICATE,False,SAME_LABEL,DROP_B_KEEP_A,byte-identical (policy: exact duplicates collapse to the first path)
current_freshwater-81bb24dcce49,current_freshwater-e582da341896,current_freshwater,current_freshwater,train_split/EUS/EUS_137.jpg,train_split/EUS/EUS_aug_67.jpg,EUS,EUS,EUS Disease,EUS Disease,sha256,6e61cf1eda0bda48e513a149af13091f3cf546860beaefb6b33d19906babecc2,0,EXACT_DUPLICATE,False,SAME_LABEL,DROP_B_KEEP_A,byte-identical (policy: exact duplicates collapse to the first path)
current_freshwater-dae963602692,roboflow-3b84622ceb7b,current_freshwater,roboflow,train_split/Healthy Fish/Healthy Fish_309.jpg,train/Healthy Fish/Healthy-Fish-28-_jpg.rf.b1107f9c398c5420d9426991073763b3.jpg,Healthy Fish,Healthy Fish,Healthy Fish,Healthy Fish,sha256,6f5ae338bd087b1bd76cde53606a1ece6c584f61ffc57f79d29f57d6df82f063,0,EXACT_DUPLICATE,True,SAME_LABEL,DROP_B_KEEP_A,byte-identical (policy: exact duplicates collapse to the first path)
current_freshwater-7d8d21d744a1,roboflow-e9efb08e2910,current_freshwater,roboflow,train_split/Healthy Fish/Healthy Fish_182.jpg,valid/Healthy Fish/Healthy-Fish-136-_jpg.rf.c915e724d1ca3c818e4497133488ae81.jpg,Healthy Fish,Healthy Fish,Healthy Fish,Healthy Fish,sha256,7149577fa0002f1501b616848c7bab9f3cd74d4d80aace50998ac8db0aa9e94b,0,EXACT_DUPLICATE,True,SAME_LABEL,DROP_B_KEEP_A,byte-identical (policy: exact duplicates collapse to the first path)
current_freshwater-013360a2ca96,roboflow-fc82947217b8,current_freshwater,roboflow,train_split/Healthy Fish/Healthy Fish_291.jpg,train/Healthy Fish/Healthy-Fish-26-_jpg.rf.4eed03f537b313b0de4fa755608d9ce1.jpg,Healthy Fish,Healthy Fish,Healthy Fish,Healthy Fish,sha256,76a9b93776c4d94374cf454a0351104167cb99f21cd99c02c37f60f07e2da2ba,0,EXACT_DUPLICATE,True,SAME_LABEL,DROP_B_KEEP_A,byte-identical (policy: exact duplicates collapse to the first path)
current_freshwater-ca705832ca09,current_freshwater-8af5ba2c2757,current_freshwater,current_freshwater,train_split/EUS/EUS_119.jpg,train_split/EUS/EUS_aug_177.jpg,EUS,EUS,EUS Disease,EUS Disease,sha256,779e0848e039d9b5c460ccd19cee57fe6a11b34afed28739c5ce5b15333141db,0,EXACT_DUPLICATE,False,SAME_LABEL,DROP_B_KEEP_A,byte-identical (policy: exact duplicates collapse to the first path)
current_freshwater-5bb067797948,current_freshwater-9a72d66ec369,current_freshwater,current_freshwater,train_split/Bacterial Red disease/Bacterial Red disease_aug_168.jpg,train_split/Bacterial Red disease/Bacterial Red disease_aug_318.jpg,Bacterial Red disease,Bacterial Red disease,Bacterial Red Disease,Bacterial Red Disease,sha256,790617406cb4bf3229a13a292e9381a8d33dd514e55eae8ec82faeb97d5a7ee4,0,EXACT_DUPLICATE,False,SAME_LABEL,DROP_B_KEEP_A,byte-identical (policy: exact duplicates collapse to the first path)
current_freshwater-737869d6a490,current_freshwater-c674d1485e81,current_freshwater,current_freshwater,train_split/Parasitic diseases/Parasitic diseases_aug_152.jpg,train_split/Parasitic diseases/Parasitic diseases_aug_194.jpg,Parasitic diseases,Parasitic diseases,Parasitic Disease,Parasitic Disease,sha256,7968d52f1a5147fa7a1433b769264e55ca9b30ca961fa8238a302dfed94a5fb0,0,EXACT_DUPLICATE,False,SAME_LABEL,DROP_B_KEEP_A,byte-identical (policy: exact duplicates collapse to the first path)
current_freshwater-737869d6a490,current_freshwater-322a699596e9,current_freshwater,current_freshwater,train_split/Parasitic diseases/Parasitic diseases_aug_152.jpg,train_split/Parasitic diseases/Parasitic diseases_aug_98.jpg,Parasitic diseases,Parasitic diseases,Parasitic Disease,Parasitic Disease,sha256,7968d52f1a5147fa7a1433b769264e55ca9b30ca961fa8238a302dfed94a5fb0,0,EXACT_DUPLICATE,False,SAME_LABEL,DROP_B_KEEP_A,byte-identical (policy: exact duplicates collapse to the first path)
current_freshwater-c674d1485e81,current_freshwater-322a699596e9,current_freshwater,current_freshwater,train_split/Parasitic diseases/Parasitic diseases_aug_194.jpg,train_split/Parasitic diseases/Parasitic diseases_aug_98.jpg,Parasitic diseases,Parasitic diseases,Parasitic Disease,Parasitic Disease,sha256,7968d52f1a5147fa7a1433b769264e55ca9b30ca961fa8238a302dfed94a5fb0,0,EXACT_DUPLICATE,False,SAME_LABEL,DROP_B_KEEP_A,byte-identical (policy: exact duplicates collapse to the first path)
current_freshwater-62b30e3efa06,roboflow-4c55db807cab,current_freshwater,roboflow,train_split/Bacterial Red disease/Bacterial Red disease_131.jpg,train/Bacterial Red disease/Bacterial-Red-disease-17-_jpg.rf.9579bf0d6e623b8f22c5500b4bd75176.jpg,Bacterial Red disease,Bacterial Red disease,Bacterial Red Disease,Bacterial Red Disease,sha256,7b48f31c902296dfd3ac73a022d03c3cbe438b65e5c189889f2d17317fe875ec,0,EXACT_DUPLICATE,True,SAME_LABEL,DROP_B_KEEP_A,byte-identical (policy: exact duplicates collapse to the first path)
current_freshwater-187949e0f33c,roboflow-1f9183c5d123,current_freshwater,roboflow,train_split/Healthy Fish/Healthy Fish_356.jpg,train/Healthy Fish/Healthy-Fish-102-_jpg.rf.1c9d18400e801910cad02a4c4a0daa47.jpg,Healthy Fish,Healthy Fish,Healthy Fish,Healthy Fish,sha256,7beb015946bc38d454083f121e9e9818ae83dd586921eff13055e5f80fa5eccb,0,EXACT_DUPLICATE,True,SAME_LABEL,DROP_B_KEEP_A,byte-identical (policy: exact duplicates collapse to the first path)
current_freshwater-b7ddfb1c2095,roboflow-d37933ca59a5,current_freshwater,roboflow,train_split/Healthy Fish/Healthy Fish_346.jpg,train/Healthy Fish/Healthy-Fish-86-_jpg.rf.39683f0decc8c9c0f5aa6199cd00e774.jpg,Healthy Fish,Healthy Fish,Healthy Fish,Healthy Fish,sha256,7d9616a96aceaf191fefe53e123b24bc4b0b46d3969786bb04092fcfb679a28f,0,EXACT_DUPLICATE,True,SAME_LABEL,DROP_B_KEEP_A,byte-identical (policy: exact duplicates collapse to the first path)
current_freshwater-72bef196e728,roboflow-6d62a116913c,current_freshwater,roboflow,train_split/Healthy Fish/Healthy Fish_208.jpg,train/Healthy Fish/Healthy-Fish-163-_jpg.rf.2d74183ac91fea192b521b8aaceb3992.jpg,Healthy Fish,Healthy Fish,Healthy Fish,Healthy Fish,sha256,7db01783450ed149b3eadff98c63f0a4e30954462ddce360dbf04f1ab904ba6a,0,EXACT_DUPLICATE,True,SAME_LABEL,DROP_B_KEEP_A,byte-identical (policy: exact duplicates collapse to the first path)
current_freshwater-3d6e9198cc5a,roboflow-05653ef519f0,current_freshwater,roboflow,train_split/Healthy Fish/Healthy Fish_211.jpg,valid/Healthy Fish/Healthy-Fish-20-_jpeg.rf.5609712599df9dcbd3fd6f32f41f95ce.jpg,Healthy Fish,Healthy Fish,Healthy Fish,Healthy Fish,sha256,7eb2d4585123bc628e1a8f3e70ab39ed84fab4b6fb32f50237f5aad9dc56ccd5,0,EXACT_DUPLICATE,True,SAME_LABEL,DROP_B_KEEP_A,byte-identical (policy: exact duplicates collapse to the first path)
current_freshwater-15eed604625d,current_freshwater-b29a323f84b0,current_freshwater,current_freshwater,train_split/Parasitic diseases/Parasitic diseases_aug_4.jpg,train_split/Parasitic diseases/Parasitic diseases_aug_74.jpg,Parasitic diseases,Parasitic diseases,Parasitic Disease,Parasitic Disease,sha256,7ed1689e4bbbf1e3b852306f6417e2e411c9ffaecfca271b721171675ccde202,0,EXACT_DUPLICATE,False,SAME_LABEL,DROP_B_KEEP_A,byte-identical (policy: exact duplicates collapse to the first path)
current_freshwater-32942955a0e7,roboflow-ed67c887d19e,current_freshwater,roboflow,test_split/Healthy Fish_Healthy Fish_163.jpg,train/Healthy Fish/Healthy-Fish-120-_jpg.rf.12acdd48bb08dece15d455cc8713ed9c.jpg,Healthy Fish,Healthy Fish,Healthy Fish,Healthy Fish,sha256,7f5c1be18b34dab406473ae82b04cb9159c3514a537cc105ad496725287377c0,0,EXACT_DUPLICATE,True,SAME_LABEL,DROP_B_KEEP_A,byte-identical (policy: exact duplicates collapse to the first path)
current_freshwater-7c0502754d55,current_freshwater-1ff0389d2f00,current_freshwater,current_freshwater,train_split/Parasitic diseases/Parasitic diseases_aug_219.jpg,train_split/Parasitic diseases/Parasitic diseases_aug_283.jpg,Parasitic diseases,Parasitic diseases,Parasitic Disease,Parasitic Disease,sha256,800811ce82dd01184f156c0fcc976be323c4c7c9a5ba27ea95365da1c013d018,0,EXACT_DUPLICATE,False,SAME_LABEL,DROP_B_KEEP_A,byte-identical (policy: exact duplicates collapse to the first path)
current_freshwater-ece63b7950cd,roboflow-c1a7e801f246,current_freshwater,roboflow,train_split/Healthy Fish/Healthy Fish_219.jpg,train/Healthy Fish/Healthy-Fish-178-_jpg.rf.7a13ef3e61cbcbea25f46fce906fa7b9.jpg,Healthy Fish,Healthy Fish,Healthy Fish,Healthy Fish,sha256,805fce66ddc789d2aa2beb65d5c2d4a290a49af6cf06844f55a902e96df8a42b,0,EXACT_DUPLICATE,True,SAME_LABEL,DROP_B_KEEP_A,byte-identical (policy: exact duplicates collapse to the first path)
current_freshwater-3377a3827d67,current_freshwater-502585d9d710,current_freshwater,current_freshwater,train_split/Fungal diseases Saprolegniasis/Fungal diseases Saprolegniasis_aug_195.jpg,train_split/Fungal diseases Saprolegniasis/Fungal diseases Saprolegniasis_aug_277.jpg,Fungal diseases Saprolegniasis,Fungal diseases Saprolegniasis,Saprolegniasis,Saprolegniasis,sha256,806559abc6e60a547a367cbe1c0808d390c5f86245f7b1535384f92a18edad0a,0,EXACT_DUPLICATE,False,SAME_LABEL,DROP_B_KEEP_A,byte-identical (policy: exact duplicates collapse to the first path)
current_freshwater-2d1551d284d5,roboflow-0236a03ff914,current_freshwater,roboflow,train_split/Healthy Fish/Healthy Fish_160.jpg,train/Healthy Fish/Healthy-Fish-1-_png.rf.0aadb85a00f62f6ac93c29fdb4ad998b.jpg,Healthy Fish,Healthy Fish,Healthy Fish,Healthy Fish,sha256,80da316b3e08d621c8494ae54e1b7809d211a36984c772f0d64617711b12933a,0,EXACT_DUPLICATE,True,SAME_LABEL,DROP_B_KEEP_A,byte-identical (policy: exact duplicates collapse to the first path)
kaptai-f11e138e416a,kaptai-6bf4ead82650,kaptai,kaptai,Argulus/28.jpg,Broken antennae and rostrum/Broken antennae and rostrum  (5).jpg,Argulus,Broken antennae and rostrum,,,sha256,82ff5d5fbdac30692a4d65a9f91f16090a970e65308ff9f6c39139d09bfcd082,0,EXACT_DUPLICATE,False,UNRESOLVED_LABEL,REVIEW,"byte-identical, a label is unresolved; the match is evidence for the mapping decision"
current_freshwater-2373adb35aa6,roboflow-38c824e9c12a,current_freshwater,roboflow,test_split/Healthy Fish_Healthy Fish_340.jpg,train/Healthy Fish/Healthy-Fish-77-_jpg.rf.03ee83434cd984874838c15de86a03a1.jpg,Healthy Fish,Healthy Fish,Healthy Fish,Healthy Fish,sha256,83fc8442321a0bfaa31251fec5f5509b825af9dd8b6b5912beddc865a35781ba,0,EXACT_DUPLICATE,True,SAME_LABEL,DROP_B_KEEP_A,byte-identical (policy: exact duplicates collapse to the first path)
current_freshwater-b29373f571d4,roboflow-c70bcae1f82a,current_freshwater,roboflow,train_split/Healthy Fish/Healthy Fish_212.jpg,valid/Healthy Fish/Healthy-Fish-17-_jpg.rf.c1b35ab004708a812930bddbf6dacb8d.jpg,Healthy Fish,Healthy Fish,Healthy Fish,Healthy Fish,sha256,85073c11149ce6a78a5c4222d5d1a0c5bbc339cd3c6a3200d5b87a824a783d17,0,EXACT_DUPLICATE,True,SAME_LABEL,DROP_B_KEEP_A,byte-identical (policy: exact duplicates collapse to the first path)
current_freshwater-cb0e09fe70d8,roboflow-6867ef6c530f,current_freshwater,roboflow,train_split/Healthy Fish/Healthy Fish_210.jpg,train/Healthy Fish/Healthy-Fish-165-_jpg.rf.9009dfbc2d47ab766adfcc4e00b2a229.jpg,Healthy Fish,Healthy Fish,Healthy Fish,Healthy Fish,sha256,86c9b120efdf72389f3b878b55a1fca2fd3b78a657798e1d5ca4f09012934cd0,0,EXACT_DUPLICATE,True,SAME_LABEL,DROP_B_KEEP_A,byte-identical (policy: exact duplicates collapse to the first path)
current_freshwater-332c4940518d,current_freshwater-907c98eeeff8,current_freshwater,current_freshwater,train_split/Fungal diseases Saprolegniasis/Fungal diseases Saprolegniasis_aug_259.jpg,train_split/Fungal diseases Saprolegniasis/Fungal diseases Saprolegniasis_aug_377.jpg,Fungal diseases Saprolegniasis,Fungal diseases Saprolegniasis,Saprolegniasis,Saprolegniasis,sha256,8766f109171cab726b8049fa352afdb5a7b945761deda60c36b810e56800b9d6,0,EXACT_DUPLICATE,False,SAME_LABEL,DROP_B_KEEP_A,byte-identical (policy: exact duplicates collapse to the first path)
current_freshwater-e6d1f4b9bce6,roboflow-885cc9968b72,current_freshwater,roboflow,train_split/Healthy Fish/Healthy Fish_336.jpg,train/Healthy Fish/Healthy-Fish-73-_jpg.rf.d3561f909a92497ad8d698e618f6c77b.jpg,Healthy Fish,Healthy Fish,Healthy Fish,Healthy Fish,sha256,87fc6cdf78f12cb6ca7943efb28974a0074887bcca1de6b9c91bcc17ea7acbbc,0,EXACT_DUPLICATE,True,SAME_LABEL,DROP_B_KEEP_A,byte-identical (policy: exact duplicates collapse to the first path)
current_freshwater-f0043e2d4b95,current_freshwater-a8406a5d0556,current_freshwater,current_freshwater,train_split/Bacterial Red disease/Bacterial Red disease_aug_165.jpg,train_split/Bacterial Red disease/Bacterial Red disease_aug_63.jpg,Bacterial Red disease,Bacterial Red disease,Bacterial Red Disease,Bacterial Red Disease,sha256,8858b346d34aa4f3145f4c31bbbcb59a4bf72a64b28582f6d4bac78fc4bc3cb5,0,EXACT_DUPLICATE,False,SAME_LABEL,DROP_B_KEEP_A,byte-identical (policy: exact duplicates collapse to the first path)
current_freshwater-f0043e2d4b95,current_freshwater-1f55c63856ff,current_freshwater,current_freshwater,train_split/Bacterial Red disease/Bacterial Red disease_aug_165.jpg,train_split/Bacterial Red disease/Bacterial Red disease_aug_84.jpg,Bacterial Red disease,Bacterial Red disease,Bacterial Red Disease,Bacterial Red Disease,sha256,8858b346d34aa4f3145f4c31bbbcb59a4bf72a64b28582f6d4bac78fc4bc3cb5,0,EXACT_DUPLICATE,False,SAME_LABEL,DROP_B_KEEP_A,byte-identical (policy: exact duplicates collapse to the first path)
current_freshwater-a8406a5d0556,current_freshwater-1f55c63856ff,current_freshwater,current_freshwater,train_split/Bacterial Red disease/Bacterial Red disease_aug_63.jpg,train_split/Bacterial Red disease/Bacterial Red disease_aug_84.jpg,Bacterial Red disease,Bacterial Red disease,Bacterial Red Disease,Bacterial Red Disease,sha256,8858b346d34aa4f3145f4c31bbbcb59a4bf72a64b28582f6d4bac78fc4bc3cb5,0,EXACT_DUPLICATE,False,SAME_LABEL,DROP_B_KEEP_A,byte-identical (policy: exact duplicates collapse to the first path)
current_freshwater-1b0a0710ab40,roboflow-8c4fc54e0a29,current_freshwater,roboflow,test_split/Healthy Fish_Healthy Fish_317.jpg,train/Healthy Fish/Healthy-Fish-39-_jpg.rf.c66679106327c2849845c55b9af2cc16.jpg,Healthy Fish,Healthy Fish,Healthy Fish,Healthy Fish,sha256,89100d3fae3704b1a63ad41122f3e41e5c5d3336820ccb26f07c9ac7052abb63,0,EXACT_DUPLICATE,True,SAME_LABEL,DROP_B_KEEP_A,byte-identical (policy: exact duplicates collapse to the first path)
current_freshwater-4c1315faaf16,roboflow-5df23401f2e6,current_freshwater,roboflow,train_split/Healthy Fish/Healthy Fish_337.jpg,test/Healthy Fish/Healthy-Fish-11-_jpeg.rf.059fbe0dd8acf5266e3cd94bdc362708.jpg,Healthy Fish,Healthy Fish,Healthy Fish,Healthy Fish,sha256,8b0576286d91e87ee755548c45abfa14051a663fc98fbaf42ef486731693301c,0,EXACT_DUPLICATE,True,SAME_LABEL,DROP_B_KEEP_A,byte-identical (policy: exact duplicates collapse to the first path)
current_freshwater-20cba71a8f4b,roboflow-182f43dce2dd,current_freshwater,roboflow,train_split/Healthy Fish/Healthy Fish_161.jpg,train/Healthy Fish/Healthy-Fish-16-_jpeg.rf.fa6acb7619dbb0d5076c5d6f7b5ebd1b.jpg,Healthy Fish,Healthy Fish,Healthy Fish,Healthy Fish,sha256,8f0646bfc9082290d9309bd515b8af5a294ebede376af03a257df52a01889706,0,EXACT_DUPLICATE,True,SAME_LABEL,DROP_B_KEEP_A,byte-identical (policy: exact duplicates collapse to the first path)
current_freshwater-30a8bb037552,current_freshwater-42e985e95e67,current_freshwater,current_freshwater,train_split/Bacterial diseases - Aeromoniasis/Bacterial diseases - Aeromoniasis_aug_153.jpg,train_split/Bacterial diseases - Aeromoniasis/Bacterial diseases - Aeromoniasis_aug_42.jpg,Bacterial diseases - Aeromoniasis,Bacterial diseases - Aeromoniasis,Aeromoniasis,Aeromoniasis,sha256,8f43ba354c745a0da7c468911b80d2fcb4edc114685eca598dd72edb6a4a4894,0,EXACT_DUPLICATE,False,SAME_LABEL,DROP_B_KEEP_A,byte-identical (policy: exact duplicates collapse to the first path)
current_freshwater-75dda1e42d7c,roboflow-f2329fb783f8,current_freshwater,roboflow,train_split/Healthy Fish/Healthy Fish_167.jpg,train/Healthy Fish/Healthy-Fish-124-_jpg.rf.77986bff64506952d067d46120aa63f1.jpg,Healthy Fish,Healthy Fish,Healthy Fish,Healthy Fish,sha256,8fc469f30b0450e08082bf0e622c4589cea94400df4733837f219513cb157f2f,0,EXACT_DUPLICATE,True,SAME_LABEL,DROP_B_KEEP_A,byte-identical (policy: exact duplicates collapse to the first path)
current_freshwater-0ad8e9e2ee0d,roboflow-30dab8d0d3ff,current_freshwater,roboflow,train_split/Healthy Fish/Healthy Fish_253.jpg,train/Healthy Fish/Healthy-Fish-26-_jpeg.rf.0cd631d9d44606a7dec2aad11cab462a.jpg,Healthy Fish,Healthy Fish,Healthy Fish,Healthy Fish,sha256,94119a57d074ef254797f5c50ecb23b0712dcb927d4a44e5fd2e711ee5774587,0,EXACT_DUPLICATE,True,SAME_LABEL,DROP_B_KEEP_A,byte-identical (policy: exact duplicates collapse to the first path)
current_freshwater-ef5ec2a50698,roboflow-9aa7bf4efac7,current_freshwater,roboflow,train_split/Healthy Fish/Healthy Fish_347.jpg,train/Healthy Fish/Healthy-Fish-87-_jpg.rf.c0abf502417766beab75e043ae0b0615.jpg,Healthy Fish,Healthy Fish,Healthy Fish,Healthy Fish,sha256,9687bb9185e57e39f0afe2933fc0534c58b5c62d335d2fbade226ab257a53590,0,EXACT_DUPLICATE,True,SAME_LABEL,DROP_B_KEEP_A,byte-identical (policy: exact duplicates collapse to the first path)
current_freshwater-4025588fb18a,current_freshwater-a9a449fd8834,current_freshwater,current_freshwater,train_split/Parasitic diseases/Parasitic diseases_aug_148.jpg,train_split/Parasitic diseases/Parasitic diseases_aug_65.jpg,Parasitic diseases,Parasitic diseases,Parasitic Disease,Parasitic Disease,sha256,9915a1032d5660d3c97415154b62d117e392205478d86e52c7db6681751c15ef,0,EXACT_DUPLICATE,False,SAME_LABEL,DROP_B_KEEP_A,byte-identical (policy: exact duplicates collapse to the first path)
current_freshwater-78b47a31c396,current_freshwater-4f2ff7fb8859,current_freshwater,current_freshwater,train_split/Parasitic diseases/Parasitic diseases_aug_255.jpg,train_split/Parasitic diseases/Parasitic diseases_aug_263.jpg,Parasitic diseases,Parasitic diseases,Parasitic Disease,Parasitic Disease,sha256,994ac18d948f7a7da72d804347accc80b3bc5afe52bbf850c86a8a49a062dc33,0,EXACT_DUPLICATE,False,SAME_LABEL,DROP_B_KEEP_A,byte-identical (policy: exact duplicates collapse to the first path)
kaptai-4dbc955a8c55,kaptai-3baa78ab2fb8,kaptai,kaptai,Argulus/19.jpg,Healthy Fish/healthy (27).jpg,Argulus,Healthy Fish,,Healthy Fish,sha256,99b5122428834cce9c02ff02b4a3839ade5087b53605393bedbda30696ef6432,0,EXACT_DUPLICATE,False,UNRESOLVED_LABEL,REVIEW,"byte-identical, a label is unresolved; the match is evidence for the mapping decision"
current_freshwater-0df96ba6d938,current_freshwater-7125d00a43a9,current_freshwater,current_freshwater,train_split/Fungal diseases Saprolegniasis/Fungal diseases Saprolegniasis_aug_139.jpg,train_split/Fungal diseases Saprolegniasis/Fungal diseases Saprolegniasis_aug_170.jpg,Fungal diseases Saprolegniasis,Fungal diseases Saprolegniasis,Saprolegniasis,Saprolegniasis,sha256,9a1ba18e9ef53e17663c408c18cc893c21740f726206a846f59d39731c8cc6b1,0,EXACT_DUPLICATE,False,SAME_LABEL,DROP_B_KEEP_A,byte-identical (policy: exact duplicates collapse to the first path)
current_freshwater-e4d891001fa4,roboflow-a7400336b62d,current_freshwater,roboflow,train_split/Healthy Fish/Healthy Fish_162.jpg,train/Healthy Fish/Healthy-Fish-12-_jpg.rf.f0a54f0ae25551c596604c9a03376dc4.jpg,Healthy Fish,Healthy Fish,Healthy Fish,Healthy Fish,sha256,9aa0098c8ada9765215072d8ad7d49c163eac92b267a7e61e865c6199069d7ae,0,EXACT_DUPLICATE,True,SAME_LABEL,DROP_B_KEEP_A,byte-identical (policy: exact duplicates collapse to the first path)
current_freshwater-524ec248f016,roboflow-b38ca8d08bb0,current_freshwater,roboflow,train_split/Healthy Fish/Healthy Fish_327.jpg,train/Healthy Fish/Healthy-Fish-61-_jpg.rf.9e225635872b01a126c01faf690fddce.jpg,Healthy Fish,Healthy Fish,Healthy Fish,Healthy Fish,sha256,9ba5699308e0f009f11cafcfa8a907b973f5994fce165ce70b0115c4830340f6,0,EXACT_DUPLICATE,True,SAME_LABEL,DROP_B_KEEP_A,byte-identical (policy: exact duplicates collapse to the first path)
current_freshwater-a28a9c74ccd6,roboflow-dadb561e712d,current_freshwater,roboflow,train_split/Healthy Fish/Healthy Fish_313.jpg,train/Healthy Fish/Healthy-Fish-34-_jpg.rf.4ffcc24a5c5b76c85438c04b872b8399.jpg,Healthy Fish,Healthy Fish,Healthy Fish,Healthy Fish,sha256,9cf4653420a09c7892af693b49308e7d885866fdccd2303507a5aba9fc0c645d,0,EXACT_DUPLICATE,True,SAME_LABEL,DROP_B_KEEP_A,byte-identical (policy: exact duplicates collapse to the first path)
current_freshwater-23c014d50750,current_freshwater-0f440a21ed25,current_freshwater,current_freshwater,train_split/Bacterial diseases - Aeromoniasis/Bacterial diseases - Aeromoniasis_aug_207.jpg,train_split/Bacterial diseases - Aeromoniasis/Bacterial diseases - Aeromoniasis_aug_33.jpg,Bacterial diseases - Aeromoniasis,Bacterial diseases - Aeromoniasis,Aeromoniasis,Aeromoniasis,sha256,9edc637f6257859d1154e866d0bdfece1deeda76883b26d723154e5239aee927,0,EXACT_DUPLICATE,False,SAME_LABEL,DROP_B_KEEP_A,byte-identical (policy: exact duplicates collapse to the first path)
current_freshwater-b02035a7bf5b,roboflow-ff401ef4b8b4,current_freshwater,roboflow,train_split/Healthy Fish/Healthy Fish_355.jpg,train/Healthy Fish/Healthy-Fish-101-_jpg.rf.82c8d8fd7d3f2baf99b5da7d8257fdff.jpg,Healthy Fish,Healthy Fish,Healthy Fish,Healthy Fish,sha256,a11adabb463feddde0e2794a5f029ce7b81759a846d5e784654fe09e6f20acdb,0,EXACT_DUPLICATE,True,SAME_LABEL,DROP_B_KEEP_A,byte-identical (policy: exact duplicates collapse to the first path)
current_freshwater-fcaf3d16d1cd,roboflow-97dd1940b279,current_freshwater,roboflow,train_split/Healthy Fish/Healthy Fish_199.jpg,train/Healthy Fish/Healthy-Fish-154-_jpg.rf.e0da4ed21ad0df36c9d77d192ea09093.jpg,Healthy Fish,Healthy Fish,Healthy Fish,Healthy Fish,sha256,a11bd8ec3cd03215813a4f510a64fad6514b274144382a740104c5e21db19248,0,EXACT_DUPLICATE,True,SAME_LABEL,DROP_B_KEEP_A,byte-identical (policy: exact duplicates collapse to the first path)
current_freshwater-d2224e03ba57,roboflow-96e7bf52bcce,current_freshwater,roboflow,test_split/Healthy Fish_Healthy Fish_345.jpg,train/Healthy Fish/Healthy-Fish-10-_jpg.rf.e0a9a6b21a5b35242e7eb51d2bc6327c.jpg,Healthy Fish,Healthy Fish,Healthy Fish,Healthy Fish,sha256,a654c204710b45ab5018207d2236548fe49040f163c04ab0ec9bcb0eb9ebf8d8,0,EXACT_DUPLICATE,True,SAME_LABEL,DROP_B_KEEP_A,byte-identical (policy: exact duplicates collapse to the first path)
current_freshwater-c51368bfe68e,roboflow-47a8eefc0d18,current_freshwater,roboflow,train_split/Healthy Fish/Healthy Fish_166.jpg,train/Healthy Fish/Healthy-Fish-123-_jpg.rf.9e4950bb1d0787c549da13604bcf445a.jpg,Healthy Fish,Healthy Fish,Healthy Fish,Healthy Fish,sha256,a77160cf46f7f4ec6ebc2c3576aca54bfb4c2cac46e8804670d2fc5e588b56d2,0,EXACT_DUPLICATE,True,SAME_LABEL,DROP_B_KEEP_A,byte-identical (policy: exact duplicates collapse to the first path)
current_freshwater-44725bc65f46,current_freshwater-28dc37918723,current_freshwater,current_freshwater,train_split/Bacterial diseases - Aeromoniasis/Bacterial diseases - Aeromoniasis_aug_128.jpg,train_split/Bacterial diseases - Aeromoniasis/Bacterial diseases - Aeromoniasis_aug_255.jpg,Bacterial diseases - Aeromoniasis,Bacterial diseases - Aeromoniasis,Aeromoniasis,Aeromoniasis,sha256,a8f4cb547979663396086f6b89a45ac7acb0ac2ef4ef54bbe8a59bfd43cc7d5c,0,EXACT_DUPLICATE,False,SAME_LABEL,DROP_B_KEEP_A,byte-identical (policy: exact duplicates collapse to the first path)
current_freshwater-f9d1c34f7c22,current_freshwater-f04dc048e694,current_freshwater,current_freshwater,train_split/Bacterial gill disease/Bacterial gill disease_aug_127.jpg,train_split/Bacterial gill disease/Bacterial gill disease_aug_196.jpg,Bacterial gill disease,Bacterial gill disease,Bacterial Gill Disease,Bacterial Gill Disease,sha256,a93da262483627ffe76dc2fecd5d8474f05979c4f7cfd850b6f6f40a7dbb3406,0,EXACT_DUPLICATE,False,SAME_LABEL,DROP_B_KEEP_A,byte-identical (policy: exact duplicates collapse to the first path)
current_freshwater-2fcc8c09dcb9,current_freshwater-bb326059956c,current_freshwater,current_freshwater,train_split/Bacterial gill disease/Bacterial gill disease_aug_108.jpg,train_split/Bacterial gill disease/Bacterial gill disease_aug_215.jpg,Bacterial gill disease,Bacterial gill disease,Bacterial Gill Disease,Bacterial Gill Disease,sha256,a9580b8162656ffd9864ba05051335c5e90498bb23f0ba3a269ec2882d1493a1,0,EXACT_DUPLICATE,False,SAME_LABEL,DROP_B_KEEP_A,byte-identical (policy: exact duplicates collapse to the first path)
current_freshwater-e83da40abe21,roboflow-11968623d450,current_freshwater,roboflow,train_split/Healthy Fish/Healthy Fish_205.jpg,train/Healthy Fish/Healthy-Fish-159-_jpg.rf.0413982736e6e52788cb17454675bb62.jpg,Healthy Fish,Healthy Fish,Healthy Fish,Healthy Fish,sha256,ab5d5902a6cc1107da51d381c85da108e5bbe9026ef124ff7533644f5368a6d1,0,EXACT_DUPLICATE,True,SAME_LABEL,DROP_B_KEEP_A,byte-identical (policy: exact duplicates collapse to the first path)
current_freshwater-9d105879749f,current_freshwater-7a179b585028,current_freshwater,current_freshwater,train_split/Bacterial Red disease/Bacterial Red disease_aug_13.jpg,train_split/Bacterial Red disease/Bacterial Red disease_aug_204.jpg,Bacterial Red disease,Bacterial Red disease,Bacterial Red Disease,Bacterial Red Disease,sha256,adff2edcec7896c9e401c7e973c4674550d803469c39dacc3ee7a5570277e05f,0,EXACT_DUPLICATE,False,SAME_LABEL,DROP_B_KEEP_A,byte-identical (policy: exact duplicates collapse to the first path)
current_freshwater-6a84848f689d,roboflow-48f9f83cae10,current_freshwater,roboflow,train_split/Healthy Fish/Healthy Fish_357.jpg,train/Healthy Fish/Healthy-Fish-103-_jpg.rf.44218611d53db74bb26802cbca5d7c57.jpg,Healthy Fish,Healthy Fish,Healthy Fish,Healthy Fish,sha256,af888781bf40c277c814a6396c3f2991b2aa5073c5d29c347d447480507f6ea5,0,EXACT_DUPLICATE,True,SAME_LABEL,DROP_B_KEEP_A,byte-identical (policy: exact duplicates collapse to the first path)
current_freshwater-a152ee2ee19e,roboflow-2797d15b4fde,current_freshwater,roboflow,train_split/Healthy Fish/Healthy Fish_316.jpg,train/Healthy Fish/Healthy-Fish-37-_jpg.rf.ac028b3c83aaf36a2e9ba237c77cdd5b.jpg,Healthy Fish,Healthy Fish,Healthy Fish,Healthy Fish,sha256,afea90bdcd1e13dae99c77a7cb36006f45fb2b79b78c3b7d68ec2b5586bedd62,0,EXACT_DUPLICATE,True,SAME_LABEL,DROP_B_KEEP_A,byte-identical (policy: exact duplicates collapse to the first path)
current_freshwater-edc131166d7a,current_freshwater-4015e12aa68d,current_freshwater,current_freshwater,train_split/Fungal diseases Saprolegniasis/Fungal diseases Saprolegniasis_aug_23.jpg,train_split/Fungal diseases Saprolegniasis/Fungal diseases Saprolegniasis_aug_347.jpg,Fungal diseases Saprolegniasis,Fungal diseases Saprolegniasis,Saprolegniasis,Saprolegniasis,sha256,b0a2da8918acd978ecdd8dde3687e2c096db2df198ebf0ed7821f3059c1ab6c5,0,EXACT_DUPLICATE,False,SAME_LABEL,DROP_B_KEEP_A,byte-identical (policy: exact duplicates collapse to the first path)
current_freshwater-50d519ce2da4,current_freshwater-c2d201b59bff,current_freshwater,current_freshwater,train_split/Viral diseases White tail disease/Viral diseases White tail disease_aug_263.jpg,train_split/Viral diseases White tail disease/Viral diseases White tail disease_aug_353.jpg,Viral diseases White tail disease,Viral diseases White tail disease,White Tail Disease,White Tail Disease,sha256,b2dba3c8df368bac3328c9a573843e0d4007b07eb756077caa820eda8a302d63,0,EXACT_DUPLICATE,False,SAME_LABEL,DROP_B_KEEP_A,byte-identical (policy: exact duplicates collapse to the first path)
current_freshwater-d820917f88ee,current_freshwater-611158094cba,current_freshwater,current_freshwater,train_split/Healthy Fish/Healthy Fish_aug_207.jpg,train_split/Healthy Fish/Healthy Fish_aug_32.jpg,Healthy Fish,Healthy Fish,Healthy Fish,Healthy Fish,sha256,b7130840f472056dad087e94afe3698c5866bbd7289e3f8cb9c80074b31c6dc5,0,EXACT_DUPLICATE,False,SAME_LABEL,DROP_B_KEEP_A,byte-identical (policy: exact duplicates collapse to the first path)
current_freshwater-d43304ff6772,current_freshwater-dadb81b2f682,current_freshwater,current_freshwater,train_split/Fungal diseases Saprolegniasis/Fungal diseases Saprolegniasis_aug_166.jpg,train_split/Fungal diseases Saprolegniasis/Fungal diseases Saprolegniasis_aug_220.jpg,Fungal diseases Saprolegniasis,Fungal diseases Saprolegniasis,Saprolegniasis,Saprolegniasis,sha256,b7688465310200c3ef6c610773ee2350917f0c224d453b4a538c660334acc744,0,EXACT_DUPLICATE,False,SAME_LABEL,DROP_B_KEEP_A,byte-identical (policy: exact duplicates collapse to the first path)
current_freshwater-6a12199c112f,roboflow-299ca4d1f18e,current_freshwater,roboflow,train_split/Healthy Fish/Healthy Fish_185.jpg,train/Healthy Fish/Healthy-Fish-139-_jpg.rf.3069c36dde3f174cdbcbfd8e26d167ba.jpg,Healthy Fish,Healthy Fish,Healthy Fish,Healthy Fish,sha256,b8094574411ffc93c87a39773c46e5458921151717ea1259a0375ffc5bca1cf4,0,EXACT_DUPLICATE,True,SAME_LABEL,DROP_B_KEEP_A,byte-identical (policy: exact duplicates collapse to the first path)
current_freshwater-8b3ee0d8d665,current_freshwater-38599d4f88a0,current_freshwater,current_freshwater,train_split/EUS/EUS_258.jpg,train_split/EUS/EUS_aug_114.jpg,EUS,EUS,EUS Disease,EUS Disease,sha256,b837066ad3bac43a7b57054549833525c60cf7b5e37033763ab04da3504e3319,0,EXACT_DUPLICATE,False,SAME_LABEL,DROP_B_KEEP_A,byte-identical (policy: exact duplicates collapse to the first path)
current_freshwater-fc9c325d87a3,current_freshwater-cf8d0da960f4,current_freshwater,current_freshwater,train_split/Healthy Fish/Healthy Fish_467.jpg,train_split/Healthy Fish/Healthy Fish_aug_19.jpg,Healthy Fish,Healthy Fish,Healthy Fish,Healthy Fish,sha256,b9192ed8f8978686e4226a218ae1db600a51a53a95d5cff07dd264045e225236,0,EXACT_DUPLICATE,False,SAME_LABEL,DROP_B_KEEP_A,byte-identical (policy: exact duplicates collapse to the first path)
current_freshwater-c28480af6454,roboflow-22dc8dd5650f,current_freshwater,roboflow,train_split/Healthy Fish/Healthy Fish_331.jpg,train/Healthy Fish/Healthy-Fish-65-_jpg.rf.e50f5576ef027628ff5099f02ee6439b.jpg,Healthy Fish,Healthy Fish,Healthy Fish,Healthy Fish,sha256,b93ff2929a5fcb38d52e6957706e2a957833c59fd19cd6c431c63fd13a33624b,0,EXACT_DUPLICATE,True,SAME_LABEL,DROP_B_KEEP_A,byte-identical (policy: exact duplicates collapse to the first path)
current_freshwater-217f3d54ad2b,roboflow-1a390dae250e,current_freshwater,roboflow,train_split/Healthy Fish/Healthy Fish_333.jpg,train/Healthy Fish/Healthy-Fish-68-_jpg.rf.6606043f9893d3c10623bcdb4e0c3ad6.jpg,Healthy Fish,Healthy Fish,Healthy Fish,Healthy Fish,sha256,bdc8a6ffcdd34278e247f471b8afdcfbf16781979cc67430ff81098f795914e2,0,EXACT_DUPLICATE,True,SAME_LABEL,DROP_B_KEEP_A,byte-identical (policy: exact duplicates collapse to the first path)
current_freshwater-bbd9fbfff7e5,roboflow-1d300c5fab41,current_freshwater,roboflow,test_split/Healthy Fish_Healthy Fish_351.jpg,train/Healthy Fish/Healthy-Fish-95-_jpg.rf.07c457c8303d3f0e99d04183fae2acc3.jpg,Healthy Fish,Healthy Fish,Healthy Fish,Healthy Fish,sha256,c1890832e9bd47d5953dd9cac5aeffe532fd6489b3d4124a4f0b4e256cf64e79,0,EXACT_DUPLICATE,True,SAME_LABEL,DROP_B_KEEP_A,byte-identical (policy: exact duplicates collapse to the first path)
current_freshwater-a089335edf58,roboflow-47cac3160a9b,current_freshwater,roboflow,train_split/Healthy Fish/Healthy Fish_169.jpg,valid/Healthy Fish/Healthy-Fish-125-_jpg.rf.5255a873e976ca259f8b622efeea6090.jpg,Healthy Fish,Healthy Fish,Healthy Fish,Healthy Fish,sha256,c1e09feb76f778c5d3e579dfee35f9d5b884119cc39c13983fc5f77c5050bf80,0,EXACT_DUPLICATE,True,SAME_LABEL,DROP_B_KEEP_A,byte-identical (policy: exact duplicates collapse to the first path)
current_freshwater-c8660e382538,roboflow-4a139f40538a,current_freshwater,roboflow,train_split/Healthy Fish/Healthy Fish_344.jpg,train/Healthy Fish/Healthy-Fish-12-_jpeg.rf.a3bed8de699ccad7b99fd0c01a6fd3e8.jpg,Healthy Fish,Healthy Fish,Healthy Fish,Healthy Fish,sha256,c440b1582a3c44fd287749908eb6f407d736bdf4c5feb35744a4a5f510ff46eb,0,EXACT_DUPLICATE,True,SAME_LABEL,DROP_B_KEEP_A,byte-identical (policy: exact duplicates collapse to the first path)
current_freshwater-a81e79742d92,roboflow-6c2b0bca6631,current_freshwater,roboflow,train_split/Healthy Fish/Healthy Fish_206.jpg,train/Healthy Fish/Healthy-Fish-160-_jpg.rf.06bd3a882da8a23299fca7f5ddf69c4c.jpg,Healthy Fish,Healthy Fish,Healthy Fish,Healthy Fish,sha256,c47d3e5ab109dfba9a2610a77d2e33804720568baf08aa73054c8445a72045ec,0,EXACT_DUPLICATE,True,SAME_LABEL,DROP_B_KEEP_A,byte-identical (policy: exact duplicates collapse to the first path)
current_freshwater-73a5f1ea0c19,roboflow-582ece98160e,current_freshwater,roboflow,train_split/Healthy Fish/Healthy Fish_192.jpg,train/Healthy Fish/Healthy-Fish-143-_jpg.rf.e21feaa75aaac1b165584ee61a145c26.jpg,Healthy Fish,Healthy Fish,Healthy Fish,Healthy Fish,sha256,c4d86bd6563197a3b9198261ab2394205d2f58757e413b03ad587a91904c0138,0,EXACT_DUPLICATE,True,SAME_LABEL,DROP_B_KEEP_A,byte-identical (policy: exact duplicates collapse to the first path)
current_freshwater-9a6f40bb557b,roboflow-3491d885007e,current_freshwater,roboflow,train_split/Healthy Fish/Healthy Fish_320.jpg,train/Healthy Fish/Healthy-Fish-5-_jpg.rf.df8572a401f783c6736848de51bc1d28.jpg,Healthy Fish,Healthy Fish,Healthy Fish,Healthy Fish,sha256,c4f572200caffce3b459bb761f8e09f9b0378c00466cfbc38675c85bd9563539,0,EXACT_DUPLICATE,True,SAME_LABEL,DROP_B_KEEP_A,byte-identical (policy: exact duplicates collapse to the first path)
kaptai-6ab8fbf2e962,kaptai-994cd111d22c,kaptai,kaptai,Argulus/31.jpg,Redspot/Red Spot (9).jpg,Argulus,Redspot,,,sha256,c6380f86b4411b5857e423f07e69f27d7b49ae61a4390016d3c7166a39b3500a,0,EXACT_DUPLICATE,False,UNRESOLVED_LABEL,REVIEW,"byte-identical, a label is unresolved; the match is evidence for the mapping decision"
current_freshwater-b34fcd88d228,roboflow-bd5a48ae3218,current_freshwater,roboflow,train_split/Healthy Fish/Healthy Fish_207.jpg,test/Healthy Fish/Healthy-Fish-162-_jpg.rf.50d98a5cde29e7e62824d8d84aebae0e.jpg,Healthy Fish,Healthy Fish,Healthy Fish,Healthy Fish,sha256,c7c35a508485ed4c9c771061f6663d2fc282fe3ef43d953b6c8ef2b9e92f694b,0,EXACT_DUPLICATE,True,SAME_LABEL,DROP_B_KEEP_A,byte-identical (policy: exact duplicates collapse to the first path)
current_freshwater-9b25f17bdd8d,current_freshwater-b6e357d442f4,current_freshwater,current_freshwater,train_split/Fungal diseases Saprolegniasis/Fungal diseases Saprolegniasis_aug_123.jpg,train_split/Fungal diseases Saprolegniasis/Fungal diseases Saprolegniasis_aug_24.jpg,Fungal diseases Saprolegniasis,Fungal diseases Saprolegniasis,Saprolegniasis,Saprolegniasis,sha256,c7f2907e00ece83e17921af3749ee329522fc2e0db603d1d4abd2b382cfaa6e4,0,EXACT_DUPLICATE,False,SAME_LABEL,DROP_B_KEEP_A,byte-identical (policy: exact duplicates collapse to the first path)
current_freshwater-c11abea7c313,roboflow-cfeeb7161d1d,current_freshwater,roboflow,train_split/Healthy Fish/Healthy Fish_265.jpg,test/Healthy Fish/Healthy-Fish-24-_jpg.rf.0f5a0edce374bf6f106b30fc2c180913.jpg,Healthy Fish,Healthy Fish,Healthy Fish,Healthy Fish,sha256,c97fdd8901a40a4f42e9381cf09a52963e1cb4ad3e9772ba8497ed7374a292a8,0,EXACT_DUPLICATE,True,SAME_LABEL,DROP_B_KEEP_A,byte-identical (policy: exact duplicates collapse to the first path)
current_freshwater-afdeb71342c1,current_freshwater-af337f026f9e,current_freshwater,current_freshwater,train_split/Healthy Fish/Healthy Fish_aug_17.jpg,train_split/Healthy Fish/Healthy Fish_aug_201.jpg,Healthy Fish,Healthy Fish,Healthy Fish,Healthy Fish,sha256,c9af1e14b0e723593565b1b0d02a3b6eecc27ee97661ae51dd39a82098d8a4bb,0,EXACT_DUPLICATE,False,SAME_LABEL,DROP_B_KEEP_A,byte-identical (policy: exact duplicates collapse to the first path)
current_freshwater-c32efa440798,roboflow-fc61a7859e76,current_freshwater,roboflow,train_split/Healthy Fish/Healthy Fish_177.jpg,test/Healthy Fish/Healthy-Fish-130-_jpg.rf.c3e3a62c23aacc5b4cfd56a26b68da02.jpg,Healthy Fish,Healthy Fish,Healthy Fish,Healthy Fish,sha256,ca5e5235f6e966690134cf97a5fac93b30b2640756842cdf561df032d1bb570a,0,EXACT_DUPLICATE,True,SAME_LABEL,DROP_B_KEEP_A,byte-identical (policy: exact duplicates collapse to the first path)
current_freshwater-1ca118edf58a,roboflow-8009eb415158,current_freshwater,roboflow,train_split/Healthy Fish/Healthy Fish_312.jpg,test/Healthy Fish/Healthy-Fish-31-_jpg.rf.f6a7ccc21eec3e69982d4e6d2361b5a9.jpg,Healthy Fish,Healthy Fish,Healthy Fish,Healthy Fish,sha256,cfaea7e44086f7599f2e8cd05ab935dbcef77232f7c49005019b294eb6528a41,0,EXACT_DUPLICATE,True,SAME_LABEL,DROP_B_KEEP_A,byte-identical (policy: exact duplicates collapse to the first path)
current_freshwater-bbebeb54d014,roboflow-7b94ce934362,current_freshwater,roboflow,train_split/Healthy Fish/Healthy Fish_328.jpg,train/Healthy Fish/Healthy-Fish-62-_jpg.rf.a8f275b118e4533794cc131b6d8d8982.jpg,Healthy Fish,Healthy Fish,Healthy Fish,Healthy Fish,sha256,d0ee361441b6731f8e1c4b736b1080c16385c0b2713f96d7b579b0ee5d686e0e,0,EXACT_DUPLICATE,True,SAME_LABEL,DROP_B_KEEP_A,byte-identical (policy: exact duplicates collapse to the first path)
current_freshwater-c65fbccb40bd,roboflow-b65f40176876,current_freshwater,roboflow,test_split/Healthy Fish_Healthy Fish_349.jpg,train/Healthy Fish/Healthy-Fish-91-_jpg.rf.c8a64614a203103aebaf46a7b89de335.jpg,Healthy Fish,Healthy Fish,Healthy Fish,Healthy Fish,sha256,d15c8a3fa9abbe1afa7da1a11fc04c47cfdc8203df6650de0101f3b62cef090a,0,EXACT_DUPLICATE,True,SAME_LABEL,DROP_B_KEEP_A,byte-identical (policy: exact duplicates collapse to the first path)
current_freshwater-958802d38f1b,current_freshwater-816d11fce62a,current_freshwater,current_freshwater,train_split/Parasitic diseases/Parasitic diseases_aug_135.jpg,train_split/Parasitic diseases/Parasitic diseases_aug_77.jpg,Parasitic diseases,Parasitic diseases,Parasitic Disease,Parasitic Disease,sha256,d293854c0db6ac4625fbd8a2386881ae41f8174d9404fa95ed045567dbfc0360,0,EXACT_DUPLICATE,False,SAME_LABEL,DROP_B_KEEP_A,byte-identical (policy: exact duplicates collapse to the first path)
current_freshwater-0fd425da7e62,roboflow-a1105de6c76f,current_freshwater,roboflow,train_split/Healthy Fish/Healthy Fish_170.jpg,train/Healthy Fish/Healthy-Fish-126-_jpg.rf.086977e360436086b2f11e08144bcfb9.jpg,Healthy Fish,Healthy Fish,Healthy Fish,Healthy Fish,sha256,d2a43839ef136a3a2265426f87e66940146d7dc3d6a68c1df9af75f73b78d72d,0,EXACT_DUPLICATE,True,SAME_LABEL,DROP_B_KEEP_A,byte-identical (policy: exact duplicates collapse to the first path)
current_freshwater-d2913fac1804,roboflow-fe966e24ee8c,current_freshwater,roboflow,train_split/Healthy Fish/Healthy Fish_330.jpg,train/Healthy Fish/Healthy-Fish-64-_jpg.rf.45ab4faaf8033a5ed8462524b1b4f231.jpg,Healthy Fish,Healthy Fish,Healthy Fish,Healthy Fish,sha256,d3ee4873a3c9037e47fe5837a352d9ca4f576a269040fe75579294c43daaa858,0,EXACT_DUPLICATE,True,SAME_LABEL,DROP_B_KEEP_A,byte-identical (policy: exact duplicates collapse to the first path)
current_freshwater-caa473448586,roboflow-05c70f46a3cf,current_freshwater,roboflow,train_split/Healthy Fish/Healthy Fish_315.jpg,train/Healthy Fish/Healthy-Fish-4-_jpg.rf.f2be1a448c2c7f6976a6117a84a02dca.jpg,Healthy Fish,Healthy Fish,Healthy Fish,Healthy Fish,sha256,d53b0295a431aa613e192d38bab032ef55151d826b26d114a0e0efd69fd5e33b,0,EXACT_DUPLICATE,True,SAME_LABEL,DROP_B_KEEP_A,byte-identical (policy: exact duplicates collapse to the first path)
current_freshwater-199cef731120,current_freshwater-084f8c700b61,current_freshwater,current_freshwater,train_split/Fungal diseases Saprolegniasis/Fungal diseases Saprolegniasis_aug_145.jpg,train_split/Fungal diseases Saprolegniasis/Fungal diseases Saprolegniasis_aug_27.jpg,Fungal diseases Saprolegniasis,Fungal diseases Saprolegniasis,Saprolegniasis,Saprolegniasis,sha256,d5d5bf44ef2bdeb45694330f18b4e89b88caa187811a3e6380fc54bc8105955b,0,EXACT_DUPLICATE,False,SAME_LABEL,DROP_B_KEEP_A,byte-identical (policy: exact duplicates collapse to the first path)
current_freshwater-199cef731120,current_freshwater-3b97ba86710f,current_freshwater,current_freshwater,train_split/Fungal diseases Saprolegniasis/Fungal diseases Saprolegniasis_aug_145.jpg,train_split/Fungal diseases Saprolegniasis/Fungal diseases Saprolegniasis_aug_346.jpg,Fungal diseases Saprolegniasis,Fungal diseases Saprolegniasis,Saprolegniasis,Saprolegniasis,sha256,d5d5bf44ef2bdeb45694330f18b4e89b88caa187811a3e6380fc54bc8105955b,0,EXACT_DUPLICATE,False,SAME_LABEL,DROP_B_KEEP_A,byte-identical (policy: exact duplicates collapse to the first path)
current_freshwater-084f8c700b61,current_freshwater-3b97ba86710f,current_freshwater,current_freshwater,train_split/Fungal diseases Saprolegniasis/Fungal diseases Saprolegniasis_aug_27.jpg,train_split/Fungal diseases Saprolegniasis/Fungal diseases Saprolegniasis_aug_346.jpg,Fungal diseases Saprolegniasis,Fungal diseases Saprolegniasis,Saprolegniasis,Saprolegniasis,sha256,d5d5bf44ef2bdeb45694330f18b4e89b88caa187811a3e6380fc54bc8105955b,0,EXACT_DUPLICATE,False,SAME_LABEL,DROP_B_KEEP_A,byte-identical (policy: exact duplicates collapse to the first path)
current_freshwater-63e088f8d1c8,current_freshwater-3063d9e66e67,current_freshwater,current_freshwater,train_split/Bacterial Red disease/Bacterial Red disease_aug_268.jpg,train_split/Bacterial Red disease/Bacterial Red disease_aug_295.jpg,Bacterial Red disease,Bacterial Red disease,Bacterial Red Disease,Bacterial Red Disease,sha256,d848054a68bd255391a80dc12d52a0bae306f059138813451a8a7435e160d594,0,EXACT_DUPLICATE,False,SAME_LABEL,DROP_B_KEEP_A,byte-identical (policy: exact duplicates collapse to the first path)
current_freshwater-ce9d50b6da57,current_freshwater-4b7e11307d48,current_freshwater,current_freshwater,train_split/EUS/EUS_aug_135.jpg,train_split/EUS/EUS_aug_73.jpg,EUS,EUS,EUS Disease,EUS Disease,sha256,d9920fd75bbad6fd9ad5645d31315da24336d844f9e6c6426e16bd7fbf7779bd,0,EXACT_DUPLICATE,False,SAME_LABEL,DROP_B_KEEP_A,byte-identical (policy: exact duplicates collapse to the first path)
current_freshwater-1652bf304bff,roboflow-dc1243df7ea9,current_freshwater,roboflow,train_split/Healthy Fish/Healthy Fish_221.jpg,train/Healthy Fish/Healthy-Fish-182-_jpg.rf.1404bfb90cbc21e78620dac319d46933.jpg,Healthy Fish,Healthy Fish,Healthy Fish,Healthy Fish,sha256,da1bf03ba166f150a557a9068122a58b46ee2bbaab648085ea37bfae7afc0451,0,EXACT_DUPLICATE,True,SAME_LABEL,DROP_B_KEEP_A,byte-identical (policy: exact duplicates collapse to the first path)
current_freshwater-86289eb35004,roboflow-e146482b6895,current_freshwater,roboflow,train_split/Healthy Fish/Healthy Fish_338.jpg,train/Healthy Fish/Healthy-Fish-7-_jpg.rf.705aa56c3db0eef1a1cad276470cdb04.jpg,Healthy Fish,Healthy Fish,Healthy Fish,Healthy Fish,sha256,db6c1a7352c130c785bb74c8ee03e2bffdbd56050a6ae147eac640eb35029e1f,0,EXACT_DUPLICATE,True,SAME_LABEL,DROP_B_KEEP_A,byte-identical (policy: exact duplicates collapse to the first path)
current_freshwater-dc39cce1bd23,roboflow-c02be5d240df,current_freshwater,roboflow,train_split/Healthy Fish/Healthy Fish_353.jpg,train/Healthy Fish/Healthy-Fish-99-_jpg.rf.d318003c19f3f75cba9b4bdbf8a27a12.jpg,Healthy Fish,Healthy Fish,Healthy Fish,Healthy Fish,sha256,dfb3a585363e0ce578173c5f15b7432750817a7fc7b1a82549f7f06a9cc654e9,0,EXACT_DUPLICATE,True,SAME_LABEL,DROP_B_KEEP_A,byte-identical (policy: exact duplicates collapse to the first path)
current_freshwater-5c0e357d01a2,current_freshwater-829a969423bb,current_freshwater,current_freshwater,train_split/Parasitic diseases/Parasitic diseases_aug_315.jpg,train_split/Parasitic diseases/Parasitic diseases_aug_91.jpg,Parasitic diseases,Parasitic diseases,Parasitic Disease,Parasitic Disease,sha256,e0036b4155b2095b19a94931fa55fce69aba888276a9cae4c3302faba8e8ed88,0,EXACT_DUPLICATE,False,SAME_LABEL,DROP_B_KEEP_A,byte-identical (policy: exact duplicates collapse to the first path)
current_freshwater-65cd21993873,current_freshwater-ddff2b09aea5,current_freshwater,current_freshwater,train_split/Viral diseases White tail disease/Viral diseases White tail disease_aug_128.jpg,train_split/Viral diseases White tail disease/Viral diseases White tail disease_aug_178.jpg,Viral diseases White tail disease,Viral diseases White tail disease,White Tail Disease,White Tail Disease,sha256,e027169c6289dd7367731496d6cf4d056a801022ce230fc0eacab91e35874e29,0,EXACT_DUPLICATE,False,SAME_LABEL,DROP_B_KEEP_A,byte-identical (policy: exact duplicates collapse to the first path)
kaptai-0db1134aec6f,kaptai-f83c57a557ac,kaptai,kaptai,Argulus/22.jpg,Argulus/argulus (10).jpg,Argulus,Argulus,,,sha256,e251ba192cdbea02be9e82089ab022109d45d9e94449795bae97cc713664e067,0,EXACT_DUPLICATE,False,UNRESOLVED_LABEL,REVIEW,"byte-identical, a label is unresolved; the match is evidence for the mapping decision"
current_freshwater-d83915603e2b,current_freshwater-d8d4bc03eb0d,current_freshwater,current_freshwater,train_split/Healthy Fish/Healthy Fish_aug_71.jpg,train_split/Healthy Fish/Healthy Fish_aug_81.jpg,Healthy Fish,Healthy Fish,Healthy Fish,Healthy Fish,sha256,e2d019193b1695ed12eafd09c8af0609fb060c3c72acb7b40d3c1b557714f094,0,EXACT_DUPLICATE,False,SAME_LABEL,DROP_B_KEEP_A,byte-identical (policy: exact duplicates collapse to the first path)
current_freshwater-2fc6912a04af,current_freshwater-82f519b1500b,current_freshwater,current_freshwater,train_split/Viral diseases White tail disease/Viral diseases White tail disease_aug_295.jpg,train_split/Viral diseases White tail disease/Viral diseases White tail disease_aug_80.jpg,Viral diseases White tail disease,Viral diseases White tail disease,White Tail Disease,White Tail Disease,sha256,e57235c77d8eb8b1c3984193d8296f8d71e740996a229d5ef461d0b871e0e93a,0,EXACT_DUPLICATE,False,SAME_LABEL,DROP_B_KEEP_A,byte-identical (policy: exact duplicates collapse to the first path)
current_freshwater-db121d431ad3,current_freshwater-c95cb13e1250,current_freshwater,current_freshwater,train_split/Fungal diseases Saprolegniasis/Fungal diseases Saprolegniasis_aug_176.jpg,train_split/Fungal diseases Saprolegniasis/Fungal diseases Saprolegniasis_aug_349.jpg,Fungal diseases Saprolegniasis,Fungal diseases Saprolegniasis,Saprolegniasis,Saprolegniasis,sha256,e6b6d754836149637b8d20f164ecf1be471b33523268eb68994c2ef05c5e9904,0,EXACT_DUPLICATE,False,SAME_LABEL,DROP_B_KEEP_A,byte-identical (policy: exact duplicates collapse to the first path)
current_freshwater-f473e962621c,roboflow-33c0d2c9a854,current_freshwater,roboflow,train_split/Healthy Fish/Healthy Fish_214.jpg,train/Healthy Fish/Healthy-Fish-170-_jpg.rf.f8e93aa8bba64063dd61f1d3edd65849.jpg,Healthy Fish,Healthy Fish,Healthy Fish,Healthy Fish,sha256,e6cbe5436bda4eff6bdde0c290b665d87ab59f6c1fbb58d4eb160c66f1673297,0,EXACT_DUPLICATE,True,SAME_LABEL,DROP_B_KEEP_A,byte-identical (policy: exact duplicates collapse to the first path)
current_freshwater-f325163d24f8,roboflow-e8ae564d9801,current_freshwater,roboflow,train_split/Healthy Fish/Healthy Fish_326.jpg,train/Healthy Fish/Healthy-Fish-60-_jpg.rf.506eb53f8b3ddd0e147312d5d466e00e.jpg,Healthy Fish,Healthy Fish,Healthy Fish,Healthy Fish,sha256,e79a5f23ad90639478abe4f42a629d9e83b42f26f0f67c2849bc54fac61501e2,0,EXACT_DUPLICATE,True,SAME_LABEL,DROP_B_KEEP_A,byte-identical (policy: exact duplicates collapse to the first path)
kaptai-037d92c906e1,kaptai-5afe80e8249b,kaptai,kaptai,Argulus/24.jpg,Argulus/argulus (8).jpg,Argulus,Argulus,,,sha256,e8b5a9bab8a5e5a9cabc904a6f468d4ee131721dd72a97e2c51d44e50c61ad3e,0,EXACT_DUPLICATE,False,UNRESOLVED_LABEL,REVIEW,"byte-identical, a label is unresolved; the match is evidence for the mapping decision"
current_freshwater-0bffdcfc0c9a,current_freshwater-f75568a994b7,current_freshwater,current_freshwater,train_split/Fungal diseases Saprolegniasis/Fungal diseases Saprolegniasis_aug_105.jpg,train_split/Fungal diseases Saprolegniasis/Fungal diseases Saprolegniasis_aug_215.jpg,Fungal diseases Saprolegniasis,Fungal diseases Saprolegniasis,Saprolegniasis,Saprolegniasis,sha256,ea4749cfa5bc96506c777652b49541895e96af9cc8760cd849da0715eb6c8d70,0,EXACT_DUPLICATE,False,SAME_LABEL,DROP_B_KEEP_A,byte-identical (policy: exact duplicates collapse to the first path)
current_freshwater-b268f818bb5d,roboflow-97513745d847,current_freshwater,roboflow,train_split/Healthy Fish/Healthy Fish_343.jpg,test/Healthy Fish/Healthy-Fish-84-_jpg.rf.c44d4d27d30aa71dcffbd3cd9a5530b8.jpg,Healthy Fish,Healthy Fish,Healthy Fish,Healthy Fish,sha256,ebde832572920cba8d76024682c749e30a0b10160753485e6f3f96d1d92a6204,0,EXACT_DUPLICATE,True,SAME_LABEL,DROP_B_KEEP_A,byte-identical (policy: exact duplicates collapse to the first path)
current_freshwater-f2f663624aeb,current_freshwater-9c6915f4b510,current_freshwater,current_freshwater,train_split/Bacterial Red disease/Bacterial Red disease_aug_160.jpg,train_split/Bacterial Red disease/Bacterial Red disease_aug_64.jpg,Bacterial Red disease,Bacterial Red disease,Bacterial Red Disease,Bacterial Red Disease,sha256,ebe8dc88d062d1724666db0523e02de575760594dcb36ffaaf511835273e2a84,0,EXACT_DUPLICATE,False,SAME_LABEL,DROP_B_KEEP_A,byte-identical (policy: exact duplicates collapse to the first path)
current_freshwater-8374c18a5bf2,roboflow-1651a3ebbb4b,current_freshwater,roboflow,train_split/Healthy Fish/Healthy Fish_341.jpg,valid/Healthy Fish/Healthy-Fish-81-_jpg.rf.4aeb3e61d53433c024221d373a161c92.jpg,Healthy Fish,Healthy Fish,Healthy Fish,Healthy Fish,sha256,ec1236b15b4e45b4e0991f5de31f44bc439520a3d68c61e17dd70138310ce2e3,0,EXACT_DUPLICATE,True,SAME_LABEL,DROP_B_KEEP_A,byte-identical (policy: exact duplicates collapse to the first path)
current_freshwater-7453c74d3b02,roboflow-123135a84606,current_freshwater,roboflow,test_split/Healthy Fish_Healthy Fish_201.jpg,test/Healthy Fish/Healthy-Fish-16-_jpg.rf.2d99503ec8de077ffa58f55a3c82ab6d.jpg,Healthy Fish,Healthy Fish,Healthy Fish,Healthy Fish,sha256,ecf1284d57988ee8d6b704db72c5fead16bd0f586addc2f0883f7b1d07cd69f9,0,EXACT_DUPLICATE,True,SAME_LABEL,DROP_B_KEEP_A,byte-identical (policy: exact duplicates collapse to the first path)
current_freshwater-5c32b2f8dbd3,roboflow-6a9ef858cdfe,current_freshwater,roboflow,train_split/Healthy Fish/Healthy Fish_280.jpg,train/Healthy Fish/Healthy-Fish-25-_jpg.rf.9248a757e7d3287d55aafb2d4b0ed1fe.jpg,Healthy Fish,Healthy Fish,Healthy Fish,Healthy Fish,sha256,efb231f9ffe1e8a9f222c61c804f4f3aa2412be7eaa941148414f83e3c316bac,0,EXACT_DUPLICATE,True,SAME_LABEL,DROP_B_KEEP_A,byte-identical (policy: exact duplicates collapse to the first path)
current_freshwater-fc8ab4e4be5c,current_freshwater-4a353cfcb535,current_freshwater,current_freshwater,train_split/Fungal diseases Saprolegniasis/Fungal diseases Saprolegniasis_aug_265.jpg,train_split/Fungal diseases Saprolegniasis/Fungal diseases Saprolegniasis_aug_282.jpg,Fungal diseases Saprolegniasis,Fungal diseases Saprolegniasis,Saprolegniasis,Saprolegniasis,sha256,f02aa7968356efe4fb4ab4587c7596c368dddc77d74d19179f9ab0791cce8acb,0,EXACT_DUPLICATE,False,SAME_LABEL,DROP_B_KEEP_A,byte-identical (policy: exact duplicates collapse to the first path)
current_freshwater-fc8ab4e4be5c,current_freshwater-1fb8a7e96a47,current_freshwater,current_freshwater,train_split/Fungal diseases Saprolegniasis/Fungal diseases Saprolegniasis_aug_265.jpg,train_split/Fungal diseases Saprolegniasis/Fungal diseases Saprolegniasis_aug_79.jpg,Fungal diseases Saprolegniasis,Fungal diseases Saprolegniasis,Saprolegniasis,Saprolegniasis,sha256,f02aa7968356efe4fb4ab4587c7596c368dddc77d74d19179f9ab0791cce8acb,0,EXACT_DUPLICATE,False,SAME_LABEL,DROP_B_KEEP_A,byte-identical (policy: exact duplicates collapse to the first path)
current_freshwater-4a353cfcb535,current_freshwater-1fb8a7e96a47,current_freshwater,current_freshwater,train_split/Fungal diseases Saprolegniasis/Fungal diseases Saprolegniasis_aug_282.jpg,train_split/Fungal diseases Saprolegniasis/Fungal diseases Saprolegniasis_aug_79.jpg,Fungal diseases Saprolegniasis,Fungal diseases Saprolegniasis,Saprolegniasis,Saprolegniasis,sha256,f02aa7968356efe4fb4ab4587c7596c368dddc77d74d19179f9ab0791cce8acb,0,EXACT_DUPLICATE,False,SAME_LABEL,DROP_B_KEEP_A,byte-identical (policy: exact duplicates collapse to the first path)
current_freshwater-5982c62d5a86,roboflow-f03f4d875d57,current_freshwater,roboflow,train_split/Healthy Fish/Healthy Fish_325.jpg,valid/Healthy Fish/Healthy-Fish-59-_jpg.rf.ce4adca7852e21b3821ca9b6a6d737c2.jpg,Healthy Fish,Healthy Fish,Healthy Fish,Healthy Fish,sha256,f0658e1324695d0ff09d8bc02e63d15a0ce77ff2a2bcd704bb146ff252c3e53a,0,EXACT_DUPLICATE,True,SAME_LABEL,DROP_B_KEEP_A,byte-identical (policy: exact duplicates collapse to the first path)
kaptai-38ae09894ec5,kaptai-18017b01f5d2,kaptai,kaptai,Argulus/argulus (7).jpg,Redspot/23.jpg,Argulus,Redspot,,,sha256,f0c478066483db7bdc6e7dc742a39af4230e39bbaef2134c5a4b5471f5e48b2a,0,EXACT_DUPLICATE,False,UNRESOLVED_LABEL,REVIEW,"byte-identical, a label is unresolved; the match is evidence for the mapping decision"
current_freshwater-c6e30bba5052,roboflow-034dc9fa7f52,current_freshwater,roboflow,train_split/Healthy Fish/Healthy Fish_335.jpg,train/Healthy Fish/Healthy-Fish-72-_jpg.rf.ee1b31e6caa417e32f67e352d8199b61.jpg,Healthy Fish,Healthy Fish,Healthy Fish,Healthy Fish,sha256,fcd8468c887a1b0af823ec79e090cdf00aea26b875c56149e3b9f51913f467c4,0,EXACT_DUPLICATE,True,SAME_LABEL,DROP_B_KEEP_A,byte-identical (policy: exact duplicates collapse to the first path)
current_freshwater-0c5dc292a9c7,current_freshwater-2c5ce0db1a2f,current_freshwater,current_freshwater,train_split/Fungal diseases Saprolegniasis/Fungal diseases Saprolegniasis_aug_300.jpg,train_split/Fungal diseases Saprolegniasis/Fungal diseases Saprolegniasis_aug_338.jpg,Fungal diseases Saprolegniasis,Fungal diseases Saprolegniasis,Saprolegniasis,Saprolegniasis,sha256,fd22589376b9bd4df825440b63996c5a3b3999bfbdc9090e8f9aef8be9c40c2c,0,EXACT_DUPLICATE,False,SAME_LABEL,DROP_B_KEEP_A,byte-identical (policy: exact duplicates collapse to the first path)
current_freshwater-c42c6ced282f,current_freshwater-1835aa43d388,current_freshwater,current_freshwater,train_split/Viral diseases White tail disease/Viral diseases White tail disease_aug_165.jpg,train_split/Viral diseases White tail disease/Viral diseases White tail disease_aug_249.jpg,Viral diseases White tail disease,Viral diseases White tail disease,White Tail Disease,White Tail Disease,sha256,fe3ee22c7536a4474f9b4a0615ef551e8d60d30119f95032e0b05be355d4d035,0,EXACT_DUPLICATE,False,SAME_LABEL,DROP_B_KEEP_A,byte-identical (policy: exact duplicates collapse to the first path)
current_freshwater-d01695d95d02,current_freshwater-fa4fbcec2535,current_freshwater,current_freshwater,train_split/Bacterial Red disease/Bacterial Red disease_185.jpg,train_split/Bacterial Red disease/Bacterial Red disease_aug_116.jpg,Bacterial Red disease,Bacterial Red disease,Bacterial Red Disease,Bacterial Red Disease,dhash,0d9d9d1e0e4c1c1c,0,NEAR_DUPLICATE,False,SAME_LABEL,KEEP_SAME_SPLIT,"identical dHash, different bytes (policy: near-duplicate groups stay in one split)"
current_freshwater-f3f34db65728,current_freshwater-8a8a93eb32d3,current_freshwater,current_freshwater,train_split/Healthy Fish/Healthy Fish_217.jpg,train_split/Healthy Fish/Healthy Fish_aug_136.jpg,Healthy Fish,Healthy Fish,Healthy Fish,Healthy Fish,dhash,0dcdc3870f0f1c3c,0,NEAR_DUPLICATE,False,SAME_LABEL,KEEP_SAME_SPLIT,"identical dHash, different bytes (policy: near-duplicate groups stay in one split)"
current_freshwater-8a8a93eb32d3,roboflow-c0c86d807c91,current_freshwater,roboflow,train_split/Healthy Fish/Healthy Fish_aug_136.jpg,train/Healthy Fish/Healthy-Fish-176-_jpg.rf.fd40a0a2b74bfe013c5bf933640eac5c.jpg,Healthy Fish,Healthy Fish,Healthy Fish,Healthy Fish,dhash,0dcdc3870f0f1c3c,0,NEAR_DUPLICATE,True,SAME_LABEL,KEEP_SAME_SPLIT,"identical dHash, different bytes (policy: near-duplicate groups stay in one split)"
current_freshwater-50b790a463c4,kaptai-b41032b52b48,current_freshwater,kaptai,test_split/Healthy Fish_Healthy Fish_440.jpg,Healthy Fish/healthy (6).jpg,Healthy Fish,Healthy Fish,Healthy Fish,Healthy Fish,dhash,0e0cc6c767e7efcc,0,NEAR_DUPLICATE,True,SAME_LABEL,KEEP_SAME_SPLIT,"identical dHash, different bytes (policy: near-duplicate groups stay in one split)"
current_freshwater-c6ddd23f509b,current_freshwater-15f59c4dd811,current_freshwater,current_freshwater,train_split/Fungal diseases Saprolegniasis/Fungal diseases Saprolegniasis_81.jpg,train_split/Fungal diseases Saprolegniasis/Fungal diseases Saprolegniasis_aug_341.jpg,Fungal diseases Saprolegniasis,Fungal diseases Saprolegniasis,Saprolegniasis,Saprolegniasis,dhash,0e0cfcb8f8f0f0f0,0,NEAR_DUPLICATE,False,SAME_LABEL,KEEP_SAME_SPLIT,"identical dHash, different bytes (policy: near-duplicate groups stay in one split)"
current_freshwater-c6ddd23f509b,current_freshwater-6c4c12483e8a,current_freshwater,current_freshwater,train_split/Fungal diseases Saprolegniasis/Fungal diseases Saprolegniasis_81.jpg,train_split/Fungal diseases Saprolegniasis/Fungal diseases Saprolegniasis_aug_81.jpg,Fungal diseases Saprolegniasis,Fungal diseases Saprolegniasis,Saprolegniasis,Saprolegniasis,dhash,0e0cfcb8f8f0f0f0,0,NEAR_DUPLICATE,False,SAME_LABEL,KEEP_SAME_SPLIT,"identical dHash, different bytes (policy: near-duplicate groups stay in one split)"
current_freshwater-f3a2a727ce19,roboflow-02565469474e,current_freshwater,roboflow,train_split/Healthy Fish/Healthy Fish_311.jpg,train/Healthy Fish/Healthy-Fish-79-_jpg.rf.9716f04c019eeffd5401bf3c59c5a4ef.jpg,Healthy Fish,Healthy Fish,Healthy Fish,Healthy Fish,dhash,0e0e0f0d2e3f7cec,0,NEAR_DUPLICATE,True,SAME_LABEL,KEEP_SAME_SPLIT,"identical dHash, different bytes (policy: near-duplicate groups stay in one split)"
roboflow-add65ca22c97,roboflow-02565469474e,roboflow,roboflow,train/Healthy Fish/Healthy-Fish-30-_jpg.rf.2e45da10f112ee93ccd5cdaec9eba7f6.jpg,train/Healthy Fish/Healthy-Fish-79-_jpg.rf.9716f04c019eeffd5401bf3c59c5a4ef.jpg,Healthy Fish,Healthy Fish,Healthy Fish,Healthy Fish,dhash,0e0e0f0d2e3f7cec,0,NEAR_DUPLICATE,False,SAME_LABEL,KEEP_SAME_SPLIT,"identical dHash, different bytes (policy: near-duplicate groups stay in one split)"
current_freshwater-99a70a81ff8a,current_freshwater-fca96477c715,current_freshwater,current_freshwater,train_split/Fungal diseases Saprolegniasis/Fungal diseases Saprolegniasis_240.jpg,train_split/Fungal diseases Saprolegniasis/Fungal diseases Saprolegniasis_aug_289.jpg,Fungal diseases Saprolegniasis,Fungal diseases Saprolegniasis,Saprolegniasis,Saprolegniasis,dhash,0e0f0f1f1f1f1e4f,0,NEAR_DUPLICATE,False,SAME_LABEL,KEEP_SAME_SPLIT,"identical dHash, different bytes (policy: near-duplicate groups stay in one split)"
current_freshwater-675641aca9f9,current_freshwater-5493805ce3d4,current_freshwater,current_freshwater,test_split/Healthy Fish_Healthy Fish_310.jpg,train_split/Healthy Fish/Healthy Fish_aug_33.jpg,Healthy Fish,Healthy Fish,Healthy Fish,Healthy Fish,dhash,001070fcbcb80100,0,NEAR_DUPLICATE,False,SAME_LABEL,KEEP_SAME_SPLIT,"identical dHash, different bytes (policy: near-duplicate groups stay in one split)"
current_freshwater-5493805ce3d4,roboflow-8233cb818655,current_freshwater,roboflow,train_split/Healthy Fish/Healthy Fish_aug_33.jpg,train/Healthy Fish/Healthy-Fish-29-_jpg.rf.645871efdb383f029dccf66f78f71538.jpg,Healthy Fish,Healthy Fish,Healthy Fish,Healthy Fish,dhash,001070fcbcb80100,0,NEAR_DUPLICATE,True,SAME_LABEL,KEEP_SAME_SPLIT,"identical dHash, different bytes (policy: near-duplicate groups stay in one split)"
mendeley-479d705a4509,mendeley-9cee0eec25af,mendeley,mendeley,Bacterial Red Diseases/Rui_(Labeo rohita)/Fish_53/IMG20260212070526.jpg,Bacterial Red Diseases/Rui_(Labeo rohita)/Fish_53/IMG20260212070528.jpg,Bacterial Red Diseases,Bacterial Red Diseases,Bacterial Red Disease,Bacterial Red Disease,dhash,0e63665c78f0c18b,0,NEAR_DUPLICATE,False,SAME_LABEL,KEEP_SAME_SPLIT,"identical dHash, different bytes (policy: near-duplicate groups stay in one split)"
current_freshwater-1cd42b6c621d,current_freshwater-d90f388e3089,current_freshwater,current_freshwater,train_split/Parasitic diseases/Parasitic diseases_74.jpg,train_split/Parasitic diseases/Parasitic diseases_aug_120.jpg,Parasitic diseases,Parasitic diseases,Parasitic Disease,Parasitic Disease,dhash,0e9d8dcd4e27830c,0,NEAR_DUPLICATE,False,SAME_LABEL,KEEP_SAME_SPLIT,"identical dHash, different bytes (policy: near-duplicate groups stay in one split)"
current_freshwater-c9b80c1a109c,current_freshwater-54d63538fd24,current_freshwater,current_freshwater,train_split/Parasitic diseases/Parasitic diseases_187.jpg,train_split/Parasitic diseases/Parasitic diseases_aug_26.jpg,Parasitic diseases,Parasitic diseases,Parasitic Disease,Parasitic Disease,dhash,0f060c0d1476e3c0,0,NEAR_DUPLICATE,False,SAME_LABEL,KEEP_SAME_SPLIT,"identical dHash, different bytes (policy: near-duplicate groups stay in one split)"
current_freshwater-c9b80c1a109c,current_freshwater-11dfc4a2483a,current_freshwater,current_freshwater,train_split/Parasitic diseases/Parasitic diseases_187.jpg,train_split/Parasitic diseases/Parasitic diseases_aug_280.jpg,Parasitic diseases,Parasitic diseases,Parasitic Disease,Parasitic Disease,dhash,0f060c0d1476e3c0,0,NEAR_DUPLICATE,False,SAME_LABEL,KEEP_SAME_SPLIT,"identical dHash, different bytes (policy: near-duplicate groups stay in one split)"
current_freshwater-54d63538fd24,current_freshwater-11dfc4a2483a,current_freshwater,current_freshwater,train_split/Parasitic diseases/Parasitic diseases_aug_26.jpg,train_split/Parasitic diseases/Parasitic diseases_aug_280.jpg,Parasitic diseases,Parasitic diseases,Parasitic Disease,Parasitic Disease,dhash,0f060c0d1476e3c0,0,NEAR_DUPLICATE,False,SAME_LABEL,KEEP_SAME_SPLIT,"identical dHash, different bytes (policy: near-duplicate groups stay in one split)"
current_freshwater-72bef196e728,roboflow-63762a713fdd,current_freshwater,roboflow,train_split/Healthy Fish/Healthy Fish_208.jpg,train/Healthy Fish/Healthy-Fish-85-_jpg.rf.cb4b831b3b9604f4c9866e62d0ad11a0.jpg,Healthy Fish,Healthy Fish,Healthy Fish,Healthy Fish,dhash,0f07737b7b4b45f1,0,NEAR_DUPLICATE,True,SAME_LABEL,KEEP_SAME_SPLIT,"identical dHash, different bytes (policy: near-duplicate groups stay in one split)"
roboflow-6d62a116913c,roboflow-63762a713fdd,roboflow,roboflow,train/Healthy Fish/Healthy-Fish-163-_jpg.rf.2d74183ac91fea192b521b8aaceb3992.jpg,train/Healthy Fish/Healthy-Fish-85-_jpg.rf.cb4b831b3b9604f4c9866e62d0ad11a0.jpg,Healthy Fish,Healthy Fish,Healthy Fish,Healthy Fish,dhash,0f07737b7b4b45f1,0,NEAR_DUPLICATE,False,SAME_LABEL,KEEP_SAME_SPLIT,"identical dHash, different bytes (policy: near-duplicate groups stay in one split)"
current_freshwater-7559a80f837a,roboflow-70d9c39f740a,current_freshwater,roboflow,train_split/Viral diseases White tail disease/Viral diseases White tail disease_22.png,test/Viral diseases White tail disease/Viral-diseases-White-tail-disease-9-_jpeg.rf.994da4576264e23153a16fdcca166fd5.jpg,Viral diseases White tail disease,Viral diseases White tail disease,White Tail Disease,White Tail Disease,dhash,0f0e0bc1808c89d9,0,NEAR_DUPLICATE,True,SAME_LABEL,KEEP_SAME_SPLIT,"identical dHash, different bytes (policy: near-duplicate groups stay in one split)"
current_freshwater-7559a80f837a,roboflow-5f8ef33e18b4,current_freshwater,roboflow,train_split/Viral diseases White tail disease/Viral diseases White tail disease_22.png,train/Viral diseases White tail disease/Viral-diseases-White-tail-disease-3-_png.rf.26340aa6c51f7a06e0b95d6fbd5f65f1.jpg,Viral diseases White tail disease,Viral diseases White tail disease,White Tail Disease,White Tail Disease,dhash,0f0e0bc1808c89d9,0,NEAR_DUPLICATE,True,SAME_LABEL,KEEP_SAME_SPLIT,"identical dHash, different bytes (policy: near-duplicate groups stay in one split)"
roboflow-70d9c39f740a,roboflow-5f8ef33e18b4,roboflow,roboflow,test/Viral diseases White tail disease/Viral-diseases-White-tail-disease-9-_jpeg.rf.994da4576264e23153a16fdcca166fd5.jpg,train/Viral diseases White tail disease/Viral-diseases-White-tail-disease-3-_png.rf.26340aa6c51f7a06e0b95d6fbd5f65f1.jpg,Viral diseases White tail disease,Viral diseases White tail disease,White Tail Disease,White Tail Disease,dhash,0f0e0bc1808c89d9,0,NEAR_DUPLICATE,False,SAME_LABEL,KEEP_SAME_SPLIT,"identical dHash, different bytes (policy: near-duplicate groups stay in one split)"
current_freshwater-1cf1d1c9dbdc,current_freshwater-7eb81925a502,current_freshwater,current_freshwater,train_split/Bacterial gill disease/Bacterial gill disease_42.jpg,train_split/Bacterial gill disease/Bacterial gill disease_8.jpg,Bacterial gill disease,Bacterial gill disease,Bacterial Gill Disease,Bacterial Gill Disease,dhash,0f0f1b5f171b9bd9,0,NEAR_DUPLICATE,False,SAME_LABEL,KEEP_SAME_SPLIT,"identical dHash, different bytes (policy: near-duplicate groups stay in one split)"
current_freshwater-1cf1d1c9dbdc,current_freshwater-706f79d6aa14,current_freshwater,current_freshwater,train_split/Bacterial gill disease/Bacterial gill disease_42.jpg,train_split/Bacterial gill disease/Bacterial gill disease_aug_69.jpg,Bacterial gill disease,Bacterial gill disease,Bacterial Gill Disease,Bacterial Gill Disease,dhash,0f0f1b5f171b9bd9,0,NEAR_DUPLICATE,False,SAME_LABEL,KEEP_SAME_SPLIT,"identical dHash, different bytes (policy: near-duplicate groups stay in one split)"
current_freshwater-1cf1d1c9dbdc,roboflow-889a13ab6e69,current_freshwater,roboflow,train_split/Bacterial gill disease/Bacterial gill disease_42.jpg,train/Bacterial gill disease/Bacterial-gill-disease-29-_jpg.rf.bd3b8ea1556373db40795fb76383bb67.jpg,Bacterial gill disease,Bacterial gill disease,Bacterial Gill Disease,Bacterial Gill Disease,dhash,0f0f1b5f171b9bd9,0,NEAR_DUPLICATE,True,SAME_LABEL,KEEP_SAME_SPLIT,"identical dHash, different bytes (policy: near-duplicate groups stay in one split)"
current_freshwater-1cf1d1c9dbdc,roboflow-9c6dafb5abe2,current_freshwater,roboflow,train_split/Bacterial gill disease/Bacterial gill disease_42.jpg,valid/Bacterial gill disease/Bacterial-gill-disease-1-_jpg.rf.7b493a2840511f46e466453811367e9c.jpg,Bacterial gill disease,Bacterial gill disease,Bacterial Gill Disease,Bacterial Gill Disease,dhash,0f0f1b5f171b9bd9,0,NEAR_DUPLICATE,True,SAME_LABEL,KEEP_SAME_SPLIT,"identical dHash, different bytes (policy: near-duplicate groups stay in one split)"
current_freshwater-7eb81925a502,current_freshwater-706f79d6aa14,current_freshwater,current_freshwater,train_split/Bacterial gill disease/Bacterial gill disease_8.jpg,train_split/Bacterial gill disease/Bacterial gill disease_aug_69.jpg,Bacterial gill disease,Bacterial gill disease,Bacterial Gill Disease,Bacterial Gill Disease,dhash,0f0f1b5f171b9bd9,0,NEAR_DUPLICATE,False,SAME_LABEL,KEEP_SAME_SPLIT,"identical dHash, different bytes (policy: near-duplicate groups stay in one split)"
current_freshwater-7eb81925a502,roboflow-889a13ab6e69,current_freshwater,roboflow,train_split/Bacterial gill disease/Bacterial gill disease_8.jpg,train/Bacterial gill disease/Bacterial-gill-disease-29-_jpg.rf.bd3b8ea1556373db40795fb76383bb67.jpg,Bacterial gill disease,Bacterial gill disease,Bacterial Gill Disease,Bacterial Gill Disease,dhash,0f0f1b5f171b9bd9,0,NEAR_DUPLICATE,True,SAME_LABEL,KEEP_SAME_SPLIT,"identical dHash, different bytes (policy: near-duplicate groups stay in one split)"
current_freshwater-7eb81925a502,roboflow-9c6dafb5abe2,current_freshwater,roboflow,train_split/Bacterial gill disease/Bacterial gill disease_8.jpg,valid/Bacterial gill disease/Bacterial-gill-disease-1-_jpg.rf.7b493a2840511f46e466453811367e9c.jpg,Bacterial gill disease,Bacterial gill disease,Bacterial Gill Disease,Bacterial Gill Disease,dhash,0f0f1b5f171b9bd9,0,NEAR_DUPLICATE,True,SAME_LABEL,KEEP_SAME_SPLIT,"identical dHash, different bytes (policy: near-duplicate groups stay in one split)"
current_freshwater-706f79d6aa14,roboflow-889a13ab6e69,current_freshwater,roboflow,train_split/Bacterial gill disease/Bacterial gill disease_aug_69.jpg,train/Bacterial gill disease/Bacterial-gill-disease-29-_jpg.rf.bd3b8ea1556373db40795fb76383bb67.jpg,Bacterial gill disease,Bacterial gill disease,Bacterial Gill Disease,Bacterial Gill Disease,dhash,0f0f1b5f171b9bd9,0,NEAR_DUPLICATE,True,SAME_LABEL,KEEP_SAME_SPLIT,"identical dHash, different bytes (policy: near-duplicate groups stay in one split)"
current_freshwater-706f79d6aa14,roboflow-9c6dafb5abe2,current_freshwater,roboflow,train_split/Bacterial gill disease/Bacterial gill disease_aug_69.jpg,valid/Bacterial gill disease/Bacterial-gill-disease-1-_jpg.rf.7b493a2840511f46e466453811367e9c.jpg,Bacterial gill disease,Bacterial gill disease,Bacterial Gill Disease,Bacterial Gill Disease,dhash,0f0f1b5f171b9bd9,0,NEAR_DUPLICATE,True,SAME_LABEL,KEEP_SAME_SPLIT,"identical dHash, different bytes (policy: near-duplicate groups stay in one split)"
roboflow-889a13ab6e69,roboflow-9c6dafb5abe2,roboflow,roboflow,train/Bacterial gill disease/Bacterial-gill-disease-29-_jpg.rf.bd3b8ea1556373db40795fb76383bb67.jpg,valid/Bacterial gill disease/Bacterial-gill-disease-1-_jpg.rf.7b493a2840511f46e466453811367e9c.jpg,Bacterial gill disease,Bacterial gill disease,Bacterial Gill Disease,Bacterial Gill Disease,dhash,0f0f1b5f171b9bd9,0,NEAR_DUPLICATE,False,SAME_LABEL,KEEP_SAME_SPLIT,"identical dHash, different bytes (policy: near-duplicate groups stay in one split)"
current_freshwater-f473e962621c,current_freshwater-47aa61b97d22,current_freshwater,current_freshwater,train_split/Healthy Fish/Healthy Fish_214.jpg,train_split/Healthy Fish/Healthy Fish_aug_86.jpg,Healthy Fish,Healthy Fish,Healthy Fish,Healthy Fish,dhash,0f0f1f1b133d1935,0,NEAR_DUPLICATE,False,SAME_LABEL,KEEP_SAME_SPLIT,"identical dHash, different bytes (policy: near-duplicate groups stay in one split)"
current_freshwater-f473e962621c,roboflow-b760856a80a6,current_freshwater,roboflow,train_split/Healthy Fish/Healthy Fish_214.jpg,train/Healthy Fish/Healthy-Fish-80-_jpg.rf.e71a2228193acf3f07e1b6f7d81afec1.jpg,Healthy Fish,Healthy Fish,Healthy Fish,Healthy Fish,dhash,0f0f1f1b133d1935,0,NEAR_DUPLICATE,True,SAME_LABEL,KEEP_SAME_SPLIT,"identical dHash, different bytes (policy: near-duplicate groups stay in one split)"
current_freshwater-47aa61b97d22,roboflow-33c0d2c9a854,current_freshwater,roboflow,train_split/Healthy Fish/Healthy Fish_aug_86.jpg,train/Healthy Fish/Healthy-Fish-170-_jpg.rf.f8e93aa8bba64063dd61f1d3edd65849.jpg,Healthy Fish,Healthy Fish,Healthy Fish,Healthy Fish,dhash,0f0f1f1b133d1935,0,NEAR_DUPLICATE,True,SAME_LABEL,KEEP_SAME_SPLIT,"identical dHash, different bytes (policy: near-duplicate groups stay in one split)"
current_freshwater-47aa61b97d22,roboflow-b760856a80a6,current_freshwater,roboflow,train_split/Healthy Fish/Healthy Fish_aug_86.jpg,train/Healthy Fish/Healthy-Fish-80-_jpg.rf.e71a2228193acf3f07e1b6f7d81afec1.jpg,Healthy Fish,Healthy Fish,Healthy Fish,Healthy Fish,dhash,0f0f1f1b133d1935,0,NEAR_DUPLICATE,True,SAME_LABEL,KEEP_SAME_SPLIT,"identical dHash, different bytes (policy: near-duplicate groups stay in one split)"
roboflow-33c0d2c9a854,roboflow-b760856a80a6,roboflow,roboflow,train/Healthy Fish/Healthy-Fish-170-_jpg.rf.f8e93aa8bba64063dd61f1d3edd65849.jpg,train/Healthy Fish/Healthy-Fish-80-_jpg.rf.e71a2228193acf3f07e1b6f7d81afec1.jpg,Healthy Fish,Healthy Fish,Healthy Fish,Healthy Fish,dhash,0f0f1f1b133d1935,0,NEAR_DUPLICATE,False,SAME_LABEL,KEEP_SAME_SPLIT,"identical dHash, different bytes (policy: near-duplicate groups stay in one split)"
current_freshwater-5926b6ab27bd,current_freshwater-539e486e2fe6,current_freshwater,current_freshwater,test_split/Bacterial diseases - Aeromoniasis_Bacterial diseases - Aeromoniasis_249.jpg,train_split/Bacterial diseases - Aeromoniasis/Bacterial diseases - Aeromoniasis_227.jpg,Bacterial diseases - Aeromoniasis,Bacterial diseases - Aeromoniasis,Aeromoniasis,Aeromoniasis,dhash,0f0f33737373367f,0,NEAR_DUPLICATE,False,SAME_LABEL,KEEP_SAME_SPLIT,"identical dHash, different bytes (policy: near-duplicate groups stay in one split)"
current_freshwater-bc76b4330e61,current_freshwater-00f1e1382549,current_freshwater,current_freshwater,test_split/Bacterial Red disease_Bacterial Red disease_186.jpg,train_split/Bacterial Red disease/Bacterial Red disease_aug_256.jpg,Bacterial Red disease,Bacterial Red disease,Bacterial Red Disease,Bacterial Red Disease,dhash,0f0f363e1c9c988c,0,NEAR_DUPLICATE,False,SAME_LABEL,KEEP_SAME_SPLIT,"identical dHash, different bytes (policy: near-duplicate groups stay in one split)"
current_freshwater-bc76b4330e61,current_freshwater-098e918912ab,current_freshwater,current_freshwater,test_split/Bacterial Red disease_Bacterial Red disease_186.jpg,train_split/Bacterial Red disease/Bacterial Red disease_aug_33.jpg,Bacterial Red disease,Bacterial Red disease,Bacterial Red Disease,Bacterial Red Disease,dhash,0f0f363e1c9c988c,0,NEAR_DUPLICATE,False,SAME_LABEL,KEEP_SAME_SPLIT,"identical dHash, different bytes (policy: near-duplicate groups stay in one split)"
current_freshwater-bc76b4330e61,current_freshwater-e268b269d307,current_freshwater,current_freshwater,test_split/Bacterial Red disease_Bacterial Red disease_186.jpg,train_split/Bacterial Red disease/Bacterial Red disease_aug_6.jpg,Bacterial Red disease,Bacterial Red disease,Bacterial Red Disease,Bacterial Red Disease,dhash,0f0f363e1c9c988c,0,NEAR_DUPLICATE,False,SAME_LABEL,KEEP_SAME_SPLIT,"identical dHash, different bytes (policy: near-duplicate groups stay in one split)"
current_freshwater-00f1e1382549,current_freshwater-098e918912ab,current_freshwater,current_freshwater,train_split/Bacterial Red disease/Bacterial Red disease_aug_256.jpg,train_split/Bacterial Red disease/Bacterial Red disease_aug_33.jpg,Bacterial Red disease,Bacterial Red disease,Bacterial Red Disease,Bacterial Red Disease,dhash,0f0f363e1c9c988c,0,NEAR_DUPLICATE,False,SAME_LABEL,KEEP_SAME_SPLIT,"identical dHash, different bytes (policy: near-duplicate groups stay in one split)"
current_freshwater-00f1e1382549,current_freshwater-e268b269d307,current_freshwater,current_freshwater,train_split/Bacterial Red disease/Bacterial Red disease_aug_256.jpg,train_split/Bacterial Red disease/Bacterial Red disease_aug_6.jpg,Bacterial Red disease,Bacterial Red disease,Bacterial Red Disease,Bacterial Red Disease,dhash,0f0f363e1c9c988c,0,NEAR_DUPLICATE,False,SAME_LABEL,KEEP_SAME_SPLIT,"identical dHash, different bytes (policy: near-duplicate groups stay in one split)"
current_freshwater-098e918912ab,current_freshwater-e268b269d307,current_freshwater,current_freshwater,train_split/Bacterial Red disease/Bacterial Red disease_aug_33.jpg,train_split/Bacterial Red disease/Bacterial Red disease_aug_6.jpg,Bacterial Red disease,Bacterial Red disease,Bacterial Red Disease,Bacterial Red Disease,dhash,0f0f363e1c9c988c,0,NEAR_DUPLICATE,False,SAME_LABEL,KEEP_SAME_SPLIT,"identical dHash, different bytes (policy: near-duplicate groups stay in one split)"
current_freshwater-baaba54ce1e1,current_freshwater-b742abdb64fe,current_freshwater,current_freshwater,train_split/EUS/EUS_238.jpg,train_split/EUS/EUS_aug_190.jpg,EUS,EUS,EUS Disease,EUS Disease,dhash,0f1f0e0e0f0f1f0f,0,NEAR_DUPLICATE,False,SAME_LABEL,KEEP_SAME_SPLIT,"identical dHash, different bytes (policy: near-duplicate groups stay in one split)"
current_freshwater-baaba54ce1e1,current_freshwater-450f4e4b7532,current_freshwater,current_freshwater,train_split/EUS/EUS_238.jpg,train_split/EUS/EUS_aug_32.jpg,EUS,EUS,EUS Disease,EUS Disease,dhash,0f1f0e0e0f0f1f0f,0,NEAR_DUPLICATE,False,SAME_LABEL,KEEP_SAME_SPLIT,"identical dHash, different bytes (policy: near-duplicate groups stay in one split)"
current_freshwater-b742abdb64fe,current_freshwater-450f4e4b7532,current_freshwater,current_freshwater,train_split/EUS/EUS_aug_190.jpg,train_split/EUS/EUS_aug_32.jpg,EUS,EUS,EUS Disease,EUS Disease,dhash,0f1f0e0e0f0f1f0f,0,NEAR_DUPLICATE,False,SAME_LABEL,KEEP_SAME_SPLIT,"identical dHash, different bytes (policy: near-duplicate groups stay in one split)"
current_freshwater-b742abdb64fe,current_freshwater-e824fbe3be9b,current_freshwater,current_freshwater,train_split/EUS/EUS_aug_190.jpg,train_split/EUS/EUS_aug_42.jpg,EUS,EUS,EUS Disease,EUS Disease,dhash,0f1f0e0e0f0f1f0f,0,NEAR_DUPLICATE,False,SAME_LABEL,KEEP_SAME_SPLIT,"identical dHash, different bytes (policy: near-duplicate groups stay in one split)"
current_freshwater-450f4e4b7532,current_freshwater-e824fbe3be9b,current_freshwater,current_freshwater,train_split/EUS/EUS_aug_32.jpg,train_split/EUS/EUS_aug_42.jpg,EUS,EUS,EUS Disease,EUS Disease,dhash,0f1f0e0e0f0f1f0f,0,NEAR_DUPLICATE,False,SAME_LABEL,KEEP_SAME_SPLIT,"identical dHash, different bytes (policy: near-duplicate groups stay in one split)"
current_freshwater-8cdbd60ecf00,current_freshwater-bc8b7c0a7504,current_freshwater,current_freshwater,test_split/EUS_EUS_251.jpg,train_split/EUS/EUS_aug_91.jpg,EUS,EUS,EUS Disease,EUS Disease,dhash,0f1f3b3f3f3f3f17,0,NEAR_DUPLICATE,False,SAME_LABEL,KEEP_SAME_SPLIT,"identical dHash, different bytes (policy: near-duplicate groups stay in one split)"
current_freshwater-ab1b188c34e2,current_freshwater-02eefb5590a4,current_freshwater,current_freshwater,train_split/Bacterial gill disease/Bacterial gill disease_127.jpg,train_split/Bacterial gill disease/Bacterial gill disease_aug_178.jpg,Bacterial gill disease,Bacterial gill disease,Bacterial Gill Disease,Bacterial Gill Disease,dhash,001884b098cfdb39,0,NEAR_DUPLICATE,False,SAME_LABEL,KEEP_SAME_SPLIT,"identical dHash, different bytes (policy: near-duplicate groups stay in one split)"
current_freshwater-fee2282110fc,current_freshwater-d8a39ee09ef9,current_freshwater,current_freshwater,test_split/Viral diseases White tail disease_Viral diseases White tail disease_223.jpg,train_split/Viral diseases White tail disease/Viral diseases White tail disease_70.jpg,Viral diseases White tail disease,Viral diseases White tail disease,White Tail Disease,White Tail Disease,dhash,0f3bc10f232b0e84,0,NEAR_DUPLICATE,False,SAME_LABEL,KEEP_SAME_SPLIT,"identical dHash, different bytes (policy: near-duplicate groups stay in one split)"
roboflow-322450d9ef0f,roboflow-139694494ab3,roboflow,roboflow,test/Bacterial diseases - Aeromoniasis/Bacterial-diseases-Aeromoniasis-17-_jpg.rf.e656c23c6dc33e5585e0f7bb7693023e.jpg,test/Bacterial diseases - Aeromoniasis/Bacterial-diseases-Aeromoniasis-35-_jpg.rf.e16f9491f6e1f65727d772f595c7caf5.jpg,Bacterial diseases - Aeromoniasis,Bacterial diseases - Aeromoniasis,Aeromoniasis,Aeromoniasis,dhash,0f3f7373f3676cff,0,NEAR_DUPLICATE,False,SAME_LABEL,KEEP_SAME_SPLIT,"identical dHash, different bytes (policy: near-duplicate groups stay in one split)"
current_freshwater-ef55bb67ec21,roboflow-3cedb6f5615c,current_freshwater,roboflow,train_split/Bacterial diseases - Aeromoniasis/Bacterial diseases - Aeromoniasis_167.jpg,test/Bacterial diseases - Aeromoniasis/Bacterial-diseases-Aeromoniasis-30-_jpg.rf.a7ca6922d7a5e2e2205c4a8795b6b6e4.jpg,Bacterial diseases - Aeromoniasis,Bacterial diseases - Aeromoniasis,Aeromoniasis,Aeromoniasis,dhash,0f3f73f3f3666fff,0,NEAR_DUPLICATE,True,SAME_LABEL,KEEP_SAME_SPLIT,"identical dHash, different bytes (policy: near-duplicate groups stay in one split)"
current_freshwater-ef55bb67ec21,roboflow-4186c2b07e56,current_freshwater,roboflow,train_split/Bacterial diseases - Aeromoniasis/Bacterial diseases - Aeromoniasis_167.jpg,train/Bacterial diseases - Aeromoniasis/Bacterial-diseases-Aeromoniasis-8-_jpg.rf.54c3ee177acd49ea2dd62bc19783625a.jpg,Bacterial diseases - Aeromoniasis,Bacterial diseases - Aeromoniasis,Aeromoniasis,Aeromoniasis,dhash,0f3f73f3f3666fff,0,NEAR_DUPLICATE,True,SAME_LABEL,KEEP_SAME_SPLIT,"identical dHash, different bytes (policy: near-duplicate groups stay in one split)"
roboflow-3cedb6f5615c,roboflow-4186c2b07e56,roboflow,roboflow,test/Bacterial diseases - Aeromoniasis/Bacterial-diseases-Aeromoniasis-30-_jpg.rf.a7ca6922d7a5e2e2205c4a8795b6b6e4.jpg,train/Bacterial diseases - Aeromoniasis/Bacterial-diseases-Aeromoniasis-8-_jpg.rf.54c3ee177acd49ea2dd62bc19783625a.jpg,Bacterial diseases - Aeromoniasis,Bacterial diseases - Aeromoniasis,Aeromoniasis,Aeromoniasis,dhash,0f3f73f3f3666fff,0,NEAR_DUPLICATE,False,SAME_LABEL,KEEP_SAME_SPLIT,"identical dHash, different bytes (policy: near-duplicate groups stay in one split)"
current_freshwater-20cd5e4477c8,roboflow-a370dc20eb5b,current_freshwater,roboflow,train_split/Parasitic diseases/Parasitic diseases_22.jpg,train/Parasitic diseases/Parasitic-diseases-3-_jpg.rf.dd0cdcb227459ac1f804d53051cbbbe2.jpg,Parasitic diseases,Parasitic diseases,Parasitic Disease,Parasitic Disease,dhash,0f8f71232727179f,0,NEAR_DUPLICATE,True,SAME_LABEL,KEEP_SAME_SPLIT,"identical dHash, different bytes (policy: near-duplicate groups stay in one split)"
current_freshwater-96978d2bb6c1,current_freshwater-de8bdda0ad85,current_freshwater,current_freshwater,train_split/Parasitic diseases/Parasitic diseases_193.jpg,train_split/Parasitic diseases/Parasitic diseases_aug_97.jpg,Parasitic diseases,Parasitic diseases,Parasitic Disease,Parasitic Disease,dhash,0fcfe17337674f0f,0,NEAR_DUPLICATE,False,SAME_LABEL,KEEP_SAME_SPLIT,"identical dHash, different bytes (policy: near-duplicate groups stay in one split)"
current_freshwater-05156eed5f8a,roboflow-470f658d0590,current_freshwater,roboflow,train_split/Bacterial Red disease/Bacterial Red disease_aug_183.jpg,train/Bacterial Red disease/Bacterial-Red-disease-1-_jpeg.rf.453429470da3ad0488ad7ce03243ce2f.jpg,Bacterial Red disease,Bacterial Red disease,Bacterial Red Disease,Bacterial Red Disease,dhash,100c060743161e1a,0,NEAR_DUPLICATE,True,SAME_LABEL,KEEP_SAME_SPLIT,"identical dHash, different bytes (policy: near-duplicate groups stay in one split)"
mendeley-b9e1b12e9657,mendeley-7054dc52fbf1,mendeley,mendeley,Healthy Fish/Silver_carp_(Hypophthalmichthys molitrix)/Fish_83/IMG20260315103847.jpg,Healthy Fish/Silver_carp_(Hypophthalmichthys molitrix)/Fish_83/IMG20260315103848.jpg,Healthy Fish,Healthy Fish,Healthy Fish,Healthy Fish,dhash,1030a1e164646060,0,NEAR_DUPLICATE,False,SAME_LABEL,KEEP_SAME_SPLIT,"identical dHash, different bytes (policy: near-duplicate groups stay in one split)"
current_freshwater-5227dddb7f2c,kaptai-45f20bdab2d2,current_freshwater,kaptai,test_split/Bacterial gill disease_Bacterial gill disease_50.jpeg,THE BACTERIAL GILL ROT/download (8).jpg,Bacterial gill disease,THE BACTERIAL GILL ROT,Bacterial Gill Disease,,dhash,103c178f0f2f0f1f,0,NEAR_DUPLICATE,True,UNRESOLVED_LABEL,REVIEW,"identical dHash, a label is unresolved; the match is evidence for the mapping decision"
current_freshwater-5227dddb7f2c,roboflow-b9a8eef926be,current_freshwater,roboflow,test_split/Bacterial gill disease_Bacterial gill disease_50.jpeg,train/Bacterial gill disease/Bacterial-gill-disease-5-_jpeg.rf.4db1703ba3fd7212257044942d932197.jpg,Bacterial gill disease,Bacterial gill disease,Bacterial Gill Disease,Bacterial Gill Disease,dhash,103c178f0f2f0f1f,0,NEAR_DUPLICATE,True,SAME_LABEL,KEEP_SAME_SPLIT,"identical dHash, different bytes (policy: near-duplicate groups stay in one split)"
current_freshwater-5227dddb7f2c,roboflow-4b923eda3f30,current_freshwater,roboflow,test_split/Bacterial gill disease_Bacterial gill disease_50.jpeg,train/Bacterial gill disease/Bacterial-gill-disease-7-_jpg.rf.1a2ae5c13982df88fb4c0271fa99bbb9.jpg,Bacterial gill disease,Bacterial gill disease,Bacterial Gill Disease,Bacterial Gill Disease,dhash,103c178f0f2f0f1f,0,NEAR_DUPLICATE,True,SAME_LABEL,KEEP_SAME_SPLIT,"identical dHash, different bytes (policy: near-duplicate groups stay in one split)"
kaptai-45f20bdab2d2,roboflow-b9a8eef926be,kaptai,roboflow,THE BACTERIAL GILL ROT/download (8).jpg,train/Bacterial gill disease/Bacterial-gill-disease-5-_jpeg.rf.4db1703ba3fd7212257044942d932197.jpg,THE BACTERIAL GILL ROT,Bacterial gill disease,,Bacterial Gill Disease,dhash,103c178f0f2f0f1f,0,NEAR_DUPLICATE,True,UNRESOLVED_LABEL,REVIEW,"identical dHash, a label is unresolved; the match is evidence for the mapping decision"
kaptai-45f20bdab2d2,roboflow-4b923eda3f30,kaptai,roboflow,THE BACTERIAL GILL ROT/download (8).jpg,train/Bacterial gill disease/Bacterial-gill-disease-7-_jpg.rf.1a2ae5c13982df88fb4c0271fa99bbb9.jpg,THE BACTERIAL GILL ROT,Bacterial gill disease,,Bacterial Gill Disease,dhash,103c178f0f2f0f1f,0,NEAR_DUPLICATE,True,UNRESOLVED_LABEL,REVIEW,"identical dHash, a label is unresolved; the match is evidence for the mapping decision"
roboflow-b9a8eef926be,roboflow-4b923eda3f30,roboflow,roboflow,train/Bacterial gill disease/Bacterial-gill-disease-5-_jpeg.rf.4db1703ba3fd7212257044942d932197.jpg,train/Bacterial gill disease/Bacterial-gill-disease-7-_jpg.rf.1a2ae5c13982df88fb4c0271fa99bbb9.jpg,Bacterial gill disease,Bacterial gill disease,Bacterial Gill Disease,Bacterial Gill Disease,dhash,103c178f0f2f0f1f,0,NEAR_DUPLICATE,False,SAME_LABEL,KEEP_SAME_SPLIT,"identical dHash, different bytes (policy: near-duplicate groups stay in one split)"
current_freshwater-50034dc8a989,roboflow-5b4dfedd7761,current_freshwater,roboflow,train_split/Viral diseases White tail disease/Viral diseases White tail disease_1.jpeg,train/Viral diseases White tail disease/Viral-diseases-White-tail-disease-2-_jpeg.rf.64c943595d0cb92862d4e007d5dda088.jpg,Viral diseases White tail disease,Viral diseases White tail disease,White Tail Disease,White Tail Disease,dhash,1070e4c486868203,0,NEAR_DUPLICATE,True,SAME_LABEL,KEEP_SAME_SPLIT,"identical dHash, different bytes (policy: near-duplicate groups stay in one split)"
paper_dataset-242669710aa7,paper_dataset-23663ade01fb,paper_dataset,paper_dataset,FreshFish/fresh_354.png,FreshFish/fresh_411.png,FreshFish,FreshFish,,,dhash,1071f187878f9de1,0,NEAR_DUPLICATE,False,UNRESOLVED_LABEL,REVIEW,"identical dHash, a label is unresolved; the match is evidence for the mapping decision"
current_freshwater-9a194ff8e87e,current_freshwater-7e6289d8e84c,current_freshwater,current_freshwater,train_split/Bacterial gill disease/Bacterial gill disease_164.jpg,train_split/Bacterial gill disease/Bacterial gill disease_aug_203.jpg,Bacterial gill disease,Bacterial gill disease,Bacterial Gill Disease,Bacterial Gill Disease,dhash,0020e1697934ec5c,0,NEAR_DUPLICATE,False,SAME_LABEL,KEEP_SAME_SPLIT,"identical dHash, different bytes (policy: near-duplicate groups stay in one split)"
current_freshwater-7453c74d3b02,roboflow-0e041236d778,current_freshwater,roboflow,test_split/Healthy Fish_Healthy Fish_201.jpg,train/Healthy Fish/Healthy-Fish-67-_jpg.rf.5831f3899a191abbb5bd31929886a9f0.jpg,Healthy Fish,Healthy Fish,Healthy Fish,Healthy Fish,dhash,10b0b0f8d8b0f010,0,NEAR_DUPLICATE,True,SAME_LABEL,KEEP_SAME_SPLIT,"identical dHash, different bytes (policy: near-duplicate groups stay in one split)"
roboflow-123135a84606,roboflow-0e041236d778,roboflow,roboflow,test/Healthy Fish/Healthy-Fish-16-_jpg.rf.2d99503ec8de077ffa58f55a3c82ab6d.jpg,train/Healthy Fish/Healthy-Fish-67-_jpg.rf.5831f3899a191abbb5bd31929886a9f0.jpg,Healthy Fish,Healthy Fish,Healthy Fish,Healthy Fish,dhash,10b0b0f8d8b0f010,0,NEAR_DUPLICATE,False,SAME_LABEL,KEEP_SAME_SPLIT,"identical dHash, different bytes (policy: near-duplicate groups stay in one split)"
mendeley-9d524b12a606,mendeley-c567d2777d98,mendeley,mendeley,Healthy Fish/Silver_carp_(Hypophthalmichthys molitrix)/Fish_83/IMG20260315104136.jpg,Healthy Fish/Silver_carp_(Hypophthalmichthys molitrix)/Fish_83/IMG20260315104138.jpg,Healthy Fish,Healthy Fish,Healthy Fish,Healthy Fish,dhash,10bcbeb0e0f9fcfd,0,NEAR_DUPLICATE,False,SAME_LABEL,KEEP_SAME_SPLIT,"identical dHash, different bytes (policy: near-duplicate groups stay in one split)"
mendeley-9d524b12a606,mendeley-ee4950b74436,mendeley,mendeley,Healthy Fish/Silver_carp_(Hypophthalmichthys molitrix)/Fish_83/IMG20260315104136.jpg,Healthy Fish/Silver_carp_(Hypophthalmichthys molitrix)/Fish_83/IMG20260315104140.jpg,Healthy Fish,Healthy Fish,Healthy Fish,Healthy Fish,dhash,10bcbeb0e0f9fcfd,0,NEAR_DUPLICATE,False,SAME_LABEL,KEEP_SAME_SPLIT,"identical dHash, different bytes (policy: near-duplicate groups stay in one split)"
mendeley-9d524b12a606,mendeley-6502cf6e90c8,mendeley,mendeley,Healthy Fish/Silver_carp_(Hypophthalmichthys molitrix)/Fish_83/IMG20260315104136.jpg,Healthy Fish/Silver_carp_(Hypophthalmichthys molitrix)/Fish_83/IMG20260315104140_01.jpg,Healthy Fish,Healthy Fish,Healthy Fish,Healthy Fish,dhash,10bcbeb0e0f9fcfd,0,NEAR_DUPLICATE,False,SAME_LABEL,KEEP_SAME_SPLIT,"identical dHash, different bytes (policy: near-duplicate groups stay in one split)"
mendeley-9d524b12a606,mendeley-4f0e3db228e3,mendeley,mendeley,Healthy Fish/Silver_carp_(Hypophthalmichthys molitrix)/Fish_83/IMG20260315104136.jpg,Healthy Fish/Silver_carp_(Hypophthalmichthys molitrix)/Fish_84/IMG20260315104137.jpg,Healthy Fish,Healthy Fish,Healthy Fish,Healthy Fish,dhash,10bcbeb0e0f9fcfd,0,NEAR_DUPLICATE,False,SAME_LABEL,KEEP_SAME_SPLIT,"identical dHash, different bytes (policy: near-duplicate groups stay in one split)"
mendeley-9d524b12a606,mendeley-e68f41c1397a,mendeley,mendeley,Healthy Fish/Silver_carp_(Hypophthalmichthys molitrix)/Fish_83/IMG20260315104136.jpg,Healthy Fish/Silver_carp_(Hypophthalmichthys molitrix)/Fish_86/IMG20260315104135.jpg,Healthy Fish,Healthy Fish,Healthy Fish,Healthy Fish,dhash,10bcbeb0e0f9fcfd,0,NEAR_DUPLICATE,False,SAME_LABEL,KEEP_SAME_SPLIT,"identical dHash, different bytes (policy: near-duplicate groups stay in one split)"
mendeley-c567d2777d98,mendeley-ee4950b74436,mendeley,mendeley,Healthy Fish/Silver_carp_(Hypophthalmichthys molitrix)/Fish_83/IMG20260315104138.jpg,Healthy Fish/Silver_carp_(Hypophthalmichthys molitrix)/Fish_83/IMG20260315104140.jpg,Healthy Fish,Healthy Fish,Healthy Fish,Healthy Fish,dhash,10bcbeb0e0f9fcfd,0,NEAR_DUPLICATE,False,SAME_LABEL,KEEP_SAME_SPLIT,"identical dHash, different bytes (policy: near-duplicate groups stay in one split)"
mendeley-c567d2777d98,mendeley-6502cf6e90c8,mendeley,mendeley,Healthy Fish/Silver_carp_(Hypophthalmichthys molitrix)/Fish_83/IMG20260315104138.jpg,Healthy Fish/Silver_carp_(Hypophthalmichthys molitrix)/Fish_83/IMG20260315104140_01.jpg,Healthy Fish,Healthy Fish,Healthy Fish,Healthy Fish,dhash,10bcbeb0e0f9fcfd,0,NEAR_DUPLICATE,False,SAME_LABEL,KEEP_SAME_SPLIT,"identical dHash, different bytes (policy: near-duplicate groups stay in one split)"
mendeley-c567d2777d98,mendeley-4f0e3db228e3,mendeley,mendeley,Healthy Fish/Silver_carp_(Hypophthalmichthys molitrix)/Fish_83/IMG20260315104138.jpg,Healthy Fish/Silver_carp_(Hypophthalmichthys molitrix)/Fish_84/IMG20260315104137.jpg,Healthy Fish,Healthy Fish,Healthy Fish,Healthy Fish,dhash,10bcbeb0e0f9fcfd,0,NEAR_DUPLICATE,False,SAME_LABEL,KEEP_SAME_SPLIT,"identical dHash, different bytes (policy: near-duplicate groups stay in one split)"
mendeley-c567d2777d98,mendeley-e68f41c1397a,mendeley,mendeley,Healthy Fish/Silver_carp_(Hypophthalmichthys molitrix)/Fish_83/IMG20260315104138.jpg,Healthy Fish/Silver_carp_(Hypophthalmichthys molitrix)/Fish_86/IMG20260315104135.jpg,Healthy Fish,Healthy Fish,Healthy Fish,Healthy Fish,dhash,10bcbeb0e0f9fcfd,0,NEAR_DUPLICATE,False,SAME_LABEL,KEEP_SAME_SPLIT,"identical dHash, different bytes (policy: near-duplicate groups stay in one split)"
mendeley-ee4950b74436,mendeley-6502cf6e90c8,mendeley,mendeley,Healthy Fish/Silver_carp_(Hypophthalmichthys molitrix)/Fish_83/IMG20260315104140.jpg,Healthy Fish/Silver_carp_(Hypophthalmichthys molitrix)/Fish_83/IMG20260315104140_01.jpg,Healthy Fish,Healthy Fish,Healthy Fish,Healthy Fish,dhash,10bcbeb0e0f9fcfd,0,NEAR_DUPLICATE,False,SAME_LABEL,KEEP_SAME_SPLIT,"identical dHash, different bytes (policy: near-duplicate groups stay in one split)"
mendeley-ee4950b74436,mendeley-4f0e3db228e3,mendeley,mendeley,Healthy Fish/Silver_carp_(Hypophthalmichthys molitrix)/Fish_83/IMG20260315104140.jpg,Healthy Fish/Silver_carp_(Hypophthalmichthys molitrix)/Fish_84/IMG20260315104137.jpg,Healthy Fish,Healthy Fish,Healthy Fish,Healthy Fish,dhash,10bcbeb0e0f9fcfd,0,NEAR_DUPLICATE,False,SAME_LABEL,KEEP_SAME_SPLIT,"identical dHash, different bytes (policy: near-duplicate groups stay in one split)"
mendeley-ee4950b74436,mendeley-e68f41c1397a,mendeley,mendeley,Healthy Fish/Silver_carp_(Hypophthalmichthys molitrix)/Fish_83/IMG20260315104140.jpg,Healthy Fish/Silver_carp_(Hypophthalmichthys molitrix)/Fish_86/IMG20260315104135.jpg,Healthy Fish,Healthy Fish,Healthy Fish,Healthy Fish,dhash,10bcbeb0e0f9fcfd,0,NEAR_DUPLICATE,False,SAME_LABEL,KEEP_SAME_SPLIT,"identical dHash, different bytes (policy: near-duplicate groups stay in one split)"
mendeley-6502cf6e90c8,mendeley-4f0e3db228e3,mendeley,mendeley,Healthy Fish/Silver_carp_(Hypophthalmichthys molitrix)/Fish_83/IMG20260315104140_01.jpg,Healthy Fish/Silver_carp_(Hypophthalmichthys molitrix)/Fish_84/IMG20260315104137.jpg,Healthy Fish,Healthy Fish,Healthy Fish,Healthy Fish,dhash,10bcbeb0e0f9fcfd,0,NEAR_DUPLICATE,False,SAME_LABEL,KEEP_SAME_SPLIT,"identical dHash, different bytes (policy: near-duplicate groups stay in one split)"
mendeley-6502cf6e90c8,mendeley-e68f41c1397a,mendeley,mendeley,Healthy Fish/Silver_carp_(Hypophthalmichthys molitrix)/Fish_83/IMG20260315104140_01.jpg,Healthy Fish/Silver_carp_(Hypophthalmichthys molitrix)/Fish_86/IMG20260315104135.jpg,Healthy Fish,Healthy Fish,Healthy Fish,Healthy Fish,dhash,10bcbeb0e0f9fcfd,0,NEAR_DUPLICATE,False,SAME_LABEL,KEEP_SAME_SPLIT,"identical dHash, different bytes (policy: near-duplicate groups stay in one split)"
mendeley-4f0e3db228e3,mendeley-e68f41c1397a,mendeley,mendeley,Healthy Fish/Silver_carp_(Hypophthalmichthys molitrix)/Fish_84/IMG20260315104137.jpg,Healthy Fish/Silver_carp_(Hypophthalmichthys molitrix)/Fish_86/IMG20260315104135.jpg,Healthy Fish,Healthy Fish,Healthy Fish,Healthy Fish,dhash,10bcbeb0e0f9fcfd,0,NEAR_DUPLICATE,False,SAME_LABEL,KEEP_SAME_SPLIT,"identical dHash, different bytes (policy: near-duplicate groups stay in one split)"
paper_dataset-f8b7f3a5d218,paper_dataset-7a734b6cb45b,paper_dataset,paper_dataset,InfectedFish/infected_678.png,InfectedFish/infected_723.png,InfectedFish,InfectedFish,,,dhash,10f0f6a686d4d0c0,0,NEAR_DUPLICATE,False,UNRESOLVED_LABEL,REVIEW,"identical dHash, a label is unresolved; the match is evidence for the mapping decision"
current_freshwater-c8660e382538,current_freshwater-ba64beb1e21f,current_freshwater,current_freshwater,train_split/Healthy Fish/Healthy Fish_344.jpg,train_split/Healthy Fish/Healthy Fish_aug_150.jpg,Healthy Fish,Healthy Fish,Healthy Fish,Healthy Fish,dhash,0030303086845000,0,NEAR_DUPLICATE,False,SAME_LABEL,KEEP_SAME_SPLIT,"identical dHash, different bytes (policy: near-duplicate groups stay in one split)"
current_freshwater-c8660e382538,current_freshwater-d44c4ac12a12,current_freshwater,current_freshwater,train_split/Healthy Fish/Healthy Fish_344.jpg,train_split/Healthy Fish/Healthy Fish_aug_189.jpg,Healthy Fish,Healthy Fish,Healthy Fish,Healthy Fish,dhash,0030303086845000,0,NEAR_DUPLICATE,False,SAME_LABEL,KEEP_SAME_SPLIT,"identical dHash, different bytes (policy: near-duplicate groups stay in one split)"
current_freshwater-ba64beb1e21f,roboflow-4a139f40538a,current_freshwater,roboflow,train_split/Healthy Fish/Healthy Fish_aug_150.jpg,train/Healthy Fish/Healthy-Fish-12-_jpeg.rf.a3bed8de699ccad7b99fd0c01a6fd3e8.jpg,Healthy Fish,Healthy Fish,Healthy Fish,Healthy Fish,dhash,0030303086845000,0,NEAR_DUPLICATE,True,SAME_LABEL,KEEP_SAME_SPLIT,"identical dHash, different bytes (policy: near-duplicate groups stay in one split)"
current_freshwater-d44c4ac12a12,roboflow-4a139f40538a,current_freshwater,roboflow,train_split/Healthy Fish/Healthy Fish_aug_189.jpg,train/Healthy Fish/Healthy-Fish-12-_jpeg.rf.a3bed8de699ccad7b99fd0c01a6fd3e8.jpg,Healthy Fish,Healthy Fish,Healthy Fish,Healthy Fish,dhash,0030303086845000,0,NEAR_DUPLICATE,True,SAME_LABEL,KEEP_SAME_SPLIT,"identical dHash, different bytes (policy: near-duplicate groups stay in one split)"
current_freshwater-f40e14c16c05,current_freshwater-25eff209757d,current_freshwater,current_freshwater,train_split/Bacterial gill disease/Bacterial gill disease_256.jpg,train_split/Bacterial gill disease/Bacterial gill disease_aug_112.jpg,Bacterial gill disease,Bacterial gill disease,Bacterial Gill Disease,Bacterial Gill Disease,dhash,11b91c0f6931036f,0,NEAR_DUPLICATE,False,SAME_LABEL,KEEP_SAME_SPLIT,"identical dHash, different bytes (policy: near-duplicate groups stay in one split)"
mendeley-67607188f10e,mendeley-0cf70566c1d1,mendeley,mendeley,Bacterial Gill Diseases/Grass_carp_(Ctenopharyngodon idella)/Fish_6/IMG20260212064946.jpg,Bacterial Gill Diseases/Grass_carp_(Ctenopharyngodon idella)/Fish_6/IMG20260212064947.jpg,Bacterial Gill Diseases,Bacterial Gill Diseases,Bacterial Gill Disease,Bacterial Gill Disease,dhash,11c2c2e0e0e0c4c4,0,NEAR_DUPLICATE,False,SAME_LABEL,KEEP_SAME_SPLIT,"identical dHash, different bytes (policy: near-duplicate groups stay in one split)"
mendeley-69e810c112b7,mendeley-272c42d51635,mendeley,mendeley,Bacterial Red Diseases/Silver_carp_(Hypophthalmichthys molitrix)/Fish_55/IMG20260206071251.jpg,Bacterial Red Diseases/Silver_carp_(Hypophthalmichthys molitrix)/Fish_55/IMG20260206071253.jpg,Bacterial Red Diseases,Bacterial Red Diseases,Bacterial Red Disease,Bacterial Red Disease,dhash,1283f23ed6c74707,0,NEAR_DUPLICATE,False,SAME_LABEL,KEEP_SAME_SPLIT,"identical dHash, different bytes (policy: near-duplicate groups stay in one split)"
mendeley-e3d3f877f239,mendeley-0b47e16ab281,mendeley,mendeley,Bacterial Gill Diseases/Grass_carp_(Ctenopharyngodon idella)/Fish_6/IMG20260212064941.jpg,Bacterial Gill Diseases/Grass_carp_(Ctenopharyngodon idella)/Fish_6/IMG20260212064942.jpg,Bacterial Gill Diseases,Bacterial Gill Diseases,Bacterial Gill Disease,Bacterial Gill Disease,dhash,12c2c2e0e0c0c4c4,0,NEAR_DUPLICATE,False,SAME_LABEL,KEEP_SAME_SPLIT,"identical dHash, different bytes (policy: near-duplicate groups stay in one split)"
current_freshwater-54e431e39840,kaptai-0a823989e9b0,current_freshwater,kaptai,test_split/Viral diseases White tail disease_Viral diseases White tail disease_27.jpg,Tail And Fin Rot/Tail And Fin Rot fishhhhhhhhhhh diseas(c).jpg,Viral diseases White tail disease,Tail And Fin Rot,White Tail Disease,,dhash,131bc3633070e090,0,NEAR_DUPLICATE,True,UNRESOLVED_LABEL,REVIEW,"identical dHash, a label is unresolved; the match is evidence for the mapping decision"
current_freshwater-54e431e39840,roboflow-cf3f7e7da7db,current_freshwater,roboflow,test_split/Viral diseases White tail disease_Viral diseases White tail disease_27.jpg,train/Viral diseases White tail disease/Viral-diseases-White-tail-disease-26-_jpg.rf.27f0e0b57f652ff4b031968b800bca72.jpg,Viral diseases White tail disease,Viral diseases White tail disease,White Tail Disease,White Tail Disease,dhash,131bc3633070e090,0,NEAR_DUPLICATE,True,SAME_LABEL,KEEP_SAME_SPLIT,"identical dHash, different bytes (policy: near-duplicate groups stay in one split)"
kaptai-0a823989e9b0,roboflow-cf3f7e7da7db,kaptai,roboflow,Tail And Fin Rot/Tail And Fin Rot fishhhhhhhhhhh diseas(c).jpg,train/Viral diseases White tail disease/Viral-diseases-White-tail-disease-26-_jpg.rf.27f0e0b57f652ff4b031968b800bca72.jpg,Tail And Fin Rot,Viral diseases White tail disease,,White Tail Disease,dhash,131bc3633070e090,0,NEAR_DUPLICATE,True,UNRESOLVED_LABEL,REVIEW,"identical dHash, a label is unresolved; the match is evidence for the mapping decision"
current_freshwater-50a1a7fcb2b2,roboflow-a1c3fbc04432,current_freshwater,roboflow,train_split/Parasitic diseases/Parasitic diseases_3.png,train/Parasitic diseases/Parasitic-diseases-1-_png.rf.82913ead81180926866212cdb1cef4a7.jpg,Parasitic diseases,Parasitic diseases,Parasitic Disease,Parasitic Disease,dhash,131c7ce7e73c1b17,0,NEAR_DUPLICATE,True,SAME_LABEL,KEEP_SAME_SPLIT,"identical dHash, different bytes (policy: near-duplicate groups stay in one split)"
current_freshwater-0b4c8e8f486b,kaptai-b9e432bb4595,current_freshwater,kaptai,train_split/Viral diseases White tail disease/Viral diseases White tail disease_aug_301.jpg,Tail And Fin Rot/download (2).jpg,Viral diseases White tail disease,Tail And Fin Rot,White Tail Disease,,dhash,13cb6330f0e0b0e1,0,NEAR_DUPLICATE,True,UNRESOLVED_LABEL,REVIEW,"identical dHash, a label is unresolved; the match is evidence for the mapping decision"
current_freshwater-0b4c8e8f486b,roboflow-61adb03756d6,current_freshwater,roboflow,train_split/Viral diseases White tail disease/Viral diseases White tail disease_aug_301.jpg,train/Viral diseases White tail disease/Viral-diseases-White-tail-disease-4-_jpg.rf.949f677b733339b85c8573ac7bf21554.jpg,Viral diseases White tail disease,Viral diseases White tail disease,White Tail Disease,White Tail Disease,dhash,13cb6330f0e0b0e1,0,NEAR_DUPLICATE,True,SAME_LABEL,KEEP_SAME_SPLIT,"identical dHash, different bytes (policy: near-duplicate groups stay in one split)"
current_freshwater-0b4c8e8f486b,roboflow-9ee55100e6ff,current_freshwater,roboflow,train_split/Viral diseases White tail disease/Viral diseases White tail disease_aug_301.jpg,train/Viral diseases White tail disease/Viral-diseases-White-tail-disease-9-_jpg.rf.82292b05084328886d446e5d7b61defa.jpg,Viral diseases White tail disease,Viral diseases White tail disease,White Tail Disease,White Tail Disease,dhash,13cb6330f0e0b0e1,0,NEAR_DUPLICATE,True,SAME_LABEL,KEEP_SAME_SPLIT,"identical dHash, different bytes (policy: near-duplicate groups stay in one split)"
current_freshwater-59a18c3ce512,kaptai-b9e432bb4595,current_freshwater,kaptai,train_split/Viral diseases White tail disease/Viral diseases White tail disease_aug_36.jpg,Tail And Fin Rot/download (2).jpg,Viral diseases White tail disease,Tail And Fin Rot,White Tail Disease,,dhash,13cb6330f0e0b0e1,0,NEAR_DUPLICATE,True,UNRESOLVED_LABEL,REVIEW,"identical dHash, a label is unresolved; the match is evidence for the mapping decision"
current_freshwater-59a18c3ce512,roboflow-61adb03756d6,current_freshwater,roboflow,train_split/Viral diseases White tail disease/Viral diseases White tail disease_aug_36.jpg,train/Viral diseases White tail disease/Viral-diseases-White-tail-disease-4-_jpg.rf.949f677b733339b85c8573ac7bf21554.jpg,Viral diseases White tail disease,Viral diseases White tail disease,White Tail Disease,White Tail Disease,dhash,13cb6330f0e0b0e1,0,NEAR_DUPLICATE,True,SAME_LABEL,KEEP_SAME_SPLIT,"identical dHash, different bytes (policy: near-duplicate groups stay in one split)"
current_freshwater-59a18c3ce512,roboflow-9ee55100e6ff,current_freshwater,roboflow,train_split/Viral diseases White tail disease/Viral diseases White tail disease_aug_36.jpg,train/Viral diseases White tail disease/Viral-diseases-White-tail-disease-9-_jpg.rf.82292b05084328886d446e5d7b61defa.jpg,Viral diseases White tail disease,Viral diseases White tail disease,White Tail Disease,White Tail Disease,dhash,13cb6330f0e0b0e1,0,NEAR_DUPLICATE,True,SAME_LABEL,KEEP_SAME_SPLIT,"identical dHash, different bytes (policy: near-duplicate groups stay in one split)"
kaptai-b9e432bb4595,roboflow-61adb03756d6,kaptai,roboflow,Tail And Fin Rot/download (2).jpg,train/Viral diseases White tail disease/Viral-diseases-White-tail-disease-4-_jpg.rf.949f677b733339b85c8573ac7bf21554.jpg,Tail And Fin Rot,Viral diseases White tail disease,,White Tail Disease,dhash,13cb6330f0e0b0e1,0,NEAR_DUPLICATE,True,UNRESOLVED_LABEL,REVIEW,"identical dHash, a label is unresolved; the match is evidence for the mapping decision"
kaptai-b9e432bb4595,roboflow-9ee55100e6ff,kaptai,roboflow,Tail And Fin Rot/download (2).jpg,train/Viral diseases White tail disease/Viral-diseases-White-tail-disease-9-_jpg.rf.82292b05084328886d446e5d7b61defa.jpg,Tail And Fin Rot,Viral diseases White tail disease,,White Tail Disease,dhash,13cb6330f0e0b0e1,0,NEAR_DUPLICATE,True,UNRESOLVED_LABEL,REVIEW,"identical dHash, a label is unresolved; the match is evidence for the mapping decision"
roboflow-61adb03756d6,roboflow-9ee55100e6ff,roboflow,roboflow,train/Viral diseases White tail disease/Viral-diseases-White-tail-disease-4-_jpg.rf.949f677b733339b85c8573ac7bf21554.jpg,train/Viral diseases White tail disease/Viral-diseases-White-tail-disease-9-_jpg.rf.82292b05084328886d446e5d7b61defa.jpg,Viral diseases White tail disease,Viral diseases White tail disease,White Tail Disease,White Tail Disease,dhash,13cb6330f0e0b0e1,0,NEAR_DUPLICATE,False,SAME_LABEL,KEEP_SAME_SPLIT,"identical dHash, different bytes (policy: near-duplicate groups stay in one split)"
current_freshwater-4d6faf5cb72d,current_freshwater-a3e07599dc0b,current_freshwater,current_freshwater,train_split/Viral diseases White tail disease/Viral diseases White tail disease_aug_110.jpg,train_split/Viral diseases White tail disease/Viral diseases White tail disease_aug_16.jpg,Viral diseases White tail disease,Viral diseases White tail disease,White Tail Disease,White Tail Disease,dhash,13cb6330f0e0b2a1,0,NEAR_DUPLICATE,False,SAME_LABEL,KEEP_SAME_SPLIT,"identical dHash, different bytes (policy: near-duplicate groups stay in one split)"
current_freshwater-0679b7538d92,roboflow-a6ef06879871,current_freshwater,roboflow,train_split/Viral diseases White tail disease/Viral diseases White tail disease_31.jpg,train/Viral diseases White tail disease/Viral-diseases-White-tail-disease-7-_jpeg.rf.f260530c7c2192ebbd6e12677a7abc03.jpg,Viral diseases White tail disease,Viral diseases White tail disease,White Tail Disease,White Tail Disease,dhash,13cb6330f0e0b2e1,0,NEAR_DUPLICATE,True,SAME_LABEL,KEEP_SAME_SPLIT,"identical dHash, different bytes (policy: near-duplicate groups stay in one split)"
current_freshwater-3a0229154fc5,current_freshwater-2b8e184f1492,current_freshwater,current_freshwater,train_split/Viral diseases White tail disease/Viral diseases White tail disease_189.jpg,train_split/Viral diseases White tail disease/Viral diseases White tail disease_aug_126.jpg,Viral diseases White tail disease,Viral diseases White tail disease,White Tail Disease,White Tail Disease,dhash,1401c1612105070f,0,NEAR_DUPLICATE,False,SAME_LABEL,KEEP_SAME_SPLIT,"identical dHash, different bytes (policy: near-duplicate groups stay in one split)"
current_freshwater-c7553021a00e,current_freshwater-134041cd4993,current_freshwater,current_freshwater,train_split/Viral diseases White tail disease/Viral diseases White tail disease_50.jpg,train_split/Viral diseases White tail disease/Viral diseases White tail disease_aug_367.jpg,Viral diseases White tail disease,Viral diseases White tail disease,White Tail Disease,White Tail Disease,dhash,1438f0c1800ccfc6,0,NEAR_DUPLICATE,False,SAME_LABEL,KEEP_SAME_SPLIT,"identical dHash, different bytes (policy: near-duplicate groups stay in one split)"
mendeley-ff4a1f23d1ae,mendeley-e8a8b9029b39,mendeley,mendeley,Healthy Fish/Silver_carp_(Hypophthalmichthys molitrix)/Fish_84/IMG20260315104355.jpg,Healthy Fish/Silver_carp_(Hypophthalmichthys molitrix)/Fish_86/IMG20260315104356.jpg,Healthy Fish,Healthy Fish,Healthy Fish,Healthy Fish,dhash,152664617070b838,0,NEAR_DUPLICATE,False,SAME_LABEL,KEEP_SAME_SPLIT,"identical dHash, different bytes (policy: near-duplicate groups stay in one split)"
paper_dataset-96f928375991,paper_dataset-f11cc605f80a,paper_dataset,paper_dataset,InfectedFish/infected_295.png,InfectedFish/infected_344.png,InfectedFish,InfectedFish,,,dhash,157c37070f070707,0,NEAR_DUPLICATE,False,UNRESOLVED_LABEL,REVIEW,"identical dHash, a label is unresolved; the match is evidence for the mapping decision"
current_freshwater-6f5e370d923d,current_freshwater-f598b7ffa62c,current_freshwater,current_freshwater,train_split/Parasitic diseases/Parasitic diseases_19.jpg,train_split/Parasitic diseases/Parasitic diseases_aug_185.jpg,Parasitic diseases,Parasitic diseases,Parasitic Disease,Parasitic Disease,dhash,1632070f070f0f87,0,NEAR_DUPLICATE,False,SAME_LABEL,KEEP_SAME_SPLIT,"identical dHash, different bytes (policy: near-duplicate groups stay in one split)"
current_freshwater-39925987e19f,kaptai-c935e967acf9,current_freshwater,kaptai,train_split/Healthy Fish/Healthy Fish_423.jpg,Healthy Fish/healthy (18).jpg,Healthy Fish,Healthy Fish,Healthy Fish,Healthy Fish,dhash,170e0f0f0f0b0b1b,0,NEAR_DUPLICATE,True,SAME_LABEL,KEEP_SAME_SPLIT,"identical dHash, different bytes (policy: near-duplicate groups stay in one split)"
paper_dataset-91621468707d,paper_dataset-477683c47828,paper_dataset,paper_dataset,FreshFish/fresh_37.png,FreshFish/fresh_6.png,FreshFish,FreshFish,,,dhash,181bfae38682e400,0,NEAR_DUPLICATE,False,UNRESOLVED_LABEL,REVIEW,"identical dHash, a label is unresolved; the match is evidence for the mapping decision"
current_freshwater-dc42d92d68b8,kaptai-f7a3b256b9eb,current_freshwater,kaptai,train_split/Healthy Fish/Healthy Fish_416.jpg,Healthy Fish/healthy (11).jpg,Healthy Fish,Healthy Fish,Healthy Fish,Healthy Fish,dhash,181c7c9c9e3cbced,0,NEAR_DUPLICATE,True,SAME_LABEL,KEEP_SAME_SPLIT,"identical dHash, different bytes (policy: near-duplicate groups stay in one split)"
current_freshwater-21eeb453f86c,current_freshwater-d92123e90efb,current_freshwater,current_freshwater,train_split/Bacterial diseases - Aeromoniasis/Bacterial diseases - Aeromoniasis_186.jpg,train_split/Bacterial diseases - Aeromoniasis/Bacterial diseases - Aeromoniasis_aug_190.jpg,Bacterial diseases - Aeromoniasis,Bacterial diseases - Aeromoniasis,Aeromoniasis,Aeromoniasis,dhash,18347278f8f9337a,0,NEAR_DUPLICATE,False,SAME_LABEL,KEEP_SAME_SPLIT,"identical dHash, different bytes (policy: near-duplicate groups stay in one split)"
current_freshwater-3b8d9cbe2212,current_freshwater-5610b8a8eb14,current_freshwater,current_freshwater,train_split/Bacterial Red disease/Bacterial Red disease_119.jpg,train_split/Bacterial Red disease/Bacterial Red disease_aug_8.jpg,Bacterial Red disease,Bacterial Red disease,Bacterial Red Disease,Bacterial Red Disease,dhash,183c5ae8cc9925e9,0,NEAR_DUPLICATE,False,SAME_LABEL,KEEP_SAME_SPLIT,"identical dHash, different bytes (policy: near-duplicate groups stay in one split)"
current_freshwater-9154b2d633ea,current_freshwater-84e3363a1c94,current_freshwater,current_freshwater,train_split/Healthy Fish/Healthy Fish_435.jpg,train_split/Healthy Fish/Healthy Fish_aug_113.jpg,Healthy Fish,Healthy Fish,Healthy Fish,Healthy Fish,dhash,190f0f0f070e1c90,0,NEAR_DUPLICATE,False,SAME_LABEL,KEEP_SAME_SPLIT,"identical dHash, different bytes (policy: near-duplicate groups stay in one split)"
current_freshwater-9154b2d633ea,kaptai-303959b57566,current_freshwater,kaptai,train_split/Healthy Fish/Healthy Fish_435.jpg,Healthy Fish/healthy (29).jpg,Healthy Fish,Healthy Fish,Healthy Fish,Healthy Fish,dhash,190f0f0f070e1c90,0,NEAR_DUPLICATE,True,SAME_LABEL,KEEP_SAME_SPLIT,"identical dHash, different bytes (policy: near-duplicate groups stay in one split)"
current_freshwater-84e3363a1c94,kaptai-303959b57566,current_freshwater,kaptai,train_split/Healthy Fish/Healthy Fish_aug_113.jpg,Healthy Fish/healthy (29).jpg,Healthy Fish,Healthy Fish,Healthy Fish,Healthy Fish,dhash,190f0f0f070e1c90,0,NEAR_DUPLICATE,True,SAME_LABEL,KEEP_SAME_SPLIT,"identical dHash, different bytes (policy: near-duplicate groups stay in one split)"
current_freshwater-995b9f02d50b,current_freshwater-321834e09499,current_freshwater,current_freshwater,test_split/Bacterial Red disease_Bacterial Red disease_164.jpg,train_split/Bacterial Red disease/Bacterial Red disease_aug_277.jpg,Bacterial Red disease,Bacterial Red disease,Bacterial Red Disease,Bacterial Red Disease,dhash,19191d9c9c383838,0,NEAR_DUPLICATE,False,SAME_LABEL,KEEP_SAME_SPLIT,"identical dHash, different bytes (policy: near-duplicate groups stay in one split)"
current_freshwater-f9eda8abc450,kaptai-b68349cde7fe,current_freshwater,kaptai,train_split/Healthy Fish/Healthy Fish_436.jpg,Healthy Fish/healthy (3).jpg,Healthy Fish,Healthy Fish,Healthy Fish,Healthy Fish,dhash,191e367371713516,0,NEAR_DUPLICATE,True,SAME_LABEL,KEEP_SAME_SPLIT,"identical dHash, different bytes (policy: near-duplicate groups stay in one split)"
current_freshwater-077573059049,current_freshwater-cf63cefdd4b2,current_freshwater,current_freshwater,test_split/Bacterial diseases - Aeromoniasis_Bacterial diseases - Aeromoniasis_185.jpg,train_split/Bacterial diseases - Aeromoniasis/Bacterial diseases - Aeromoniasis_aug_154.jpg,Bacterial diseases - Aeromoniasis,Bacterial diseases - Aeromoniasis,Aeromoniasis,Aeromoniasis,dhash,197174e2e6e47076,0,NEAR_DUPLICATE,False,SAME_LABEL,KEEP_SAME_SPLIT,"identical dHash, different bytes (policy: near-duplicate groups stay in one split)"
current_freshwater-a8c13b7f1bfc,roboflow-9d0f42079f1e,current_freshwater,roboflow,train_split/Parasitic diseases/Parasitic diseases_26.jpg,train/Parasitic diseases/Parasitic-diseases-24-_jpg.rf.c9ee999c0d1247da8fd1cbd4c510768f.jpg,Parasitic diseases,Parasitic diseases,Parasitic Disease,Parasitic Disease,dhash,19f3f10d496f0f0f,0,NEAR_DUPLICATE,True,SAME_LABEL,KEEP_SAME_SPLIT,"identical dHash, different bytes (policy: near-duplicate groups stay in one split)"
current_freshwater-83e8996b0e5b,current_freshwater-7c0502754d55,current_freshwater,current_freshwater,train_split/Parasitic diseases/Parasitic diseases_101.jpg,train_split/Parasitic diseases/Parasitic diseases_aug_219.jpg,Parasitic diseases,Parasitic diseases,Parasitic Disease,Parasitic Disease,dhash,1a1a0e1e3f1c1d3d,0,NEAR_DUPLICATE,False,SAME_LABEL,KEEP_SAME_SPLIT,"identical dHash, different bytes (policy: near-duplicate groups stay in one split)"
current_freshwater-83e8996b0e5b,current_freshwater-1ff0389d2f00,current_freshwater,current_freshwater,train_split/Parasitic diseases/Parasitic diseases_101.jpg,train_split/Parasitic diseases/Parasitic diseases_aug_283.jpg,Parasitic diseases,Parasitic diseases,Parasitic Disease,Parasitic Disease,dhash,1a1a0e1e3f1c1d3d,0,NEAR_DUPLICATE,False,SAME_LABEL,KEEP_SAME_SPLIT,"identical dHash, different bytes (policy: near-duplicate groups stay in one split)"
mendeley-bba66202161d,mendeley-ac2af53cbc0f,mendeley,mendeley,Healthy Fish/Silver_carp_(Hypophthalmichthys molitrix)/Fish_84/IMG20260315104123.jpg,Healthy Fish/Silver_carp_(Hypophthalmichthys molitrix)/Fish_86/IMG20260315104122.jpg,Healthy Fish,Healthy Fish,Healthy Fish,Healthy Fish,dhash,1adb3a383838383c,0,NEAR_DUPLICATE,False,SAME_LABEL,KEEP_SAME_SPLIT,"identical dHash, different bytes (policy: near-duplicate groups stay in one split)"
mendeley-86d2ccd43049,mendeley-74677a45e500,mendeley,mendeley,Bacterial Gill Diseases/Silver_carp_(Hypophthalmichthys molitrix)/Fish_22/IMG20260207073548.jpg,Bacterial Gill Diseases/Silver_carp_(Hypophthalmichthys molitrix)/Fish_22/IMG20260207073549.jpg,Bacterial Gill Diseases,Bacterial Gill Diseases,Bacterial Gill Disease,Bacterial Gill Disease,dhash,1b1a089cd0fc74f9,0,NEAR_DUPLICATE,False,SAME_LABEL,KEEP_SAME_SPLIT,"identical dHash, different bytes (policy: near-duplicate groups stay in one split)"
current_freshwater-0cb98a9e4279,current_freshwater-3b3ed7ea3b2e,current_freshwater,current_freshwater,train_split/Bacterial Red disease/Bacterial Red disease_189.jpg,train_split/Bacterial Red disease/Bacterial Red disease_aug_115.jpg,Bacterial Red disease,Bacterial Red disease,Bacterial Red Disease,Bacterial Red Disease,dhash,1b4ece082cecc4c9,0,NEAR_DUPLICATE,False,SAME_LABEL,KEEP_SAME_SPLIT,"identical dHash, different bytes (policy: near-duplicate groups stay in one split)"
current_freshwater-cf4f2b004408,current_freshwater-1d41011bfcf9,current_freshwater,current_freshwater,train_split/Bacterial gill disease/Bacterial gill disease_249.jpg,train_split/Bacterial gill disease/Bacterial gill disease_aug_11.jpg,Bacterial gill disease,Bacterial gill disease,Bacterial Gill Disease,Bacterial Gill Disease,dhash,1b61c989991b5368,0,NEAR_DUPLICATE,False,SAME_LABEL,KEEP_SAME_SPLIT,"identical dHash, different bytes (policy: near-duplicate groups stay in one split)"
current_freshwater-365a38170b39,current_freshwater-b92ca517d9fd,current_freshwater,current_freshwater,train_split/Parasitic diseases/Parasitic diseases_72.jpg,train_split/Parasitic diseases/Parasitic diseases_aug_277.jpg,Parasitic diseases,Parasitic diseases,Parasitic Disease,Parasitic Disease,dhash,1b7ff67f67233131,0,NEAR_DUPLICATE,False,SAME_LABEL,KEEP_SAME_SPLIT,"identical dHash, different bytes (policy: near-duplicate groups stay in one split)"
mendeley-f5c8cf9c8674,mendeley-446417ba97b5,mendeley,mendeley,Bacterial Red Diseases/Rui_(Labeo rohita)/Fish_52/IMG20260212070128.jpg,Bacterial Red Diseases/Rui_(Labeo rohita)/Fish_52/IMG20260212070129.jpg,Bacterial Red Diseases,Bacterial Red Diseases,Bacterial Red Disease,Bacterial Red Disease,dhash,1bbbf3f0bcf3e4cf,0,NEAR_DUPLICATE,False,SAME_LABEL,KEEP_SAME_SPLIT,"identical dHash, different bytes (policy: near-duplicate groups stay in one split)"
current_freshwater-6e6f17d57b93,current_freshwater-86413a999fec,current_freshwater,current_freshwater,train_split/EUS/EUS_63.jpg,train_split/EUS/EUS_aug_181.jpg,EUS,EUS,EUS Disease,EUS Disease,dhash,1c1f1f0660202080,0,NEAR_DUPLICATE,False,SAME_LABEL,KEEP_SAME_SPLIT,"identical dHash, different bytes (policy: near-duplicate groups stay in one split)"
mendeley-ec2f976da637,mendeley-ce1873a1bd36,mendeley,mendeley,Healthy Fish/Grass_carp_(Ctenopharyngodon idella)/Fish_78/IMG20260213130445.jpg,Healthy Fish/Grass_carp_(Ctenopharyngodon idella)/Fish_79/IMG20260213130447.jpg,Healthy Fish,Healthy Fish,Healthy Fish,Healthy Fish,dhash,1c648ccdc7963e39,0,NEAR_DUPLICATE,False,SAME_LABEL,KEEP_SAME_SPLIT,"identical dHash, different bytes (policy: near-duplicate groups stay in one split)"
current_freshwater-d43304ff6772,current_freshwater-110944930299,current_freshwater,current_freshwater,train_split/Fungal diseases Saprolegniasis/Fungal diseases Saprolegniasis_aug_166.jpg,train_split/Fungal diseases Saprolegniasis/Fungal diseases Saprolegniasis_aug_275.jpg,Fungal diseases Saprolegniasis,Fungal diseases Saprolegniasis,Saprolegniasis,Saprolegniasis,dhash,1c87878701030766,0,NEAR_DUPLICATE,False,SAME_LABEL,KEEP_SAME_SPLIT,"identical dHash, different bytes (policy: near-duplicate groups stay in one split)"
current_freshwater-d43304ff6772,roboflow-6ae1cf7d8637,current_freshwater,roboflow,train_split/Fungal diseases Saprolegniasis/Fungal diseases Saprolegniasis_aug_166.jpg,train/Fungal diseases Saprolegniasis/Fungal-diseases-Saprolegniasis-22-_jpg.rf.eb36f04f771c791454b9f5542b8e757c.jpg,Fungal diseases Saprolegniasis,Fungal diseases Saprolegniasis,Saprolegniasis,Saprolegniasis,dhash,1c87878701030766,0,NEAR_DUPLICATE,True,SAME_LABEL,KEEP_SAME_SPLIT,"identical dHash, different bytes (policy: near-duplicate groups stay in one split)"
current_freshwater-dadb81b2f682,current_freshwater-110944930299,current_freshwater,current_freshwater,train_split/Fungal diseases Saprolegniasis/Fungal diseases Saprolegniasis_aug_220.jpg,train_split/Fungal diseases Saprolegniasis/Fungal diseases Saprolegniasis_aug_275.jpg,Fungal diseases Saprolegniasis,Fungal diseases Saprolegniasis,Saprolegniasis,Saprolegniasis,dhash,1c87878701030766,0,NEAR_DUPLICATE,False,SAME_LABEL,KEEP_SAME_SPLIT,"identical dHash, different bytes (policy: near-duplicate groups stay in one split)"
current_freshwater-dadb81b2f682,roboflow-6ae1cf7d8637,current_freshwater,roboflow,train_split/Fungal diseases Saprolegniasis/Fungal diseases Saprolegniasis_aug_220.jpg,train/Fungal diseases Saprolegniasis/Fungal-diseases-Saprolegniasis-22-_jpg.rf.eb36f04f771c791454b9f5542b8e757c.jpg,Fungal diseases Saprolegniasis,Fungal diseases Saprolegniasis,Saprolegniasis,Saprolegniasis,dhash,1c87878701030766,0,NEAR_DUPLICATE,True,SAME_LABEL,KEEP_SAME_SPLIT,"identical dHash, different bytes (policy: near-duplicate groups stay in one split)"
current_freshwater-110944930299,roboflow-6ae1cf7d8637,current_freshwater,roboflow,train_split/Fungal diseases Saprolegniasis/Fungal diseases Saprolegniasis_aug_275.jpg,train/Fungal diseases Saprolegniasis/Fungal-diseases-Saprolegniasis-22-_jpg.rf.eb36f04f771c791454b9f5542b8e757c.jpg,Fungal diseases Saprolegniasis,Fungal diseases Saprolegniasis,Saprolegniasis,Saprolegniasis,dhash,1c87878701030766,0,NEAR_DUPLICATE,True,SAME_LABEL,KEEP_SAME_SPLIT,"identical dHash, different bytes (policy: near-duplicate groups stay in one split)"
current_freshwater-8cdf1017ab56,current_freshwater-3b9f9ac35bd2,current_freshwater,current_freshwater,train_split/Bacterial Red disease/Bacterial Red disease_157.jpg,train_split/Bacterial Red disease/Bacterial Red disease_aug_238.jpg,Bacterial Red disease,Bacterial Red disease,Bacterial Red Disease,Bacterial Red Disease,dhash,1c8e0e0c9e8e8717,0,NEAR_DUPLICATE,False,SAME_LABEL,KEEP_SAME_SPLIT,"identical dHash, different bytes (policy: near-duplicate groups stay in one split)"
mendeley-1f77af825361,mendeley-bf88b553982d,mendeley,mendeley,Bacterial Red Diseases/Silver_carp_(Hypophthalmichthys molitrix)/Fish_59/IMG20260212145225.jpg,Bacterial Red Diseases/Silver_carp_(Hypophthalmichthys molitrix)/Fish_59/IMG20260212145226.jpg,Bacterial Red Diseases,Bacterial Red Diseases,Bacterial Red Disease,Bacterial Red Disease,dhash,1cfaf9f1f1cffef0,0,NEAR_DUPLICATE,False,SAME_LABEL,KEEP_SAME_SPLIT,"identical dHash, different bytes (policy: near-duplicate groups stay in one split)"
current_freshwater-4a3d03b720de,current_freshwater-3c4ea681c0e5,current_freshwater,current_freshwater,test_split/EUS_EUS_226.jpg,train_split/EUS/EUS_aug_85.jpg,EUS,EUS,EUS Disease,EUS Disease,dhash,1cfcf3f3f6e67630,0,NEAR_DUPLICATE,False,SAME_LABEL,KEEP_SAME_SPLIT,"identical dHash, different bytes (policy: near-duplicate groups stay in one split)"
current_freshwater-1595fbf95660,current_freshwater-f2964832dbe7,current_freshwater,current_freshwater,test_split/Fungal diseases Saprolegniasis_Fungal diseases Saprolegniasis_52.jpg,train_split/Fungal diseases Saprolegniasis/Fungal diseases Saprolegniasis_aug_138.jpg,Fungal diseases Saprolegniasis,Fungal diseases Saprolegniasis,Saprolegniasis,Saprolegniasis,dhash,1d1c3062dcf0c383,0,NEAR_DUPLICATE,False,SAME_LABEL,KEEP_SAME_SPLIT,"identical dHash, different bytes (policy: near-duplicate groups stay in one split)"
current_freshwater-1595fbf95660,current_freshwater-f1fe83fa274c,current_freshwater,current_freshwater,test_split/Fungal diseases Saprolegniasis_Fungal diseases Saprolegniasis_52.jpg,train_split/Fungal diseases Saprolegniasis/Fungal diseases Saprolegniasis_aug_82.jpg,Fungal diseases Saprolegniasis,Fungal diseases Saprolegniasis,Saprolegniasis,Saprolegniasis,dhash,1d1c3062dcf0c383,0,NEAR_DUPLICATE,False,SAME_LABEL,KEEP_SAME_SPLIT,"identical dHash, different bytes (policy: near-duplicate groups stay in one split)"
current_freshwater-f2964832dbe7,current_freshwater-f1fe83fa274c,current_freshwater,current_freshwater,train_split/Fungal diseases Saprolegniasis/Fungal diseases Saprolegniasis_aug_138.jpg,train_split/Fungal diseases Saprolegniasis/Fungal diseases Saprolegniasis_aug_82.jpg,Fungal diseases Saprolegniasis,Fungal diseases Saprolegniasis,Saprolegniasis,Saprolegniasis,dhash,1d1c3062dcf0c383,0,NEAR_DUPLICATE,False,SAME_LABEL,KEEP_SAME_SPLIT,"identical dHash, different bytes (policy: near-duplicate groups stay in one split)"
current_freshwater-c3710c1a885d,current_freshwater-dceafa8c6276,current_freshwater,current_freshwater,train_split/Bacterial diseases - Aeromoniasis/Bacterial diseases - Aeromoniasis_152.jpg,train_split/Bacterial diseases - Aeromoniasis/Bacterial diseases - Aeromoniasis_aug_88.jpg,Bacterial diseases - Aeromoniasis,Bacterial diseases - Aeromoniasis,Aeromoniasis,Aeromoniasis,dhash,1e0673303119c800,0,NEAR_DUPLICATE,False,SAME_LABEL,KEEP_SAME_SPLIT,"identical dHash, different bytes (policy: near-duplicate groups stay in one split)"
current_freshwater-d63fdc762184,roboflow-e9eaed734672,current_freshwater,roboflow,train_split/Parasitic diseases/Parasitic diseases_95.jpg,train/Parasitic diseases/Parasitic-diseases-10-_jpg.rf.c68f88484ed46808d04e87d819d78917.jpg,Parasitic diseases,Parasitic diseases,Parasitic Disease,Parasitic Disease,dhash,1e1cb0828782e3fa,0,NEAR_DUPLICATE,True,SAME_LABEL,KEEP_SAME_SPLIT,"identical dHash, different bytes (policy: near-duplicate groups stay in one split)"
current_freshwater-8683542a8b80,current_freshwater-7339c954bab8,current_freshwater,current_freshwater,train_split/Bacterial gill disease/Bacterial gill disease_222.jpg,train_split/Bacterial gill disease/Bacterial gill disease_aug_202.jpg,Bacterial gill disease,Bacterial gill disease,Bacterial Gill Disease,Bacterial Gill Disease,dhash,1e3b6370381e1c38,0,NEAR_DUPLICATE,False,SAME_LABEL,KEEP_SAME_SPLIT,"identical dHash, different bytes (policy: near-duplicate groups stay in one split)"
current_freshwater-b4ebaba2e756,current_freshwater-7b856cc35dec,current_freshwater,current_freshwater,train_split/EUS/EUS_310.jpg,train_split/EUS/EUS_aug_93.jpg,EUS,EUS,EUS Disease,EUS Disease,dhash,1e9ece0e0bc72e2c,0,NEAR_DUPLICATE,False,SAME_LABEL,KEEP_SAME_SPLIT,"identical dHash, different bytes (policy: near-duplicate groups stay in one split)"
current_freshwater-8899bb34dedc,current_freshwater-d80d86d061be,current_freshwater,current_freshwater,train_split/Healthy Fish/Healthy Fish_420.jpg,train_split/Healthy Fish/Healthy Fish_aug_130.jpg,Healthy Fish,Healthy Fish,Healthy Fish,Healthy Fish,dhash,1eb3332506a61727,0,NEAR_DUPLICATE,False,SAME_LABEL,KEEP_SAME_SPLIT,"identical dHash, different bytes (policy: near-duplicate groups stay in one split)"
current_freshwater-8899bb34dedc,kaptai-16b939656a97,current_freshwater,kaptai,train_split/Healthy Fish/Healthy Fish_420.jpg,Healthy Fish/healthy (15).jpg,Healthy Fish,Healthy Fish,Healthy Fish,Healthy Fish,dhash,1eb3332506a61727,0,NEAR_DUPLICATE,True,SAME_LABEL,KEEP_SAME_SPLIT,"identical dHash, different bytes (policy: near-duplicate groups stay in one split)"
current_freshwater-d80d86d061be,kaptai-16b939656a97,current_freshwater,kaptai,train_split/Healthy Fish/Healthy Fish_aug_130.jpg,Healthy Fish/healthy (15).jpg,Healthy Fish,Healthy Fish,Healthy Fish,Healthy Fish,dhash,1eb3332506a61727,0,NEAR_DUPLICATE,True,SAME_LABEL,KEEP_SAME_SPLIT,"identical dHash, different bytes (policy: near-duplicate groups stay in one split)"
paper_dataset-2c8e461b2446,paper_dataset-857c3f27a8bd,paper_dataset,paper_dataset,InfectedFish/infected_326.png,InfectedFish/infected_375.png,InfectedFish,InfectedFish,,,dhash,003c7ce4cc808080,0,NEAR_DUPLICATE,False,UNRESOLVED_LABEL,REVIEW,"identical dHash, a label is unresolved; the match is evidence for the mapping decision"
current_freshwater-d2c44e12f792,current_freshwater-a6c5c497c024,current_freshwater,current_freshwater,train_split/Viral diseases White tail disease/Viral diseases White tail disease_34.jpg,train_split/Viral diseases White tail disease/Viral diseases White tail disease_aug_185.jpg,Viral diseases White tail disease,Viral diseases White tail disease,White Tail Disease,White Tail Disease,dhash,003e2f270303038f,0,NEAR_DUPLICATE,False,SAME_LABEL,KEEP_SAME_SPLIT,"identical dHash, different bytes (policy: near-duplicate groups stay in one split)"
current_freshwater-a0904dddba63,current_freshwater-10796a1ef478,current_freshwater,current_freshwater,train_split/Bacterial Red disease/Bacterial Red disease_134.jpg,train_split/Bacterial Red disease/Bacterial Red disease_aug_22.jpg,Bacterial Red disease,Bacterial Red disease,Bacterial Red Disease,Bacterial Red Disease,dhash,1f0f333f3f073f1f,0,NEAR_DUPLICATE,False,SAME_LABEL,KEEP_SAME_SPLIT,"identical dHash, different bytes (policy: near-duplicate groups stay in one split)"
mendeley-0ddb7f8ba31e,mendeley-f041af2bf0dc,mendeley,mendeley,Epizootic Ulcerative Syndrome (EUS)/Rui_(Labeo rohita)/Fish_72/IMG20260212071128.jpg,Epizootic Ulcerative Syndrome (EUS)/Rui_(Labeo rohita)/Fish_72/IMG20260212071129.jpg,Epizootic Ulcerative Syndrome (EUS),Epizootic Ulcerative Syndrome (EUS),EUS Disease,EUS Disease,dhash,1f130d0080f0dee1,0,NEAR_DUPLICATE,False,SAME_LABEL,KEEP_SAME_SPLIT,"identical dHash, different bytes (policy: near-duplicate groups stay in one split)"
mendeley-0ddb7f8ba31e,mendeley-a380ed03e23f,mendeley,mendeley,Epizootic Ulcerative Syndrome (EUS)/Rui_(Labeo rohita)/Fish_72/IMG20260212071128.jpg,Epizootic Ulcerative Syndrome (EUS)/Rui_(Labeo rohita)/Fish_72/IMG20260212071131.jpg,Epizootic Ulcerative Syndrome (EUS),Epizootic Ulcerative Syndrome (EUS),EUS Disease,EUS Disease,dhash,1f130d0080f0dee1,0,NEAR_DUPLICATE,False,SAME_LABEL,KEEP_SAME_SPLIT,"identical dHash, different bytes (policy: near-duplicate groups stay in one split)"
mendeley-0ddb7f8ba31e,mendeley-5e3d748a8ca1,mendeley,mendeley,Epizootic Ulcerative Syndrome (EUS)/Rui_(Labeo rohita)/Fish_72/IMG20260212071128.jpg,Epizootic Ulcerative Syndrome (EUS)/Rui_(Labeo rohita)/Fish_72/IMG20260212071132.jpg,Epizootic Ulcerative Syndrome (EUS),Epizootic Ulcerative Syndrome (EUS),EUS Disease,EUS Disease,dhash,1f130d0080f0dee1,0,NEAR_DUPLICATE,False,SAME_LABEL,KEEP_SAME_SPLIT,"identical dHash, different bytes (policy: near-duplicate groups stay in one split)"
mendeley-f041af2bf0dc,mendeley-a380ed03e23f,mendeley,mendeley,Epizootic Ulcerative Syndrome (EUS)/Rui_(Labeo rohita)/Fish_72/IMG20260212071129.jpg,Epizootic Ulcerative Syndrome (EUS)/Rui_(Labeo rohita)/Fish_72/IMG20260212071131.jpg,Epizootic Ulcerative Syndrome (EUS),Epizootic Ulcerative Syndrome (EUS),EUS Disease,EUS Disease,dhash,1f130d0080f0dee1,0,NEAR_DUPLICATE,False,SAME_LABEL,KEEP_SAME_SPLIT,"identical dHash, different bytes (policy: near-duplicate groups stay in one split)"
mendeley-f041af2bf0dc,mendeley-5e3d748a8ca1,mendeley,mendeley,Epizootic Ulcerative Syndrome (EUS)/Rui_(Labeo rohita)/Fish_72/IMG20260212071129.jpg,Epizootic Ulcerative Syndrome (EUS)/Rui_(Labeo rohita)/Fish_72/IMG20260212071132.jpg,Epizootic Ulcerative Syndrome (EUS),Epizootic Ulcerative Syndrome (EUS),EUS Disease,EUS Disease,dhash,1f130d0080f0dee1,0,NEAR_DUPLICATE,False,SAME_LABEL,KEEP_SAME_SPLIT,"identical dHash, different bytes (policy: near-duplicate groups stay in one split)"
mendeley-a380ed03e23f,mendeley-5e3d748a8ca1,mendeley,mendeley,Epizootic Ulcerative Syndrome (EUS)/Rui_(Labeo rohita)/Fish_72/IMG20260212071131.jpg,Epizootic Ulcerative Syndrome (EUS)/Rui_(Labeo rohita)/Fish_72/IMG20260212071132.jpg,Epizootic Ulcerative Syndrome (EUS),Epizootic Ulcerative Syndrome (EUS),EUS Disease,EUS Disease,dhash,1f130d0080f0dee1,0,NEAR_DUPLICATE,False,SAME_LABEL,KEEP_SAME_SPLIT,"identical dHash, different bytes (policy: near-duplicate groups stay in one split)"
current_freshwater-c226d123124b,current_freshwater-5d29fd2cf374,current_freshwater,current_freshwater,train_split/Healthy Fish/Healthy Fish_376.jpg,train_split/Healthy Fish/Healthy Fish_aug_208.jpg,Healthy Fish,Healthy Fish,Healthy Fish,Healthy Fish,dhash,1f1f0f0703433e1e,0,NEAR_DUPLICATE,False,SAME_LABEL,KEEP_SAME_SPLIT,"identical dHash, different bytes (policy: near-duplicate groups stay in one split)"
current_freshwater-c226d123124b,current_freshwater-cab96be255a2,current_freshwater,current_freshwater,train_split/Healthy Fish/Healthy Fish_376.jpg,train_split/Healthy Fish/Healthy Fish_aug_221.jpg,Healthy Fish,Healthy Fish,Healthy Fish,Healthy Fish,dhash,1f1f0f0703433e1e,0,NEAR_DUPLICATE,False,SAME_LABEL,KEEP_SAME_SPLIT,"identical dHash, different bytes (policy: near-duplicate groups stay in one split)"
current_freshwater-5d29fd2cf374,current_freshwater-cab96be255a2,current_freshwater,current_freshwater,train_split/Healthy Fish/Healthy Fish_aug_208.jpg,train_split/Healthy Fish/Healthy Fish_aug_221.jpg,Healthy Fish,Healthy Fish,Healthy Fish,Healthy Fish,dhash,1f1f0f0703433e1e,0,NEAR_DUPLICATE,False,SAME_LABEL,KEEP_SAME_SPLIT,"identical dHash, different bytes (policy: near-duplicate groups stay in one split)"
roboflow-98a9bb53f4c8,roboflow-1d02d5af284a,roboflow,roboflow,train/Healthy Fish/Healthy-Fish-156-_jpg.rf.931681492cc6f38d5c154c234fccd617.jpg,train/Healthy Fish/Healthy-Fish-19-_jpg.rf.d2e303a8dbb69c31e3904d3a5b637f2c.jpg,Healthy Fish,Healthy Fish,Healthy Fish,Healthy Fish,dhash,1f1f0f0f2f63270f,0,NEAR_DUPLICATE,False,SAME_LABEL,KEEP_SAME_SPLIT,"identical dHash, different bytes (policy: near-duplicate groups stay in one split)"
roboflow-98a9bb53f4c8,roboflow-9d9dac888d6b,roboflow,roboflow,train/Healthy Fish/Healthy-Fish-156-_jpg.rf.931681492cc6f38d5c154c234fccd617.jpg,train/Healthy Fish/Healthy-Fish-82-_jpg.rf.dd2c78df16fc15b9cb1fcdeca7853a72.jpg,Healthy Fish,Healthy Fish,Healthy Fish,Healthy Fish,dhash,1f1f0f0f2f63270f,0,NEAR_DUPLICATE,False,SAME_LABEL,KEEP_SAME_SPLIT,"identical dHash, different bytes (policy: near-duplicate groups stay in one split)"
roboflow-1d02d5af284a,roboflow-9d9dac888d6b,roboflow,roboflow,train/Healthy Fish/Healthy-Fish-19-_jpg.rf.d2e303a8dbb69c31e3904d3a5b637f2c.jpg,train/Healthy Fish/Healthy-Fish-82-_jpg.rf.dd2c78df16fc15b9cb1fcdeca7853a72.jpg,Healthy Fish,Healthy Fish,Healthy Fish,Healthy Fish,dhash,1f1f0f0f2f63270f,0,NEAR_DUPLICATE,False,SAME_LABEL,KEEP_SAME_SPLIT,"identical dHash, different bytes (policy: near-duplicate groups stay in one split)"
current_freshwater-21f80313a8a8,current_freshwater-f48f000c97c6,current_freshwater,current_freshwater,train_split/Fungal diseases Saprolegniasis/Fungal diseases Saprolegniasis_54.png,train_split/Fungal diseases Saprolegniasis/Fungal diseases Saprolegniasis_aug_102.jpg,Fungal diseases Saprolegniasis,Fungal diseases Saprolegniasis,Saprolegniasis,Saprolegniasis,dhash,1f1f1f1f1f0b0f8e,0,NEAR_DUPLICATE,False,SAME_LABEL,KEEP_SAME_SPLIT,"identical dHash, different bytes (policy: near-duplicate groups stay in one split)"
current_freshwater-21f80313a8a8,current_freshwater-90319db2eea3,current_freshwater,current_freshwater,train_split/Fungal diseases Saprolegniasis/Fungal diseases Saprolegniasis_54.png,train_split/Fungal diseases Saprolegniasis/Fungal diseases Saprolegniasis_aug_150.jpg,Fungal diseases Saprolegniasis,Fungal diseases Saprolegniasis,Saprolegniasis,Saprolegniasis,dhash,1f1f1f1f1f0b0f8e,0,NEAR_DUPLICATE,False,SAME_LABEL,KEEP_SAME_SPLIT,"identical dHash, different bytes (policy: near-duplicate groups stay in one split)"
current_freshwater-21f80313a8a8,current_freshwater-0289aa5c3653,current_freshwater,current_freshwater,train_split/Fungal diseases Saprolegniasis/Fungal diseases Saprolegniasis_54.png,train_split/Fungal diseases Saprolegniasis/Fungal diseases Saprolegniasis_aug_291.jpg,Fungal diseases Saprolegniasis,Fungal diseases Saprolegniasis,Saprolegniasis,Saprolegniasis,dhash,1f1f1f1f1f0b0f8e,0,NEAR_DUPLICATE,False,SAME_LABEL,KEEP_SAME_SPLIT,"identical dHash, different bytes (policy: near-duplicate groups stay in one split)"
current_freshwater-21f80313a8a8,current_freshwater-31c1bc5f74d9,current_freshwater,current_freshwater,train_split/Fungal diseases Saprolegniasis/Fungal diseases Saprolegniasis_54.png,train_split/Fungal diseases Saprolegniasis/Fungal diseases Saprolegniasis_aug_38.jpg,Fungal diseases Saprolegniasis,Fungal diseases Saprolegniasis,Saprolegniasis,Saprolegniasis,dhash,1f1f1f1f1f0b0f8e,0,NEAR_DUPLICATE,False,SAME_LABEL,KEEP_SAME_SPLIT,"identical dHash, different bytes (policy: near-duplicate groups stay in one split)"
current_freshwater-21f80313a8a8,roboflow-ff904da78e06,current_freshwater,roboflow,train_split/Fungal diseases Saprolegniasis/Fungal diseases Saprolegniasis_54.png,train/Fungal diseases Saprolegniasis/Fungal-diseases-Saprolegniasis-2-_png.rf.d64bf6a93063cc3f0f89e527cf7979f2.jpg,Fungal diseases Saprolegniasis,Fungal diseases Saprolegniasis,Saprolegniasis,Saprolegniasis,dhash,1f1f1f1f1f0b0f8e,0,NEAR_DUPLICATE,True,SAME_LABEL,KEEP_SAME_SPLIT,"identical dHash, different bytes (policy: near-duplicate groups stay in one split)"
current_freshwater-f48f000c97c6,current_freshwater-90319db2eea3,current_freshwater,current_freshwater,train_split/Fungal diseases Saprolegniasis/Fungal diseases Saprolegniasis_aug_102.jpg,train_split/Fungal diseases Saprolegniasis/Fungal diseases Saprolegniasis_aug_150.jpg,Fungal diseases Saprolegniasis,Fungal diseases Saprolegniasis,Saprolegniasis,Saprolegniasis,dhash,1f1f1f1f1f0b0f8e,0,NEAR_DUPLICATE,False,SAME_LABEL,KEEP_SAME_SPLIT,"identical dHash, different bytes (policy: near-duplicate groups stay in one split)"
current_freshwater-f48f000c97c6,current_freshwater-0289aa5c3653,current_freshwater,current_freshwater,train_split/Fungal diseases Saprolegniasis/Fungal diseases Saprolegniasis_aug_102.jpg,train_split/Fungal diseases Saprolegniasis/Fungal diseases Saprolegniasis_aug_291.jpg,Fungal diseases Saprolegniasis,Fungal diseases Saprolegniasis,Saprolegniasis,Saprolegniasis,dhash,1f1f1f1f1f0b0f8e,0,NEAR_DUPLICATE,False,SAME_LABEL,KEEP_SAME_SPLIT,"identical dHash, different bytes (policy: near-duplicate groups stay in one split)"
current_freshwater-f48f000c97c6,current_freshwater-31c1bc5f74d9,current_freshwater,current_freshwater,train_split/Fungal diseases Saprolegniasis/Fungal diseases Saprolegniasis_aug_102.jpg,train_split/Fungal diseases Saprolegniasis/Fungal diseases Saprolegniasis_aug_38.jpg,Fungal diseases Saprolegniasis,Fungal diseases Saprolegniasis,Saprolegniasis,Saprolegniasis,dhash,1f1f1f1f1f0b0f8e,0,NEAR_DUPLICATE,False,SAME_LABEL,KEEP_SAME_SPLIT,"identical dHash, different bytes (policy: near-duplicate groups stay in one split)"
current_freshwater-f48f000c97c6,roboflow-ff904da78e06,current_freshwater,roboflow,train_split/Fungal diseases Saprolegniasis/Fungal diseases Saprolegniasis_aug_102.jpg,train/Fungal diseases Saprolegniasis/Fungal-diseases-Saprolegniasis-2-_png.rf.d64bf6a93063cc3f0f89e527cf7979f2.jpg,Fungal diseases Saprolegniasis,Fungal diseases Saprolegniasis,Saprolegniasis,Saprolegniasis,dhash,1f1f1f1f1f0b0f8e,0,NEAR_DUPLICATE,True,SAME_LABEL,KEEP_SAME_SPLIT,"identical dHash, different bytes (policy: near-duplicate groups stay in one split)"
current_freshwater-90319db2eea3,current_freshwater-0289aa5c3653,current_freshwater,current_freshwater,train_split/Fungal diseases Saprolegniasis/Fungal diseases Saprolegniasis_aug_150.jpg,train_split/Fungal diseases Saprolegniasis/Fungal diseases Saprolegniasis_aug_291.jpg,Fungal diseases Saprolegniasis,Fungal diseases Saprolegniasis,Saprolegniasis,Saprolegniasis,dhash,1f1f1f1f1f0b0f8e,0,NEAR_DUPLICATE,False,SAME_LABEL,KEEP_SAME_SPLIT,"identical dHash, different bytes (policy: near-duplicate groups stay in one split)"
current_freshwater-90319db2eea3,current_freshwater-31c1bc5f74d9,current_freshwater,current_freshwater,train_split/Fungal diseases Saprolegniasis/Fungal diseases Saprolegniasis_aug_150.jpg,train_split/Fungal diseases Saprolegniasis/Fungal diseases Saprolegniasis_aug_38.jpg,Fungal diseases Saprolegniasis,Fungal diseases Saprolegniasis,Saprolegniasis,Saprolegniasis,dhash,1f1f1f1f1f0b0f8e,0,NEAR_DUPLICATE,False,SAME_LABEL,KEEP_SAME_SPLIT,"identical dHash, different bytes (policy: near-duplicate groups stay in one split)"
current_freshwater-90319db2eea3,roboflow-ff904da78e06,current_freshwater,roboflow,train_split/Fungal diseases Saprolegniasis/Fungal diseases Saprolegniasis_aug_150.jpg,train/Fungal diseases Saprolegniasis/Fungal-diseases-Saprolegniasis-2-_png.rf.d64bf6a93063cc3f0f89e527cf7979f2.jpg,Fungal diseases Saprolegniasis,Fungal diseases Saprolegniasis,Saprolegniasis,Saprolegniasis,dhash,1f1f1f1f1f0b0f8e,0,NEAR_DUPLICATE,True,SAME_LABEL,KEEP_SAME_SPLIT,"identical dHash, different bytes (policy: near-duplicate groups stay in one split)"
current_freshwater-0289aa5c3653,current_freshwater-31c1bc5f74d9,current_freshwater,current_freshwater,train_split/Fungal diseases Saprolegniasis/Fungal diseases Saprolegniasis_aug_291.jpg,train_split/Fungal diseases Saprolegniasis/Fungal diseases Saprolegniasis_aug_38.jpg,Fungal diseases Saprolegniasis,Fungal diseases Saprolegniasis,Saprolegniasis,Saprolegniasis,dhash,1f1f1f1f1f0b0f8e,0,NEAR_DUPLICATE,False,SAME_LABEL,KEEP_SAME_SPLIT,"identical dHash, different bytes (policy: near-duplicate groups stay in one split)"
current_freshwater-0289aa5c3653,roboflow-ff904da78e06,current_freshwater,roboflow,train_split/Fungal diseases Saprolegniasis/Fungal diseases Saprolegniasis_aug_291.jpg,train/Fungal diseases Saprolegniasis/Fungal-diseases-Saprolegniasis-2-_png.rf.d64bf6a93063cc3f0f89e527cf7979f2.jpg,Fungal diseases Saprolegniasis,Fungal diseases Saprolegniasis,Saprolegniasis,Saprolegniasis,dhash,1f1f1f1f1f0b0f8e,0,NEAR_DUPLICATE,True,SAME_LABEL,KEEP_SAME_SPLIT,"identical dHash, different bytes (policy: near-duplicate groups stay in one split)"
current_freshwater-31c1bc5f74d9,roboflow-ff904da78e06,current_freshwater,roboflow,train_split/Fungal diseases Saprolegniasis/Fungal diseases Saprolegniasis_aug_38.jpg,train/Fungal diseases Saprolegniasis/Fungal-diseases-Saprolegniasis-2-_png.rf.d64bf6a93063cc3f0f89e527cf7979f2.jpg,Fungal diseases Saprolegniasis,Fungal diseases Saprolegniasis,Saprolegniasis,Saprolegniasis,dhash,1f1f1f1f1f0b0f8e,0,NEAR_DUPLICATE,True,SAME_LABEL,KEEP_SAME_SPLIT,"identical dHash, different bytes (policy: near-duplicate groups stay in one split)"
current_freshwater-a130b6c3a6b9,current_freshwater-edf510a97fdd,current_freshwater,current_freshwater,train_split/Fungal diseases Saprolegniasis/Fungal diseases Saprolegniasis_aug_185.jpg,train_split/Fungal diseases Saprolegniasis/Fungal diseases Saprolegniasis_aug_41.jpg,Fungal diseases Saprolegniasis,Fungal diseases Saprolegniasis,Saprolegniasis,Saprolegniasis,dhash,1f1f1f1f1f1f0f1f,0,NEAR_DUPLICATE,False,SAME_LABEL,KEEP_SAME_SPLIT,"identical dHash, different bytes (policy: near-duplicate groups stay in one split)"
current_freshwater-83749cd48aba,roboflow-fd5b5c7d1afb,current_freshwater,roboflow,train_split/Bacterial Red disease/Bacterial Red disease_26.jpg,train/Bacterial Red disease/Bacterial-Red-disease-28-_jpg.rf.d45d1afa3066ac923ada6a60a2e5c56a.jpg,Bacterial Red disease,Bacterial Red disease,Bacterial Red Disease,Bacterial Red Disease,dhash,1f30c0b07c3a9f37,0,NEAR_DUPLICATE,True,SAME_LABEL,KEEP_SAME_SPLIT,"identical dHash, different bytes (policy: near-duplicate groups stay in one split)"
mendeley-502a9d24f332,mendeley-a59576ffb26d,mendeley,mendeley,Healthy Fish/Rui_(Labeo rohita)/Fish_80/IMG20260213124516_01.jpg,Healthy Fish/Rui_(Labeo rohita)/Fish_81/IMG20260213124518.jpg,Healthy Fish,Healthy Fish,Healthy Fish,Healthy Fish,dhash,1f5960e0e1f1f8e8,0,NEAR_DUPLICATE,False,SAME_LABEL,KEEP_SAME_SPLIT,"identical dHash, different bytes (policy: near-duplicate groups stay in one split)"
current_freshwater-d6aab0d0e66a,current_freshwater-8405d43df8d9,current_freshwater,current_freshwater,train_split/Bacterial diseases - Aeromoniasis/Bacterial diseases - Aeromoniasis_241.jpg,train_split/Bacterial diseases - Aeromoniasis/Bacterial diseases - Aeromoniasis_aug_263.jpg,Bacterial diseases - Aeromoniasis,Bacterial diseases - Aeromoniasis,Aeromoniasis,Aeromoniasis,dhash,0060e0d0d09894d4,0,NEAR_DUPLICATE,False,SAME_LABEL,KEEP_SAME_SPLIT,"identical dHash, different bytes (policy: near-duplicate groups stay in one split)"
current_freshwater-f40f3af91904,current_freshwater-225d4182dcff,current_freshwater,current_freshwater,train_split/Viral diseases White tail disease/Viral diseases White tail disease_63.jpg,train_split/Viral diseases White tail disease/Viral diseases White tail disease_aug_135.jpg,Viral diseases White tail disease,Viral diseases White tail disease,White Tail Disease,White Tail Disease,dhash,0060f0d00014181c,0,NEAR_DUPLICATE,False,SAME_LABEL,KEEP_SAME_SPLIT,"identical dHash, different bytes (policy: near-duplicate groups stay in one split)"
current_freshwater-f40f3af91904,current_freshwater-86bf74c7b7df,current_freshwater,current_freshwater,train_split/Viral diseases White tail disease/Viral diseases White tail disease_63.jpg,train_split/Viral diseases White tail disease/Viral diseases White tail disease_aug_215.jpg,Viral diseases White tail disease,Viral diseases White tail disease,White Tail Disease,White Tail Disease,dhash,0060f0d00014181c,0,NEAR_DUPLICATE,False,SAME_LABEL,KEEP_SAME_SPLIT,"identical dHash, different bytes (policy: near-duplicate groups stay in one split)"
current_freshwater-225d4182dcff,current_freshwater-86bf74c7b7df,current_freshwater,current_freshwater,train_split/Viral diseases White tail disease/Viral diseases White tail disease_aug_135.jpg,train_split/Viral diseases White tail disease/Viral diseases White tail disease_aug_215.jpg,Viral diseases White tail disease,Viral diseases White tail disease,White Tail Disease,White Tail Disease,dhash,0060f0d00014181c,0,NEAR_DUPLICATE,False,SAME_LABEL,KEEP_SAME_SPLIT,"identical dHash, different bytes (policy: near-duplicate groups stay in one split)"
current_freshwater-dbedebf8b65b,current_freshwater-e7a7a01a7d36,current_freshwater,current_freshwater,test_split/Viral diseases White tail disease_Viral diseases White tail disease_90.jpg,train_split/Viral diseases White tail disease/Viral diseases White tail disease_aug_87.jpg,Viral diseases White tail disease,Viral diseases White tail disease,White Tail Disease,White Tail Disease,dhash,1fcf7f33c6c10000,0,NEAR_DUPLICATE,False,SAME_LABEL,KEEP_SAME_SPLIT,"identical dHash, different bytes (policy: near-duplicate groups stay in one split)"
current_freshwater-473ee504d667,current_freshwater-87f1d43239fc,current_freshwater,current_freshwater,train_split/Bacterial diseases - Aeromoniasis/Bacterial diseases - Aeromoniasis_23.jpg,train_split/Bacterial diseases - Aeromoniasis/Bacterial diseases - Aeromoniasis_aug_114.jpg,Bacterial diseases - Aeromoniasis,Bacterial diseases - Aeromoniasis,Aeromoniasis,Aeromoniasis,dhash,1fdfc1e0787c2c68,0,NEAR_DUPLICATE,False,SAME_LABEL,KEEP_SAME_SPLIT,"identical dHash, different bytes (policy: near-duplicate groups stay in one split)"
current_freshwater-6331e88bfa61,current_freshwater-b66c575b71e9,current_freshwater,current_freshwater,train_split/Healthy Fish/Healthy Fish_395.jpg,train_split/Healthy Fish/Healthy Fish_aug_222.jpg,Healthy Fish,Healthy Fish,Healthy Fish,Healthy Fish,dhash,20181d1f3f1f1d88,0,NEAR_DUPLICATE,False,SAME_LABEL,KEEP_SAME_SPLIT,"identical dHash, different bytes (policy: near-duplicate groups stay in one split)"
paper_dataset-ee7823053790,paper_dataset-dd2e1dff39f1,paper_dataset,paper_dataset,FreshFish/fresh_405.png,FreshFish/fresh_436.png,FreshFish,FreshFish,,,dhash,2020a0381e9adc00,0,NEAR_DUPLICATE,False,UNRESOLVED_LABEL,REVIEW,"identical dHash, a label is unresolved; the match is evidence for the mapping decision"
current_freshwater-f4df979072c5,current_freshwater-1d2a2a75fc8d,current_freshwater,current_freshwater,train_split/Bacterial Red disease/Bacterial Red disease_100.jpg,train_split/Bacterial Red disease/Bacterial Red disease_aug_56.jpg,Bacterial Red disease,Bacterial Red disease,Bacterial Red Disease,Bacterial Red Disease,dhash,202eaeae8ce8f0fc,0,NEAR_DUPLICATE,False,SAME_LABEL,KEEP_SAME_SPLIT,"identical dHash, different bytes (policy: near-duplicate groups stay in one split)"
current_freshwater-9116d049d7a5,current_freshwater-4f98cb298fa7,current_freshwater,current_freshwater,test_split/EUS_EUS_293.jpg,train_split/Bacterial gill disease/Bacterial gill disease_41.jpg,EUS,Bacterial gill disease,EUS Disease,Bacterial Gill Disease,dhash,2068687a766608c1,0,NEAR_DUPLICATE,False,LABEL_CONFLICT,EXCLUDE_BOTH,"identical dHash, different unified labels (policy: label-conflict groups leave the split)"
current_freshwater-9116d049d7a5,current_freshwater-23c838c255ca,current_freshwater,current_freshwater,test_split/EUS_EUS_293.jpg,train_split/Bacterial gill disease/Bacterial gill disease_aug_254.jpg,EUS,Bacterial gill disease,EUS Disease,Bacterial Gill Disease,dhash,2068687a766608c1,0,NEAR_DUPLICATE,False,LABEL_CONFLICT,EXCLUDE_BOTH,"identical dHash, different unified labels (policy: label-conflict groups leave the split)"
current_freshwater-9116d049d7a5,current_freshwater-40a09f2fbeca,current_freshwater,current_freshwater,test_split/EUS_EUS_293.jpg,train_split/EUS/EUS_aug_161.jpg,EUS,EUS,EUS Disease,EUS Disease,dhash,2068687a766608c1,0,NEAR_DUPLICATE,False,SAME_LABEL,KEEP_SAME_SPLIT,"identical dHash, different bytes (policy: near-duplicate groups stay in one split)"
current_freshwater-9116d049d7a5,current_freshwater-e9e974bb0948,current_freshwater,current_freshwater,test_split/EUS_EUS_293.jpg,train_split/Parasitic diseases/Parasitic diseases_190.jpg,EUS,Parasitic diseases,EUS Disease,Parasitic Disease,dhash,2068687a766608c1,0,NEAR_DUPLICATE,False,LABEL_CONFLICT,EXCLUDE_BOTH,"identical dHash, different unified labels (policy: label-conflict groups leave the split)"
current_freshwater-9116d049d7a5,roboflow-6ce956ec0779,current_freshwater,roboflow,test_split/EUS_EUS_293.jpg,train/Bacterial gill disease/Bacterial-gill-disease-26-_jpg.rf.efaaeb47f667534d5db5f272668fd9ee.jpg,EUS,Bacterial gill disease,EUS Disease,Bacterial Gill Disease,dhash,2068687a766608c1,0,NEAR_DUPLICATE,True,LABEL_CONFLICT,EXCLUDE_BOTH,"identical dHash, different unified labels (policy: label-conflict groups leave the split)"
current_freshwater-9116d049d7a5,roboflow-af0268a776e3,current_freshwater,roboflow,test_split/EUS_EUS_293.jpg,train/Parasitic diseases/Parasitic-diseases-2-_jpg.rf.23f7ff863b0dc00e057f606753b05994.jpg,EUS,Parasitic diseases,EUS Disease,Parasitic Disease,dhash,2068687a766608c1,0,NEAR_DUPLICATE,True,LABEL_CONFLICT,EXCLUDE_BOTH,"identical dHash, different unified labels (policy: label-conflict groups leave the split)"
current_freshwater-4f98cb298fa7,current_freshwater-23c838c255ca,current_freshwater,current_freshwater,train_split/Bacterial gill disease/Bacterial gill disease_41.jpg,train_split/Bacterial gill disease/Bacterial gill disease_aug_254.jpg,Bacterial gill disease,Bacterial gill disease,Bacterial Gill Disease,Bacterial Gill Disease,dhash,2068687a766608c1,0,NEAR_DUPLICATE,False,SAME_LABEL,KEEP_SAME_SPLIT,"identical dHash, different bytes (policy: near-duplicate groups stay in one split)"
current_freshwater-4f98cb298fa7,current_freshwater-40a09f2fbeca,current_freshwater,current_freshwater,train_split/Bacterial gill disease/Bacterial gill disease_41.jpg,train_split/EUS/EUS_aug_161.jpg,Bacterial gill disease,EUS,Bacterial Gill Disease,EUS Disease,dhash,2068687a766608c1,0,NEAR_DUPLICATE,False,LABEL_CONFLICT,EXCLUDE_BOTH,"identical dHash, different unified labels (policy: label-conflict groups leave the split)"
current_freshwater-4f98cb298fa7,current_freshwater-e9e974bb0948,current_freshwater,current_freshwater,train_split/Bacterial gill disease/Bacterial gill disease_41.jpg,train_split/Parasitic diseases/Parasitic diseases_190.jpg,Bacterial gill disease,Parasitic diseases,Bacterial Gill Disease,Parasitic Disease,dhash,2068687a766608c1,0,NEAR_DUPLICATE,False,LABEL_CONFLICT,EXCLUDE_BOTH,"identical dHash, different unified labels (policy: label-conflict groups leave the split)"
current_freshwater-4f98cb298fa7,roboflow-6ce956ec0779,current_freshwater,roboflow,train_split/Bacterial gill disease/Bacterial gill disease_41.jpg,train/Bacterial gill disease/Bacterial-gill-disease-26-_jpg.rf.efaaeb47f667534d5db5f272668fd9ee.jpg,Bacterial gill disease,Bacterial gill disease,Bacterial Gill Disease,Bacterial Gill Disease,dhash,2068687a766608c1,0,NEAR_DUPLICATE,True,SAME_LABEL,KEEP_SAME_SPLIT,"identical dHash, different bytes (policy: near-duplicate groups stay in one split)"
current_freshwater-4f98cb298fa7,roboflow-af0268a776e3,current_freshwater,roboflow,train_split/Bacterial gill disease/Bacterial gill disease_41.jpg,train/Parasitic diseases/Parasitic-diseases-2-_jpg.rf.23f7ff863b0dc00e057f606753b05994.jpg,Bacterial gill disease,Parasitic diseases,Bacterial Gill Disease,Parasitic Disease,dhash,2068687a766608c1,0,NEAR_DUPLICATE,True,LABEL_CONFLICT,EXCLUDE_BOTH,"identical dHash, different unified labels (policy: label-conflict groups leave the split)"
current_freshwater-23c838c255ca,current_freshwater-40a09f2fbeca,current_freshwater,current_freshwater,train_split/Bacterial gill disease/Bacterial gill disease_aug_254.jpg,train_split/EUS/EUS_aug_161.jpg,Bacterial gill disease,EUS,Bacterial Gill Disease,EUS Disease,dhash,2068687a766608c1,0,NEAR_DUPLICATE,False,LABEL_CONFLICT,EXCLUDE_BOTH,"identical dHash, different unified labels (policy: label-conflict groups leave the split)"
current_freshwater-23c838c255ca,current_freshwater-e9e974bb0948,current_freshwater,current_freshwater,train_split/Bacterial gill disease/Bacterial gill disease_aug_254.jpg,train_split/Parasitic diseases/Parasitic diseases_190.jpg,Bacterial gill disease,Parasitic diseases,Bacterial Gill Disease,Parasitic Disease,dhash,2068687a766608c1,0,NEAR_DUPLICATE,False,LABEL_CONFLICT,EXCLUDE_BOTH,"identical dHash, different unified labels (policy: label-conflict groups leave the split)"
current_freshwater-23c838c255ca,roboflow-6ce956ec0779,current_freshwater,roboflow,train_split/Bacterial gill disease/Bacterial gill disease_aug_254.jpg,train/Bacterial gill disease/Bacterial-gill-disease-26-_jpg.rf.efaaeb47f667534d5db5f272668fd9ee.jpg,Bacterial gill disease,Bacterial gill disease,Bacterial Gill Disease,Bacterial Gill Disease,dhash,2068687a766608c1,0,NEAR_DUPLICATE,True,SAME_LABEL,KEEP_SAME_SPLIT,"identical dHash, different bytes (policy: near-duplicate groups stay in one split)"
current_freshwater-23c838c255ca,roboflow-af0268a776e3,current_freshwater,roboflow,train_split/Bacterial gill disease/Bacterial gill disease_aug_254.jpg,train/Parasitic diseases/Parasitic-diseases-2-_jpg.rf.23f7ff863b0dc00e057f606753b05994.jpg,Bacterial gill disease,Parasitic diseases,Bacterial Gill Disease,Parasitic Disease,dhash,2068687a766608c1,0,NEAR_DUPLICATE,True,LABEL_CONFLICT,EXCLUDE_BOTH,"identical dHash, different unified labels (policy: label-conflict groups leave the split)"
current_freshwater-40a09f2fbeca,current_freshwater-e9e974bb0948,current_freshwater,current_freshwater,train_split/EUS/EUS_aug_161.jpg,train_split/Parasitic diseases/Parasitic diseases_190.jpg,EUS,Parasitic diseases,EUS Disease,Parasitic Disease,dhash,2068687a766608c1,0,NEAR_DUPLICATE,False,LABEL_CONFLICT,EXCLUDE_BOTH,"identical dHash, different unified labels (policy: label-conflict groups leave the split)"
current_freshwater-40a09f2fbeca,roboflow-6ce956ec0779,current_freshwater,roboflow,train_split/EUS/EUS_aug_161.jpg,train/Bacterial gill disease/Bacterial-gill-disease-26-_jpg.rf.efaaeb47f667534d5db5f272668fd9ee.jpg,EUS,Bacterial gill disease,EUS Disease,Bacterial Gill Disease,dhash,2068687a766608c1,0,NEAR_DUPLICATE,True,LABEL_CONFLICT,EXCLUDE_BOTH,"identical dHash, different unified labels (policy: label-conflict groups leave the split)"
current_freshwater-40a09f2fbeca,roboflow-af0268a776e3,current_freshwater,roboflow,train_split/EUS/EUS_aug_161.jpg,train/Parasitic diseases/Parasitic-diseases-2-_jpg.rf.23f7ff863b0dc00e057f606753b05994.jpg,EUS,Parasitic diseases,EUS Disease,Parasitic Disease,dhash,2068687a766608c1,0,NEAR_DUPLICATE,True,LABEL_CONFLICT,EXCLUDE_BOTH,"identical dHash, different unified labels (policy: label-conflict groups leave the split)"
current_freshwater-e9e974bb0948,roboflow-6ce956ec0779,current_freshwater,roboflow,train_split/Parasitic diseases/Parasitic diseases_190.jpg,train/Bacterial gill disease/Bacterial-gill-disease-26-_jpg.rf.efaaeb47f667534d5db5f272668fd9ee.jpg,Parasitic diseases,Bacterial gill disease,Parasitic Disease,Bacterial Gill Disease,dhash,2068687a766608c1,0,NEAR_DUPLICATE,True,LABEL_CONFLICT,EXCLUDE_BOTH,"identical dHash, different unified labels (policy: label-conflict groups leave the split)"
current_freshwater-e9e974bb0948,roboflow-af0268a776e3,current_freshwater,roboflow,train_split/Parasitic diseases/Parasitic diseases_190.jpg,train/Parasitic diseases/Parasitic-diseases-2-_jpg.rf.23f7ff863b0dc00e057f606753b05994.jpg,Parasitic diseases,Parasitic diseases,Parasitic Disease,Parasitic Disease,dhash,2068687a766608c1,0,NEAR_DUPLICATE,True,SAME_LABEL,KEEP_SAME_SPLIT,"identical dHash, different bytes (policy: near-duplicate groups stay in one split)"
roboflow-6ce956ec0779,roboflow-af0268a776e3,roboflow,roboflow,train/Bacterial gill disease/Bacterial-gill-disease-26-_jpg.rf.efaaeb47f667534d5db5f272668fd9ee.jpg,train/Parasitic diseases/Parasitic-diseases-2-_jpg.rf.23f7ff863b0dc00e057f606753b05994.jpg,Bacterial gill disease,Parasitic diseases,Bacterial Gill Disease,Parasitic Disease,dhash,2068687a766608c1,0,NEAR_DUPLICATE,False,LABEL_CONFLICT,EXCLUDE_BOTH,"identical dHash, different unified labels (policy: label-conflict groups leave the split)"
current_freshwater-e217942d0c55,roboflow-fa8a7d7f16e9,current_freshwater,roboflow,train_split/Bacterial gill disease/Bacterial gill disease_21.jpg,train/Bacterial gill disease/Bacterial-gill-disease-12-_jpg.rf.a5af9fbd6f0042925f81e9a53ef298c9.jpg,Bacterial gill disease,Bacterial gill disease,Bacterial Gill Disease,Bacterial Gill Disease,dhash,0070e6e6e2e3330a,0,NEAR_DUPLICATE,True,SAME_LABEL,KEEP_SAME_SPLIT,"identical dHash, different bytes (policy: near-duplicate groups stay in one split)"
current_freshwater-8f75e3048bbe,current_freshwater-a6c9861d3c10,current_freshwater,current_freshwater,train_split/Bacterial Red disease/Bacterial Red disease_84.jpg,train_split/Bacterial Red disease/Bacterial Red disease_aug_235.jpg,Bacterial Red disease,Bacterial Red disease,Bacterial Red Disease,Bacterial Red Disease,dhash,20e0e46626e6e672,0,NEAR_DUPLICATE,False,SAME_LABEL,KEEP_SAME_SPLIT,"identical dHash, different bytes (policy: near-duplicate groups stay in one split)"
current_freshwater-769aa01bbbc5,roboflow-dbe29591b9cd,current_freshwater,roboflow,train_split/Bacterial gill disease/Bacterial gill disease_43.jpeg,train/Bacterial gill disease/Bacterial-gill-disease-4-_jpeg.rf.367d51ffa862ad0939e2de1f9b7af9bd.jpg,Bacterial gill disease,Bacterial gill disease,Bacterial Gill Disease,Bacterial Gill Disease,dhash,0070e6e6e3e3330a,0,NEAR_DUPLICATE,True,SAME_LABEL,KEEP_SAME_SPLIT,"identical dHash, different bytes (policy: near-duplicate groups stay in one split)"
current_freshwater-3fb1c4798829,current_freshwater-01c097a5a57a,current_freshwater,current_freshwater,train_split/Bacterial diseases - Aeromoniasis/Bacterial diseases - Aeromoniasis_139.jpg,train_split/Bacterial diseases - Aeromoniasis/Bacterial diseases - Aeromoniasis_aug_243.jpg,Bacterial diseases - Aeromoniasis,Bacterial diseases - Aeromoniasis,Aeromoniasis,Aeromoniasis,dhash,20f0f07767c8cccc,0,NEAR_DUPLICATE,False,SAME_LABEL,KEEP_SAME_SPLIT,"identical dHash, different bytes (policy: near-duplicate groups stay in one split)"
current_freshwater-f29f3b6563fd,current_freshwater-2c3e0d7cafc0,current_freshwater,current_freshwater,train_split/Bacterial Red disease/Bacterial Red disease_43.jpg,train_split/Bacterial Red disease/Bacterial Red disease_aug_219.jpg,Bacterial Red disease,Bacterial Red disease,Bacterial Red Disease,Bacterial Red Disease,dhash,210283f3f5d5fbfd,0,NEAR_DUPLICATE,False,SAME_LABEL,KEEP_SAME_SPLIT,"identical dHash, different bytes (policy: near-duplicate groups stay in one split)"
current_freshwater-f29f3b6563fd,roboflow-e6e1fab74a32,current_freshwater,roboflow,train_split/Bacterial Red disease/Bacterial Red disease_43.jpg,train/Bacterial Red disease/Bacterial-Red-disease-6-_jpg.rf.a6e64d8107825c3a8257cc6a63fa6463.jpg,Bacterial Red disease,Bacterial Red disease,Bacterial Red Disease,Bacterial Red Disease,dhash,210283f3f5d5fbfd,0,NEAR_DUPLICATE,True,SAME_LABEL,KEEP_SAME_SPLIT,"identical dHash, different bytes (policy: near-duplicate groups stay in one split)"
current_freshwater-2c3e0d7cafc0,roboflow-e6e1fab74a32,current_freshwater,roboflow,train_split/Bacterial Red disease/Bacterial Red disease_aug_219.jpg,train/Bacterial Red disease/Bacterial-Red-disease-6-_jpg.rf.a6e64d8107825c3a8257cc6a63fa6463.jpg,Bacterial Red disease,Bacterial Red disease,Bacterial Red Disease,Bacterial Red Disease,dhash,210283f3f5d5fbfd,0,NEAR_DUPLICATE,True,SAME_LABEL,KEEP_SAME_SPLIT,"identical dHash, different bytes (policy: near-duplicate groups stay in one split)"
current_freshwater-d72f22c77e4a,current_freshwater-6c5240944113,current_freshwater,current_freshwater,train_split/EUS/EUS_95.jpg,train_split/EUS/EUS_aug_6.jpg,EUS,EUS,EUS Disease,EUS Disease,dhash,2124a40f0f3c2c45,0,NEAR_DUPLICATE,False,SAME_LABEL,KEEP_SAME_SPLIT,"identical dHash, different bytes (policy: near-duplicate groups stay in one split)"
current_freshwater-8dc502a5d750,current_freshwater-912bcb03ffe7,current_freshwater,current_freshwater,test_split/EUS_EUS_94.jpg,train_split/EUS/EUS_aug_201.jpg,EUS,EUS,EUS Disease,EUS Disease,dhash,2124a60f1f3c2041,0,NEAR_DUPLICATE,False,SAME_LABEL,KEEP_SAME_SPLIT,"identical dHash, different bytes (policy: near-duplicate groups stay in one split)"
current_freshwater-d79177398f36,current_freshwater-2cf19561be60,current_freshwater,current_freshwater,test_split/Viral diseases White tail disease_Viral diseases White tail disease_66.jpg,train_split/Viral diseases White tail disease/Viral diseases White tail disease_aug_195.jpg,Viral diseases White tail disease,Viral diseases White tail disease,White Tail Disease,White Tail Disease,dhash,2135340f0f1b1606,0,NEAR_DUPLICATE,False,SAME_LABEL,KEEP_SAME_SPLIT,"identical dHash, different bytes (policy: near-duplicate groups stay in one split)"
current_freshwater-d79177398f36,kaptai-1aeb818ff6b7,current_freshwater,kaptai,test_split/Viral diseases White tail disease_Viral diseases White tail disease_66.jpg,Tail And Fin Rot/download.jpg,Viral diseases White tail disease,Tail And Fin Rot,White Tail Disease,,dhash,2135340f0f1b1606,0,NEAR_DUPLICATE,True,UNRESOLVED_LABEL,REVIEW,"identical dHash, a label is unresolved; the match is evidence for the mapping decision"
current_freshwater-d79177398f36,roboflow-679ed18239f8,current_freshwater,roboflow,test_split/Viral diseases White tail disease_Viral diseases White tail disease_66.jpg,train/Viral diseases White tail disease/Viral-diseases-White-tail-disease-7-_jpg.rf.615f44d201d8d31fc7a7aac295c7c8f6.jpg,Viral diseases White tail disease,Viral diseases White tail disease,White Tail Disease,White Tail Disease,dhash,2135340f0f1b1606,0,NEAR_DUPLICATE,True,SAME_LABEL,KEEP_SAME_SPLIT,"identical dHash, different bytes (policy: near-duplicate groups stay in one split)"
current_freshwater-2cf19561be60,kaptai-1aeb818ff6b7,current_freshwater,kaptai,train_split/Viral diseases White tail disease/Viral diseases White tail disease_aug_195.jpg,Tail And Fin Rot/download.jpg,Viral diseases White tail disease,Tail And Fin Rot,White Tail Disease,,dhash,2135340f0f1b1606,0,NEAR_DUPLICATE,True,UNRESOLVED_LABEL,REVIEW,"identical dHash, a label is unresolved; the match is evidence for the mapping decision"
current_freshwater-2cf19561be60,roboflow-679ed18239f8,current_freshwater,roboflow,train_split/Viral diseases White tail disease/Viral diseases White tail disease_aug_195.jpg,train/Viral diseases White tail disease/Viral-diseases-White-tail-disease-7-_jpg.rf.615f44d201d8d31fc7a7aac295c7c8f6.jpg,Viral diseases White tail disease,Viral diseases White tail disease,White Tail Disease,White Tail Disease,dhash,2135340f0f1b1606,0,NEAR_DUPLICATE,True,SAME_LABEL,KEEP_SAME_SPLIT,"identical dHash, different bytes (policy: near-duplicate groups stay in one split)"
kaptai-1aeb818ff6b7,roboflow-679ed18239f8,kaptai,roboflow,Tail And Fin Rot/download.jpg,train/Viral diseases White tail disease/Viral-diseases-White-tail-disease-7-_jpg.rf.615f44d201d8d31fc7a7aac295c7c8f6.jpg,Tail And Fin Rot,Viral diseases White tail disease,,White Tail Disease,dhash,2135340f0f1b1606,0,NEAR_DUPLICATE,True,UNRESOLVED_LABEL,REVIEW,"identical dHash, a label is unresolved; the match is evidence for the mapping decision"
mendeley-d88ff77b39a4,mendeley-2a19d2b9065e,mendeley,mendeley,Healthy Fish/Silver_carp_(Hypophthalmichthys molitrix)/Fish_83/IMG20260315103704.jpg,Healthy Fish/Silver_carp_(Hypophthalmichthys molitrix)/Fish_83/IMG20260315103705.jpg,Healthy Fish,Healthy Fish,Healthy Fish,Healthy Fish,dhash,215c7cc7eff8e8e4,0,NEAR_DUPLICATE,False,SAME_LABEL,KEEP_SAME_SPLIT,"identical dHash, different bytes (policy: near-duplicate groups stay in one split)"
mendeley-d88ff77b39a4,mendeley-8c66ebe430fd,mendeley,mendeley,Healthy Fish/Silver_carp_(Hypophthalmichthys molitrix)/Fish_83/IMG20260315103704.jpg,Healthy Fish/Silver_carp_(Hypophthalmichthys molitrix)/Fish_84/IMG20260315103706.jpg,Healthy Fish,Healthy Fish,Healthy Fish,Healthy Fish,dhash,215c7cc7eff8e8e4,0,NEAR_DUPLICATE,False,SAME_LABEL,KEEP_SAME_SPLIT,"identical dHash, different bytes (policy: near-duplicate groups stay in one split)"
mendeley-d88ff77b39a4,mendeley-8e1c5e2a5e1f,mendeley,mendeley,Healthy Fish/Silver_carp_(Hypophthalmichthys molitrix)/Fish_83/IMG20260315103704.jpg,Healthy Fish/Silver_carp_(Hypophthalmichthys molitrix)/Fish_85/IMG20260315103707.jpg,Healthy Fish,Healthy Fish,Healthy Fish,Healthy Fish,dhash,215c7cc7eff8e8e4,0,NEAR_DUPLICATE,False,SAME_LABEL,KEEP_SAME_SPLIT,"identical dHash, different bytes (policy: near-duplicate groups stay in one split)"
mendeley-d88ff77b39a4,mendeley-a7bab8fc1931,mendeley,mendeley,Healthy Fish/Silver_carp_(Hypophthalmichthys molitrix)/Fish_83/IMG20260315103704.jpg,Healthy Fish/Silver_carp_(Hypophthalmichthys molitrix)/Fish_86/IMG20260315103708.jpg,Healthy Fish,Healthy Fish,Healthy Fish,Healthy Fish,dhash,215c7cc7eff8e8e4,0,NEAR_DUPLICATE,False,SAME_LABEL,KEEP_SAME_SPLIT,"identical dHash, different bytes (policy: near-duplicate groups stay in one split)"
mendeley-2a19d2b9065e,mendeley-8c66ebe430fd,mendeley,mendeley,Healthy Fish/Silver_carp_(Hypophthalmichthys molitrix)/Fish_83/IMG20260315103705.jpg,Healthy Fish/Silver_carp_(Hypophthalmichthys molitrix)/Fish_84/IMG20260315103706.jpg,Healthy Fish,Healthy Fish,Healthy Fish,Healthy Fish,dhash,215c7cc7eff8e8e4,0,NEAR_DUPLICATE,False,SAME_LABEL,KEEP_SAME_SPLIT,"identical dHash, different bytes (policy: near-duplicate groups stay in one split)"
mendeley-2a19d2b9065e,mendeley-8e1c5e2a5e1f,mendeley,mendeley,Healthy Fish/Silver_carp_(Hypophthalmichthys molitrix)/Fish_83/IMG20260315103705.jpg,Healthy Fish/Silver_carp_(Hypophthalmichthys molitrix)/Fish_85/IMG20260315103707.jpg,Healthy Fish,Healthy Fish,Healthy Fish,Healthy Fish,dhash,215c7cc7eff8e8e4,0,NEAR_DUPLICATE,False,SAME_LABEL,KEEP_SAME_SPLIT,"identical dHash, different bytes (policy: near-duplicate groups stay in one split)"
mendeley-2a19d2b9065e,mendeley-a7bab8fc1931,mendeley,mendeley,Healthy Fish/Silver_carp_(Hypophthalmichthys molitrix)/Fish_83/IMG20260315103705.jpg,Healthy Fish/Silver_carp_(Hypophthalmichthys molitrix)/Fish_86/IMG20260315103708.jpg,Healthy Fish,Healthy Fish,Healthy Fish,Healthy Fish,dhash,215c7cc7eff8e8e4,0,NEAR_DUPLICATE,False,SAME_LABEL,KEEP_SAME_SPLIT,"identical dHash, different bytes (policy: near-duplicate groups stay in one split)"
mendeley-8c66ebe430fd,mendeley-8e1c5e2a5e1f,mendeley,mendeley,Healthy Fish/Silver_carp_(Hypophthalmichthys molitrix)/Fish_84/IMG20260315103706.jpg,Healthy Fish/Silver_carp_(Hypophthalmichthys molitrix)/Fish_85/IMG20260315103707.jpg,Healthy Fish,Healthy Fish,Healthy Fish,Healthy Fish,dhash,215c7cc7eff8e8e4,0,NEAR_DUPLICATE,False,SAME_LABEL,KEEP_SAME_SPLIT,"identical dHash, different bytes (policy: near-duplicate groups stay in one split)"
mendeley-8c66ebe430fd,mendeley-a7bab8fc1931,mendeley,mendeley,Healthy Fish/Silver_carp_(Hypophthalmichthys molitrix)/Fish_84/IMG20260315103706.jpg,Healthy Fish/Silver_carp_(Hypophthalmichthys molitrix)/Fish_86/IMG20260315103708.jpg,Healthy Fish,Healthy Fish,Healthy Fish,Healthy Fish,dhash,215c7cc7eff8e8e4,0,NEAR_DUPLICATE,False,SAME_LABEL,KEEP_SAME_SPLIT,"identical dHash, different bytes (policy: near-duplicate groups stay in one split)"
mendeley-8e1c5e2a5e1f,mendeley-a7bab8fc1931,mendeley,mendeley,Healthy Fish/Silver_carp_(Hypophthalmichthys molitrix)/Fish_85/IMG20260315103707.jpg,Healthy Fish/Silver_carp_(Hypophthalmichthys molitrix)/Fish_86/IMG20260315103708.jpg,Healthy Fish,Healthy Fish,Healthy Fish,Healthy Fish,dhash,215c7cc7eff8e8e4,0,NEAR_DUPLICATE,False,SAME_LABEL,KEEP_SAME_SPLIT,"identical dHash, different bytes (policy: near-duplicate groups stay in one split)"
current_freshwater-a9d6eb8920dd,current_freshwater-bdcfefebb3bf,current_freshwater,current_freshwater,train_split/Parasitic diseases/Parasitic diseases_82.jpg,train_split/Parasitic diseases/Parasitic diseases_aug_212.jpg,Parasitic diseases,Parasitic diseases,Parasitic Disease,Parasitic Disease,dhash,2221c1c1c3979130,0,NEAR_DUPLICATE,False,SAME_LABEL,KEEP_SAME_SPLIT,"identical dHash, different bytes (policy: near-duplicate groups stay in one split)"
current_freshwater-c11abea7c313,roboflow-0ea3dda77c3a,current_freshwater,roboflow,train_split/Healthy Fish/Healthy Fish_265.jpg,train/Healthy Fish/Healthy-Fish-63-_jpg.rf.91eb7536e106682ee4f30fc8780d3460.jpg,Healthy Fish,Healthy Fish,Healthy Fish,Healthy Fish,dhash,230304060f1f1b1b,0,NEAR_DUPLICATE,True,SAME_LABEL,KEEP_SAME_SPLIT,"identical dHash, different bytes (policy: near-duplicate groups stay in one split)"
roboflow-cfeeb7161d1d,roboflow-0ea3dda77c3a,roboflow,roboflow,test/Healthy Fish/Healthy-Fish-24-_jpg.rf.0f5a0edce374bf6f106b30fc2c180913.jpg,train/Healthy Fish/Healthy-Fish-63-_jpg.rf.91eb7536e106682ee4f30fc8780d3460.jpg,Healthy Fish,Healthy Fish,Healthy Fish,Healthy Fish,dhash,230304060f1f1b1b,0,NEAR_DUPLICATE,False,SAME_LABEL,KEEP_SAME_SPLIT,"identical dHash, different bytes (policy: near-duplicate groups stay in one split)"
current_freshwater-d0c3e1e386a3,current_freshwater-42c4423619d0,current_freshwater,current_freshwater,train_split/Parasitic diseases/Parasitic diseases_164.jpg,train_split/Parasitic diseases/Parasitic diseases_aug_250.jpg,Parasitic diseases,Parasitic diseases,Parasitic Disease,Parasitic Disease,dhash,2323339302032203,0,NEAR_DUPLICATE,False,SAME_LABEL,KEEP_SAME_SPLIT,"identical dHash, different bytes (policy: near-duplicate groups stay in one split)"
current_freshwater-0ad8e9e2ee0d,current_freshwater-d820917f88ee,current_freshwater,current_freshwater,train_split/Healthy Fish/Healthy Fish_253.jpg,train_split/Healthy Fish/Healthy Fish_aug_207.jpg,Healthy Fish,Healthy Fish,Healthy Fish,Healthy Fish,dhash,0072f2daf21200c0,0,NEAR_DUPLICATE,False,SAME_LABEL,KEEP_SAME_SPLIT,"identical dHash, different bytes (policy: near-duplicate groups stay in one split)"
current_freshwater-0ad8e9e2ee0d,current_freshwater-611158094cba,current_freshwater,current_freshwater,train_split/Healthy Fish/Healthy Fish_253.jpg,train_split/Healthy Fish/Healthy Fish_aug_32.jpg,Healthy Fish,Healthy Fish,Healthy Fish,Healthy Fish,dhash,0072f2daf21200c0,0,NEAR_DUPLICATE,False,SAME_LABEL,KEEP_SAME_SPLIT,"identical dHash, different bytes (policy: near-duplicate groups stay in one split)"
current_freshwater-0ad8e9e2ee0d,roboflow-18dc551b26dd,current_freshwater,roboflow,train_split/Healthy Fish/Healthy Fish_253.jpg,train/Healthy Fish/Healthy-Fish-32-_jpg.rf.bf680f7bad7c29774d72531ba4b0c782.jpg,Healthy Fish,Healthy Fish,Healthy Fish,Healthy Fish,dhash,0072f2daf21200c0,0,NEAR_DUPLICATE,True,SAME_LABEL,KEEP_SAME_SPLIT,"identical dHash, different bytes (policy: near-duplicate groups stay in one split)"
current_freshwater-d820917f88ee,roboflow-30dab8d0d3ff,current_freshwater,roboflow,train_split/Healthy Fish/Healthy Fish_aug_207.jpg,train/Healthy Fish/Healthy-Fish-26-_jpeg.rf.0cd631d9d44606a7dec2aad11cab462a.jpg,Healthy Fish,Healthy Fish,Healthy Fish,Healthy Fish,dhash,0072f2daf21200c0,0,NEAR_DUPLICATE,True,SAME_LABEL,KEEP_SAME_SPLIT,"identical dHash, different bytes (policy: near-duplicate groups stay in one split)"
current_freshwater-d820917f88ee,roboflow-18dc551b26dd,current_freshwater,roboflow,train_split/Healthy Fish/Healthy Fish_aug_207.jpg,train/Healthy Fish/Healthy-Fish-32-_jpg.rf.bf680f7bad7c29774d72531ba4b0c782.jpg,Healthy Fish,Healthy Fish,Healthy Fish,Healthy Fish,dhash,0072f2daf21200c0,0,NEAR_DUPLICATE,True,SAME_LABEL,KEEP_SAME_SPLIT,"identical dHash, different bytes (policy: near-duplicate groups stay in one split)"
current_freshwater-611158094cba,roboflow-30dab8d0d3ff,current_freshwater,roboflow,train_split/Healthy Fish/Healthy Fish_aug_32.jpg,train/Healthy Fish/Healthy-Fish-26-_jpeg.rf.0cd631d9d44606a7dec2aad11cab462a.jpg,Healthy Fish,Healthy Fish,Healthy Fish,Healthy Fish,dhash,0072f2daf21200c0,0,NEAR_DUPLICATE,True,SAME_LABEL,KEEP_SAME_SPLIT,"identical dHash, different bytes (policy: near-duplicate groups stay in one split)"
current_freshwater-611158094cba,roboflow-18dc551b26dd,current_freshwater,roboflow,train_split/Healthy Fish/Healthy Fish_aug_32.jpg,train/Healthy Fish/Healthy-Fish-32-_jpg.rf.bf680f7bad7c29774d72531ba4b0c782.jpg,Healthy Fish,Healthy Fish,Healthy Fish,Healthy Fish,dhash,0072f2daf21200c0,0,NEAR_DUPLICATE,True,SAME_LABEL,KEEP_SAME_SPLIT,"identical dHash, different bytes (policy: near-duplicate groups stay in one split)"
roboflow-30dab8d0d3ff,roboflow-18dc551b26dd,roboflow,roboflow,train/Healthy Fish/Healthy-Fish-26-_jpeg.rf.0cd631d9d44606a7dec2aad11cab462a.jpg,train/Healthy Fish/Healthy-Fish-32-_jpg.rf.bf680f7bad7c29774d72531ba4b0c782.jpg,Healthy Fish,Healthy Fish,Healthy Fish,Healthy Fish,dhash,0072f2daf21200c0,0,NEAR_DUPLICATE,False,SAME_LABEL,KEEP_SAME_SPLIT,"identical dHash, different bytes (policy: near-duplicate groups stay in one split)"
mendeley-c256add4e12c,mendeley-6358b5470b83,mendeley,mendeley,Healthy Fish/Silver_carp_(Hypophthalmichthys molitrix)/Fish_84/IMG20260315103853.jpg,Healthy Fish/Silver_carp_(Hypophthalmichthys molitrix)/Fish_86/IMG20260315103852.jpg,Healthy Fish,Healthy Fish,Healthy Fish,Healthy Fish,dhash,246163614940c1c1,0,NEAR_DUPLICATE,False,SAME_LABEL,KEEP_SAME_SPLIT,"identical dHash, different bytes (policy: near-duplicate groups stay in one split)"
mendeley-e1f1c9e0cd6f,mendeley-9f1bd8a9ad2f,mendeley,mendeley,Bacterial Red Diseases/Silver_carp_(Hypophthalmichthys molitrix)/Fish_58/IMG20260207073528_01.jpg,Bacterial Red Diseases/Silver_carp_(Hypophthalmichthys molitrix)/Fish_58/IMG20260207073530.jpg,Bacterial Red Diseases,Bacterial Red Diseases,Bacterial Red Disease,Bacterial Red Disease,dhash,2467061c3d3d3fde,0,NEAR_DUPLICATE,False,SAME_LABEL,KEEP_SAME_SPLIT,"identical dHash, different bytes (policy: near-duplicate groups stay in one split)"
mendeley-e1f1c9e0cd6f,mendeley-0c5403bf83ff,mendeley,mendeley,Bacterial Red Diseases/Silver_carp_(Hypophthalmichthys molitrix)/Fish_58/IMG20260207073528_01.jpg,Bacterial Red Diseases/Silver_carp_(Hypophthalmichthys molitrix)/Fish_58/IMG20260207073532.jpg,Bacterial Red Diseases,Bacterial Red Diseases,Bacterial Red Disease,Bacterial Red Disease,dhash,2467061c3d3d3fde,0,NEAR_DUPLICATE,False,SAME_LABEL,KEEP_SAME_SPLIT,"identical dHash, different bytes (policy: near-duplicate groups stay in one split)"
mendeley-9f1bd8a9ad2f,mendeley-0c5403bf83ff,mendeley,mendeley,Bacterial Red Diseases/Silver_carp_(Hypophthalmichthys molitrix)/Fish_58/IMG20260207073530.jpg,Bacterial Red Diseases/Silver_carp_(Hypophthalmichthys molitrix)/Fish_58/IMG20260207073532.jpg,Bacterial Red Diseases,Bacterial Red Diseases,Bacterial Red Disease,Bacterial Red Disease,dhash,2467061c3d3d3fde,0,NEAR_DUPLICATE,False,SAME_LABEL,KEEP_SAME_SPLIT,"identical dHash, different bytes (policy: near-duplicate groups stay in one split)"
mendeley-83e92e7407e0,mendeley-f024e24f4c9c,mendeley,mendeley,Healthy Fish/Grass_carp_(Ctenopharyngodon idella)/Fish_77/IMG20260213130310.jpg,Healthy Fish/Grass_carp_(Ctenopharyngodon idella)/Fish_78/IMG20260213130311.jpg,Healthy Fish,Healthy Fish,Healthy Fish,Healthy Fish,dhash,262e603800332b25,0,NEAR_DUPLICATE,False,SAME_LABEL,KEEP_SAME_SPLIT,"identical dHash, different bytes (policy: near-duplicate groups stay in one split)"
current_freshwater-5ff8f8677aac,roboflow-4e99a000a972,current_freshwater,roboflow,train_split/Fungal diseases Saprolegniasis/Fungal diseases Saprolegniasis_39.jpg,train/Fungal diseases Saprolegniasis/Fungal-diseases-Saprolegniasis-28-_jpg.rf.d9e3312613bad130872287be080b2fb1.jpg,Fungal diseases Saprolegniasis,Fungal diseases Saprolegniasis,Saprolegniasis,Saprolegniasis,dhash,26fece5e7e1f1f1f,0,NEAR_DUPLICATE,True,SAME_LABEL,KEEP_SAME_SPLIT,"identical dHash, different bytes (policy: near-duplicate groups stay in one split)"
current_freshwater-9a2ebf63a0d3,current_freshwater-b5f6934ec94e,current_freshwater,current_freshwater,train_split/Viral diseases White tail disease/Viral diseases White tail disease_126.jpg,train_split/Viral diseases White tail disease/Viral diseases White tail disease_aug_54.jpg,Viral diseases White tail disease,Viral diseases White tail disease,White Tail Disease,White Tail Disease,dhash,2707070303076760,0,NEAR_DUPLICATE,False,SAME_LABEL,KEEP_SAME_SPLIT,"identical dHash, different bytes (policy: near-duplicate groups stay in one split)"
current_freshwater-af3108405e97,roboflow-ac95a860ece1,current_freshwater,roboflow,train_split/Bacterial Red disease/Bacterial Red disease_19.jpg,test/Bacterial Red disease/Bacterial-Red-disease-22-_jpg.rf.f501facd336d0053f610ea16ade20002.jpg,Bacterial Red disease,Bacterial Red disease,Bacterial Red Disease,Bacterial Red Disease,dhash,2707970766b89530,0,NEAR_DUPLICATE,True,SAME_LABEL,KEEP_SAME_SPLIT,"identical dHash, different bytes (policy: near-duplicate groups stay in one split)"
current_freshwater-9d9341ca2544,current_freshwater-ca95e9ec2d0f,current_freshwater,current_freshwater,train_split/Bacterial Red disease/Bacterial Red disease_aug_136.jpg,train_split/Bacterial Red disease/Bacterial Red disease_aug_32.jpg,Bacterial Red disease,Bacterial Red disease,Bacterial Red Disease,Bacterial Red Disease,dhash,278b99cec3d15948,0,NEAR_DUPLICATE,False,SAME_LABEL,KEEP_SAME_SPLIT,"identical dHash, different bytes (policy: near-duplicate groups stay in one split)"
current_freshwater-7032279621ab,current_freshwater-4d7489bdaa0a,current_freshwater,current_freshwater,train_split/Bacterial Red disease/Bacterial Red disease_114.jpg,train_split/Bacterial Red disease/Bacterial Red disease_aug_43.jpg,Bacterial Red disease,Bacterial Red disease,Bacterial Red Disease,Bacterial Red Disease,dhash,2830302020808000,0,NEAR_DUPLICATE,False,SAME_LABEL,KEEP_SAME_SPLIT,"identical dHash, different bytes (policy: near-duplicate groups stay in one split)"
current_freshwater-b35f4870a2da,current_freshwater-5154f8d89c88,current_freshwater,current_freshwater,train_split/Fungal diseases Saprolegniasis/Fungal diseases Saprolegniasis_175.jpg,train_split/Fungal diseases Saprolegniasis/Fungal diseases Saprolegniasis_aug_31.jpg,Fungal diseases Saprolegniasis,Fungal diseases Saprolegniasis,Saprolegniasis,Saprolegniasis,dhash,0080c06c6f260f43,0,NEAR_DUPLICATE,False,SAME_LABEL,KEEP_SAME_SPLIT,"identical dHash, different bytes (policy: near-duplicate groups stay in one split)"
current_freshwater-7c56616ea386,current_freshwater-ba556e774d87,current_freshwater,current_freshwater,test_split/Bacterial diseases - Aeromoniasis_Bacterial diseases - Aeromoniasis_246.jpg,train_split/Bacterial diseases - Aeromoniasis/Bacterial diseases - Aeromoniasis_163.jpg,Bacterial diseases - Aeromoniasis,Bacterial diseases - Aeromoniasis,Aeromoniasis,Aeromoniasis,dhash,0080f8eff3f1f959,0,NEAR_DUPLICATE,False,SAME_LABEL,KEEP_SAME_SPLIT,"identical dHash, different bytes (policy: near-duplicate groups stay in one split)"
current_freshwater-ba556e774d87,roboflow-44a217f7ba75,current_freshwater,roboflow,train_split/Bacterial diseases - Aeromoniasis/Bacterial diseases - Aeromoniasis_163.jpg,train/Bacterial diseases - Aeromoniasis/Bacterial-diseases-Aeromoniasis-26-_jpg.rf.0ac86b95cbdbc22be1b5f902f0f01757.jpg,Bacterial diseases - Aeromoniasis,Bacterial diseases - Aeromoniasis,Aeromoniasis,Aeromoniasis,dhash,0080f8eff3f1f959,0,NEAR_DUPLICATE,True,SAME_LABEL,KEEP_SAME_SPLIT,"identical dHash, different bytes (policy: near-duplicate groups stay in one split)"
mendeley-30c260015fd9,mendeley-fb339260d74f,mendeley,mendeley,Bacterial Red Diseases/Rui_(Labeo rohita)/Fish_48/IMG20260207072008.jpg,Bacterial Red Diseases/Rui_(Labeo rohita)/Fish_48/IMG20260207072009.jpg,Bacterial Red Diseases,Bacterial Red Diseases,Bacterial Red Disease,Bacterial Red Disease,dhash,2f82f3f3fbbbf3e3,0,NEAR_DUPLICATE,False,SAME_LABEL,KEEP_SAME_SPLIT,"identical dHash, different bytes (policy: near-duplicate groups stay in one split)"
mendeley-30c260015fd9,mendeley-8fd0d254e4e6,mendeley,mendeley,Bacterial Red Diseases/Rui_(Labeo rohita)/Fish_48/IMG20260207072008.jpg,Bacterial Red Diseases/Rui_(Labeo rohita)/Fish_48/IMG20260207072011.jpg,Bacterial Red Diseases,Bacterial Red Diseases,Bacterial Red Disease,Bacterial Red Disease,dhash,2f82f3f3fbbbf3e3,0,NEAR_DUPLICATE,False,SAME_LABEL,KEEP_SAME_SPLIT,"identical dHash, different bytes (policy: near-duplicate groups stay in one split)"
mendeley-fb339260d74f,mendeley-8fd0d254e4e6,mendeley,mendeley,Bacterial Red Diseases/Rui_(Labeo rohita)/Fish_48/IMG20260207072009.jpg,Bacterial Red Diseases/Rui_(Labeo rohita)/Fish_48/IMG20260207072011.jpg,Bacterial Red Diseases,Bacterial Red Diseases,Bacterial Red Disease,Bacterial Red Disease,dhash,2f82f3f3fbbbf3e3,0,NEAR_DUPLICATE,False,SAME_LABEL,KEEP_SAME_SPLIT,"identical dHash, different bytes (policy: near-duplicate groups stay in one split)"
mendeley-87c7ba96f1d9,mendeley-97c78f817ecf,mendeley,mendeley,Healthy Fish/Grass_carp_(Ctenopharyngodon idella)/Fish_77/IMG20260213130955.jpg,Healthy Fish/Grass_carp_(Ctenopharyngodon idella)/Fish_77/IMG20260213130956.jpg,Healthy Fish,Healthy Fish,Healthy Fish,Healthy Fish,dhash,2fb41c8e76ec6070,0,NEAR_DUPLICATE,False,SAME_LABEL,KEEP_SAME_SPLIT,"identical dHash, different bytes (policy: near-duplicate groups stay in one split)"
mendeley-87c7ba96f1d9,mendeley-e52203c2a78d,mendeley,mendeley,Healthy Fish/Grass_carp_(Ctenopharyngodon idella)/Fish_77/IMG20260213130955.jpg,Healthy Fish/Grass_carp_(Ctenopharyngodon idella)/Fish_78/IMG20260213130953.jpg,Healthy Fish,Healthy Fish,Healthy Fish,Healthy Fish,dhash,2fb41c8e76ec6070,0,NEAR_DUPLICATE,False,SAME_LABEL,KEEP_SAME_SPLIT,"identical dHash, different bytes (policy: near-duplicate groups stay in one split)"
mendeley-97c78f817ecf,mendeley-e52203c2a78d,mendeley,mendeley,Healthy Fish/Grass_carp_(Ctenopharyngodon idella)/Fish_77/IMG20260213130956.jpg,Healthy Fish/Grass_carp_(Ctenopharyngodon idella)/Fish_78/IMG20260213130953.jpg,Healthy Fish,Healthy Fish,Healthy Fish,Healthy Fish,dhash,2fb41c8e76ec6070,0,NEAR_DUPLICATE,False,SAME_LABEL,KEEP_SAME_SPLIT,"identical dHash, different bytes (policy: near-duplicate groups stay in one split)"
current_freshwater-c9c23ccad607,current_freshwater-8c9ecf26c8b8,current_freshwater,current_freshwater,train_split/Parasitic diseases/Parasitic diseases_15.jpg,train_split/Parasitic diseases/Parasitic diseases_aug_125.jpg,Parasitic diseases,Parasitic diseases,Parasitic Disease,Parasitic Disease,dhash,3033e38282e1e160,0,NEAR_DUPLICATE,False,SAME_LABEL,KEEP_SAME_SPLIT,"identical dHash, different bytes (policy: near-duplicate groups stay in one split)"
current_freshwater-c9c23ccad607,roboflow-a492d333faa2,current_freshwater,roboflow,train_split/Parasitic diseases/Parasitic diseases_15.jpg,train/Parasitic diseases/Parasitic-diseases-17-_jpg.rf.75579b878b14ee5d047307796e6537e9.jpg,Parasitic diseases,Parasitic diseases,Parasitic Disease,Parasitic Disease,dhash,3033e38282e1e160,0,NEAR_DUPLICATE,True,SAME_LABEL,KEEP_SAME_SPLIT,"identical dHash, different bytes (policy: near-duplicate groups stay in one split)"
current_freshwater-c9c23ccad607,roboflow-628d1257fb95,current_freshwater,roboflow,train_split/Parasitic diseases/Parasitic diseases_15.jpg,train/Parasitic diseases/Parasitic-diseases-4-_jpg.rf.d9a2f79ac2587c0d5184abb214e2ed6b.jpg,Parasitic diseases,Parasitic diseases,Parasitic Disease,Parasitic Disease,dhash,3033e38282e1e160,0,NEAR_DUPLICATE,True,SAME_LABEL,KEEP_SAME_SPLIT,"identical dHash, different bytes (policy: near-duplicate groups stay in one split)"
current_freshwater-8c9ecf26c8b8,roboflow-a492d333faa2,current_freshwater,roboflow,train_split/Parasitic diseases/Parasitic diseases_aug_125.jpg,train/Parasitic diseases/Parasitic-diseases-17-_jpg.rf.75579b878b14ee5d047307796e6537e9.jpg,Parasitic diseases,Parasitic diseases,Parasitic Disease,Parasitic Disease,dhash,3033e38282e1e160,0,NEAR_DUPLICATE,True,SAME_LABEL,KEEP_SAME_SPLIT,"identical dHash, different bytes (policy: near-duplicate groups stay in one split)"
current_freshwater-8c9ecf26c8b8,roboflow-628d1257fb95,current_freshwater,roboflow,train_split/Parasitic diseases/Parasitic diseases_aug_125.jpg,train/Parasitic diseases/Parasitic-diseases-4-_jpg.rf.d9a2f79ac2587c0d5184abb214e2ed6b.jpg,Parasitic diseases,Parasitic diseases,Parasitic Disease,Parasitic Disease,dhash,3033e38282e1e160,0,NEAR_DUPLICATE,True,SAME_LABEL,KEEP_SAME_SPLIT,"identical dHash, different bytes (policy: near-duplicate groups stay in one split)"
roboflow-a492d333faa2,roboflow-628d1257fb95,roboflow,roboflow,train/Parasitic diseases/Parasitic-diseases-17-_jpg.rf.75579b878b14ee5d047307796e6537e9.jpg,train/Parasitic diseases/Parasitic-diseases-4-_jpg.rf.d9a2f79ac2587c0d5184abb214e2ed6b.jpg,Parasitic diseases,Parasitic diseases,Parasitic Disease,Parasitic Disease,dhash,3033e38282e1e160,0,NEAR_DUPLICATE,False,SAME_LABEL,KEEP_SAME_SPLIT,"identical dHash, different bytes (policy: near-duplicate groups stay in one split)"
mendeley-df299f331ee8,mendeley-cfc03d3bf44d,mendeley,mendeley,Bacterial Red Diseases/Rui_(Labeo rohita)/Fish_52/IMG20260212070202.jpg,Bacterial Red Diseases/Rui_(Labeo rohita)/Fish_52/IMG20260212070203.jpg,Bacterial Red Diseases,Bacterial Red Diseases,Bacterial Red Disease,Bacterial Red Disease,dhash,30381c4cacac8c8c,0,NEAR_DUPLICATE,False,SAME_LABEL,KEEP_SAME_SPLIT,"identical dHash, different bytes (policy: near-duplicate groups stay in one split)"
mendeley-df299f331ee8,mendeley-7c7907e3eca8,mendeley,mendeley,Bacterial Red Diseases/Rui_(Labeo rohita)/Fish_52/IMG20260212070202.jpg,Bacterial Red Diseases/Rui_(Labeo rohita)/Fish_52/IMG20260212070204.jpg,Bacterial Red Diseases,Bacterial Red Diseases,Bacterial Red Disease,Bacterial Red Disease,dhash,30381c4cacac8c8c,0,NEAR_DUPLICATE,False,SAME_LABEL,KEEP_SAME_SPLIT,"identical dHash, different bytes (policy: near-duplicate groups stay in one split)"
mendeley-cfc03d3bf44d,mendeley-7c7907e3eca8,mendeley,mendeley,Bacterial Red Diseases/Rui_(Labeo rohita)/Fish_52/IMG20260212070203.jpg,Bacterial Red Diseases/Rui_(Labeo rohita)/Fish_52/IMG20260212070204.jpg,Bacterial Red Diseases,Bacterial Red Diseases,Bacterial Red Disease,Bacterial Red Disease,dhash,30381c4cacac8c8c,0,NEAR_DUPLICATE,False,SAME_LABEL,KEEP_SAME_SPLIT,"identical dHash, different bytes (policy: near-duplicate groups stay in one split)"
paper_dataset-ed00cc1ddb57,paper_dataset-b89c4315185a,paper_dataset,paper_dataset,InfectedFish/infected_685.png,InfectedFish/infected_730.png,InfectedFish,InfectedFish,,,dhash,3070e0c6868cc8e0,0,NEAR_DUPLICATE,False,UNRESOLVED_LABEL,REVIEW,"identical dHash, a label is unresolved; the match is evidence for the mapping decision"
paper_dataset-ac52d17832c4,paper_dataset-5a8219934497,paper_dataset,paper_dataset,InfectedFish/infected_664.png,InfectedFish/infected_709.png,InfectedFish,InfectedFish,,,dhash,3070e0eea0808080,0,NEAR_DUPLICATE,False,UNRESOLVED_LABEL,REVIEW,"identical dHash, a label is unresolved; the match is evidence for the mapping decision"
paper_dataset-2f76065c33a2,paper_dataset-6b3282213c2d,paper_dataset,paper_dataset,InfectedFish/infected_698.png,InfectedFish/infected_743.png,InfectedFish,InfectedFish,,,dhash,3070fb9ab361c080,0,NEAR_DUPLICATE,False,UNRESOLVED_LABEL,REVIEW,"identical dHash, a label is unresolved; the match is evidence for the mapping decision"
current_freshwater-6f47eb7d097a,current_freshwater-052a595522fe,current_freshwater,current_freshwater,train_split/Bacterial Red disease/Bacterial Red disease_115.jpg,train_split/Bacterial Red disease/Bacterial Red disease_aug_70.jpg,Bacterial Red disease,Bacterial Red disease,Bacterial Red Disease,Bacterial Red Disease,dhash,3070fcdcb9fdfd78,0,NEAR_DUPLICATE,False,SAME_LABEL,KEEP_SAME_SPLIT,"identical dHash, different bytes (policy: near-duplicate groups stay in one split)"
current_freshwater-6c6a20799ffd,current_freshwater-f8003e92a98f,current_freshwater,current_freshwater,train_split/Parasitic diseases/Parasitic diseases_242.jpg,train_split/Parasitic diseases/Parasitic diseases_aug_300.jpg,Parasitic diseases,Parasitic diseases,Parasitic Disease,Parasitic Disease,dhash,30747a3278787818,0,NEAR_DUPLICATE,False,SAME_LABEL,KEEP_SAME_SPLIT,"identical dHash, different bytes (policy: near-duplicate groups stay in one split)"
current_freshwater-d1041d812110,current_freshwater-d762ef4a27d4,current_freshwater,current_freshwater,train_split/Bacterial gill disease/Bacterial gill disease_168.jpg,train_split/Bacterial gill disease/Bacterial gill disease_aug_156.jpg,Bacterial gill disease,Bacterial gill disease,Bacterial Gill Disease,Bacterial Gill Disease,dhash,30b8b8be760cc141,0,NEAR_DUPLICATE,False,SAME_LABEL,KEEP_SAME_SPLIT,"identical dHash, different bytes (policy: near-duplicate groups stay in one split)"
current_freshwater-ab6201654d4d,current_freshwater-dccc9359f61c,current_freshwater,current_freshwater,train_split/Bacterial Red disease/Bacterial Red disease_33.jpg,train_split/Bacterial Red disease/Bacterial Red disease_aug_60.jpg,Bacterial Red disease,Bacterial Red disease,Bacterial Red Disease,Bacterial Red Disease,dhash,30b8fce6e6f87830,0,NEAR_DUPLICATE,False,SAME_LABEL,KEEP_SAME_SPLIT,"identical dHash, different bytes (policy: near-duplicate groups stay in one split)"
current_freshwater-ab6201654d4d,kaptai-88049a4ecf8f,current_freshwater,kaptai,train_split/Bacterial Red disease/Bacterial Red disease_33.jpg,Argulus/33.jpg,Bacterial Red disease,Argulus,Bacterial Red Disease,,dhash,30b8fce6e6f87830,0,NEAR_DUPLICATE,True,UNRESOLVED_LABEL,REVIEW,"identical dHash, a label is unresolved; the match is evidence for the mapping decision"
current_freshwater-ab6201654d4d,kaptai-c4d226ffdcbe,current_freshwater,kaptai,train_split/Bacterial Red disease/Bacterial Red disease_33.jpg,Redspot/Red Spot.jpg,Bacterial Red disease,Redspot,Bacterial Red Disease,,dhash,30b8fce6e6f87830,0,NEAR_DUPLICATE,True,UNRESOLVED_LABEL,REVIEW,"identical dHash, a label is unresolved; the match is evidence for the mapping decision"
current_freshwater-ab6201654d4d,roboflow-1f09d68d2814,current_freshwater,roboflow,train_split/Bacterial Red disease/Bacterial Red disease_33.jpg,train/Bacterial Red disease/Bacterial-Red-disease-36-_jpg.rf.46bd0ba73e3602c8691a9e8329471436.jpg,Bacterial Red disease,Bacterial Red disease,Bacterial Red Disease,Bacterial Red Disease,dhash,30b8fce6e6f87830,0,NEAR_DUPLICATE,True,SAME_LABEL,KEEP_SAME_SPLIT,"identical dHash, different bytes (policy: near-duplicate groups stay in one split)"
current_freshwater-dccc9359f61c,kaptai-88049a4ecf8f,current_freshwater,kaptai,train_split/Bacterial Red disease/Bacterial Red disease_aug_60.jpg,Argulus/33.jpg,Bacterial Red disease,Argulus,Bacterial Red Disease,,dhash,30b8fce6e6f87830,0,NEAR_DUPLICATE,True,UNRESOLVED_LABEL,REVIEW,"identical dHash, a label is unresolved; the match is evidence for the mapping decision"
current_freshwater-dccc9359f61c,kaptai-c4d226ffdcbe,current_freshwater,kaptai,train_split/Bacterial Red disease/Bacterial Red disease_aug_60.jpg,Redspot/Red Spot.jpg,Bacterial Red disease,Redspot,Bacterial Red Disease,,dhash,30b8fce6e6f87830,0,NEAR_DUPLICATE,True,UNRESOLVED_LABEL,REVIEW,"identical dHash, a label is unresolved; the match is evidence for the mapping decision"
current_freshwater-dccc9359f61c,roboflow-1f09d68d2814,current_freshwater,roboflow,train_split/Bacterial Red disease/Bacterial Red disease_aug_60.jpg,train/Bacterial Red disease/Bacterial-Red-disease-36-_jpg.rf.46bd0ba73e3602c8691a9e8329471436.jpg,Bacterial Red disease,Bacterial Red disease,Bacterial Red Disease,Bacterial Red Disease,dhash,30b8fce6e6f87830,0,NEAR_DUPLICATE,True,SAME_LABEL,KEEP_SAME_SPLIT,"identical dHash, different bytes (policy: near-duplicate groups stay in one split)"
kaptai-88049a4ecf8f,roboflow-1f09d68d2814,kaptai,roboflow,Argulus/33.jpg,train/Bacterial Red disease/Bacterial-Red-disease-36-_jpg.rf.46bd0ba73e3602c8691a9e8329471436.jpg,Argulus,Bacterial Red disease,,Bacterial Red Disease,dhash,30b8fce6e6f87830,0,NEAR_DUPLICATE,True,UNRESOLVED_LABEL,REVIEW,"identical dHash, a label is unresolved; the match is evidence for the mapping decision"
kaptai-c4d226ffdcbe,roboflow-1f09d68d2814,kaptai,roboflow,Redspot/Red Spot.jpg,train/Bacterial Red disease/Bacterial-Red-disease-36-_jpg.rf.46bd0ba73e3602c8691a9e8329471436.jpg,Redspot,Bacterial Red disease,,Bacterial Red Disease,dhash,30b8fce6e6f87830,0,NEAR_DUPLICATE,True,UNRESOLVED_LABEL,REVIEW,"identical dHash, a label is unresolved; the match is evidence for the mapping decision"
current_freshwater-0900e7adad70,roboflow-fefb927132b8,current_freshwater,roboflow,train_split/Viral diseases White tail disease/Viral diseases White tail disease_55.png,valid/Viral diseases White tail disease/Viral-diseases-White-tail-disease-2-_png.rf.d8ce84fa93f7a2deb9249a88456d1626.jpg,Viral diseases White tail disease,Viral diseases White tail disease,White Tail Disease,White Tail Disease,dhash,30bc9e9480e0b0b0,0,NEAR_DUPLICATE,True,SAME_LABEL,KEEP_SAME_SPLIT,"identical dHash, different bytes (policy: near-duplicate groups stay in one split)"
current_freshwater-0f2df76d8b9a,roboflow-e15e2e475993,current_freshwater,roboflow,train_split/Fungal diseases Saprolegniasis/Fungal diseases Saprolegniasis_35.jpg,train/Fungal diseases Saprolegniasis/Fungal-diseases-Saprolegniasis-24-_jpg.rf.c3107b06a3d1fd5e74572eb931ac02c4.jpg,Fungal diseases Saprolegniasis,Fungal diseases Saprolegniasis,Saprolegniasis,Saprolegniasis,dhash,30d8c8c8c0f0f072,0,NEAR_DUPLICATE,True,SAME_LABEL,KEEP_SAME_SPLIT,"identical dHash, different bytes (policy: near-duplicate groups stay in one split)"
paper_dataset-c6d6ef93581f,paper_dataset-15e9bea2b3e8,paper_dataset,paper_dataset,InfectedFish/infected_315.png,InfectedFish/infected_364.png,InfectedFish,InfectedFish,,,dhash,30e0c18cc6c3e301,0,NEAR_DUPLICATE,False,UNRESOLVED_LABEL,REVIEW,"identical dHash, a label is unresolved; the match is evidence for the mapping decision"
current_freshwater-3c7efd4c3f0a,current_freshwater-7c002645244d,current_freshwater,current_freshwater,train_split/Bacterial diseases - Aeromoniasis/Bacterial diseases - Aeromoniasis_aug_0.jpg,train_split/Bacterial diseases - Aeromoniasis/Bacterial diseases - Aeromoniasis_aug_1.jpg,Bacterial diseases - Aeromoniasis,Bacterial diseases - Aeromoniasis,Aeromoniasis,Aeromoniasis,dhash,30e0e4c5e1703818,0,NEAR_DUPLICATE,False,SAME_LABEL,KEEP_SAME_SPLIT,"identical dHash, different bytes (policy: near-duplicate groups stay in one split)"
current_freshwater-29a8d33b7f1a,kaptai-9b7cedbb985d,current_freshwater,kaptai,train_split/EUS/EUS_12.jpg,EUS/4.jpg,EUS,EUS,EUS Disease,EUS Disease,dhash,31880a3e3f1f3870,0,NEAR_DUPLICATE,True,SAME_LABEL,KEEP_SAME_SPLIT,"identical dHash, different bytes (policy: near-duplicate groups stay in one split)"
current_freshwater-393748954768,current_freshwater-2f370387715d,current_freshwater,current_freshwater,train_split/Bacterial diseases - Aeromoniasis/Bacterial diseases - Aeromoniasis_228.jpg,train_split/Bacterial diseases - Aeromoniasis/Bacterial diseases - Aeromoniasis_aug_139.jpg,Bacterial diseases - Aeromoniasis,Bacterial diseases - Aeromoniasis,Aeromoniasis,Aeromoniasis,dhash,32333333150f8727,0,NEAR_DUPLICATE,False,SAME_LABEL,KEEP_SAME_SPLIT,"identical dHash, different bytes (policy: near-duplicate groups stay in one split)"
current_freshwater-28da08fe2313,current_freshwater-5fcf93e9a0db,current_freshwater,current_freshwater,train_split/Bacterial diseases - Aeromoniasis/Bacterial diseases - Aeromoniasis_250.jpg,train_split/Bacterial diseases - Aeromoniasis/Bacterial diseases - Aeromoniasis_aug_66.jpg,Bacterial diseases - Aeromoniasis,Bacterial diseases - Aeromoniasis,Aeromoniasis,Aeromoniasis,dhash,32333333350f8727,0,NEAR_DUPLICATE,False,SAME_LABEL,KEEP_SAME_SPLIT,"identical dHash, different bytes (policy: near-duplicate groups stay in one split)"
current_freshwater-72a8f4a3367e,kaptai-6e0e25fb781d,current_freshwater,kaptai,train_split/EUS/EUS_6.jpg,EUS/14.jpg,EUS,EUS,EUS Disease,EUS Disease,dhash,3296963633333378,0,NEAR_DUPLICATE,True,SAME_LABEL,KEEP_SAME_SPLIT,"identical dHash, different bytes (policy: near-duplicate groups stay in one split)"
mendeley-3a258d315e4c,mendeley-386902caa336,mendeley,mendeley,Healthy Fish/Silver_carp_(Hypophthalmichthys molitrix)/Fish_84/IMG20260315104630.jpg,Healthy Fish/Silver_carp_(Hypophthalmichthys molitrix)/Fish_85/IMG20260315104629.jpg,Healthy Fish,Healthy Fish,Healthy Fish,Healthy Fish,dhash,333371585858d8d0,0,NEAR_DUPLICATE,False,SAME_LABEL,KEEP_SAME_SPLIT,"identical dHash, different bytes (policy: near-duplicate groups stay in one split)"
mendeley-34806c8e06a0,mendeley-8dedeb0e1d09,mendeley,mendeley,Healthy Fish/Silver_carp_(Hypophthalmichthys molitrix)/Fish_85/IMG20260315104631.jpg,Healthy Fish/Silver_carp_(Hypophthalmichthys molitrix)/Fish_85/IMG20260315104633.jpg,Healthy Fish,Healthy Fish,Healthy Fish,Healthy Fish,dhash,333379585858d8d0,0,NEAR_DUPLICATE,False,SAME_LABEL,KEEP_SAME_SPLIT,"identical dHash, different bytes (policy: near-duplicate groups stay in one split)"
mendeley-34806c8e06a0,mendeley-f28f03802444,mendeley,mendeley,Healthy Fish/Silver_carp_(Hypophthalmichthys molitrix)/Fish_85/IMG20260315104631.jpg,Healthy Fish/Silver_carp_(Hypophthalmichthys molitrix)/Fish_85/IMG20260315104635.jpg,Healthy Fish,Healthy Fish,Healthy Fish,Healthy Fish,dhash,333379585858d8d0,0,NEAR_DUPLICATE,False,SAME_LABEL,KEEP_SAME_SPLIT,"identical dHash, different bytes (policy: near-duplicate groups stay in one split)"
mendeley-34806c8e06a0,mendeley-2fc0094f6a14,mendeley,mendeley,Healthy Fish/Silver_carp_(Hypophthalmichthys molitrix)/Fish_85/IMG20260315104631.jpg,Healthy Fish/Silver_carp_(Hypophthalmichthys molitrix)/Fish_86/IMG20260315104632.jpg,Healthy Fish,Healthy Fish,Healthy Fish,Healthy Fish,dhash,333379585858d8d0,0,NEAR_DUPLICATE,False,SAME_LABEL,KEEP_SAME_SPLIT,"identical dHash, different bytes (policy: near-duplicate groups stay in one split)"
mendeley-34806c8e06a0,mendeley-c46cf363f118,mendeley,mendeley,Healthy Fish/Silver_carp_(Hypophthalmichthys molitrix)/Fish_85/IMG20260315104631.jpg,Healthy Fish/Silver_carp_(Hypophthalmichthys molitrix)/Fish_86/IMG20260315104634.jpg,Healthy Fish,Healthy Fish,Healthy Fish,Healthy Fish,dhash,333379585858d8d0,0,NEAR_DUPLICATE,False,SAME_LABEL,KEEP_SAME_SPLIT,"identical dHash, different bytes (policy: near-duplicate groups stay in one split)"
mendeley-8dedeb0e1d09,mendeley-f28f03802444,mendeley,mendeley,Healthy Fish/Silver_carp_(Hypophthalmichthys molitrix)/Fish_85/IMG20260315104633.jpg,Healthy Fish/Silver_carp_(Hypophthalmichthys molitrix)/Fish_85/IMG20260315104635.jpg,Healthy Fish,Healthy Fish,Healthy Fish,Healthy Fish,dhash,333379585858d8d0,0,NEAR_DUPLICATE,False,SAME_LABEL,KEEP_SAME_SPLIT,"identical dHash, different bytes (policy: near-duplicate groups stay in one split)"
mendeley-8dedeb0e1d09,mendeley-2fc0094f6a14,mendeley,mendeley,Healthy Fish/Silver_carp_(Hypophthalmichthys molitrix)/Fish_85/IMG20260315104633.jpg,Healthy Fish/Silver_carp_(Hypophthalmichthys molitrix)/Fish_86/IMG20260315104632.jpg,Healthy Fish,Healthy Fish,Healthy Fish,Healthy Fish,dhash,333379585858d8d0,0,NEAR_DUPLICATE,False,SAME_LABEL,KEEP_SAME_SPLIT,"identical dHash, different bytes (policy: near-duplicate groups stay in one split)"
mendeley-8dedeb0e1d09,mendeley-c46cf363f118,mendeley,mendeley,Healthy Fish/Silver_carp_(Hypophthalmichthys molitrix)/Fish_85/IMG20260315104633.jpg,Healthy Fish/Silver_carp_(Hypophthalmichthys molitrix)/Fish_86/IMG20260315104634.jpg,Healthy Fish,Healthy Fish,Healthy Fish,Healthy Fish,dhash,333379585858d8d0,0,NEAR_DUPLICATE,False,SAME_LABEL,KEEP_SAME_SPLIT,"identical dHash, different bytes (policy: near-duplicate groups stay in one split)"
mendeley-f28f03802444,mendeley-2fc0094f6a14,mendeley,mendeley,Healthy Fish/Silver_carp_(Hypophthalmichthys molitrix)/Fish_85/IMG20260315104635.jpg,Healthy Fish/Silver_carp_(Hypophthalmichthys molitrix)/Fish_86/IMG20260315104632.jpg,Healthy Fish,Healthy Fish,Healthy Fish,Healthy Fish,dhash,333379585858d8d0,0,NEAR_DUPLICATE,False,SAME_LABEL,KEEP_SAME_SPLIT,"identical dHash, different bytes (policy: near-duplicate groups stay in one split)"
mendeley-f28f03802444,mendeley-c46cf363f118,mendeley,mendeley,Healthy Fish/Silver_carp_(Hypophthalmichthys molitrix)/Fish_85/IMG20260315104635.jpg,Healthy Fish/Silver_carp_(Hypophthalmichthys molitrix)/Fish_86/IMG20260315104634.jpg,Healthy Fish,Healthy Fish,Healthy Fish,Healthy Fish,dhash,333379585858d8d0,0,NEAR_DUPLICATE,False,SAME_LABEL,KEEP_SAME_SPLIT,"identical dHash, different bytes (policy: near-duplicate groups stay in one split)"
mendeley-2fc0094f6a14,mendeley-c46cf363f118,mendeley,mendeley,Healthy Fish/Silver_carp_(Hypophthalmichthys molitrix)/Fish_86/IMG20260315104632.jpg,Healthy Fish/Silver_carp_(Hypophthalmichthys molitrix)/Fish_86/IMG20260315104634.jpg,Healthy Fish,Healthy Fish,Healthy Fish,Healthy Fish,dhash,333379585858d8d0,0,NEAR_DUPLICATE,False,SAME_LABEL,KEEP_SAME_SPLIT,"identical dHash, different bytes (policy: near-duplicate groups stay in one split)"
current_freshwater-008eeb78c489,current_freshwater-9fbae3f9f001,current_freshwater,current_freshwater,train_split/Fungal diseases Saprolegniasis/Fungal diseases Saprolegniasis_179.jpg,train_split/Fungal diseases Saprolegniasis/Fungal diseases Saprolegniasis_aug_168.jpg,Fungal diseases Saprolegniasis,Fungal diseases Saprolegniasis,Saprolegniasis,Saprolegniasis,dhash,000011070eb8a839,0,NEAR_DUPLICATE,False,SAME_LABEL,KEEP_SAME_SPLIT,"identical dHash, different bytes (policy: near-duplicate groups stay in one split)"
current_freshwater-e7139b1c3735,current_freshwater-958802d38f1b,current_freshwater,current_freshwater,train_split/Parasitic diseases/Parasitic diseases_165.jpg,train_split/Parasitic diseases/Parasitic diseases_aug_135.jpg,Parasitic diseases,Parasitic diseases,Parasitic Disease,Parasitic Disease,dhash,3372830203230307,0,NEAR_DUPLICATE,False,SAME_LABEL,KEEP_SAME_SPLIT,"identical dHash, different bytes (policy: near-duplicate groups stay in one split)"
current_freshwater-e7139b1c3735,current_freshwater-816d11fce62a,current_freshwater,current_freshwater,train_split/Parasitic diseases/Parasitic diseases_165.jpg,train_split/Parasitic diseases/Parasitic diseases_aug_77.jpg,Parasitic diseases,Parasitic diseases,Parasitic Disease,Parasitic Disease,dhash,3372830203230307,0,NEAR_DUPLICATE,False,SAME_LABEL,KEEP_SAME_SPLIT,"identical dHash, different bytes (policy: near-duplicate groups stay in one split)"
current_freshwater-c87a0cdb774e,current_freshwater-81678cc90007,current_freshwater,current_freshwater,train_split/Parasitic diseases/Parasitic diseases_157.jpg,train_split/Parasitic diseases/Parasitic diseases_aug_308.jpg,Parasitic diseases,Parasitic diseases,Parasitic Disease,Parasitic Disease,dhash,337371e1c3430307,0,NEAR_DUPLICATE,False,SAME_LABEL,KEEP_SAME_SPLIT,"identical dHash, different bytes (policy: near-duplicate groups stay in one split)"
mendeley-3d92c58cbf15,mendeley-2018dd6dd179,mendeley,mendeley,Healthy Fish/Silver_carp_(Hypophthalmichthys molitrix)/Fish_83/IMG20260315104202.jpg,Healthy Fish/Silver_carp_(Hypophthalmichthys molitrix)/Fish_86/IMG20260315104201.jpg,Healthy Fish,Healthy Fish,Healthy Fish,Healthy Fish,dhash,3373725358717021,0,NEAR_DUPLICATE,False,SAME_LABEL,KEEP_SAME_SPLIT,"identical dHash, different bytes (policy: near-duplicate groups stay in one split)"
mendeley-e59674fe285b,mendeley-831d21395371,mendeley,mendeley,Healthy Fish/Silver_carp_(Hypophthalmichthys molitrix)/Fish_84/IMG20260315105141.jpg,Healthy Fish/Silver_carp_(Hypophthalmichthys molitrix)/Fish_84/IMG20260315105143.jpg,Healthy Fish,Healthy Fish,Healthy Fish,Healthy Fish,dhash,3424e38090d9c9cd,0,NEAR_DUPLICATE,False,SAME_LABEL,KEEP_SAME_SPLIT,"identical dHash, different bytes (policy: near-duplicate groups stay in one split)"
mendeley-e59674fe285b,mendeley-8af7a963c0a0,mendeley,mendeley,Healthy Fish/Silver_carp_(Hypophthalmichthys molitrix)/Fish_84/IMG20260315105141.jpg,Healthy Fish/Silver_carp_(Hypophthalmichthys molitrix)/Fish_84/IMG20260315105145.jpg,Healthy Fish,Healthy Fish,Healthy Fish,Healthy Fish,dhash,3424e38090d9c9cd,0,NEAR_DUPLICATE,False,SAME_LABEL,KEEP_SAME_SPLIT,"identical dHash, different bytes (policy: near-duplicate groups stay in one split)"
mendeley-831d21395371,mendeley-8af7a963c0a0,mendeley,mendeley,Healthy Fish/Silver_carp_(Hypophthalmichthys molitrix)/Fish_84/IMG20260315105143.jpg,Healthy Fish/Silver_carp_(Hypophthalmichthys molitrix)/Fish_84/IMG20260315105145.jpg,Healthy Fish,Healthy Fish,Healthy Fish,Healthy Fish,dhash,3424e38090d9c9cd,0,NEAR_DUPLICATE,False,SAME_LABEL,KEEP_SAME_SPLIT,"identical dHash, different bytes (policy: near-duplicate groups stay in one split)"
mendeley-23efb5a2d62d,mendeley-cd5c83121860,mendeley,mendeley,Healthy Fish/Silver_carp_(Hypophthalmichthys molitrix)/Fish_83/IMG20260315103816.jpg,Healthy Fish/Silver_carp_(Hypophthalmichthys molitrix)/Fish_85/IMG20260315103818_01.jpg,Healthy Fish,Healthy Fish,Healthy Fish,Healthy Fish,dhash,3434302969383834,0,NEAR_DUPLICATE,False,SAME_LABEL,KEEP_SAME_SPLIT,"identical dHash, different bytes (policy: near-duplicate groups stay in one split)"
mendeley-23efb5a2d62d,mendeley-3eca2e2d3b86,mendeley,mendeley,Healthy Fish/Silver_carp_(Hypophthalmichthys molitrix)/Fish_83/IMG20260315103816.jpg,Healthy Fish/Silver_carp_(Hypophthalmichthys molitrix)/Fish_86/IMG20260315103818.jpg,Healthy Fish,Healthy Fish,Healthy Fish,Healthy Fish,dhash,3434302969383834,0,NEAR_DUPLICATE,False,SAME_LABEL,KEEP_SAME_SPLIT,"identical dHash, different bytes (policy: near-duplicate groups stay in one split)"
mendeley-cd5c83121860,mendeley-3eca2e2d3b86,mendeley,mendeley,Healthy Fish/Silver_carp_(Hypophthalmichthys molitrix)/Fish_85/IMG20260315103818_01.jpg,Healthy Fish/Silver_carp_(Hypophthalmichthys molitrix)/Fish_86/IMG20260315103818.jpg,Healthy Fish,Healthy Fish,Healthy Fish,Healthy Fish,dhash,3434302969383834,0,NEAR_DUPLICATE,False,SAME_LABEL,KEEP_SAME_SPLIT,"identical dHash, different bytes (policy: near-duplicate groups stay in one split)"
mendeley-dd0e127c28e8,mendeley-1beca8eb5bfe,mendeley,mendeley,Healthy Fish/Silver_carp_(Hypophthalmichthys molitrix)/Fish_84/IMG20260315104343.jpg,Healthy Fish/Silver_carp_(Hypophthalmichthys molitrix)/Fish_85/IMG20260315104342.jpg,Healthy Fish,Healthy Fish,Healthy Fish,Healthy Fish,dhash,351030307070b838,0,NEAR_DUPLICATE,False,SAME_LABEL,KEEP_SAME_SPLIT,"identical dHash, different bytes (policy: near-duplicate groups stay in one split)"
mendeley-db6ed4966339,mendeley-90fabdce437b,mendeley,mendeley,Healthy Fish/Silver_carp_(Hypophthalmichthys molitrix)/Fish_84/IMG20260315104043.jpg,Healthy Fish/Silver_carp_(Hypophthalmichthys molitrix)/Fish_84/IMG20260315104045.jpg,Healthy Fish,Healthy Fish,Healthy Fish,Healthy Fish,dhash,35b0b89898183ad8,0,NEAR_DUPLICATE,False,SAME_LABEL,KEEP_SAME_SPLIT,"identical dHash, different bytes (policy: near-duplicate groups stay in one split)"
mendeley-db6ed4966339,mendeley-b8410ddc8ac6,mendeley,mendeley,Healthy Fish/Silver_carp_(Hypophthalmichthys molitrix)/Fish_84/IMG20260315104043.jpg,Healthy Fish/Silver_carp_(Hypophthalmichthys molitrix)/Fish_84/IMG20260315104046.jpg,Healthy Fish,Healthy Fish,Healthy Fish,Healthy Fish,dhash,35b0b89898183ad8,0,NEAR_DUPLICATE,False,SAME_LABEL,KEEP_SAME_SPLIT,"identical dHash, different bytes (policy: near-duplicate groups stay in one split)"
mendeley-db6ed4966339,mendeley-cada9fb4e820,mendeley,mendeley,Healthy Fish/Silver_carp_(Hypophthalmichthys molitrix)/Fish_84/IMG20260315104043.jpg,Healthy Fish/Silver_carp_(Hypophthalmichthys molitrix)/Fish_85/IMG20260315104042.jpg,Healthy Fish,Healthy Fish,Healthy Fish,Healthy Fish,dhash,35b0b89898183ad8,0,NEAR_DUPLICATE,False,SAME_LABEL,KEEP_SAME_SPLIT,"identical dHash, different bytes (policy: near-duplicate groups stay in one split)"
mendeley-90fabdce437b,mendeley-b8410ddc8ac6,mendeley,mendeley,Healthy Fish/Silver_carp_(Hypophthalmichthys molitrix)/Fish_84/IMG20260315104045.jpg,Healthy Fish/Silver_carp_(Hypophthalmichthys molitrix)/Fish_84/IMG20260315104046.jpg,Healthy Fish,Healthy Fish,Healthy Fish,Healthy Fish,dhash,35b0b89898183ad8,0,NEAR_DUPLICATE,False,SAME_LABEL,KEEP_SAME_SPLIT,"identical dHash, different bytes (policy: near-duplicate groups stay in one split)"
mendeley-90fabdce437b,mendeley-cada9fb4e820,mendeley,mendeley,Healthy Fish/Silver_carp_(Hypophthalmichthys molitrix)/Fish_84/IMG20260315104045.jpg,Healthy Fish/Silver_carp_(Hypophthalmichthys molitrix)/Fish_85/IMG20260315104042.jpg,Healthy Fish,Healthy Fish,Healthy Fish,Healthy Fish,dhash,35b0b89898183ad8,0,NEAR_DUPLICATE,False,SAME_LABEL,KEEP_SAME_SPLIT,"identical dHash, different bytes (policy: near-duplicate groups stay in one split)"
mendeley-b8410ddc8ac6,mendeley-cada9fb4e820,mendeley,mendeley,Healthy Fish/Silver_carp_(Hypophthalmichthys molitrix)/Fish_84/IMG20260315104046.jpg,Healthy Fish/Silver_carp_(Hypophthalmichthys molitrix)/Fish_85/IMG20260315104042.jpg,Healthy Fish,Healthy Fish,Healthy Fish,Healthy Fish,dhash,35b0b89898183ad8,0,NEAR_DUPLICATE,False,SAME_LABEL,KEEP_SAME_SPLIT,"identical dHash, different bytes (policy: near-duplicate groups stay in one split)"
current_freshwater-5d2c0f173ef4,current_freshwater-b2092638e7eb,current_freshwater,current_freshwater,train_split/Fungal diseases Saprolegniasis/Fungal diseases Saprolegniasis_aug_162.jpg,train_split/Fungal diseases Saprolegniasis/Fungal diseases Saprolegniasis_aug_378.jpg,Fungal diseases Saprolegniasis,Fungal diseases Saprolegniasis,Saprolegniasis,Saprolegniasis,dhash,3603075cccdc7c31,0,NEAR_DUPLICATE,False,SAME_LABEL,KEEP_SAME_SPLIT,"identical dHash, different bytes (policy: near-duplicate groups stay in one split)"
current_freshwater-b0ebc29b2355,kaptai-900dd2a3b13c,current_freshwater,kaptai,train_split/Healthy Fish/Healthy Fish_439.jpg,Healthy Fish/healthy (5).jpg,Healthy Fish,Healthy Fish,Healthy Fish,Healthy Fish,dhash,3627270e1e061c18,0,NEAR_DUPLICATE,True,SAME_LABEL,KEEP_SAME_SPLIT,"identical dHash, different bytes (policy: near-duplicate groups stay in one split)"
current_freshwater-435f3b642384,current_freshwater-f7468ca1734a,current_freshwater,current_freshwater,train_split/Bacterial diseases - Aeromoniasis/Bacterial diseases - Aeromoniasis_94.jpg,train_split/Bacterial diseases - Aeromoniasis/Bacterial diseases - Aeromoniasis_aug_273.jpg,Bacterial diseases - Aeromoniasis,Bacterial diseases - Aeromoniasis,Aeromoniasis,Aeromoniasis,dhash,00ccd37ce3e3c3bf,0,NEAR_DUPLICATE,False,SAME_LABEL,KEEP_SAME_SPLIT,"identical dHash, different bytes (policy: near-duplicate groups stay in one split)"
mendeley-54a48997dbb4,mendeley-5eae9a3ce093,mendeley,mendeley,Bacterial Red Diseases/Grass_carp_(Ctenopharyngodon idella)/Fish_40/IMG20260212065854.jpg,Bacterial Red Diseases/Grass_carp_(Ctenopharyngodon idella)/Fish_40/IMG20260212065855.jpg,Bacterial Red Diseases,Bacterial Red Diseases,Bacterial Red Disease,Bacterial Red Disease,dhash,36f2f2faf8fcfcec,0,NEAR_DUPLICATE,False,SAME_LABEL,KEEP_SAME_SPLIT,"identical dHash, different bytes (policy: near-duplicate groups stay in one split)"
current_freshwater-98b76cad700b,current_freshwater-3954b039576e,current_freshwater,current_freshwater,test_split/Bacterial gill disease_Bacterial gill disease_33.jpg,train_split/Bacterial gill disease/Bacterial gill disease_aug_147.jpg,Bacterial gill disease,Bacterial gill disease,Bacterial Gill Disease,Bacterial Gill Disease,dhash,372763e5c5e1e1e8,0,NEAR_DUPLICATE,False,SAME_LABEL,KEEP_SAME_SPLIT,"identical dHash, different bytes (policy: near-duplicate groups stay in one split)"
current_freshwater-98b76cad700b,current_freshwater-cc5d2f0f9e33,current_freshwater,current_freshwater,test_split/Bacterial gill disease_Bacterial gill disease_33.jpg,train_split/Fungal diseases Saprolegniasis/Fungal diseases Saprolegniasis_82.jpeg,Bacterial gill disease,Fungal diseases Saprolegniasis,Bacterial Gill Disease,Saprolegniasis,dhash,372763e5c5e1e1e8,0,NEAR_DUPLICATE,False,LABEL_CONFLICT,EXCLUDE_BOTH,"identical dHash, different unified labels (policy: label-conflict groups leave the split)"
current_freshwater-98b76cad700b,current_freshwater-40497c01832c,current_freshwater,current_freshwater,test_split/Bacterial gill disease_Bacterial gill disease_33.jpg,train_split/Fungal diseases Saprolegniasis/Fungal diseases Saprolegniasis_aug_183.jpg,Bacterial gill disease,Fungal diseases Saprolegniasis,Bacterial Gill Disease,Saprolegniasis,dhash,372763e5c5e1e1e8,0,NEAR_DUPLICATE,False,LABEL_CONFLICT,EXCLUDE_BOTH,"identical dHash, different unified labels (policy: label-conflict groups leave the split)"
current_freshwater-98b76cad700b,current_freshwater-c2c51017c92b,current_freshwater,current_freshwater,test_split/Bacterial gill disease_Bacterial gill disease_33.jpg,train_split/Fungal diseases Saprolegniasis/Fungal diseases Saprolegniasis_aug_317.jpg,Bacterial gill disease,Fungal diseases Saprolegniasis,Bacterial Gill Disease,Saprolegniasis,dhash,372763e5c5e1e1e8,0,NEAR_DUPLICATE,False,LABEL_CONFLICT,EXCLUDE_BOTH,"identical dHash, different unified labels (policy: label-conflict groups leave the split)"
current_freshwater-98b76cad700b,roboflow-5853754c1399,current_freshwater,roboflow,test_split/Bacterial gill disease_Bacterial gill disease_33.jpg,train/Bacterial gill disease/Bacterial-gill-disease-20-_jpg.rf.fe56f7a406a0702447e677cd2705af9a.jpg,Bacterial gill disease,Bacterial gill disease,Bacterial Gill Disease,Bacterial Gill Disease,dhash,372763e5c5e1e1e8,0,NEAR_DUPLICATE,True,SAME_LABEL,KEEP_SAME_SPLIT,"identical dHash, different bytes (policy: near-duplicate groups stay in one split)"
current_freshwater-98b76cad700b,roboflow-3d4ae5ca3488,current_freshwater,roboflow,test_split/Bacterial gill disease_Bacterial gill disease_33.jpg,train/Fungal diseases Saprolegniasis/Fungal-diseases-Saprolegniasis-8-_jpeg.rf.d5c879ae00c42b0e93ab80405a27b482.jpg,Bacterial gill disease,Fungal diseases Saprolegniasis,Bacterial Gill Disease,Saprolegniasis,dhash,372763e5c5e1e1e8,0,NEAR_DUPLICATE,True,LABEL_CONFLICT,EXCLUDE_BOTH,"identical dHash, different unified labels (policy: label-conflict groups leave the split)"
current_freshwater-3954b039576e,current_freshwater-cc5d2f0f9e33,current_freshwater,current_freshwater,train_split/Bacterial gill disease/Bacterial gill disease_aug_147.jpg,train_split/Fungal diseases Saprolegniasis/Fungal diseases Saprolegniasis_82.jpeg,Bacterial gill disease,Fungal diseases Saprolegniasis,Bacterial Gill Disease,Saprolegniasis,dhash,372763e5c5e1e1e8,0,NEAR_DUPLICATE,False,LABEL_CONFLICT,EXCLUDE_BOTH,"identical dHash, different unified labels (policy: label-conflict groups leave the split)"
current_freshwater-3954b039576e,current_freshwater-40497c01832c,current_freshwater,current_freshwater,train_split/Bacterial gill disease/Bacterial gill disease_aug_147.jpg,train_split/Fungal diseases Saprolegniasis/Fungal diseases Saprolegniasis_aug_183.jpg,Bacterial gill disease,Fungal diseases Saprolegniasis,Bacterial Gill Disease,Saprolegniasis,dhash,372763e5c5e1e1e8,0,NEAR_DUPLICATE,False,LABEL_CONFLICT,EXCLUDE_BOTH,"identical dHash, different unified labels (policy: label-conflict groups leave the split)"
current_freshwater-3954b039576e,current_freshwater-c2c51017c92b,current_freshwater,current_freshwater,train_split/Bacterial gill disease/Bacterial gill disease_aug_147.jpg,train_split/Fungal diseases Saprolegniasis/Fungal diseases Saprolegniasis_aug_317.jpg,Bacterial gill disease,Fungal diseases Saprolegniasis,Bacterial Gill Disease,Saprolegniasis,dhash,372763e5c5e1e1e8,0,NEAR_DUPLICATE,False,LABEL_CONFLICT,EXCLUDE_BOTH,"identical dHash, different unified labels (policy: label-conflict groups leave the split)"
current_freshwater-3954b039576e,roboflow-5853754c1399,current_freshwater,roboflow,train_split/Bacterial gill disease/Bacterial gill disease_aug_147.jpg,train/Bacterial gill disease/Bacterial-gill-disease-20-_jpg.rf.fe56f7a406a0702447e677cd2705af9a.jpg,Bacterial gill disease,Bacterial gill disease,Bacterial Gill Disease,Bacterial Gill Disease,dhash,372763e5c5e1e1e8,0,NEAR_DUPLICATE,True,SAME_LABEL,KEEP_SAME_SPLIT,"identical dHash, different bytes (policy: near-duplicate groups stay in one split)"
current_freshwater-3954b039576e,roboflow-3d4ae5ca3488,current_freshwater,roboflow,train_split/Bacterial gill disease/Bacterial gill disease_aug_147.jpg,train/Fungal diseases Saprolegniasis/Fungal-diseases-Saprolegniasis-8-_jpeg.rf.d5c879ae00c42b0e93ab80405a27b482.jpg,Bacterial gill disease,Fungal diseases Saprolegniasis,Bacterial Gill Disease,Saprolegniasis,dhash,372763e5c5e1e1e8,0,NEAR_DUPLICATE,True,LABEL_CONFLICT,EXCLUDE_BOTH,"identical dHash, different unified labels (policy: label-conflict groups leave the split)"
current_freshwater-cc5d2f0f9e33,current_freshwater-40497c01832c,current_freshwater,current_freshwater,train_split/Fungal diseases Saprolegniasis/Fungal diseases Saprolegniasis_82.jpeg,train_split/Fungal diseases Saprolegniasis/Fungal diseases Saprolegniasis_aug_183.jpg,Fungal diseases Saprolegniasis,Fungal diseases Saprolegniasis,Saprolegniasis,Saprolegniasis,dhash,372763e5c5e1e1e8,0,NEAR_DUPLICATE,False,SAME_LABEL,KEEP_SAME_SPLIT,"identical dHash, different bytes (policy: near-duplicate groups stay in one split)"
current_freshwater-cc5d2f0f9e33,current_freshwater-c2c51017c92b,current_freshwater,current_freshwater,train_split/Fungal diseases Saprolegniasis/Fungal diseases Saprolegniasis_82.jpeg,train_split/Fungal diseases Saprolegniasis/Fungal diseases Saprolegniasis_aug_317.jpg,Fungal diseases Saprolegniasis,Fungal diseases Saprolegniasis,Saprolegniasis,Saprolegniasis,dhash,372763e5c5e1e1e8,0,NEAR_DUPLICATE,False,SAME_LABEL,KEEP_SAME_SPLIT,"identical dHash, different bytes (policy: near-duplicate groups stay in one split)"
current_freshwater-cc5d2f0f9e33,roboflow-5853754c1399,current_freshwater,roboflow,train_split/Fungal diseases Saprolegniasis/Fungal diseases Saprolegniasis_82.jpeg,train/Bacterial gill disease/Bacterial-gill-disease-20-_jpg.rf.fe56f7a406a0702447e677cd2705af9a.jpg,Fungal diseases Saprolegniasis,Bacterial gill disease,Saprolegniasis,Bacterial Gill Disease,dhash,372763e5c5e1e1e8,0,NEAR_DUPLICATE,True,LABEL_CONFLICT,EXCLUDE_BOTH,"identical dHash, different unified labels (policy: label-conflict groups leave the split)"
current_freshwater-cc5d2f0f9e33,roboflow-3d4ae5ca3488,current_freshwater,roboflow,train_split/Fungal diseases Saprolegniasis/Fungal diseases Saprolegniasis_82.jpeg,train/Fungal diseases Saprolegniasis/Fungal-diseases-Saprolegniasis-8-_jpeg.rf.d5c879ae00c42b0e93ab80405a27b482.jpg,Fungal diseases Saprolegniasis,Fungal diseases Saprolegniasis,Saprolegniasis,Saprolegniasis,dhash,372763e5c5e1e1e8,0,NEAR_DUPLICATE,True,SAME_LABEL,KEEP_SAME_SPLIT,"identical dHash, different bytes (policy: near-duplicate groups stay in one split)"
current_freshwater-40497c01832c,current_freshwater-c2c51017c92b,current_freshwater,current_freshwater,train_split/Fungal diseases Saprolegniasis/Fungal diseases Saprolegniasis_aug_183.jpg,train_split/Fungal diseases Saprolegniasis/Fungal diseases Saprolegniasis_aug_317.jpg,Fungal diseases Saprolegniasis,Fungal diseases Saprolegniasis,Saprolegniasis,Saprolegniasis,dhash,372763e5c5e1e1e8,0,NEAR_DUPLICATE,False,SAME_LABEL,KEEP_SAME_SPLIT,"identical dHash, different bytes (policy: near-duplicate groups stay in one split)"
current_freshwater-40497c01832c,roboflow-5853754c1399,current_freshwater,roboflow,train_split/Fungal diseases Saprolegniasis/Fungal diseases Saprolegniasis_aug_183.jpg,train/Bacterial gill disease/Bacterial-gill-disease-20-_jpg.rf.fe56f7a406a0702447e677cd2705af9a.jpg,Fungal diseases Saprolegniasis,Bacterial gill disease,Saprolegniasis,Bacterial Gill Disease,dhash,372763e5c5e1e1e8,0,NEAR_DUPLICATE,True,LABEL_CONFLICT,EXCLUDE_BOTH,"identical dHash, different unified labels (policy: label-conflict groups leave the split)"
current_freshwater-40497c01832c,roboflow-3d4ae5ca3488,current_freshwater,roboflow,train_split/Fungal diseases Saprolegniasis/Fungal diseases Saprolegniasis_aug_183.jpg,train/Fungal diseases Saprolegniasis/Fungal-diseases-Saprolegniasis-8-_jpeg.rf.d5c879ae00c42b0e93ab80405a27b482.jpg,Fungal diseases Saprolegniasis,Fungal diseases Saprolegniasis,Saprolegniasis,Saprolegniasis,dhash,372763e5c5e1e1e8,0,NEAR_DUPLICATE,True,SAME_LABEL,KEEP_SAME_SPLIT,"identical dHash, different bytes (policy: near-duplicate groups stay in one split)"
current_freshwater-c2c51017c92b,roboflow-5853754c1399,current_freshwater,roboflow,train_split/Fungal diseases Saprolegniasis/Fungal diseases Saprolegniasis_aug_317.jpg,train/Bacterial gill disease/Bacterial-gill-disease-20-_jpg.rf.fe56f7a406a0702447e677cd2705af9a.jpg,Fungal diseases Saprolegniasis,Bacterial gill disease,Saprolegniasis,Bacterial Gill Disease,dhash,372763e5c5e1e1e8,0,NEAR_DUPLICATE,True,LABEL_CONFLICT,EXCLUDE_BOTH,"identical dHash, different unified labels (policy: label-conflict groups leave the split)"
current_freshwater-c2c51017c92b,roboflow-3d4ae5ca3488,current_freshwater,roboflow,train_split/Fungal diseases Saprolegniasis/Fungal diseases Saprolegniasis_aug_317.jpg,train/Fungal diseases Saprolegniasis/Fungal-diseases-Saprolegniasis-8-_jpeg.rf.d5c879ae00c42b0e93ab80405a27b482.jpg,Fungal diseases Saprolegniasis,Fungal diseases Saprolegniasis,Saprolegniasis,Saprolegniasis,dhash,372763e5c5e1e1e8,0,NEAR_DUPLICATE,True,SAME_LABEL,KEEP_SAME_SPLIT,"identical dHash, different bytes (policy: near-duplicate groups stay in one split)"
roboflow-5853754c1399,roboflow-3d4ae5ca3488,roboflow,roboflow,train/Bacterial gill disease/Bacterial-gill-disease-20-_jpg.rf.fe56f7a406a0702447e677cd2705af9a.jpg,train/Fungal diseases Saprolegniasis/Fungal-diseases-Saprolegniasis-8-_jpeg.rf.d5c879ae00c42b0e93ab80405a27b482.jpg,Bacterial gill disease,Fungal diseases Saprolegniasis,Bacterial Gill Disease,Saprolegniasis,dhash,372763e5c5e1e1e8,0,NEAR_DUPLICATE,False,LABEL_CONFLICT,EXCLUDE_BOTH,"identical dHash, different unified labels (policy: label-conflict groups leave the split)"
current_freshwater-8dea000f2785,roboflow-3be01302fda4,current_freshwater,roboflow,train_split/Parasitic diseases/Parasitic diseases_28.jpg,train/Parasitic diseases/Parasitic-diseases-27-_jpg.rf.446203213c2aaf6d82026ac0f0368b97.jpg,Parasitic diseases,Parasitic diseases,Parasitic Disease,Parasitic Disease,dhash,372d2e7f7b373f1f,0,NEAR_DUPLICATE,True,SAME_LABEL,KEEP_SAME_SPLIT,"identical dHash, different bytes (policy: near-duplicate groups stay in one split)"
current_freshwater-1a291bca4695,current_freshwater-aedc80598166,current_freshwater,current_freshwater,train_split/Healthy Fish/Healthy Fish_37.jpg,train_split/Healthy Fish/Healthy Fish_aug_1.jpg,Healthy Fish,Healthy Fish,Healthy Fish,Healthy Fish,dhash,373f2f2727373737,0,NEAR_DUPLICATE,False,SAME_LABEL,KEEP_SAME_SPLIT,"identical dHash, different bytes (policy: near-duplicate groups stay in one split)"
mendeley-9a8dd15f7fe4,mendeley-b07a1a7e43db,mendeley,mendeley,Healthy Fish/Silver_carp_(Hypophthalmichthys molitrix)/Fish_84/IMG20260315103900.jpg,Healthy Fish/Silver_carp_(Hypophthalmichthys molitrix)/Fish_85/IMG20260315103901_01.jpg,Healthy Fish,Healthy Fish,Healthy Fish,Healthy Fish,dhash,37667df3e1f77333,0,NEAR_DUPLICATE,False,SAME_LABEL,KEEP_SAME_SPLIT,"identical dHash, different bytes (policy: near-duplicate groups stay in one split)"
mendeley-9a8dd15f7fe4,mendeley-e65651773a1d,mendeley,mendeley,Healthy Fish/Silver_carp_(Hypophthalmichthys molitrix)/Fish_84/IMG20260315103900.jpg,Healthy Fish/Silver_carp_(Hypophthalmichthys molitrix)/Fish_86/IMG20260315103901.jpg,Healthy Fish,Healthy Fish,Healthy Fish,Healthy Fish,dhash,37667df3e1f77333,0,NEAR_DUPLICATE,False,SAME_LABEL,KEEP_SAME_SPLIT,"identical dHash, different bytes (policy: near-duplicate groups stay in one split)"
mendeley-b07a1a7e43db,mendeley-e65651773a1d,mendeley,mendeley,Healthy Fish/Silver_carp_(Hypophthalmichthys molitrix)/Fish_85/IMG20260315103901_01.jpg,Healthy Fish/Silver_carp_(Hypophthalmichthys molitrix)/Fish_86/IMG20260315103901.jpg,Healthy Fish,Healthy Fish,Healthy Fish,Healthy Fish,dhash,37667df3e1f77333,0,NEAR_DUPLICATE,False,SAME_LABEL,KEEP_SAME_SPLIT,"identical dHash, different bytes (policy: near-duplicate groups stay in one split)"
mendeley-18469d69c01b,mendeley-1755d62b4c1a,mendeley,mendeley,Healthy Fish/Silver_carp_(Hypophthalmichthys molitrix)/Fish_86/IMG20260315105519.jpg,Healthy Fish/Silver_carp_(Hypophthalmichthys molitrix)/Fish_86/IMG20260315105526.jpg,Healthy Fish,Healthy Fish,Healthy Fish,Healthy Fish,dhash,377e7efcbe1e8dbc,0,NEAR_DUPLICATE,False,SAME_LABEL,KEEP_SAME_SPLIT,"identical dHash, different bytes (policy: near-duplicate groups stay in one split)"
mendeley-deeb4dc54c20,mendeley-ec42ea27e4a1,mendeley,mendeley,Bacterial Red Diseases/Silver_carp_(Hypophthalmichthys molitrix)/Fish_58/IMG20260207073456.jpg,Bacterial Red Diseases/Silver_carp_(Hypophthalmichthys molitrix)/Fish_58/IMG20260207073457.jpg,Bacterial Red Diseases,Bacterial Red Diseases,Bacterial Red Disease,Bacterial Red Disease,dhash,38183b7b797a7cd9,0,NEAR_DUPLICATE,False,SAME_LABEL,KEEP_SAME_SPLIT,"identical dHash, different bytes (policy: near-duplicate groups stay in one split)"
current_freshwater-67fa59b87a2f,roboflow-983d784437b7,current_freshwater,roboflow,train_split/Viral diseases White tail disease/Viral diseases White tail disease_20.jpeg,train/Viral diseases White tail disease/Viral-diseases-White-tail-disease-3-_jpeg.rf.e59af1f5ce8cc6b4e1fe2728c01e2535.jpg,Viral diseases White tail disease,Viral diseases White tail disease,White Tail Disease,White Tail Disease,dhash,3878f0fcde9e96f4,0,NEAR_DUPLICATE,True,SAME_LABEL,KEEP_SAME_SPLIT,"identical dHash, different bytes (policy: near-duplicate groups stay in one split)"
current_freshwater-af9f657cf2a6,roboflow-7fbd8aed2151,current_freshwater,roboflow,train_split/Viral diseases White tail disease/Viral diseases White tail disease_4.jpeg,train/Viral diseases White tail disease/Viral-diseases-White-tail-disease-11-_jpeg.rf.8e6190686e225d46fc22eea2f38b9609.jpg,Viral diseases White tail disease,Viral diseases White tail disease,White Tail Disease,White Tail Disease,dhash,387c1e1b3d1d0b0b,0,NEAR_DUPLICATE,True,SAME_LABEL,KEEP_SAME_SPLIT,"identical dHash, different bytes (policy: near-duplicate groups stay in one split)"
current_freshwater-af9f657cf2a6,roboflow-13f21bfdf9da,current_freshwater,roboflow,train_split/Viral diseases White tail disease/Viral diseases White tail disease_4.jpeg,train/Viral diseases White tail disease/Viral-diseases-White-tail-disease-29-_jpg.rf.f0795967d552043a1d8d4aa48abab8e4.jpg,Viral diseases White tail disease,Viral diseases White tail disease,White Tail Disease,White Tail Disease,dhash,387c1e1b3d1d0b0b,0,NEAR_DUPLICATE,True,SAME_LABEL,KEEP_SAME_SPLIT,"identical dHash, different bytes (policy: near-duplicate groups stay in one split)"
roboflow-7fbd8aed2151,roboflow-13f21bfdf9da,roboflow,roboflow,train/Viral diseases White tail disease/Viral-diseases-White-tail-disease-11-_jpeg.rf.8e6190686e225d46fc22eea2f38b9609.jpg,train/Viral diseases White tail disease/Viral-diseases-White-tail-disease-29-_jpg.rf.f0795967d552043a1d8d4aa48abab8e4.jpg,Viral diseases White tail disease,Viral diseases White tail disease,White Tail Disease,White Tail Disease,dhash,387c1e1b3d1d0b0b,0,NEAR_DUPLICATE,False,SAME_LABEL,KEEP_SAME_SPLIT,"identical dHash, different bytes (policy: near-duplicate groups stay in one split)"
paper_dataset-f12c1b5d835a,paper_dataset-62f65e596487,paper_dataset,paper_dataset,FreshFish/fresh_260.png,FreshFish/fresh_374.png,FreshFish,FreshFish,,,dhash,38f8de9e9e9ee4e4,0,NEAR_DUPLICATE,False,UNRESOLVED_LABEL,REVIEW,"identical dHash, a label is unresolved; the match is evidence for the mapping decision"
current_freshwater-6c7953dafaa0,roboflow-662bfdfad6cc,current_freshwater,roboflow,train_split/Bacterial diseases - Aeromoniasis/Bacterial diseases - Aeromoniasis_26.jpg,train/Bacterial diseases - Aeromoniasis/Bacterial-diseases-Aeromoniasis-13-_jpg.rf.1d152392c4aa596e135692f1ca2dfbab.jpg,Bacterial diseases - Aeromoniasis,Bacterial diseases - Aeromoniasis,Aeromoniasis,Aeromoniasis,dhash,391f03073eff0317,0,NEAR_DUPLICATE,True,SAME_LABEL,KEEP_SAME_SPLIT,"identical dHash, different bytes (policy: near-duplicate groups stay in one split)"
current_freshwater-ca4b6e6ed05c,current_freshwater-3ead15462078,current_freshwater,current_freshwater,train_split/EUS/EUS_5.jpg,train_split/EUS/EUS_aug_221.jpg,EUS,EUS,EUS Disease,EUS Disease,dhash,39392c8c8c8c9918,0,NEAR_DUPLICATE,False,SAME_LABEL,KEEP_SAME_SPLIT,"identical dHash, different bytes (policy: near-duplicate groups stay in one split)"
current_freshwater-ca4b6e6ed05c,kaptai-3b18838a68bb,current_freshwater,kaptai,train_split/EUS/EUS_5.jpg,EUS/13.jpg,EUS,EUS,EUS Disease,EUS Disease,dhash,39392c8c8c8c9918,0,NEAR_DUPLICATE,True,SAME_LABEL,KEEP_SAME_SPLIT,"identical dHash, different bytes (policy: near-duplicate groups stay in one split)"
current_freshwater-3ead15462078,kaptai-3b18838a68bb,current_freshwater,kaptai,train_split/EUS/EUS_aug_221.jpg,EUS/13.jpg,EUS,EUS,EUS Disease,EUS Disease,dhash,39392c8c8c8c9918,0,NEAR_DUPLICATE,True,SAME_LABEL,KEEP_SAME_SPLIT,"identical dHash, different bytes (policy: near-duplicate groups stay in one split)"
current_freshwater-e15cfaa9afed,current_freshwater-fd1550bfccd7,current_freshwater,current_freshwater,train_split/Healthy Fish/Healthy Fish_457.jpg,train_split/Healthy Fish/Healthy Fish_aug_132.jpg,Healthy Fish,Healthy Fish,Healthy Fish,Healthy Fish,dhash,39b898b8bc8c9898,0,NEAR_DUPLICATE,False,SAME_LABEL,KEEP_SAME_SPLIT,"identical dHash, different bytes (policy: near-duplicate groups stay in one split)"
current_freshwater-16af967f2278,current_freshwater-c7eb8ccaefe4,current_freshwater,current_freshwater,train_split/Viral diseases White tail disease/Viral diseases White tail disease_aug_206.jpg,train_split/Viral diseases White tail disease/Viral diseases White tail disease_aug_250.jpg,Viral diseases White tail disease,Viral diseases White tail disease,White Tail Disease,White Tail Disease,dhash,3a3307814141a707,0,NEAR_DUPLICATE,False,SAME_LABEL,KEEP_SAME_SPLIT,"identical dHash, different bytes (policy: near-duplicate groups stay in one split)"
current_freshwater-6dd798ff8b19,current_freshwater-ca73cac69819,current_freshwater,current_freshwater,train_split/Fungal diseases Saprolegniasis/Fungal diseases Saprolegniasis_135.jpg,train_split/Fungal diseases Saprolegniasis/Fungal diseases Saprolegniasis_aug_7.jpg,Fungal diseases Saprolegniasis,Fungal diseases Saprolegniasis,Saprolegniasis,Saprolegniasis,dhash,3b3b3efcbc3c3c78,0,NEAR_DUPLICATE,False,SAME_LABEL,KEEP_SAME_SPLIT,"identical dHash, different bytes (policy: near-duplicate groups stay in one split)"
kaptai-d774a47098e5,roboflow-e45bacc8a2a6,kaptai,roboflow,Redspot/EUS  (12).jpg,train/Bacterial Red disease/Bacterial-Red-disease-11-_jpg.rf.3451232ecdb5a4f6ac3df79256355a24.jpg,Redspot,Bacterial Red disease,,Bacterial Red Disease,dhash,3c261b3939487838,0,NEAR_DUPLICATE,True,UNRESOLVED_LABEL,REVIEW,"identical dHash, a label is unresolved; the match is evidence for the mapping decision"
kaptai-238121a21147,roboflow-98a92c3effa4,kaptai,roboflow,EUS/EUS  (12).jpg,valid/Bacterial Red disease/Bacterial-Red-disease-5-_jpeg.rf.edfe46da9dfb870a2cac9fff763c6636.jpg,EUS,Bacterial Red disease,EUS Disease,Bacterial Red Disease,dhash,3c261b3b39487838,0,NEAR_DUPLICATE,True,LABEL_CONFLICT,EXCLUDE_BOTH,"identical dHash, different unified labels (policy: label-conflict groups leave the split)"
current_freshwater-5c0e357d01a2,current_freshwater-6123fa0f4fa0,current_freshwater,current_freshwater,train_split/Parasitic diseases/Parasitic diseases_aug_315.jpg,train_split/Parasitic diseases/Parasitic diseases_aug_84.jpg,Parasitic diseases,Parasitic diseases,Parasitic Disease,Parasitic Disease,dhash,3c362c989b9b2d03,0,NEAR_DUPLICATE,False,SAME_LABEL,KEEP_SAME_SPLIT,"identical dHash, different bytes (policy: near-duplicate groups stay in one split)"
current_freshwater-6123fa0f4fa0,current_freshwater-829a969423bb,current_freshwater,current_freshwater,train_split/Parasitic diseases/Parasitic diseases_aug_84.jpg,train_split/Parasitic diseases/Parasitic diseases_aug_91.jpg,Parasitic diseases,Parasitic diseases,Parasitic Disease,Parasitic Disease,dhash,3c362c989b9b2d03,0,NEAR_DUPLICATE,False,SAME_LABEL,KEEP_SAME_SPLIT,"identical dHash, different bytes (policy: near-duplicate groups stay in one split)"
mendeley-a96c728751a2,mendeley-a3bd4491142f,mendeley,mendeley,Healthy Fish/Silver_carp_(Hypophthalmichthys molitrix)/Fish_85/IMG20260315104715.jpg,Healthy Fish/Silver_carp_(Hypophthalmichthys molitrix)/Fish_85/IMG20260315104717.jpg,Healthy Fish,Healthy Fish,Healthy Fish,Healthy Fish,dhash,3c3cbc7c787878b8,0,NEAR_DUPLICATE,False,SAME_LABEL,KEEP_SAME_SPLIT,"identical dHash, different bytes (policy: near-duplicate groups stay in one split)"
current_freshwater-a9ac06b1362e,roboflow-06414332de69,current_freshwater,roboflow,train_split/Bacterial diseases - Aeromoniasis/Bacterial diseases - Aeromoniasis_200.jpeg,train/Bacterial diseases - Aeromoniasis/Bacterial-diseases-Aeromoniasis-8-_jpeg.rf.0688f1e70e0985ef9ba906fefc4e437a.jpg,Bacterial diseases - Aeromoniasis,Bacterial diseases - Aeromoniasis,Aeromoniasis,Aeromoniasis,dhash,3c3cf495377387e8,0,NEAR_DUPLICATE,True,SAME_LABEL,KEEP_SAME_SPLIT,"identical dHash, different bytes (policy: near-duplicate groups stay in one split)"
current_freshwater-0b185ced6b6e,roboflow-59c59bf88163,current_freshwater,roboflow,train_split/Bacterial diseases - Aeromoniasis/Bacterial diseases - Aeromoniasis_164.jpg,train/Bacterial diseases - Aeromoniasis/Bacterial-diseases-Aeromoniasis-27-_jpg.rf.b58792b47449efc46014eb053db050ea.jpg,Bacterial diseases - Aeromoniasis,Bacterial diseases - Aeromoniasis,Aeromoniasis,Aeromoniasis,dhash,3c3e1e373d3b230b,0,NEAR_DUPLICATE,True,SAME_LABEL,KEEP_SAME_SPLIT,"identical dHash, different bytes (policy: near-duplicate groups stay in one split)"
current_freshwater-ec15efe3c74b,current_freshwater-c20acc64721e,current_freshwater,current_freshwater,train_split/Parasitic diseases/Parasitic diseases_45.jpg,train_split/Parasitic diseases/Parasitic diseases_aug_317.jpg,Parasitic diseases,Parasitic diseases,Parasitic Disease,Parasitic Disease,dhash,3c3ebc3ce48f0e0f,0,NEAR_DUPLICATE,False,SAME_LABEL,KEEP_SAME_SPLIT,"identical dHash, different bytes (policy: near-duplicate groups stay in one split)"
current_freshwater-ec15efe3c74b,current_freshwater-522e40e6558d,current_freshwater,current_freshwater,train_split/Parasitic diseases/Parasitic diseases_45.jpg,train_split/Parasitic diseases/Parasitic diseases_aug_81.jpg,Parasitic diseases,Parasitic diseases,Parasitic Disease,Parasitic Disease,dhash,3c3ebc3ce48f0e0f,0,NEAR_DUPLICATE,False,SAME_LABEL,KEEP_SAME_SPLIT,"identical dHash, different bytes (policy: near-duplicate groups stay in one split)"
current_freshwater-c20acc64721e,current_freshwater-522e40e6558d,current_freshwater,current_freshwater,train_split/Parasitic diseases/Parasitic diseases_aug_317.jpg,train_split/Parasitic diseases/Parasitic diseases_aug_81.jpg,Parasitic diseases,Parasitic diseases,Parasitic Disease,Parasitic Disease,dhash,3c3ebc3ce48f0e0f,0,NEAR_DUPLICATE,False,SAME_LABEL,KEEP_SAME_SPLIT,"identical dHash, different bytes (policy: near-duplicate groups stay in one split)"
mendeley-a18d2fe9e325,mendeley-1405e1bd99ac,mendeley,mendeley,Bacterial Gill Diseases/Silver_carp_(Hypophthalmichthys molitrix)/Fish_20/IMG20260206071428.jpg,Bacterial Gill Diseases/Silver_carp_(Hypophthalmichthys molitrix)/Fish_20/IMG20260206071429.jpg,Bacterial Gill Diseases,Bacterial Gill Diseases,Bacterial Gill Disease,Bacterial Gill Disease,dhash,3c608080860c1d3d,0,NEAR_DUPLICATE,False,SAME_LABEL,KEEP_SAME_SPLIT,"identical dHash, different bytes (policy: near-duplicate groups stay in one split)"
current_freshwater-1e9c59d55891,current_freshwater-633a53474405,current_freshwater,current_freshwater,train_split/Healthy Fish/Healthy Fish_453.jpg,train_split/Healthy Fish/Healthy Fish_aug_179.jpg,Healthy Fish,Healthy Fish,Healthy Fish,Healthy Fish,dhash,3c66cca664c08000,0,NEAR_DUPLICATE,False,SAME_LABEL,KEEP_SAME_SPLIT,"identical dHash, different bytes (policy: near-duplicate groups stay in one split)"
current_freshwater-3953c8c96052,roboflow-eef03792bf58,current_freshwater,roboflow,train_split/Bacterial diseases - Aeromoniasis/Bacterial diseases - Aeromoniasis_2.jpg,train/Bacterial diseases - Aeromoniasis/Bacterial-diseases-Aeromoniasis-1-_jpg.rf.af54a6d749d0f6a36d06f2f4420a6fbf.jpg,Bacterial diseases - Aeromoniasis,Bacterial diseases - Aeromoniasis,Aeromoniasis,Aeromoniasis,dhash,3c762684cce4e0e1,0,NEAR_DUPLICATE,True,SAME_LABEL,KEEP_SAME_SPLIT,"identical dHash, different bytes (policy: near-duplicate groups stay in one split)"
current_freshwater-942b7739ac36,roboflow-c18a011602d0,current_freshwater,roboflow,train_split/Bacterial gill disease/Bacterial gill disease_38.jpg,train/Bacterial gill disease/Bacterial-gill-disease-23-_jpg.rf.23c7851a98eef9097467af8dc85605b9.jpg,Bacterial gill disease,Bacterial gill disease,Bacterial Gill Disease,Bacterial Gill Disease,dhash,3d0f8f9b171f0703,0,NEAR_DUPLICATE,True,SAME_LABEL,KEEP_SAME_SPLIT,"identical dHash, different bytes (policy: near-duplicate groups stay in one split)"
current_freshwater-c0fd173d66d6,roboflow-0a57fbd58acd,current_freshwater,roboflow,train_split/Parasitic diseases/Parasitic diseases_32.png,train/Parasitic diseases/Parasitic-diseases-2-_png.rf.d69a2439935376edecd81bb226ca16c4.jpg,Parasitic diseases,Parasitic diseases,Parasitic Disease,Parasitic Disease,dhash,3d3f677333773f1f,0,NEAR_DUPLICATE,True,SAME_LABEL,KEEP_SAME_SPLIT,"identical dHash, different bytes (policy: near-duplicate groups stay in one split)"
current_freshwater-b0a78c5f8dca,current_freshwater-c245c59bfdeb,current_freshwater,current_freshwater,train_split/Bacterial gill disease/Bacterial gill disease_213.jpg,train_split/Bacterial gill disease/Bacterial gill disease_69.jpeg,Bacterial gill disease,Bacterial gill disease,Bacterial Gill Disease,Bacterial Gill Disease,dhash,00f0f8f8fcec7800,0,NEAR_DUPLICATE,False,SAME_LABEL,KEEP_SAME_SPLIT,"identical dHash, different bytes (policy: near-duplicate groups stay in one split)"
current_freshwater-b0a78c5f8dca,current_freshwater-ca38210ff6a0,current_freshwater,current_freshwater,train_split/Bacterial gill disease/Bacterial gill disease_213.jpg,train_split/Bacterial gill disease/Bacterial gill disease_aug_28.jpg,Bacterial gill disease,Bacterial gill disease,Bacterial Gill Disease,Bacterial Gill Disease,dhash,00f0f8f8fcec7800,0,NEAR_DUPLICATE,False,SAME_LABEL,KEEP_SAME_SPLIT,"identical dHash, different bytes (policy: near-duplicate groups stay in one split)"
current_freshwater-c245c59bfdeb,current_freshwater-ca38210ff6a0,current_freshwater,current_freshwater,train_split/Bacterial gill disease/Bacterial gill disease_69.jpeg,train_split/Bacterial gill disease/Bacterial gill disease_aug_28.jpg,Bacterial gill disease,Bacterial gill disease,Bacterial Gill Disease,Bacterial Gill Disease,dhash,00f0f8f8fcec7800,0,NEAR_DUPLICATE,False,SAME_LABEL,KEEP_SAME_SPLIT,"identical dHash, different bytes (policy: near-duplicate groups stay in one split)"
current_freshwater-c245c59bfdeb,roboflow-e0e1c139c339,current_freshwater,roboflow,train_split/Bacterial gill disease/Bacterial gill disease_69.jpeg,train/Bacterial gill disease/Bacterial-gill-disease-7-_jpeg.rf.18dde61db9a3bf3944ab5dcff0c5b357.jpg,Bacterial gill disease,Bacterial gill disease,Bacterial Gill Disease,Bacterial Gill Disease,dhash,00f0f8f8fcec7800,0,NEAR_DUPLICATE,True,SAME_LABEL,KEEP_SAME_SPLIT,"identical dHash, different bytes (policy: near-duplicate groups stay in one split)"
current_freshwater-ca38210ff6a0,roboflow-e0e1c139c339,current_freshwater,roboflow,train_split/Bacterial gill disease/Bacterial gill disease_aug_28.jpg,train/Bacterial gill disease/Bacterial-gill-disease-7-_jpeg.rf.18dde61db9a3bf3944ab5dcff0c5b357.jpg,Bacterial gill disease,Bacterial gill disease,Bacterial Gill Disease,Bacterial Gill Disease,dhash,00f0f8f8fcec7800,0,NEAR_DUPLICATE,True,SAME_LABEL,KEEP_SAME_SPLIT,"identical dHash, different bytes (policy: near-duplicate groups stay in one split)"
paper_dataset-2f5efe57d715,paper_dataset-da4ff638e0d5,paper_dataset,paper_dataset,InfectedFish/infected_328.png,InfectedFish/infected_377.png,InfectedFish,InfectedFish,,,dhash,3d72e6c68280c000,0,NEAR_DUPLICATE,False,UNRESOLVED_LABEL,REVIEW,"identical dHash, a label is unresolved; the match is evidence for the mapping decision"
current_freshwater-1c49a9a58547,roboflow-0146f67d1879,current_freshwater,roboflow,train_split/Parasitic diseases/Parasitic diseases_aug_198.jpg,train/Parasitic diseases/Parasitic-diseases-11-_jpg.rf.2aa2598d361c4da49550cb84b5d5dc59.jpg,Parasitic diseases,Parasitic diseases,Parasitic Disease,Parasitic Disease,dhash,3e3e3e372723c696,0,NEAR_DUPLICATE,True,SAME_LABEL,KEEP_SAME_SPLIT,"identical dHash, different bytes (policy: near-duplicate groups stay in one split)"
current_freshwater-c7226dec37f7,roboflow-c27f7aa5ea11,current_freshwater,roboflow,test_split/Parasitic diseases_Parasitic diseases_66.jpeg,test/Parasitic diseases/Parasitic-diseases-8-_jpeg.rf.1c0d57ae8f9d3104ce8c01d265836157.jpg,Parasitic diseases,Parasitic diseases,Parasitic Disease,Parasitic Disease,dhash,3e3ebe372723c696,0,NEAR_DUPLICATE,True,SAME_LABEL,KEEP_SAME_SPLIT,"identical dHash, different bytes (policy: near-duplicate groups stay in one split)"
current_freshwater-4a11618412c1,kaptai-51eb4641a9a7,current_freshwater,kaptai,train_split/Healthy Fish/Healthy Fish_434.jpg,Healthy Fish/healthy (28).jpg,Healthy Fish,Healthy Fish,Healthy Fish,Healthy Fish,dhash,3e3ef73eced26636,0,NEAR_DUPLICATE,True,SAME_LABEL,KEEP_SAME_SPLIT,"identical dHash, different bytes (policy: near-duplicate groups stay in one split)"
mendeley-54a526a6bb8e,mendeley-3239e9982587,mendeley,mendeley,Epizootic Ulcerative Syndrome (EUS)/Rui_(Labeo rohita)/Fish_71/IMG20260212070655.jpg,Epizootic Ulcerative Syndrome (EUS)/Rui_(Labeo rohita)/Fish_71/IMG20260212070656.jpg,Epizootic Ulcerative Syndrome (EUS),Epizootic Ulcerative Syndrome (EUS),EUS Disease,EUS Disease,dhash,3e3f7effffde9e9e,0,NEAR_DUPLICATE,False,SAME_LABEL,KEEP_SAME_SPLIT,"identical dHash, different bytes (policy: near-duplicate groups stay in one split)"
current_freshwater-cc3b39639c41,current_freshwater-f3ecd08d209e,current_freshwater,current_freshwater,train_split/Viral diseases White tail disease/Viral diseases White tail disease_222.jpg,train_split/Viral diseases White tail disease/Viral diseases White tail disease_aug_364.jpg,Viral diseases White tail disease,Viral diseases White tail disease,White Tail Disease,White Tail Disease,dhash,3e6743efefcfe77f,0,NEAR_DUPLICATE,False,SAME_LABEL,KEEP_SAME_SPLIT,"identical dHash, different bytes (policy: near-duplicate groups stay in one split)"
current_freshwater-b2d3fae0be1c,current_freshwater-7ae2dde4542a,current_freshwater,current_freshwater,train_split/Fungal diseases Saprolegniasis/Fungal diseases Saprolegniasis_55.jpg,train_split/Fungal diseases Saprolegniasis/Fungal diseases Saprolegniasis_aug_299.jpg,Fungal diseases Saprolegniasis,Fungal diseases Saprolegniasis,Saprolegniasis,Saprolegniasis,dhash,3e7c1c0f8f8fbeae,0,NEAR_DUPLICATE,False,SAME_LABEL,KEEP_SAME_SPLIT,"identical dHash, different bytes (policy: near-duplicate groups stay in one split)"
current_freshwater-8fccf29d7744,current_freshwater-9eef33955b57,current_freshwater,current_freshwater,train_split/Bacterial Red disease/Bacterial Red disease_102.jpg,train_split/Bacterial Red disease/Bacterial Red disease_aug_273.jpg,Bacterial Red disease,Bacterial Red disease,Bacterial Red Disease,Bacterial Red Disease,dhash,3e8ecffb3a1e1f33,0,NEAR_DUPLICATE,False,SAME_LABEL,KEEP_SAME_SPLIT,"identical dHash, different bytes (policy: near-duplicate groups stay in one split)"
mendeley-92a254627f73,mendeley-4bffa23c687e,mendeley,mendeley,Bacterial Red Diseases/Rui_(Labeo rohita)/Fish_43/IMG20260206070325.jpg,Bacterial Red Diseases/Rui_(Labeo rohita)/Fish_43/IMG20260206070327.jpg,Bacterial Red Diseases,Bacterial Red Diseases,Bacterial Red Disease,Bacterial Red Disease,dhash,3ee4ccce7c71c50e,0,NEAR_DUPLICATE,False,SAME_LABEL,KEEP_SAME_SPLIT,"identical dHash, different bytes (policy: near-duplicate groups stay in one split)"
current_freshwater-a963ee548566,roboflow-dfc9294c5376,current_freshwater,roboflow,test_split/Bacterial gill disease_Bacterial gill disease_79.jpeg,train/Bacterial gill disease/Bacterial-gill-disease-10-_jpeg.rf.030b6045ec306ed2a33064560210fdd4.jpg,Bacterial gill disease,Bacterial gill disease,Bacterial Gill Disease,Bacterial Gill Disease,dhash,3ef8e8e0c0000000,0,NEAR_DUPLICATE,True,SAME_LABEL,KEEP_SAME_SPLIT,"identical dHash, different bytes (policy: near-duplicate groups stay in one split)"
current_freshwater-d90e9423a065,current_freshwater-62951dee21af,current_freshwater,current_freshwater,test_split/EUS_EUS_330.jpg,train_split/EUS/EUS_aug_184.jpg,EUS,EUS,EUS Disease,EUS Disease,dhash,3f13491d0e330f0f,0,NEAR_DUPLICATE,False,SAME_LABEL,KEEP_SAME_SPLIT,"identical dHash, different bytes (policy: near-duplicate groups stay in one split)"
current_freshwater-43d5196561a9,kaptai-a1c1e04e29f4,current_freshwater,kaptai,train_split/Healthy Fish/Healthy Fish_442.jpg,Healthy Fish/healthy (8).jpg,Healthy Fish,Healthy Fish,Healthy Fish,Healthy Fish,dhash,3f39380603a61627,0,NEAR_DUPLICATE,True,SAME_LABEL,KEEP_SAME_SPLIT,"identical dHash, different bytes (policy: near-duplicate groups stay in one split)"
current_freshwater-bc338424fb13,kaptai-41a17051b951,current_freshwater,kaptai,test_split/Healthy Fish_Healthy Fish_421.jpg,Healthy Fish/healthy (16).jpg,Healthy Fish,Healthy Fish,Healthy Fish,Healthy Fish,dhash,3f3b310f27271727,0,NEAR_DUPLICATE,True,SAME_LABEL,KEEP_SAME_SPLIT,"identical dHash, different bytes (policy: near-duplicate groups stay in one split)"
current_freshwater-e8b319b6228e,roboflow-4afa32c32002,current_freshwater,roboflow,train_split/Viral diseases White tail disease/Viral diseases White tail disease_3.png,train/Viral diseases White tail disease/Viral-diseases-White-tail-disease-1-_png.rf.ffefd59096b10e2dc5f9ce8bafedd6bb.jpg,Viral diseases White tail disease,Viral diseases White tail disease,White Tail Disease,White Tail Disease,dhash,3f3f1f1f3f3f0f0f,0,NEAR_DUPLICATE,True,SAME_LABEL,KEEP_SAME_SPLIT,"identical dHash, different bytes (policy: near-duplicate groups stay in one split)"
current_freshwater-e8b319b6228e,roboflow-1dfc50b0e5fa,current_freshwater,roboflow,train_split/Viral diseases White tail disease/Viral diseases White tail disease_3.png,train/Viral diseases White tail disease/Viral-diseases-White-tail-disease-8-_jpeg.rf.690745c0bc0a6d2049cf552e7d26a409.jpg,Viral diseases White tail disease,Viral diseases White tail disease,White Tail Disease,White Tail Disease,dhash,3f3f1f1f3f3f0f0f,0,NEAR_DUPLICATE,True,SAME_LABEL,KEEP_SAME_SPLIT,"identical dHash, different bytes (policy: near-duplicate groups stay in one split)"
roboflow-4afa32c32002,roboflow-1dfc50b0e5fa,roboflow,roboflow,train/Viral diseases White tail disease/Viral-diseases-White-tail-disease-1-_png.rf.ffefd59096b10e2dc5f9ce8bafedd6bb.jpg,train/Viral diseases White tail disease/Viral-diseases-White-tail-disease-8-_jpeg.rf.690745c0bc0a6d2049cf552e7d26a409.jpg,Viral diseases White tail disease,Viral diseases White tail disease,White Tail Disease,White Tail Disease,dhash,3f3f1f1f3f3f0f0f,0,NEAR_DUPLICATE,False,SAME_LABEL,KEEP_SAME_SPLIT,"identical dHash, different bytes (policy: near-duplicate groups stay in one split)"
mendeley-b7f89d3c61ca,mendeley-74714337e853,mendeley,mendeley,Healthy Fish/Silver_carp_(Hypophthalmichthys molitrix)/Fish_85/IMG20260315105239.jpg,Healthy Fish/Silver_carp_(Hypophthalmichthys molitrix)/Fish_85/IMG20260315105240.jpg,Healthy Fish,Healthy Fish,Healthy Fish,Healthy Fish,dhash,3f7d7cde9c9cccfc,0,NEAR_DUPLICATE,False,SAME_LABEL,KEEP_SAME_SPLIT,"identical dHash, different bytes (policy: near-duplicate groups stay in one split)"
mendeley-b7f89d3c61ca,mendeley-0a8884bbbe90,mendeley,mendeley,Healthy Fish/Silver_carp_(Hypophthalmichthys molitrix)/Fish_85/IMG20260315105239.jpg,Healthy Fish/Silver_carp_(Hypophthalmichthys molitrix)/Fish_85/IMG20260315105244.jpg,Healthy Fish,Healthy Fish,Healthy Fish,Healthy Fish,dhash,3f7d7cde9c9cccfc,0,NEAR_DUPLICATE,False,SAME_LABEL,KEEP_SAME_SPLIT,"identical dHash, different bytes (policy: near-duplicate groups stay in one split)"
mendeley-74714337e853,mendeley-0a8884bbbe90,mendeley,mendeley,Healthy Fish/Silver_carp_(Hypophthalmichthys molitrix)/Fish_85/IMG20260315105240.jpg,Healthy Fish/Silver_carp_(Hypophthalmichthys molitrix)/Fish_85/IMG20260315105244.jpg,Healthy Fish,Healthy Fish,Healthy Fish,Healthy Fish,dhash,3f7d7cde9c9cccfc,0,NEAR_DUPLICATE,False,SAME_LABEL,KEEP_SAME_SPLIT,"identical dHash, different bytes (policy: near-duplicate groups stay in one split)"
mendeley-2364ca40677d,mendeley-837f9c88c4b9,mendeley,mendeley,Healthy Fish/Silver_carp_(Hypophthalmichthys molitrix)/Fish_85/IMG20260315105243.jpg,Healthy Fish/Silver_carp_(Hypophthalmichthys molitrix)/Fish_85/IMG20260315105243_01.jpg,Healthy Fish,Healthy Fish,Healthy Fish,Healthy Fish,dhash,3f7dfc9e9c9c8cfc,0,NEAR_DUPLICATE,False,SAME_LABEL,KEEP_SAME_SPLIT,"identical dHash, different bytes (policy: near-duplicate groups stay in one split)"
mendeley-60082943b625,mendeley-12a062fa50f3,mendeley,mendeley,Healthy Fish/Silver_carp_(Hypophthalmichthys molitrix)/Fish_84/IMG20260315105150.jpg,Healthy Fish/Silver_carp_(Hypophthalmichthys molitrix)/Fish_84/IMG20260315105158.jpg,Healthy Fish,Healthy Fish,Healthy Fish,Healthy Fish,dhash,3f7e317c387038f1,0,NEAR_DUPLICATE,False,SAME_LABEL,KEEP_SAME_SPLIT,"identical dHash, different bytes (policy: near-duplicate groups stay in one split)"
current_freshwater-322479739361,current_freshwater-d1e201bba035,current_freshwater,current_freshwater,train_split/Viral diseases White tail disease/Viral diseases White tail disease_200.jpg,train_split/Viral diseases White tail disease/Viral diseases White tail disease_aug_292.jpg,Viral diseases White tail disease,Viral diseases White tail disease,White Tail Disease,White Tail Disease,dhash,3f7f7ffffcfc3805,0,NEAR_DUPLICATE,False,SAME_LABEL,KEEP_SAME_SPLIT,"identical dHash, different bytes (policy: near-duplicate groups stay in one split)"
current_freshwater-322479739361,current_freshwater-3258d7ccff4f,current_freshwater,current_freshwater,train_split/Viral diseases White tail disease/Viral diseases White tail disease_200.jpg,train_split/Viral diseases White tail disease/Viral diseases White tail disease_aug_354.jpg,Viral diseases White tail disease,Viral diseases White tail disease,White Tail Disease,White Tail Disease,dhash,3f7f7ffffcfc3805,0,NEAR_DUPLICATE,False,SAME_LABEL,KEEP_SAME_SPLIT,"identical dHash, different bytes (policy: near-duplicate groups stay in one split)"
current_freshwater-d1e201bba035,current_freshwater-3258d7ccff4f,current_freshwater,current_freshwater,train_split/Viral diseases White tail disease/Viral diseases White tail disease_aug_292.jpg,train_split/Viral diseases White tail disease/Viral diseases White tail disease_aug_354.jpg,Viral diseases White tail disease,Viral diseases White tail disease,White Tail Disease,White Tail Disease,dhash,3f7f7ffffcfc3805,0,NEAR_DUPLICATE,False,SAME_LABEL,KEEP_SAME_SPLIT,"identical dHash, different bytes (policy: near-duplicate groups stay in one split)"
mendeley-d32ce329089c,mendeley-bfaef6b8d0b8,mendeley,mendeley,Healthy Fish/Silver_carp_(Hypophthalmichthys molitrix)/Fish_84/IMG20260315105155.jpg,Healthy Fish/Silver_carp_(Hypophthalmichthys molitrix)/Fish_84/IMG20260315105157.jpg,Healthy Fish,Healthy Fish,Healthy Fish,Healthy Fish,dhash,3fce317c387078f1,0,NEAR_DUPLICATE,False,SAME_LABEL,KEEP_SAME_SPLIT,"identical dHash, different bytes (policy: near-duplicate groups stay in one split)"
paper_dataset-45133d07c4f5,paper_dataset-16d282398842,paper_dataset,paper_dataset,InfectedFish/infected_331.png,InfectedFish/infected_380.png,InfectedFish,InfectedFish,,,dhash,3fd7c3faf903e3f0,0,NEAR_DUPLICATE,False,UNRESOLVED_LABEL,REVIEW,"identical dHash, a label is unresolved; the match is evidence for the mapping decision"
current_freshwater-db94d78e0641,current_freshwater-f07e51b8a1c1,current_freshwater,current_freshwater,test_split/EUS_EUS_27.jpg,train_split/EUS/EUS_aug_2.jpg,EUS,EUS,EUS Disease,EUS Disease,dhash,420683030323078c,0,NEAR_DUPLICATE,False,SAME_LABEL,KEEP_SAME_SPLIT,"identical dHash, different bytes (policy: near-duplicate groups stay in one split)"
current_freshwater-db94d78e0641,kaptai-a6ba336be703,current_freshwater,kaptai,test_split/EUS_EUS_27.jpg,EUS/EUS  (3).jpg,EUS,EUS,EUS Disease,EUS Disease,dhash,420683030323078c,0,NEAR_DUPLICATE,True,SAME_LABEL,KEEP_SAME_SPLIT,"identical dHash, different bytes (policy: near-duplicate groups stay in one split)"
current_freshwater-f07e51b8a1c1,kaptai-a6ba336be703,current_freshwater,kaptai,train_split/EUS/EUS_aug_2.jpg,EUS/EUS  (3).jpg,EUS,EUS,EUS Disease,EUS Disease,dhash,420683030323078c,0,NEAR_DUPLICATE,True,SAME_LABEL,KEEP_SAME_SPLIT,"identical dHash, different bytes (policy: near-duplicate groups stay in one split)"
current_freshwater-790e63e0133c,current_freshwater-c3c0efdc3b9e,current_freshwater,current_freshwater,train_split/Healthy Fish/Healthy Fish_236.jpg,train_split/Healthy Fish/Healthy Fish_aug_101.jpg,Healthy Fish,Healthy Fish,Healthy Fish,Healthy Fish,dhash,43010c0608045060,0,NEAR_DUPLICATE,False,SAME_LABEL,KEEP_SAME_SPLIT,"identical dHash, different bytes (policy: near-duplicate groups stay in one split)"
current_freshwater-bc4aed70747b,current_freshwater-cdd80bd92848,current_freshwater,current_freshwater,test_split/Bacterial gill disease_Bacterial gill disease_37.jpg,train_split/Bacterial gill disease/Bacterial gill disease_aug_54.jpg,Bacterial gill disease,Bacterial gill disease,Bacterial Gill Disease,Bacterial Gill Disease,dhash,4307337341131e0d,0,NEAR_DUPLICATE,False,SAME_LABEL,KEEP_SAME_SPLIT,"identical dHash, different bytes (policy: near-duplicate groups stay in one split)"
current_freshwater-bc4aed70747b,roboflow-234ad30e24c0,current_freshwater,roboflow,test_split/Bacterial gill disease_Bacterial gill disease_37.jpg,train/Bacterial gill disease/Bacterial-gill-disease-22-_jpg.rf.66cfef4bef9799f50402011fee599f7b.jpg,Bacterial gill disease,Bacterial gill disease,Bacterial Gill Disease,Bacterial Gill Disease,dhash,4307337341131e0d,0,NEAR_DUPLICATE,True,SAME_LABEL,KEEP_SAME_SPLIT,"identical dHash, different bytes (policy: near-duplicate groups stay in one split)"
current_freshwater-cdd80bd92848,roboflow-234ad30e24c0,current_freshwater,roboflow,train_split/Bacterial gill disease/Bacterial gill disease_aug_54.jpg,train/Bacterial gill disease/Bacterial-gill-disease-22-_jpg.rf.66cfef4bef9799f50402011fee599f7b.jpg,Bacterial gill disease,Bacterial gill disease,Bacterial Gill Disease,Bacterial Gill Disease,dhash,4307337341131e0d,0,NEAR_DUPLICATE,True,SAME_LABEL,KEEP_SAME_SPLIT,"identical dHash, different bytes (policy: near-duplicate groups stay in one split)"
current_freshwater-599cdc790ef9,current_freshwater-24bfae9847db,current_freshwater,current_freshwater,train_split/Bacterial diseases - Aeromoniasis/Bacterial diseases - Aeromoniasis_131.jpg,train_split/Bacterial diseases - Aeromoniasis/Bacterial diseases - Aeromoniasis_244.jpg,Bacterial diseases - Aeromoniasis,Bacterial diseases - Aeromoniasis,Aeromoniasis,Aeromoniasis,dhash,43573f3b73736361,0,NEAR_DUPLICATE,False,SAME_LABEL,KEEP_SAME_SPLIT,"identical dHash, different bytes (policy: near-duplicate groups stay in one split)"
current_freshwater-a1a5d96d024c,current_freshwater-461c418c1b62,current_freshwater,current_freshwater,train_split/Parasitic diseases/Parasitic diseases_125.jpg,train_split/Parasitic diseases/Parasitic diseases_aug_150.jpg,Parasitic diseases,Parasitic diseases,Parasitic Disease,Parasitic Disease,dhash,4393cbe626264b3f,0,NEAR_DUPLICATE,False,SAME_LABEL,KEEP_SAME_SPLIT,"identical dHash, different bytes (policy: near-duplicate groups stay in one split)"
current_freshwater-e3bf81cde9a7,kaptai-15692b31eef6,current_freshwater,kaptai,train_split/Healthy Fish/Healthy Fish_441.jpg,Healthy Fish/healthy (7).jpg,Healthy Fish,Healthy Fish,Healthy Fish,Healthy Fish,dhash,43c7c7868687070f,0,NEAR_DUPLICATE,True,SAME_LABEL,KEEP_SAME_SPLIT,"identical dHash, different bytes (policy: near-duplicate groups stay in one split)"
current_freshwater-07b12d8e8948,current_freshwater-69471f1c30f5,current_freshwater,current_freshwater,train_split/Bacterial Red disease/Bacterial Red disease_225.jpg,train_split/Bacterial Red disease/Bacterial Red disease_aug_252.jpg,Bacterial Red disease,Bacterial Red disease,Bacterial Red Disease,Bacterial Red Disease,dhash,44060f83e1001bff,0,NEAR_DUPLICATE,False,SAME_LABEL,KEEP_SAME_SPLIT,"identical dHash, different bytes (policy: near-duplicate groups stay in one split)"
roboflow-eb8be513c631,roboflow-de77017cef81,roboflow,roboflow,train/Healthy Fish/Healthy-Fish-6-_jpg.rf.c7c83b3ccf7ae6ea2e7638907eb2b8a6.jpg,valid/Healthy Fish/Healthy-Fish-122-_jpg.rf.2cbcb379bf0a0dd3f085c080ca30753c.jpg,Healthy Fish,Healthy Fish,Healthy Fish,Healthy Fish,dhash,461c1c27674e6c3c,0,NEAR_DUPLICATE,False,SAME_LABEL,KEEP_SAME_SPLIT,"identical dHash, different bytes (policy: near-duplicate groups stay in one split)"
mendeley-adfd2b4ec995,mendeley-145f6b118405,mendeley,mendeley,Healthy Fish/Silver_carp_(Hypophthalmichthys molitrix)/Fish_86/IMG20260315105454.jpg,Healthy Fish/Silver_carp_(Hypophthalmichthys molitrix)/Fish_86/IMG20260315105455.jpg,Healthy Fish,Healthy Fish,Healthy Fish,Healthy Fish,dhash,468e0fc7c4c09014,0,NEAR_DUPLICATE,False,SAME_LABEL,KEEP_SAME_SPLIT,"identical dHash, different bytes (policy: near-duplicate groups stay in one split)"
current_freshwater-52d46a177053,current_freshwater-dac25d474359,current_freshwater,current_freshwater,train_split/EUS/EUS_66.jpg,train_split/EUS/EUS_aug_97.jpg,EUS,EUS,EUS Disease,EUS Disease,dhash,474511401a321301,0,NEAR_DUPLICATE,False,SAME_LABEL,KEEP_SAME_SPLIT,"identical dHash, different bytes (policy: near-duplicate groups stay in one split)"
current_freshwater-713e068659c9,current_freshwater-7d7dd73b53af,current_freshwater,current_freshwater,train_split/Bacterial gill disease/Bacterial gill disease_174.jpg,train_split/Bacterial gill disease/Bacterial gill disease_aug_100.jpg,Bacterial gill disease,Bacterial gill disease,Bacterial Gill Disease,Bacterial Gill Disease,dhash,47e1f0f8f2f0f0f0,0,NEAR_DUPLICATE,False,SAME_LABEL,KEEP_SAME_SPLIT,"identical dHash, different bytes (policy: near-duplicate groups stay in one split)"
current_freshwater-8410d5fdf86c,current_freshwater-6062965dd908,current_freshwater,current_freshwater,train_split/Bacterial gill disease/Bacterial gill disease_242.jpg,train_split/Bacterial gill disease/Bacterial gill disease_aug_150.jpg,Bacterial gill disease,Bacterial gill disease,Bacterial Gill Disease,Bacterial Gill Disease,dhash,480c0e26251d4b43,0,NEAR_DUPLICATE,False,SAME_LABEL,KEEP_SAME_SPLIT,"identical dHash, different bytes (policy: near-duplicate groups stay in one split)"
mendeley-cad211beb393,mendeley-63d10b1369f7,mendeley,mendeley,Bacterial Gill Diseases/Grass_carp_(Ctenopharyngodon idella)/Fish_9/IMG20260212065327.jpg,Bacterial Gill Diseases/Grass_carp_(Ctenopharyngodon idella)/Fish_9/IMG20260212065328.jpg,Bacterial Gill Diseases,Bacterial Gill Diseases,Bacterial Gill Disease,Bacterial Gill Disease,dhash,484e78b0a828305c,0,NEAR_DUPLICATE,False,SAME_LABEL,KEEP_SAME_SPLIT,"identical dHash, different bytes (policy: near-duplicate groups stay in one split)"
current_freshwater-5a9e49a2843a,current_freshwater-a58a8e432974,current_freshwater,current_freshwater,train_split/EUS/EUS_304.jpg,train_split/EUS/EUS_aug_8.jpg,EUS,EUS,EUS Disease,EUS Disease,dhash,4948545c98303818,0,NEAR_DUPLICATE,False,SAME_LABEL,KEEP_SAME_SPLIT,"identical dHash, different bytes (policy: near-duplicate groups stay in one split)"
current_freshwater-77e0c3e8928a,current_freshwater-ecd193197dfb,current_freshwater,current_freshwater,train_split/Viral diseases White tail disease/Viral diseases White tail disease_23.jpg,train_split/Viral diseases White tail disease/Viral diseases White tail disease_aug_14.jpg,Viral diseases White tail disease,Viral diseases White tail disease,White Tail Disease,White Tail Disease,dhash,4b4f4d61d144060f,0,NEAR_DUPLICATE,False,SAME_LABEL,KEEP_SAME_SPLIT,"identical dHash, different bytes (policy: near-duplicate groups stay in one split)"
current_freshwater-77e0c3e8928a,current_freshwater-967efabd2084,current_freshwater,current_freshwater,train_split/Viral diseases White tail disease/Viral diseases White tail disease_23.jpg,train_split/Viral diseases White tail disease/Viral diseases White tail disease_aug_74.jpg,Viral diseases White tail disease,Viral diseases White tail disease,White Tail Disease,White Tail Disease,dhash,4b4f4d61d144060f,0,NEAR_DUPLICATE,False,SAME_LABEL,KEEP_SAME_SPLIT,"identical dHash, different bytes (policy: near-duplicate groups stay in one split)"
current_freshwater-ecd193197dfb,current_freshwater-967efabd2084,current_freshwater,current_freshwater,train_split/Viral diseases White tail disease/Viral diseases White tail disease_aug_14.jpg,train_split/Viral diseases White tail disease/Viral diseases White tail disease_aug_74.jpg,Viral diseases White tail disease,Viral diseases White tail disease,White Tail Disease,White Tail Disease,dhash,4b4f4d61d144060f,0,NEAR_DUPLICATE,False,SAME_LABEL,KEEP_SAME_SPLIT,"identical dHash, different bytes (policy: near-duplicate groups stay in one split)"
current_freshwater-af1070f7e4e9,current_freshwater-7175e9fee162,current_freshwater,current_freshwater,train_split/Bacterial Red disease/Bacterial Red disease_184.jpg,train_split/Bacterial Red disease/Bacterial Red disease_aug_192.jpg,Bacterial Red disease,Bacterial Red disease,Bacterial Red Disease,Bacterial Red Disease,dhash,4c464647074d4465,0,NEAR_DUPLICATE,False,SAME_LABEL,KEEP_SAME_SPLIT,"identical dHash, different bytes (policy: near-duplicate groups stay in one split)"
current_freshwater-0a3f71b71458,roboflow-7492561bd3be,current_freshwater,roboflow,train_split/Viral diseases White tail disease/Viral diseases White tail disease_32.png,valid/Viral diseases White tail disease/Viral-diseases-White-tail-disease-4-_png.rf.4ac9d33e555a4692bf75f4a360739344.jpg,Viral diseases White tail disease,Viral diseases White tail disease,White Tail Disease,White Tail Disease,dhash,4e2f071f1e3f3e3d,0,NEAR_DUPLICATE,True,SAME_LABEL,KEEP_SAME_SPLIT,"identical dHash, different bytes (policy: near-duplicate groups stay in one split)"
current_freshwater-6b60a7316902,current_freshwater-34d339af3d9c,current_freshwater,current_freshwater,train_split/Bacterial Red disease/Bacterial Red disease_193.jpg,train_split/Bacterial Red disease/Bacterial Red disease_aug_118.jpg,Bacterial Red disease,Bacterial Red disease,Bacterial Red Disease,Bacterial Red Disease,dhash,4eeee6e6eeccdcff,0,NEAR_DUPLICATE,False,SAME_LABEL,KEEP_SAME_SPLIT,"identical dHash, different bytes (policy: near-duplicate groups stay in one split)"
current_freshwater-782ee476de75,current_freshwater-a75aadc8cd89,current_freshwater,current_freshwater,train_split/Bacterial gill disease/Bacterial gill disease_99.jpg,train_split/Bacterial gill disease/Bacterial gill disease_aug_141.jpg,Bacterial gill disease,Bacterial gill disease,Bacterial Gill Disease,Bacterial Gill Disease,dhash,0103297135119d8e,0,NEAR_DUPLICATE,False,SAME_LABEL,KEEP_SAME_SPLIT,"identical dHash, different bytes (policy: near-duplicate groups stay in one split)"
current_freshwater-fe441e147007,current_freshwater-a03b8b2b124e,current_freshwater,current_freshwater,train_split/Bacterial Red disease/Bacterial Red disease_187.jpg,train_split/Bacterial Red disease/Bacterial Red disease_aug_96.jpg,Bacterial Red disease,Bacterial Red disease,Bacterial Red Disease,Bacterial Red Disease,dhash,4f47cfcf87071767,0,NEAR_DUPLICATE,False,SAME_LABEL,KEEP_SAME_SPLIT,"identical dHash, different bytes (policy: near-duplicate groups stay in one split)"
current_freshwater-88a6ca923091,current_freshwater-210f51e8623a,current_freshwater,current_freshwater,train_split/Bacterial diseases - Aeromoniasis/Bacterial diseases - Aeromoniasis_188.jpg,train_split/Bacterial diseases - Aeromoniasis/Bacterial diseases - Aeromoniasis_aug_75.jpg,Bacterial diseases - Aeromoniasis,Bacterial diseases - Aeromoniasis,Aeromoniasis,Aeromoniasis,dhash,4f64e07060a6c64e,0,NEAR_DUPLICATE,False,SAME_LABEL,KEEP_SAME_SPLIT,"identical dHash, different bytes (policy: near-duplicate groups stay in one split)"
current_freshwater-3f9d20e1d28c,current_freshwater-0e57153d697d,current_freshwater,current_freshwater,train_split/Bacterial gill disease/Bacterial gill disease_208.jpg,train_split/Bacterial gill disease/Bacterial gill disease_40.jpg,Bacterial gill disease,Bacterial gill disease,Bacterial Gill Disease,Bacterial Gill Disease,dhash,4fce8f8fcfcfc767,0,NEAR_DUPLICATE,False,SAME_LABEL,KEEP_SAME_SPLIT,"identical dHash, different bytes (policy: near-duplicate groups stay in one split)"
current_freshwater-3f9d20e1d28c,roboflow-6212a1a7db21,current_freshwater,roboflow,train_split/Bacterial gill disease/Bacterial gill disease_208.jpg,train/Bacterial gill disease/Bacterial-gill-disease-25-_jpg.rf.c303a71bb473aab5a6474f79186990b6.jpg,Bacterial gill disease,Bacterial gill disease,Bacterial Gill Disease,Bacterial Gill Disease,dhash,4fce8f8fcfcfc767,0,NEAR_DUPLICATE,True,SAME_LABEL,KEEP_SAME_SPLIT,"identical dHash, different bytes (policy: near-duplicate groups stay in one split)"
current_freshwater-3f9d20e1d28c,roboflow-0185b66a4d2a,current_freshwater,roboflow,train_split/Bacterial gill disease/Bacterial gill disease_208.jpg,valid/Bacterial gill disease/Bacterial-gill-disease-8-_jpg.rf.0703c2bc3d4fe485a8d6c25b1ea12d59.jpg,Bacterial gill disease,Bacterial gill disease,Bacterial Gill Disease,Bacterial Gill Disease,dhash,4fce8f8fcfcfc767,0,NEAR_DUPLICATE,True,SAME_LABEL,KEEP_SAME_SPLIT,"identical dHash, different bytes (policy: near-duplicate groups stay in one split)"
current_freshwater-0e57153d697d,roboflow-6212a1a7db21,current_freshwater,roboflow,train_split/Bacterial gill disease/Bacterial gill disease_40.jpg,train/Bacterial gill disease/Bacterial-gill-disease-25-_jpg.rf.c303a71bb473aab5a6474f79186990b6.jpg,Bacterial gill disease,Bacterial gill disease,Bacterial Gill Disease,Bacterial Gill Disease,dhash,4fce8f8fcfcfc767,0,NEAR_DUPLICATE,True,SAME_LABEL,KEEP_SAME_SPLIT,"identical dHash, different bytes (policy: near-duplicate groups stay in one split)"
current_freshwater-0e57153d697d,roboflow-0185b66a4d2a,current_freshwater,roboflow,train_split/Bacterial gill disease/Bacterial gill disease_40.jpg,valid/Bacterial gill disease/Bacterial-gill-disease-8-_jpg.rf.0703c2bc3d4fe485a8d6c25b1ea12d59.jpg,Bacterial gill disease,Bacterial gill disease,Bacterial Gill Disease,Bacterial Gill Disease,dhash,4fce8f8fcfcfc767,0,NEAR_DUPLICATE,True,SAME_LABEL,KEEP_SAME_SPLIT,"identical dHash, different bytes (policy: near-duplicate groups stay in one split)"
roboflow-6212a1a7db21,roboflow-0185b66a4d2a,roboflow,roboflow,train/Bacterial gill disease/Bacterial-gill-disease-25-_jpg.rf.c303a71bb473aab5a6474f79186990b6.jpg,valid/Bacterial gill disease/Bacterial-gill-disease-8-_jpg.rf.0703c2bc3d4fe485a8d6c25b1ea12d59.jpg,Bacterial gill disease,Bacterial gill disease,Bacterial Gill Disease,Bacterial Gill Disease,dhash,4fce8f8fcfcfc767,0,NEAR_DUPLICATE,False,SAME_LABEL,KEEP_SAME_SPLIT,"identical dHash, different bytes (policy: near-duplicate groups stay in one split)"
current_freshwater-e0ab02452d91,current_freshwater-99eeaf7ef500,current_freshwater,current_freshwater,train_split/Bacterial diseases - Aeromoniasis/Bacterial diseases - Aeromoniasis_3.png,train_split/Bacterial diseases - Aeromoniasis/Bacterial diseases - Aeromoniasis_aug_149.jpg,Bacterial diseases - Aeromoniasis,Bacterial diseases - Aeromoniasis,Aeromoniasis,Aeromoniasis,dhash,4fe3f2b030b0b3a7,0,NEAR_DUPLICATE,False,SAME_LABEL,KEEP_SAME_SPLIT,"identical dHash, different bytes (policy: near-duplicate groups stay in one split)"
current_freshwater-e0ab02452d91,roboflow-6956e9d0c5a9,current_freshwater,roboflow,train_split/Bacterial diseases - Aeromoniasis/Bacterial diseases - Aeromoniasis_3.png,train/Bacterial diseases - Aeromoniasis/Bacterial-diseases-Aeromoniasis-1-_png.rf.d1ee6686e5a693d48964b16ee2aefc33.jpg,Bacterial diseases - Aeromoniasis,Bacterial diseases - Aeromoniasis,Aeromoniasis,Aeromoniasis,dhash,4fe3f2b030b0b3a7,0,NEAR_DUPLICATE,True,SAME_LABEL,KEEP_SAME_SPLIT,"identical dHash, different bytes (policy: near-duplicate groups stay in one split)"
current_freshwater-99eeaf7ef500,roboflow-6956e9d0c5a9,current_freshwater,roboflow,train_split/Bacterial diseases - Aeromoniasis/Bacterial diseases - Aeromoniasis_aug_149.jpg,train/Bacterial diseases - Aeromoniasis/Bacterial-diseases-Aeromoniasis-1-_png.rf.d1ee6686e5a693d48964b16ee2aefc33.jpg,Bacterial diseases - Aeromoniasis,Bacterial diseases - Aeromoniasis,Aeromoniasis,Aeromoniasis,dhash,4fe3f2b030b0b3a7,0,NEAR_DUPLICATE,True,SAME_LABEL,KEEP_SAME_SPLIT,"identical dHash, different bytes (policy: near-duplicate groups stay in one split)"
current_freshwater-3e11dcf00e6d,current_freshwater-e9b222d1b846,current_freshwater,current_freshwater,train_split/EUS/EUS_265.jpg,train_split/EUS/EUS_aug_144.jpg,EUS,EUS,EUS Disease,EUS Disease,dhash,5098c9cf86c7e1c2,0,NEAR_DUPLICATE,False,SAME_LABEL,KEEP_SAME_SPLIT,"identical dHash, different bytes (policy: near-duplicate groups stay in one split)"
paper_dataset-faa54f9452d2,paper_dataset-46caff46a954,paper_dataset,paper_dataset,InfectedFish/infected_213.png,InfectedFish/infected_311.png,InfectedFish,InfectedFish,,,dhash,51d107031f7b3b3e,0,NEAR_DUPLICATE,False,UNRESOLVED_LABEL,REVIEW,"identical dHash, a label is unresolved; the match is evidence for the mapping decision"
current_freshwater-f1e0e8b68ef2,kaptai-3ce66ef7b476,current_freshwater,kaptai,test_split/Bacterial gill disease_Bacterial gill disease_6.jpg,THE BACTERIAL GILL ROT/8088d0cc7e5bdb7cc9641ce262e8029e.jpg,Bacterial gill disease,THE BACTERIAL GILL ROT,Bacterial Gill Disease,,dhash,525214058ccecccc,0,NEAR_DUPLICATE,True,UNRESOLVED_LABEL,REVIEW,"identical dHash, a label is unresolved; the match is evidence for the mapping decision"
mendeley-c23d01c7a6f4,mendeley-b7b7b72719e4,mendeley,mendeley,Healthy Fish/Silver_carp_(Hypophthalmichthys molitrix)/Fish_83/IMG20260315103715.jpg,Healthy Fish/Silver_carp_(Hypophthalmichthys molitrix)/Fish_84/IMG20260315103712.jpg,Healthy Fish,Healthy Fish,Healthy Fish,Healthy Fish,dhash,5353d35164636567,0,NEAR_DUPLICATE,False,SAME_LABEL,KEEP_SAME_SPLIT,"identical dHash, different bytes (policy: near-duplicate groups stay in one split)"
current_freshwater-ca0f2acc641e,current_freshwater-90898c6302e2,current_freshwater,current_freshwater,train_split/Fungal diseases Saprolegniasis/Fungal diseases Saprolegniasis_239.jpg,train_split/Fungal diseases Saprolegniasis/Fungal diseases Saprolegniasis_aug_365.jpg,Fungal diseases Saprolegniasis,Fungal diseases Saprolegniasis,Saprolegniasis,Saprolegniasis,dhash,010c1e3838f8f0f0,0,NEAR_DUPLICATE,False,SAME_LABEL,KEEP_SAME_SPLIT,"identical dHash, different bytes (policy: near-duplicate groups stay in one split)"
current_freshwater-f43dc48daa75,roboflow-b8733d7cf649,current_freshwater,roboflow,train_split/Viral diseases White tail disease/Viral diseases White tail disease_18.jpg,train/Viral diseases White tail disease/Viral-diseases-White-tail-disease-19-_jpg.rf.e24cf9903f18ed760d2d4bb1612c6cc5.jpg,Viral diseases White tail disease,Viral diseases White tail disease,White Tail Disease,White Tail Disease,dhash,537ef6c3c7e7f581,0,NEAR_DUPLICATE,True,SAME_LABEL,KEEP_SAME_SPLIT,"identical dHash, different bytes (policy: near-duplicate groups stay in one split)"
roboflow-ae488149eb69,roboflow-336880c13dc8,roboflow,roboflow,train/Healthy Fish/Healthy-Fish-119-_jpg.rf.d13f7f472549f3b7e1955cd8123ee481.jpg,train/Healthy Fish/Healthy-Fish-173-_jpg.rf.49d6360a888a3c34bc8f9530772f86bc.jpg,Healthy Fish,Healthy Fish,Healthy Fish,Healthy Fish,dhash,011171caff350707,0,NEAR_DUPLICATE,False,SAME_LABEL,KEEP_SAME_SPLIT,"identical dHash, different bytes (policy: near-duplicate groups stay in one split)"
mendeley-726a5d915a80,mendeley-c530dd87c351,mendeley,mendeley,Healthy Fish/Silver_carp_(Hypophthalmichthys molitrix)/Fish_85/IMG20260315104659.jpg,Healthy Fish/Silver_carp_(Hypophthalmichthys molitrix)/Fish_85/IMG20260315104700.jpg,Healthy Fish,Healthy Fish,Healthy Fish,Healthy Fish,dhash,5919183c3c389868,0,NEAR_DUPLICATE,False,SAME_LABEL,KEEP_SAME_SPLIT,"identical dHash, different bytes (policy: near-duplicate groups stay in one split)"
current_freshwater-62d8725a1646,kaptai-0e7bb28d085d,current_freshwater,kaptai,train_split/EUS/EUS_8.jpg,EUS/16.jpg,EUS,EUS,EUS Disease,EUS Disease,dhash,5bc3831f1fc7eeae,0,NEAR_DUPLICATE,True,SAME_LABEL,KEEP_SAME_SPLIT,"identical dHash, different bytes (policy: near-duplicate groups stay in one split)"
mendeley-ba0ce0514b1d,mendeley-a100c12170f8,mendeley,mendeley,Bacterial Red Diseases/Rui_(Labeo rohita)/Fish_46/IMG20260207071840.jpg,Bacterial Red Diseases/Rui_(Labeo rohita)/Fish_46/IMG20260207071841.jpg,Bacterial Red Diseases,Bacterial Red Diseases,Bacterial Red Disease,Bacterial Red Disease,dhash,5c7c7cdcdc5cdcdc,0,NEAR_DUPLICATE,False,SAME_LABEL,KEEP_SAME_SPLIT,"identical dHash, different bytes (policy: near-duplicate groups stay in one split)"
mendeley-6ca49fb21a37,mendeley-bbec39ecfd82,mendeley,mendeley,Epizootic Ulcerative Syndrome (EUS)/Silver_carp_(Hypophthalmichthys molitrix)/Fish_74/IMG20260206071401.jpg,Epizootic Ulcerative Syndrome (EUS)/Silver_carp_(Hypophthalmichthys molitrix)/Fish_74/IMG20260206071402.jpg,Epizootic Ulcerative Syndrome (EUS),Epizootic Ulcerative Syndrome (EUS),EUS Disease,EUS Disease,dhash,5d0f074cf8e1d1d1,0,NEAR_DUPLICATE,False,SAME_LABEL,KEEP_SAME_SPLIT,"identical dHash, different bytes (policy: near-duplicate groups stay in one split)"
mendeley-4ce7eb5077ec,mendeley-47e80648ec9d,mendeley,mendeley,Epizootic Ulcerative Syndrome (EUS)/Silver_carp_(Hypophthalmichthys molitrix)/Fish_74/IMG20260206071352.jpg,Epizootic Ulcerative Syndrome (EUS)/Silver_carp_(Hypophthalmichthys molitrix)/Fish_74/IMG20260206071353.jpg,Epizootic Ulcerative Syndrome (EUS),Epizootic Ulcerative Syndrome (EUS),EUS Disease,EUS Disease,dhash,5e06064cf8f05041,0,NEAR_DUPLICATE,False,SAME_LABEL,KEEP_SAME_SPLIT,"identical dHash, different bytes (policy: near-duplicate groups stay in one split)"
mendeley-4ce7eb5077ec,mendeley-24c693a568fb,mendeley,mendeley,Epizootic Ulcerative Syndrome (EUS)/Silver_carp_(Hypophthalmichthys molitrix)/Fish_74/IMG20260206071352.jpg,Epizootic Ulcerative Syndrome (EUS)/Silver_carp_(Hypophthalmichthys molitrix)/Fish_74/IMG20260206071354.jpg,Epizootic Ulcerative Syndrome (EUS),Epizootic Ulcerative Syndrome (EUS),EUS Disease,EUS Disease,dhash,5e06064cf8f05041,0,NEAR_DUPLICATE,False,SAME_LABEL,KEEP_SAME_SPLIT,"identical dHash, different bytes (policy: near-duplicate groups stay in one split)"
mendeley-47e80648ec9d,mendeley-24c693a568fb,mendeley,mendeley,Epizootic Ulcerative Syndrome (EUS)/Silver_carp_(Hypophthalmichthys molitrix)/Fish_74/IMG20260206071353.jpg,Epizootic Ulcerative Syndrome (EUS)/Silver_carp_(Hypophthalmichthys molitrix)/Fish_74/IMG20260206071354.jpg,Epizootic Ulcerative Syndrome (EUS),Epizootic Ulcerative Syndrome (EUS),EUS Disease,EUS Disease,dhash,5e06064cf8f05041,0,NEAR_DUPLICATE,False,SAME_LABEL,KEEP_SAME_SPLIT,"identical dHash, different bytes (policy: near-duplicate groups stay in one split)"
current_freshwater-c771c7dd6d73,current_freshwater-9f9e3907cb14,current_freshwater,current_freshwater,test_split/Bacterial diseases - Aeromoniasis_Bacterial diseases - Aeromoniasis_7.jpg,train_split/Bacterial diseases - Aeromoniasis/Bacterial diseases - Aeromoniasis_aug_104.jpg,Bacterial diseases - Aeromoniasis,Bacterial diseases - Aeromoniasis,Aeromoniasis,Aeromoniasis,dhash,5f1f170f0f070e8b,0,NEAR_DUPLICATE,False,SAME_LABEL,KEEP_SAME_SPLIT,"identical dHash, different bytes (policy: near-duplicate groups stay in one split)"
current_freshwater-30e16c543723,roboflow-2bd6db4c90cd,current_freshwater,roboflow,train_split/Bacterial Red disease/Bacterial Red disease_3.png,valid/Bacterial Red disease/Bacterial-Red-disease-1-_png.rf.bd18e0541de5ee1b9afe54402b385018.jpg,Bacterial Red disease,Bacterial Red disease,Bacterial Red Disease,Bacterial Red Disease,dhash,5f5fff77672b9b07,0,NEAR_DUPLICATE,True,SAME_LABEL,KEEP_SAME_SPLIT,"identical dHash, different bytes (policy: near-duplicate groups stay in one split)"
kaptai-c6759fc4ba24,roboflow-82c7ba3f1986,kaptai,roboflow,Argulus/argulus (2).jpg,test/Bacterial Red disease/Bacterial-Red-disease-7-_jpg.rf.1e7792ef5f318fc2dfe8154cb1858b8b.jpg,Argulus,Bacterial Red disease,,Bacterial Red Disease,dhash,5fc674e6e6c2f0ff,0,NEAR_DUPLICATE,True,UNRESOLVED_LABEL,REVIEW,"identical dHash, a label is unresolved; the match is evidence for the mapping decision"
current_freshwater-cafb14d96de6,current_freshwater-f63c116b910e,current_freshwater,current_freshwater,train_split/EUS/EUS_313.jpg,train_split/EUS/EUS_aug_171.jpg,EUS,EUS,EUS Disease,EUS Disease,dhash,60203810c2c16060,0,NEAR_DUPLICATE,False,SAME_LABEL,KEEP_SAME_SPLIT,"identical dHash, different bytes (policy: near-duplicate groups stay in one split)"
current_freshwater-b9ce020cfd9d,current_freshwater-ce9d50b6da57,current_freshwater,current_freshwater,train_split/EUS/EUS_86.jpg,train_split/EUS/EUS_aug_135.jpg,EUS,EUS,EUS Disease,EUS Disease,dhash,6060484960313343,0,NEAR_DUPLICATE,False,SAME_LABEL,KEEP_SAME_SPLIT,"identical dHash, different bytes (policy: near-duplicate groups stay in one split)"
current_freshwater-b9ce020cfd9d,current_freshwater-4b7e11307d48,current_freshwater,current_freshwater,train_split/EUS/EUS_86.jpg,train_split/EUS/EUS_aug_73.jpg,EUS,EUS,EUS Disease,EUS Disease,dhash,6060484960313343,0,NEAR_DUPLICATE,False,SAME_LABEL,KEEP_SAME_SPLIT,"identical dHash, different bytes (policy: near-duplicate groups stay in one split)"
current_freshwater-6a26edd700ea,roboflow-e5d51ceb2d1d,current_freshwater,roboflow,train_split/Bacterial Red disease/Bacterial Red disease_44.png,train/Bacterial Red disease/Bacterial-Red-disease-5-_png.rf.254a5d01d662f21b59a739502c4990ff.jpg,Bacterial Red disease,Bacterial Red disease,Bacterial Red Disease,Bacterial Red Disease,dhash,6062c28acaced000,0,NEAR_DUPLICATE,True,SAME_LABEL,KEEP_SAME_SPLIT,"identical dHash, different bytes (policy: near-duplicate groups stay in one split)"
current_freshwater-ea20d5d1128a,current_freshwater-45076691c66a,current_freshwater,current_freshwater,test_split/Bacterial gill disease_Bacterial gill disease_305.jpg,train_split/Bacterial gill disease/Bacterial gill disease_aug_247.jpg,Bacterial gill disease,Bacterial gill disease,Bacterial Gill Disease,Bacterial Gill Disease,dhash,6068a12163330723,0,NEAR_DUPLICATE,False,SAME_LABEL,KEEP_SAME_SPLIT,"identical dHash, different bytes (policy: near-duplicate groups stay in one split)"
current_freshwater-d086957fabb5,current_freshwater-0082b6b8ee98,current_freshwater,current_freshwater,train_split/Parasitic diseases/Parasitic diseases_195.jpg,train_split/Parasitic diseases/Parasitic diseases_aug_83.jpg,Parasitic diseases,Parasitic diseases,Parasitic Disease,Parasitic Disease,dhash,607078fcf16f9ec2,0,NEAR_DUPLICATE,False,SAME_LABEL,KEEP_SAME_SPLIT,"identical dHash, different bytes (policy: near-duplicate groups stay in one split)"
current_freshwater-737869d6a490,current_freshwater-687f4c7656d3,current_freshwater,current_freshwater,train_split/Parasitic diseases/Parasitic diseases_aug_152.jpg,train_split/Parasitic diseases/Parasitic diseases_aug_238.jpg,Parasitic diseases,Parasitic diseases,Parasitic Disease,Parasitic Disease,dhash,6077666760606165,0,NEAR_DUPLICATE,False,SAME_LABEL,KEEP_SAME_SPLIT,"identical dHash, different bytes (policy: near-duplicate groups stay in one split)"
current_freshwater-c674d1485e81,current_freshwater-687f4c7656d3,current_freshwater,current_freshwater,train_split/Parasitic diseases/Parasitic diseases_aug_194.jpg,train_split/Parasitic diseases/Parasitic diseases_aug_238.jpg,Parasitic diseases,Parasitic diseases,Parasitic Disease,Parasitic Disease,dhash,6077666760606165,0,NEAR_DUPLICATE,False,SAME_LABEL,KEEP_SAME_SPLIT,"identical dHash, different bytes (policy: near-duplicate groups stay in one split)"
current_freshwater-687f4c7656d3,current_freshwater-322a699596e9,current_freshwater,current_freshwater,train_split/Parasitic diseases/Parasitic diseases_aug_238.jpg,train_split/Parasitic diseases/Parasitic diseases_aug_98.jpg,Parasitic diseases,Parasitic diseases,Parasitic Disease,Parasitic Disease,dhash,6077666760606165,0,NEAR_DUPLICATE,False,SAME_LABEL,KEEP_SAME_SPLIT,"identical dHash, different bytes (policy: near-duplicate groups stay in one split)"
current_freshwater-1465d07ad8e2,current_freshwater-d8034a0f1ceb,current_freshwater,current_freshwater,train_split/Bacterial Red disease/Bacterial Red disease_98.jpg,train_split/Bacterial Red disease/Bacterial Red disease_aug_282.jpg,Bacterial Red disease,Bacterial Red disease,Bacterial Red Disease,Bacterial Red Disease,dhash,60d8fcc65313e676,0,NEAR_DUPLICATE,False,SAME_LABEL,KEEP_SAME_SPLIT,"identical dHash, different bytes (policy: near-duplicate groups stay in one split)"
paper_dataset-8527c10c76f2,paper_dataset-46f02f54ec78,paper_dataset,paper_dataset,InfectedFish/infected_668.png,InfectedFish/infected_713.png,InfectedFish,InfectedFish,,,dhash,60e0b0989efaf274,0,NEAR_DUPLICATE,False,UNRESOLVED_LABEL,REVIEW,"identical dHash, a label is unresolved; the match is evidence for the mapping decision"
current_freshwater-9c08ff412a6d,roboflow-544baf903566,current_freshwater,roboflow,train_split/Bacterial gill disease/Bacterial gill disease_80.jpg,train/Bacterial gill disease/Bacterial-gill-disease-10-_jpg.rf.3f5b700b6e0a760cf308807a25530c1e.jpg,Bacterial gill disease,Bacterial gill disease,Bacterial Gill Disease,Bacterial Gill Disease,dhash,60e0d0c0e2e06028,0,NEAR_DUPLICATE,True,SAME_LABEL,KEEP_SAME_SPLIT,"identical dHash, different bytes (policy: near-duplicate groups stay in one split)"
current_freshwater-dcc8c8b15718,current_freshwater-428a6eba2931,current_freshwater,current_freshwater,train_split/EUS/EUS_311.jpg,train_split/EUS/EUS_aug_111.jpg,EUS,EUS,EUS Disease,EUS Disease,dhash,60e0d88ea3c1e0e0,0,NEAR_DUPLICATE,False,SAME_LABEL,KEEP_SAME_SPLIT,"identical dHash, different bytes (policy: near-duplicate groups stay in one split)"
current_freshwater-e7b061f3b503,roboflow-8b0b9dc5f609,current_freshwater,roboflow,train_split/Parasitic diseases/Parasitic diseases_27.jpg,test/Parasitic diseases/Parasitic-diseases-10-_jpeg.rf.202c0324c3df7edfe48ad74edd0a092a.jpg,Parasitic diseases,Parasitic diseases,Parasitic Disease,Parasitic Disease,dhash,0131f1f1797d1b03,0,NEAR_DUPLICATE,True,SAME_LABEL,KEEP_SAME_SPLIT,"identical dHash, different bytes (policy: near-duplicate groups stay in one split)"
current_freshwater-e7b061f3b503,roboflow-87e6dc4eb839,current_freshwater,roboflow,train_split/Parasitic diseases/Parasitic diseases_27.jpg,train/Parasitic diseases/Parasitic-diseases-26-_jpg.rf.6c65b0565aa8179258c69c01cac4b4d3.jpg,Parasitic diseases,Parasitic diseases,Parasitic Disease,Parasitic Disease,dhash,0131f1f1797d1b03,0,NEAR_DUPLICATE,True,SAME_LABEL,KEEP_SAME_SPLIT,"identical dHash, different bytes (policy: near-duplicate groups stay in one split)"
roboflow-8b0b9dc5f609,roboflow-87e6dc4eb839,roboflow,roboflow,test/Parasitic diseases/Parasitic-diseases-10-_jpeg.rf.202c0324c3df7edfe48ad74edd0a092a.jpg,train/Parasitic diseases/Parasitic-diseases-26-_jpg.rf.6c65b0565aa8179258c69c01cac4b4d3.jpg,Parasitic diseases,Parasitic diseases,Parasitic Disease,Parasitic Disease,dhash,0131f1f1797d1b03,0,NEAR_DUPLICATE,False,SAME_LABEL,KEEP_SAME_SPLIT,"identical dHash, different bytes (policy: near-duplicate groups stay in one split)"
current_freshwater-64427a2cac11,roboflow-7c463da16621,current_freshwater,roboflow,test_split/Bacterial diseases - Aeromoniasis_Bacterial diseases - Aeromoniasis_92.jpg,train/Bacterial diseases - Aeromoniasis/Bacterial-diseases-Aeromoniasis-19-_jpg.rf.a91115bc7e8e63cf2817a079d8cd8fc4.jpg,Bacterial diseases - Aeromoniasis,Bacterial diseases - Aeromoniasis,Aeromoniasis,Aeromoniasis,dhash,60f0d8d8dae0e1e1,0,NEAR_DUPLICATE,True,SAME_LABEL,KEEP_SAME_SPLIT,"identical dHash, different bytes (policy: near-duplicate groups stay in one split)"
current_freshwater-9e5d71410147,current_freshwater-0dd64a57128f,current_freshwater,current_freshwater,train_split/Fungal diseases Saprolegniasis/Fungal diseases Saprolegniasis_aug_280.jpg,train_split/Fungal diseases Saprolegniasis/Fungal diseases Saprolegniasis_aug_33.jpg,Fungal diseases Saprolegniasis,Fungal diseases Saprolegniasis,Saprolegniasis,Saprolegniasis,dhash,60f0d9c0c1f0f230,0,NEAR_DUPLICATE,False,SAME_LABEL,KEEP_SAME_SPLIT,"identical dHash, different bytes (policy: near-duplicate groups stay in one split)"
current_freshwater-a1370c214fdf,current_freshwater-edc131166d7a,current_freshwater,current_freshwater,train_split/Fungal diseases Saprolegniasis/Fungal diseases Saprolegniasis_129.jpg,train_split/Fungal diseases Saprolegniasis/Fungal diseases Saprolegniasis_aug_23.jpg,Fungal diseases Saprolegniasis,Fungal diseases Saprolegniasis,Saprolegniasis,Saprolegniasis,dhash,6262500321393163,0,NEAR_DUPLICATE,False,SAME_LABEL,KEEP_SAME_SPLIT,"identical dHash, different bytes (policy: near-duplicate groups stay in one split)"
current_freshwater-a1370c214fdf,current_freshwater-4015e12aa68d,current_freshwater,current_freshwater,train_split/Fungal diseases Saprolegniasis/Fungal diseases Saprolegniasis_129.jpg,train_split/Fungal diseases Saprolegniasis/Fungal diseases Saprolegniasis_aug_347.jpg,Fungal diseases Saprolegniasis,Fungal diseases Saprolegniasis,Saprolegniasis,Saprolegniasis,dhash,6262500321393163,0,NEAR_DUPLICATE,False,SAME_LABEL,KEEP_SAME_SPLIT,"identical dHash, different bytes (policy: near-duplicate groups stay in one split)"
current_freshwater-b1a9ffa421ca,current_freshwater-4d95a73a7cce,current_freshwater,current_freshwater,train_split/Bacterial Red disease/Bacterial Red disease_154.jpg,train_split/Bacterial Red disease/Bacterial Red disease_aug_167.jpg,Bacterial Red disease,Bacterial Red disease,Bacterial Red Disease,Bacterial Red Disease,dhash,628309080a0a4cf9,0,NEAR_DUPLICATE,False,SAME_LABEL,KEEP_SAME_SPLIT,"identical dHash, different bytes (policy: near-duplicate groups stay in one split)"
mendeley-0dc15b85570a,mendeley-93120afb1fd3,mendeley,mendeley,Healthy Fish/Silver_carp_(Hypophthalmichthys molitrix)/Fish_84/IMG20260315103912.jpg,Healthy Fish/Silver_carp_(Hypophthalmichthys molitrix)/Fish_84/IMG20260315103912_01.jpg,Healthy Fish,Healthy Fish,Healthy Fish,Healthy Fish,dhash,6349c9c1c9c16861,0,NEAR_DUPLICATE,False,SAME_LABEL,KEEP_SAME_SPLIT,"identical dHash, different bytes (policy: near-duplicate groups stay in one split)"
mendeley-0dc15b85570a,mendeley-f2a37c7e67b7,mendeley,mendeley,Healthy Fish/Silver_carp_(Hypophthalmichthys molitrix)/Fish_84/IMG20260315103912.jpg,Healthy Fish/Silver_carp_(Hypophthalmichthys molitrix)/Fish_85/IMG20260315103914.jpg,Healthy Fish,Healthy Fish,Healthy Fish,Healthy Fish,dhash,6349c9c1c9c16861,0,NEAR_DUPLICATE,False,SAME_LABEL,KEEP_SAME_SPLIT,"identical dHash, different bytes (policy: near-duplicate groups stay in one split)"
mendeley-0dc15b85570a,mendeley-adbbc8f0aabd,mendeley,mendeley,Healthy Fish/Silver_carp_(Hypophthalmichthys molitrix)/Fish_84/IMG20260315103912.jpg,Healthy Fish/Silver_carp_(Hypophthalmichthys molitrix)/Fish_85/IMG20260315103915.jpg,Healthy Fish,Healthy Fish,Healthy Fish,Healthy Fish,dhash,6349c9c1c9c16861,0,NEAR_DUPLICATE,False,SAME_LABEL,KEEP_SAME_SPLIT,"identical dHash, different bytes (policy: near-duplicate groups stay in one split)"
mendeley-0dc15b85570a,mendeley-1673a2af914d,mendeley,mendeley,Healthy Fish/Silver_carp_(Hypophthalmichthys molitrix)/Fish_84/IMG20260315103912.jpg,Healthy Fish/Silver_carp_(Hypophthalmichthys molitrix)/Fish_86/IMG20260315103917.jpg,Healthy Fish,Healthy Fish,Healthy Fish,Healthy Fish,dhash,6349c9c1c9c16861,0,NEAR_DUPLICATE,False,SAME_LABEL,KEEP_SAME_SPLIT,"identical dHash, different bytes (policy: near-duplicate groups stay in one split)"
mendeley-0dc15b85570a,mendeley-3163a4ed6538,mendeley,mendeley,Healthy Fish/Silver_carp_(Hypophthalmichthys molitrix)/Fish_84/IMG20260315103912.jpg,Healthy Fish/Silver_carp_(Hypophthalmichthys molitrix)/Fish_86/IMG20260315103918.jpg,Healthy Fish,Healthy Fish,Healthy Fish,Healthy Fish,dhash,6349c9c1c9c16861,0,NEAR_DUPLICATE,False,SAME_LABEL,KEEP_SAME_SPLIT,"identical dHash, different bytes (policy: near-duplicate groups stay in one split)"
mendeley-93120afb1fd3,mendeley-f2a37c7e67b7,mendeley,mendeley,Healthy Fish/Silver_carp_(Hypophthalmichthys molitrix)/Fish_84/IMG20260315103912_01.jpg,Healthy Fish/Silver_carp_(Hypophthalmichthys molitrix)/Fish_85/IMG20260315103914.jpg,Healthy Fish,Healthy Fish,Healthy Fish,Healthy Fish,dhash,6349c9c1c9c16861,0,NEAR_DUPLICATE,False,SAME_LABEL,KEEP_SAME_SPLIT,"identical dHash, different bytes (policy: near-duplicate groups stay in one split)"
mendeley-93120afb1fd3,mendeley-adbbc8f0aabd,mendeley,mendeley,Healthy Fish/Silver_carp_(Hypophthalmichthys molitrix)/Fish_84/IMG20260315103912_01.jpg,Healthy Fish/Silver_carp_(Hypophthalmichthys molitrix)/Fish_85/IMG20260315103915.jpg,Healthy Fish,Healthy Fish,Healthy Fish,Healthy Fish,dhash,6349c9c1c9c16861,0,NEAR_DUPLICATE,False,SAME_LABEL,KEEP_SAME_SPLIT,"identical dHash, different bytes (policy: near-duplicate groups stay in one split)"
mendeley-93120afb1fd3,mendeley-1673a2af914d,mendeley,mendeley,Healthy Fish/Silver_carp_(Hypophthalmichthys molitrix)/Fish_84/IMG20260315103912_01.jpg,Healthy Fish/Silver_carp_(Hypophthalmichthys molitrix)/Fish_86/IMG20260315103917.jpg,Healthy Fish,Healthy Fish,Healthy Fish,Healthy Fish,dhash,6349c9c1c9c16861,0,NEAR_DUPLICATE,False,SAME_LABEL,KEEP_SAME_SPLIT,"identical dHash, different bytes (policy: near-duplicate groups stay in one split)"
mendeley-93120afb1fd3,mendeley-3163a4ed6538,mendeley,mendeley,Healthy Fish/Silver_carp_(Hypophthalmichthys molitrix)/Fish_84/IMG20260315103912_01.jpg,Healthy Fish/Silver_carp_(Hypophthalmichthys molitrix)/Fish_86/IMG20260315103918.jpg,Healthy Fish,Healthy Fish,Healthy Fish,Healthy Fish,dhash,6349c9c1c9c16861,0,NEAR_DUPLICATE,False,SAME_LABEL,KEEP_SAME_SPLIT,"identical dHash, different bytes (policy: near-duplicate groups stay in one split)"
mendeley-f2a37c7e67b7,mendeley-adbbc8f0aabd,mendeley,mendeley,Healthy Fish/Silver_carp_(Hypophthalmichthys molitrix)/Fish_85/IMG20260315103914.jpg,Healthy Fish/Silver_carp_(Hypophthalmichthys molitrix)/Fish_85/IMG20260315103915.jpg,Healthy Fish,Healthy Fish,Healthy Fish,Healthy Fish,dhash,6349c9c1c9c16861,0,NEAR_DUPLICATE,False,SAME_LABEL,KEEP_SAME_SPLIT,"identical dHash, different bytes (policy: near-duplicate groups stay in one split)"
mendeley-f2a37c7e67b7,mendeley-1673a2af914d,mendeley,mendeley,Healthy Fish/Silver_carp_(Hypophthalmichthys molitrix)/Fish_85/IMG20260315103914.jpg,Healthy Fish/Silver_carp_(Hypophthalmichthys molitrix)/Fish_86/IMG20260315103917.jpg,Healthy Fish,Healthy Fish,Healthy Fish,Healthy Fish,dhash,6349c9c1c9c16861,0,NEAR_DUPLICATE,False,SAME_LABEL,KEEP_SAME_SPLIT,"identical dHash, different bytes (policy: near-duplicate groups stay in one split)"
mendeley-f2a37c7e67b7,mendeley-3163a4ed6538,mendeley,mendeley,Healthy Fish/Silver_carp_(Hypophthalmichthys molitrix)/Fish_85/IMG20260315103914.jpg,Healthy Fish/Silver_carp_(Hypophthalmichthys molitrix)/Fish_86/IMG20260315103918.jpg,Healthy Fish,Healthy Fish,Healthy Fish,Healthy Fish,dhash,6349c9c1c9c16861,0,NEAR_DUPLICATE,False,SAME_LABEL,KEEP_SAME_SPLIT,"identical dHash, different bytes (policy: near-duplicate groups stay in one split)"
mendeley-adbbc8f0aabd,mendeley-1673a2af914d,mendeley,mendeley,Healthy Fish/Silver_carp_(Hypophthalmichthys molitrix)/Fish_85/IMG20260315103915.jpg,Healthy Fish/Silver_carp_(Hypophthalmichthys molitrix)/Fish_86/IMG20260315103917.jpg,Healthy Fish,Healthy Fish,Healthy Fish,Healthy Fish,dhash,6349c9c1c9c16861,0,NEAR_DUPLICATE,False,SAME_LABEL,KEEP_SAME_SPLIT,"identical dHash, different bytes (policy: near-duplicate groups stay in one split)"
mendeley-adbbc8f0aabd,mendeley-3163a4ed6538,mendeley,mendeley,Healthy Fish/Silver_carp_(Hypophthalmichthys molitrix)/Fish_85/IMG20260315103915.jpg,Healthy Fish/Silver_carp_(Hypophthalmichthys molitrix)/Fish_86/IMG20260315103918.jpg,Healthy Fish,Healthy Fish,Healthy Fish,Healthy Fish,dhash,6349c9c1c9c16861,0,NEAR_DUPLICATE,False,SAME_LABEL,KEEP_SAME_SPLIT,"identical dHash, different bytes (policy: near-duplicate groups stay in one split)"
mendeley-1673a2af914d,mendeley-3163a4ed6538,mendeley,mendeley,Healthy Fish/Silver_carp_(Hypophthalmichthys molitrix)/Fish_86/IMG20260315103917.jpg,Healthy Fish/Silver_carp_(Hypophthalmichthys molitrix)/Fish_86/IMG20260315103918.jpg,Healthy Fish,Healthy Fish,Healthy Fish,Healthy Fish,dhash,6349c9c1c9c16861,0,NEAR_DUPLICATE,False,SAME_LABEL,KEEP_SAME_SPLIT,"identical dHash, different bytes (policy: near-duplicate groups stay in one split)"
current_freshwater-ae450e224135,current_freshwater-07ef519848fc,current_freshwater,current_freshwater,test_split/EUS_EUS_30.jpg,train_split/Bacterial Red disease/Bacterial Red disease_8.jpg,EUS,Bacterial Red disease,EUS Disease,Bacterial Red Disease,dhash,6363131f1e090101,0,NEAR_DUPLICATE,False,LABEL_CONFLICT,EXCLUDE_BOTH,"identical dHash, different unified labels (policy: label-conflict groups leave the split)"
current_freshwater-ae450e224135,current_freshwater-fd663238e1ab,current_freshwater,current_freshwater,test_split/EUS_EUS_30.jpg,train_split/EUS/EUS_31.jpg,EUS,EUS,EUS Disease,EUS Disease,dhash,6363131f1e090101,0,NEAR_DUPLICATE,False,SAME_LABEL,KEEP_SAME_SPLIT,"identical dHash, different bytes (policy: near-duplicate groups stay in one split)"
current_freshwater-ae450e224135,kaptai-a9fc05f7300f,current_freshwater,kaptai,test_split/EUS_EUS_30.jpg,EUS/EUS  (7).jpg,EUS,EUS,EUS Disease,EUS Disease,dhash,6363131f1e090101,0,NEAR_DUPLICATE,True,SAME_LABEL,KEEP_SAME_SPLIT,"identical dHash, different bytes (policy: near-duplicate groups stay in one split)"
current_freshwater-ae450e224135,roboflow-f0ec185d1c48,current_freshwater,roboflow,test_split/EUS_EUS_30.jpg,train/Bacterial Red disease/Bacterial-Red-disease-15-_jpg.rf.d821c53393b7c3aad4fb74a4b244c5b6.jpg,EUS,Bacterial Red disease,EUS Disease,Bacterial Red Disease,dhash,6363131f1e090101,0,NEAR_DUPLICATE,True,LABEL_CONFLICT,EXCLUDE_BOTH,"identical dHash, different unified labels (policy: label-conflict groups leave the split)"
current_freshwater-07ef519848fc,current_freshwater-fd663238e1ab,current_freshwater,current_freshwater,train_split/Bacterial Red disease/Bacterial Red disease_8.jpg,train_split/EUS/EUS_31.jpg,Bacterial Red disease,EUS,Bacterial Red Disease,EUS Disease,dhash,6363131f1e090101,0,NEAR_DUPLICATE,False,LABEL_CONFLICT,EXCLUDE_BOTH,"identical dHash, different unified labels (policy: label-conflict groups leave the split)"
current_freshwater-07ef519848fc,kaptai-a9fc05f7300f,current_freshwater,kaptai,train_split/Bacterial Red disease/Bacterial Red disease_8.jpg,EUS/EUS  (7).jpg,Bacterial Red disease,EUS,Bacterial Red Disease,EUS Disease,dhash,6363131f1e090101,0,NEAR_DUPLICATE,True,LABEL_CONFLICT,EXCLUDE_BOTH,"identical dHash, different unified labels (policy: label-conflict groups leave the split)"
current_freshwater-07ef519848fc,roboflow-f0ec185d1c48,current_freshwater,roboflow,train_split/Bacterial Red disease/Bacterial Red disease_8.jpg,train/Bacterial Red disease/Bacterial-Red-disease-15-_jpg.rf.d821c53393b7c3aad4fb74a4b244c5b6.jpg,Bacterial Red disease,Bacterial Red disease,Bacterial Red Disease,Bacterial Red Disease,dhash,6363131f1e090101,0,NEAR_DUPLICATE,True,SAME_LABEL,KEEP_SAME_SPLIT,"identical dHash, different bytes (policy: near-duplicate groups stay in one split)"
current_freshwater-fd663238e1ab,kaptai-a9fc05f7300f,current_freshwater,kaptai,train_split/EUS/EUS_31.jpg,EUS/EUS  (7).jpg,EUS,EUS,EUS Disease,EUS Disease,dhash,6363131f1e090101,0,NEAR_DUPLICATE,True,SAME_LABEL,KEEP_SAME_SPLIT,"identical dHash, different bytes (policy: near-duplicate groups stay in one split)"
current_freshwater-fd663238e1ab,roboflow-f0ec185d1c48,current_freshwater,roboflow,train_split/EUS/EUS_31.jpg,train/Bacterial Red disease/Bacterial-Red-disease-15-_jpg.rf.d821c53393b7c3aad4fb74a4b244c5b6.jpg,EUS,Bacterial Red disease,EUS Disease,Bacterial Red Disease,dhash,6363131f1e090101,0,NEAR_DUPLICATE,True,LABEL_CONFLICT,EXCLUDE_BOTH,"identical dHash, different unified labels (policy: label-conflict groups leave the split)"
kaptai-a9fc05f7300f,roboflow-f0ec185d1c48,kaptai,roboflow,EUS/EUS  (7).jpg,train/Bacterial Red disease/Bacterial-Red-disease-15-_jpg.rf.d821c53393b7c3aad4fb74a4b244c5b6.jpg,EUS,Bacterial Red disease,EUS Disease,Bacterial Red Disease,dhash,6363131f1e090101,0,NEAR_DUPLICATE,True,LABEL_CONFLICT,EXCLUDE_BOTH,"identical dHash, different unified labels (policy: label-conflict groups leave the split)"
current_freshwater-8677b787934c,current_freshwater-0cedd6f51cab,current_freshwater,current_freshwater,train_split/Bacterial Red disease/Bacterial Red disease_45.jpg,train_split/Bacterial Red disease/Bacterial Red disease_aug_9.jpg,Bacterial Red disease,Bacterial Red disease,Bacterial Red Disease,Bacterial Red Disease,dhash,636b4f4f4f7f7f7f,0,NEAR_DUPLICATE,False,SAME_LABEL,KEEP_SAME_SPLIT,"identical dHash, different bytes (policy: near-duplicate groups stay in one split)"
current_freshwater-b37c8652332a,roboflow-787a06cf34cb,current_freshwater,roboflow,test_split/Fungal diseases Saprolegniasis_Fungal diseases Saprolegniasis_29.jpeg,train/Fungal diseases Saprolegniasis/Fungal-diseases-Saprolegniasis-3-_jpeg.rf.fc26aef75ec3a82a62eb260de62b661a.jpg,Fungal diseases Saprolegniasis,Fungal diseases Saprolegniasis,Saprolegniasis,Saprolegniasis,dhash,63ef0f1f7f3f1f1f,0,NEAR_DUPLICATE,True,SAME_LABEL,KEEP_SAME_SPLIT,"identical dHash, different bytes (policy: near-duplicate groups stay in one split)"
current_freshwater-7028fb5c4968,current_freshwater-7d6502d7370c,current_freshwater,current_freshwater,train_split/Viral diseases White tail disease/Viral diseases White tail disease_52.jpg,train_split/Viral diseases White tail disease/Viral diseases White tail disease_aug_314.jpg,Viral diseases White tail disease,Viral diseases White tail disease,White Tail Disease,White Tail Disease,dhash,000042e204cc44c4,0,NEAR_DUPLICATE,False,SAME_LABEL,KEEP_SAME_SPLIT,"identical dHash, different bytes (policy: near-duplicate groups stay in one split)"
current_freshwater-654beacc747c,kaptai-926e531ab3ad,current_freshwater,kaptai,train_split/Healthy Fish/Healthy Fish_428.jpg,Healthy Fish/healthy (22).jpg,Healthy Fish,Healthy Fish,Healthy Fish,Healthy Fish,dhash,6763e090d7dffef6,0,NEAR_DUPLICATE,True,SAME_LABEL,KEEP_SAME_SPLIT,"identical dHash, different bytes (policy: near-duplicate groups stay in one split)"
current_freshwater-81111a646d95,kaptai-f384e277ade0,current_freshwater,kaptai,test_split/EUS_EUS_4.jpg,EUS/12.jpg,EUS,EUS,EUS Disease,EUS Disease,dhash,67664e8f8f8e4e5c,0,NEAR_DUPLICATE,True,SAME_LABEL,KEEP_SAME_SPLIT,"identical dHash, different bytes (policy: near-duplicate groups stay in one split)"
paper_dataset-cfd3ecf53424,paper_dataset-7f9f37d7b143,paper_dataset,paper_dataset,InfectedFish/infected_496.png,InfectedFish/infected_631.png,InfectedFish,InfectedFish,,,dhash,67e3f09e5e199101,0,NEAR_DUPLICATE,False,UNRESOLVED_LABEL,REVIEW,"identical dHash, a label is unresolved; the match is evidence for the mapping decision"
mendeley-36f6c2fbb344,mendeley-a88142689409,mendeley,mendeley,Healthy Fish/Silver_carp_(Hypophthalmichthys molitrix)/Fish_83/IMG20260315103656.jpg,Healthy Fish/Silver_carp_(Hypophthalmichthys molitrix)/Fish_85/IMG20260315103657.jpg,Healthy Fish,Healthy Fish,Healthy Fish,Healthy Fish,dhash,68686a62e2e22277,0,NEAR_DUPLICATE,False,SAME_LABEL,KEEP_SAME_SPLIT,"identical dHash, different bytes (policy: near-duplicate groups stay in one split)"
mendeley-e56f0d255847,mendeley-c383613bae18,mendeley,mendeley,Healthy Fish/Silver_carp_(Hypophthalmichthys molitrix)/Fish_86/IMG20260315103943.jpg,Healthy Fish/Silver_carp_(Hypophthalmichthys molitrix)/Fish_86/IMG20260315103944.jpg,Healthy Fish,Healthy Fish,Healthy Fish,Healthy Fish,dhash,68e9f131327b6a78,0,NEAR_DUPLICATE,False,SAME_LABEL,KEEP_SAME_SPLIT,"identical dHash, different bytes (policy: near-duplicate groups stay in one split)"
mendeley-35ba4c275a8f,mendeley-168d43d474fe,mendeley,mendeley,Healthy Fish/Silver_carp_(Hypophthalmichthys molitrix)/Fish_85/IMG20260315103936.jpg,Healthy Fish/Silver_carp_(Hypophthalmichthys molitrix)/Fish_86/IMG20260315103941.jpg,Healthy Fish,Healthy Fish,Healthy Fish,Healthy Fish,dhash,68e9f331327bea78,0,NEAR_DUPLICATE,False,SAME_LABEL,KEEP_SAME_SPLIT,"identical dHash, different bytes (policy: near-duplicate groups stay in one split)"
mendeley-5aa54cba04c3,mendeley-ab8ae5b5956b,mendeley,mendeley,Bacterial Red Diseases/Grass_carp_(Ctenopharyngodon idella)/Fish_39/IMG20260212065047.jpg,Bacterial Red Diseases/Grass_carp_(Ctenopharyngodon idella)/Fish_39/IMG20260212065049.jpg,Bacterial Red Diseases,Bacterial Red Diseases,Bacterial Red Disease,Bacterial Red Disease,dhash,69514133b0f3e086,0,NEAR_DUPLICATE,False,SAME_LABEL,KEEP_SAME_SPLIT,"identical dHash, different bytes (policy: near-duplicate groups stay in one split)"
current_freshwater-5a13613bdea0,roboflow-5121bb30e2a7,current_freshwater,roboflow,train_split/Bacterial diseases - Aeromoniasis/Bacterial diseases - Aeromoniasis_178.jpeg,train/Bacterial diseases - Aeromoniasis/Bacterial-diseases-Aeromoniasis-5-_jpeg.rf.731d167c43978197479fbf41957a5bb9.jpg,Bacterial diseases - Aeromoniasis,Bacterial diseases - Aeromoniasis,Aeromoniasis,Aeromoniasis,dhash,69edcedae2e8e8e4,0,NEAR_DUPLICATE,True,SAME_LABEL,KEEP_SAME_SPLIT,"identical dHash, different bytes (policy: near-duplicate groups stay in one split)"
current_freshwater-a99468363edb,kaptai-e1ba822e90ec,current_freshwater,kaptai,train_split/Healthy Fish/Healthy Fish_418.jpg,Healthy Fish/healthy (13).jpg,Healthy Fish,Healthy Fish,Healthy Fish,Healthy Fish,dhash,6a2028280c2ca828,0,NEAR_DUPLICATE,True,SAME_LABEL,KEEP_SAME_SPLIT,"identical dHash, different bytes (policy: near-duplicate groups stay in one split)"
current_freshwater-8e52eb831be7,kaptai-b22fce703b23,current_freshwater,kaptai,test_split/Healthy Fish_Healthy Fish_419.jpg,Healthy Fish/healthy (14).jpg,Healthy Fish,Healthy Fish,Healthy Fish,Healthy Fish,dhash,6a9fd7574e4e4f39,0,NEAR_DUPLICATE,True,SAME_LABEL,KEEP_SAME_SPLIT,"identical dHash, different bytes (policy: near-duplicate groups stay in one split)"
mendeley-6223b9ba2c80,mendeley-1242c8cfe5f9,mendeley,mendeley,Bacterial Red Diseases/Silver_carp_(Hypophthalmichthys molitrix)/Fish_60/IMG20260212145253.jpg,Bacterial Red Diseases/Silver_carp_(Hypophthalmichthys molitrix)/Fish_60/IMG20260212145254.jpg,Bacterial Red Diseases,Bacterial Red Diseases,Bacterial Red Disease,Bacterial Red Disease,dhash,6bbbfbf979f9d9e1,0,NEAR_DUPLICATE,False,SAME_LABEL,KEEP_SAME_SPLIT,"identical dHash, different bytes (policy: near-duplicate groups stay in one split)"
mendeley-d78f71677254,mendeley-6a4a0d5ec356,mendeley,mendeley,Bacterial Red Diseases/Rui_(Labeo rohita)/Fish_51/IMG20260207072205.jpg,Bacterial Red Diseases/Rui_(Labeo rohita)/Fish_51/IMG20260207072206.jpg,Bacterial Red Diseases,Bacterial Red Diseases,Bacterial Red Disease,Bacterial Red Disease,dhash,6bfbfbeb6b7b6b7b,0,NEAR_DUPLICATE,False,SAME_LABEL,KEEP_SAME_SPLIT,"identical dHash, different bytes (policy: near-duplicate groups stay in one split)"
mendeley-e7c2abf5614e,mendeley-fbf8317a4742,mendeley,mendeley,Bacterial Gill Diseases/Silver_carp_(Hypophthalmichthys molitrix)/Fish_19/IMG20260206071509.jpg,Bacterial Gill Diseases/Silver_carp_(Hypophthalmichthys molitrix)/Fish_19/IMG20260206071512.jpg,Bacterial Gill Diseases,Bacterial Gill Diseases,Bacterial Gill Disease,Bacterial Gill Disease,dhash,019183814ca6a325,0,NEAR_DUPLICATE,False,SAME_LABEL,KEEP_SAME_SPLIT,"identical dHash, different bytes (policy: near-duplicate groups stay in one split)"
mendeley-38a792851044,mendeley-2b890881889d,mendeley,mendeley,Epizootic Ulcerative Syndrome (EUS)/Rui_(Labeo rohita)/Fish_69/IMG20260212070324.jpg,Epizootic Ulcerative Syndrome (EUS)/Rui_(Labeo rohita)/Fish_69/IMG20260212070328_01.jpg,Epizootic Ulcerative Syndrome (EUS),Epizootic Ulcerative Syndrome (EUS),EUS Disease,EUS Disease,dhash,6c6c7c7c78f2e6ef,0,NEAR_DUPLICATE,False,SAME_LABEL,KEEP_SAME_SPLIT,"identical dHash, different bytes (policy: near-duplicate groups stay in one split)"
mendeley-0e9b039b5232,mendeley-65d006c79577,mendeley,mendeley,Healthy Fish/Silver_carp_(Hypophthalmichthys molitrix)/Fish_84/IMG20260315103653.jpg,Healthy Fish/Silver_carp_(Hypophthalmichthys molitrix)/Fish_85/IMG20260315103651.jpg,Healthy Fish,Healthy Fish,Healthy Fish,Healthy Fish,dhash,6d7fe3a7f7fcf4f3,0,NEAR_DUPLICATE,False,SAME_LABEL,KEEP_SAME_SPLIT,"identical dHash, different bytes (policy: near-duplicate groups stay in one split)"
mendeley-0e9b039b5232,mendeley-bdd9925c3873,mendeley,mendeley,Healthy Fish/Silver_carp_(Hypophthalmichthys molitrix)/Fish_84/IMG20260315103653.jpg,Healthy Fish/Silver_carp_(Hypophthalmichthys molitrix)/Fish_86/IMG20260315103652.jpg,Healthy Fish,Healthy Fish,Healthy Fish,Healthy Fish,dhash,6d7fe3a7f7fcf4f3,0,NEAR_DUPLICATE,False,SAME_LABEL,KEEP_SAME_SPLIT,"identical dHash, different bytes (policy: near-duplicate groups stay in one split)"
mendeley-65d006c79577,mendeley-bdd9925c3873,mendeley,mendeley,Healthy Fish/Silver_carp_(Hypophthalmichthys molitrix)/Fish_85/IMG20260315103651.jpg,Healthy Fish/Silver_carp_(Hypophthalmichthys molitrix)/Fish_86/IMG20260315103652.jpg,Healthy Fish,Healthy Fish,Healthy Fish,Healthy Fish,dhash,6d7fe3a7f7fcf4f3,0,NEAR_DUPLICATE,False,SAME_LABEL,KEEP_SAME_SPLIT,"identical dHash, different bytes (policy: near-duplicate groups stay in one split)"
mendeley-c8f7caf77ea6,mendeley-bf67fdb465a0,mendeley,mendeley,Healthy Fish/Silver_carp_(Hypophthalmichthys molitrix)/Fish_83/IMG20260315105000.jpg,Healthy Fish/Silver_carp_(Hypophthalmichthys molitrix)/Fish_83/IMG20260315105002.jpg,Healthy Fish,Healthy Fish,Healthy Fish,Healthy Fish,dhash,6f43d9d9993323b0,0,NEAR_DUPLICATE,False,SAME_LABEL,KEEP_SAME_SPLIT,"identical dHash, different bytes (policy: near-duplicate groups stay in one split)"
current_freshwater-758dc1363887,current_freshwater-374a6851aac0,current_freshwater,current_freshwater,train_split/Bacterial Red disease/Bacterial Red disease_83.jpg,train_split/Bacterial Red disease/Bacterial Red disease_aug_313.jpg,Bacterial Red disease,Bacterial Red disease,Bacterial Red Disease,Bacterial Red Disease,dhash,01c4ce86c776b83e,0,NEAR_DUPLICATE,False,SAME_LABEL,KEEP_SAME_SPLIT,"identical dHash, different bytes (policy: near-duplicate groups stay in one split)"
current_freshwater-a273c0eab783,current_freshwater-06c50833c877,current_freshwater,current_freshwater,test_split/Viral diseases White tail disease_Viral diseases White tail disease_201.jpg,train_split/Viral diseases White tail disease/Viral diseases White tail disease_aug_270.jpg,Viral diseases White tail disease,Viral diseases White tail disease,White Tail Disease,White Tail Disease,dhash,6fee4e0e0f9fb78f,0,NEAR_DUPLICATE,False,SAME_LABEL,KEEP_SAME_SPLIT,"identical dHash, different bytes (policy: near-duplicate groups stay in one split)"
current_freshwater-73a5f1ea0c19,roboflow-563bfbb9dafb,current_freshwater,roboflow,train_split/Healthy Fish/Healthy Fish_192.jpg,test/Healthy Fish/Healthy-Fish-171-_jpg.rf.06ba9c02814270b5f555e2ad9901d400.jpg,Healthy Fish,Healthy Fish,Healthy Fish,Healthy Fish,dhash,7030308614505160,0,NEAR_DUPLICATE,True,SAME_LABEL,KEEP_SAME_SPLIT,"identical dHash, different bytes (policy: near-duplicate groups stay in one split)"
roboflow-563bfbb9dafb,roboflow-582ece98160e,roboflow,roboflow,test/Healthy Fish/Healthy-Fish-171-_jpg.rf.06ba9c02814270b5f555e2ad9901d400.jpg,train/Healthy Fish/Healthy-Fish-143-_jpg.rf.e21feaa75aaac1b165584ee61a145c26.jpg,Healthy Fish,Healthy Fish,Healthy Fish,Healthy Fish,dhash,7030308614505160,0,NEAR_DUPLICATE,False,SAME_LABEL,KEEP_SAME_SPLIT,"identical dHash, different bytes (policy: near-duplicate groups stay in one split)"
current_freshwater-96f8cb49fe05,current_freshwater-0684bb3eab54,current_freshwater,current_freshwater,train_split/Bacterial Red disease/Bacterial Red disease_62.jpg,train_split/Bacterial Red disease/Bacterial Red disease_aug_232.jpg,Bacterial Red disease,Bacterial Red disease,Bacterial Red Disease,Bacterial Red Disease,dhash,703093c1c0808040,0,NEAR_DUPLICATE,False,SAME_LABEL,KEEP_SAME_SPLIT,"identical dHash, different bytes (policy: near-duplicate groups stay in one split)"
current_freshwater-88c29ae4153c,current_freshwater-1aa49a3717f0,current_freshwater,current_freshwater,train_split/Fungal diseases Saprolegniasis/Fungal diseases Saprolegniasis_205.jpg,train_split/Fungal diseases Saprolegniasis/Fungal diseases Saprolegniasis_aug_237.jpg,Fungal diseases Saprolegniasis,Fungal diseases Saprolegniasis,Saprolegniasis,Saprolegniasis,dhash,703e1e9eee7f7bff,0,NEAR_DUPLICATE,False,SAME_LABEL,KEEP_SAME_SPLIT,"identical dHash, different bytes (policy: near-duplicate groups stay in one split)"
current_freshwater-350d541aac0c,current_freshwater-b0fc3e1432c6,current_freshwater,current_freshwater,train_split/Bacterial diseases - Aeromoniasis/Bacterial diseases - Aeromoniasis_74.jpg,train_split/Bacterial diseases - Aeromoniasis/Bacterial diseases - Aeromoniasis_aug_157.jpg,Bacterial diseases - Aeromoniasis,Bacterial diseases - Aeromoniasis,Aeromoniasis,Aeromoniasis,dhash,706020e0f0e66460,0,NEAR_DUPLICATE,False,SAME_LABEL,KEEP_SAME_SPLIT,"identical dHash, different bytes (policy: near-duplicate groups stay in one split)"
current_freshwater-b0b6ad5f7d20,paper_dataset-add6757e6bb5,current_freshwater,paper_dataset,train_split/EUS/EUS_aug_208.jpg,InfectedFish/infected_399.png,EUS,InfectedFish,EUS Disease,,dhash,7060222164e4e270,0,NEAR_DUPLICATE,True,UNRESOLVED_LABEL,REVIEW,"identical dHash, a label is unresolved; the match is evidence for the mapping decision"
roboflow-a46de54d53fc,roboflow-2151abe1abdc,roboflow,roboflow,test/Fungal diseases Saprolegniasis/Fungal-diseases-Saprolegniasis-3-_jpg.rf.5d511271ba5906de24452f7076368eee.jpg,valid/Fungal diseases Saprolegniasis/Fungal-diseases-Saprolegniasis-5-_jpeg.rf.1cdb8dfbeb43657f0999197f404e4a79.jpg,Fungal diseases Saprolegniasis,Fungal diseases Saprolegniasis,Saprolegniasis,Saprolegniasis,dhash,7060e0f8f8f8f818,0,NEAR_DUPLICATE,False,SAME_LABEL,KEEP_SAME_SPLIT,"identical dHash, different bytes (policy: near-duplicate groups stay in one split)"
current_freshwater-e186eca718e2,roboflow-e5776cc7fbdb,current_freshwater,roboflow,train_split/Healthy Fish/Healthy Fish_159.jpg,train/Healthy Fish/Healthy-Fish-70-_jpg.rf.efb9140746253cdc00fd9f49112d60fe.jpg,Healthy Fish,Healthy Fish,Healthy Fish,Healthy Fish,dhash,707078eaba685050,0,NEAR_DUPLICATE,True,SAME_LABEL,KEEP_SAME_SPLIT,"identical dHash, different bytes (policy: near-duplicate groups stay in one split)"
roboflow-3532ccd6888a,roboflow-e5776cc7fbdb,roboflow,roboflow,train/Healthy Fish/Healthy-Fish-1-_jpg.rf.158575b02c079dbb610261e78138c4fd.jpg,train/Healthy Fish/Healthy-Fish-70-_jpg.rf.efb9140746253cdc00fd9f49112d60fe.jpg,Healthy Fish,Healthy Fish,Healthy Fish,Healthy Fish,dhash,707078eaba685050,0,NEAR_DUPLICATE,False,SAME_LABEL,KEEP_SAME_SPLIT,"identical dHash, different bytes (policy: near-duplicate groups stay in one split)"
roboflow-4fb90f2412bd,roboflow-65c763aae57d,roboflow,roboflow,test/Bacterial gill disease/Bacterial-gill-disease-7-_png.rf.3e4304be119fa7e0ee19bb85889a6f59.jpg,test/Bacterial gill disease/Bacterial-gill-disease-9-_jpeg.rf.834f2fcfdbfe2a53a3ddfe6fb914f7b6.jpg,Bacterial gill disease,Bacterial gill disease,Bacterial Gill Disease,Bacterial Gill Disease,dhash,70d0f0e4f4d0d8f0,0,NEAR_DUPLICATE,False,SAME_LABEL,KEEP_SAME_SPLIT,"identical dHash, different bytes (policy: near-duplicate groups stay in one split)"
paper_dataset-665026c37816,paper_dataset-a5733d95cd6d,paper_dataset,paper_dataset,InfectedFish/infected_679.png,InfectedFish/infected_724.png,InfectedFish,InfectedFish,,,dhash,70e1d18a9bcbe361,0,NEAR_DUPLICATE,False,UNRESOLVED_LABEL,REVIEW,"identical dHash, a label is unresolved; the match is evidence for the mapping decision"
paper_dataset-85a8e75f852a,paper_dataset-b68a14a75fae,paper_dataset,paper_dataset,FreshFish/fresh_14.png,FreshFish/fresh_42.png,FreshFish,FreshFish,,,dhash,70e5ccd080800000,0,NEAR_DUPLICATE,False,UNRESOLVED_LABEL,REVIEW,"identical dHash, a label is unresolved; the match is evidence for the mapping decision"
paper_dataset-d23580e0d2aa,paper_dataset-b7f1bd2bf6c4,paper_dataset,paper_dataset,InfectedFish/infected_201.png,InfectedFish/infected_299.png,InfectedFish,InfectedFish,,,dhash,70f0c78f3272f0f0,0,NEAR_DUPLICATE,False,UNRESOLVED_LABEL,REVIEW,"identical dHash, a label is unresolved; the match is evidence for the mapping decision"
current_freshwater-629cbc5a719d,current_freshwater-eb68b7a08514,current_freshwater,current_freshwater,train_split/EUS/EUS_207.jpg,train_split/EUS/EUS_aug_79.jpg,EUS,EUS,EUS Disease,EUS Disease,dhash,70f0e06568c2c666,0,NEAR_DUPLICATE,False,SAME_LABEL,KEEP_SAME_SPLIT,"identical dHash, different bytes (policy: near-duplicate groups stay in one split)"
current_freshwater-629cbc5a719d,roboflow-740f94b7b5dc,current_freshwater,roboflow,train_split/EUS/EUS_207.jpg,train/Bacterial diseases - Aeromoniasis/Bacterial-diseases-Aeromoniasis-12-_jpg.rf.838be4dc8b38264f75c0b3d8e1409dad.jpg,EUS,Bacterial diseases - Aeromoniasis,EUS Disease,Aeromoniasis,dhash,70f0e06568c2c666,0,NEAR_DUPLICATE,True,LABEL_CONFLICT,EXCLUDE_BOTH,"identical dHash, different unified labels (policy: label-conflict groups leave the split)"
current_freshwater-eb68b7a08514,roboflow-740f94b7b5dc,current_freshwater,roboflow,train_split/EUS/EUS_aug_79.jpg,train/Bacterial diseases - Aeromoniasis/Bacterial-diseases-Aeromoniasis-12-_jpg.rf.838be4dc8b38264f75c0b3d8e1409dad.jpg,EUS,Bacterial diseases - Aeromoniasis,EUS Disease,Aeromoniasis,dhash,70f0e06568c2c666,0,NEAR_DUPLICATE,True,LABEL_CONFLICT,EXCLUDE_BOTH,"identical dHash, different unified labels (policy: label-conflict groups leave the split)"
current_freshwater-9dcc354898d4,current_freshwater-a02db1b30a82,current_freshwater,current_freshwater,test_split/Viral diseases White tail disease_Viral diseases White tail disease_97.jpg,train_split/Viral diseases White tail disease/Viral diseases White tail disease_aug_146.jpg,Viral diseases White tail disease,Viral diseases White tail disease,White Tail Disease,White Tail Disease,dhash,70f8fc9c8404e6fe,0,NEAR_DUPLICATE,False,SAME_LABEL,KEEP_SAME_SPLIT,"identical dHash, different bytes (policy: near-duplicate groups stay in one split)"
current_freshwater-b9dd141e305f,current_freshwater-6e3e2e2a5c47,current_freshwater,current_freshwater,train_split/Parasitic diseases/Parasitic diseases_6.jpg,train_split/Parasitic diseases/Parasitic diseases_aug_60.jpg,Parasitic diseases,Parasitic diseases,Parasitic Disease,Parasitic Disease,dhash,71d7fb7979fbc7c2,0,NEAR_DUPLICATE,False,SAME_LABEL,KEEP_SAME_SPLIT,"identical dHash, different bytes (policy: near-duplicate groups stay in one split)"
current_freshwater-b9dd141e305f,roboflow-89edc14224ff,current_freshwater,roboflow,train_split/Parasitic diseases/Parasitic diseases_6.jpg,train/Parasitic diseases/Parasitic-diseases-12-_jpg.rf.8a41885cc8931fc0284ce385b7bb4576.jpg,Parasitic diseases,Parasitic diseases,Parasitic Disease,Parasitic Disease,dhash,71d7fb7979fbc7c2,0,NEAR_DUPLICATE,True,SAME_LABEL,KEEP_SAME_SPLIT,"identical dHash, different bytes (policy: near-duplicate groups stay in one split)"
current_freshwater-b9dd141e305f,roboflow-8468d076df29,current_freshwater,roboflow,train_split/Parasitic diseases/Parasitic diseases_6.jpg,train/Parasitic diseases/Parasitic-diseases-5-_jpeg.rf.04cd0467ea7e401f1a9a37cbdf85e971.jpg,Parasitic diseases,Parasitic diseases,Parasitic Disease,Parasitic Disease,dhash,71d7fb7979fbc7c2,0,NEAR_DUPLICATE,True,SAME_LABEL,KEEP_SAME_SPLIT,"identical dHash, different bytes (policy: near-duplicate groups stay in one split)"
current_freshwater-6e3e2e2a5c47,roboflow-89edc14224ff,current_freshwater,roboflow,train_split/Parasitic diseases/Parasitic diseases_aug_60.jpg,train/Parasitic diseases/Parasitic-diseases-12-_jpg.rf.8a41885cc8931fc0284ce385b7bb4576.jpg,Parasitic diseases,Parasitic diseases,Parasitic Disease,Parasitic Disease,dhash,71d7fb7979fbc7c2,0,NEAR_DUPLICATE,True,SAME_LABEL,KEEP_SAME_SPLIT,"identical dHash, different bytes (policy: near-duplicate groups stay in one split)"
current_freshwater-6e3e2e2a5c47,roboflow-8468d076df29,current_freshwater,roboflow,train_split/Parasitic diseases/Parasitic diseases_aug_60.jpg,train/Parasitic diseases/Parasitic-diseases-5-_jpeg.rf.04cd0467ea7e401f1a9a37cbdf85e971.jpg,Parasitic diseases,Parasitic diseases,Parasitic Disease,Parasitic Disease,dhash,71d7fb7979fbc7c2,0,NEAR_DUPLICATE,True,SAME_LABEL,KEEP_SAME_SPLIT,"identical dHash, different bytes (policy: near-duplicate groups stay in one split)"
roboflow-89edc14224ff,roboflow-8468d076df29,roboflow,roboflow,train/Parasitic diseases/Parasitic-diseases-12-_jpg.rf.8a41885cc8931fc0284ce385b7bb4576.jpg,train/Parasitic diseases/Parasitic-diseases-5-_jpeg.rf.04cd0467ea7e401f1a9a37cbdf85e971.jpg,Parasitic diseases,Parasitic diseases,Parasitic Disease,Parasitic Disease,dhash,71d7fb7979fbc7c2,0,NEAR_DUPLICATE,False,SAME_LABEL,KEEP_SAME_SPLIT,"identical dHash, different bytes (policy: near-duplicate groups stay in one split)"
mendeley-041dd52ea162,mendeley-2f24d202f751,mendeley,mendeley,Healthy Fish/Grass_carp_(Ctenopharyngodon idella)/Fish_79/IMG20260213130907.jpg,Healthy Fish/Grass_carp_(Ctenopharyngodon idella)/Fish_79/IMG20260213130907_01.jpg,Healthy Fish,Healthy Fish,Healthy Fish,Healthy Fish,dhash,71f9f9e9f8f8f071,0,NEAR_DUPLICATE,False,SAME_LABEL,KEEP_SAME_SPLIT,"identical dHash, different bytes (policy: near-duplicate groups stay in one split)"
current_freshwater-db3e550d7776,current_freshwater-5396c6f64b02,current_freshwater,current_freshwater,test_split/EUS_EUS_283.jpg,train_split/EUS/EUS_aug_100.jpg,EUS,EUS,EUS Disease,EUS Disease,dhash,7223261d0d3c5a1e,0,NEAR_DUPLICATE,False,SAME_LABEL,KEEP_SAME_SPLIT,"identical dHash, different bytes (policy: near-duplicate groups stay in one split)"
current_freshwater-b24273a90646,kaptai-2c78fffe40b7,current_freshwater,kaptai,train_split/EUS/EUS_26.jpg,Redspot/EUS  (3).jpg,EUS,Redspot,EUS Disease,,dhash,0206030323078c90,0,NEAR_DUPLICATE,True,UNRESOLVED_LABEL,REVIEW,"identical dHash, a label is unresolved; the match is evidence for the mapping decision"
paper_dataset-d989ea1de8f6,paper_dataset-1b8716e109d6,paper_dataset,paper_dataset,InfectedFish/infected_333.png,InfectedFish/infected_382.png,InfectedFish,InfectedFish,,,dhash,72f09c8d1c13c6ca,0,NEAR_DUPLICATE,False,UNRESOLVED_LABEL,REVIEW,"identical dHash, a label is unresolved; the match is evidence for the mapping decision"
mendeley-5fa397dbe6a0,mendeley-daed130750f3,mendeley,mendeley,Bacterial Red Diseases/Silver_carp_(Hypophthalmichthys molitrix)/Fish_57/IMG20260207073436.jpg,Bacterial Red Diseases/Silver_carp_(Hypophthalmichthys molitrix)/Fish_57/IMG20260207073437.jpg,Bacterial Red Diseases,Bacterial Red Diseases,Bacterial Red Disease,Bacterial Red Disease,dhash,734b49218fc7bf3e,0,NEAR_DUPLICATE,False,SAME_LABEL,KEEP_SAME_SPLIT,"identical dHash, different bytes (policy: near-duplicate groups stay in one split)"
mendeley-5623937f6e70,mendeley-2e772b857674,mendeley,mendeley,Bacterial Red Diseases/Silver_carp_(Hypophthalmichthys molitrix)/Fish_57/IMG20260207073439.jpg,Bacterial Red Diseases/Silver_carp_(Hypophthalmichthys molitrix)/Fish_57/IMG20260207073440.jpg,Bacterial Red Diseases,Bacterial Red Diseases,Bacterial Red Disease,Bacterial Red Disease,dhash,734b49218fc7bfbe,0,NEAR_DUPLICATE,False,SAME_LABEL,KEEP_SAME_SPLIT,"identical dHash, different bytes (policy: near-duplicate groups stay in one split)"
current_freshwater-1446493d1c73,current_freshwater-69921169b04f,current_freshwater,current_freshwater,train_split/Bacterial diseases - Aeromoniasis/Bacterial diseases - Aeromoniasis_173.jpg,train_split/Bacterial diseases - Aeromoniasis/Bacterial diseases - Aeromoniasis_aug_146.jpg,Bacterial diseases - Aeromoniasis,Bacterial diseases - Aeromoniasis,Aeromoniasis,Aeromoniasis,dhash,737260e2c1c0e0e0,0,NEAR_DUPLICATE,False,SAME_LABEL,KEEP_SAME_SPLIT,"identical dHash, different bytes (policy: near-duplicate groups stay in one split)"
current_freshwater-1446493d1c73,current_freshwater-6e0e7dbfd467,current_freshwater,current_freshwater,train_split/Bacterial diseases - Aeromoniasis/Bacterial diseases - Aeromoniasis_173.jpg,train_split/Bacterial diseases - Aeromoniasis/Bacterial diseases - Aeromoniasis_aug_7.jpg,Bacterial diseases - Aeromoniasis,Bacterial diseases - Aeromoniasis,Aeromoniasis,Aeromoniasis,dhash,737260e2c1c0e0e0,0,NEAR_DUPLICATE,False,SAME_LABEL,KEEP_SAME_SPLIT,"identical dHash, different bytes (policy: near-duplicate groups stay in one split)"
current_freshwater-1446493d1c73,roboflow-6b2b79879054,current_freshwater,roboflow,train_split/Bacterial diseases - Aeromoniasis/Bacterial diseases - Aeromoniasis_173.jpg,train/Bacterial diseases - Aeromoniasis/Bacterial-diseases-Aeromoniasis-36-_jpg.rf.d215b4fc47507d21d8c7e0bb3058e62f.jpg,Bacterial diseases - Aeromoniasis,Bacterial diseases - Aeromoniasis,Aeromoniasis,Aeromoniasis,dhash,737260e2c1c0e0e0,0,NEAR_DUPLICATE,True,SAME_LABEL,KEEP_SAME_SPLIT,"identical dHash, different bytes (policy: near-duplicate groups stay in one split)"
current_freshwater-69921169b04f,current_freshwater-6e0e7dbfd467,current_freshwater,current_freshwater,train_split/Bacterial diseases - Aeromoniasis/Bacterial diseases - Aeromoniasis_aug_146.jpg,train_split/Bacterial diseases - Aeromoniasis/Bacterial diseases - Aeromoniasis_aug_7.jpg,Bacterial diseases - Aeromoniasis,Bacterial diseases - Aeromoniasis,Aeromoniasis,Aeromoniasis,dhash,737260e2c1c0e0e0,0,NEAR_DUPLICATE,False,SAME_LABEL,KEEP_SAME_SPLIT,"identical dHash, different bytes (policy: near-duplicate groups stay in one split)"
current_freshwater-69921169b04f,roboflow-6b2b79879054,current_freshwater,roboflow,train_split/Bacterial diseases - Aeromoniasis/Bacterial diseases - Aeromoniasis_aug_146.jpg,train/Bacterial diseases - Aeromoniasis/Bacterial-diseases-Aeromoniasis-36-_jpg.rf.d215b4fc47507d21d8c7e0bb3058e62f.jpg,Bacterial diseases - Aeromoniasis,Bacterial diseases - Aeromoniasis,Aeromoniasis,Aeromoniasis,dhash,737260e2c1c0e0e0,0,NEAR_DUPLICATE,True,SAME_LABEL,KEEP_SAME_SPLIT,"identical dHash, different bytes (policy: near-duplicate groups stay in one split)"
current_freshwater-6e0e7dbfd467,roboflow-6b2b79879054,current_freshwater,roboflow,train_split/Bacterial diseases - Aeromoniasis/Bacterial diseases - Aeromoniasis_aug_7.jpg,train/Bacterial diseases - Aeromoniasis/Bacterial-diseases-Aeromoniasis-36-_jpg.rf.d215b4fc47507d21d8c7e0bb3058e62f.jpg,Bacterial diseases - Aeromoniasis,Bacterial diseases - Aeromoniasis,Aeromoniasis,Aeromoniasis,dhash,737260e2c1c0e0e0,0,NEAR_DUPLICATE,True,SAME_LABEL,KEEP_SAME_SPLIT,"identical dHash, different bytes (policy: near-duplicate groups stay in one split)"
paper_dataset-5cfee4148027,paper_dataset-3da282c35b44,paper_dataset,paper_dataset,InfectedFish/infected_489.png,InfectedFish/infected_624.png,InfectedFish,InfectedFish,,,dhash,73f0b97bd9d8b871,0,NEAR_DUPLICATE,False,UNRESOLVED_LABEL,REVIEW,"identical dHash, a label is unresolved; the match is evidence for the mapping decision"
paper_dataset-8f495e61f3c5,paper_dataset-773f7f33ea95,paper_dataset,paper_dataset,FreshFish/fresh_382.png,FreshFish/fresh_439.png,FreshFish,FreshFish,,,dhash,73f3c88e83e1e1e0,0,NEAR_DUPLICATE,False,UNRESOLVED_LABEL,REVIEW,"identical dHash, a label is unresolved; the match is evidence for the mapping decision"
current_freshwater-2373adb35aa6,current_freshwater-0af1f970f8e9,current_freshwater,current_freshwater,test_split/Healthy Fish_Healthy Fish_340.jpg,train_split/Healthy Fish/Healthy Fish_aug_91.jpg,Healthy Fish,Healthy Fish,Healthy Fish,Healthy Fish,dhash,73f3ca86c6c9e574,0,NEAR_DUPLICATE,False,SAME_LABEL,KEEP_SAME_SPLIT,"identical dHash, different bytes (policy: near-duplicate groups stay in one split)"
current_freshwater-0af1f970f8e9,roboflow-38c824e9c12a,current_freshwater,roboflow,train_split/Healthy Fish/Healthy Fish_aug_91.jpg,train/Healthy Fish/Healthy-Fish-77-_jpg.rf.03ee83434cd984874838c15de86a03a1.jpg,Healthy Fish,Healthy Fish,Healthy Fish,Healthy Fish,dhash,73f3ca86c6c9e574,0,NEAR_DUPLICATE,True,SAME_LABEL,KEEP_SAME_SPLIT,"identical dHash, different bytes (policy: near-duplicate groups stay in one split)"
paper_dataset-097831471077,paper_dataset-4c454e5328ef,paper_dataset,paper_dataset,FreshFish/fresh_385.png,FreshFish/fresh_442.png,FreshFish,FreshFish,,,dhash,020e1cb8b880c0c0,0,NEAR_DUPLICATE,False,UNRESOLVED_LABEL,REVIEW,"identical dHash, a label is unresolved; the match is evidence for the mapping decision"
mendeley-ca52f2f7a689,mendeley-be1eabe3ae46,mendeley,mendeley,Bacterial Red Diseases/Grass_carp_(Ctenopharyngodon idella)/Fish_32/IMG20260207073118.jpg,Bacterial Red Diseases/Grass_carp_(Ctenopharyngodon idella)/Fish_32/IMG20260207073120.jpg,Bacterial Red Diseases,Bacterial Red Diseases,Bacterial Red Disease,Bacterial Red Disease,dhash,7632183cf8f2f3e3,0,NEAR_DUPLICATE,False,SAME_LABEL,KEEP_SAME_SPLIT,"identical dHash, different bytes (policy: near-duplicate groups stay in one split)"
mendeley-48e8237ccd94,mendeley-a6cb75b6257d,mendeley,mendeley,Bacterial Red Diseases/Grass_carp_(Ctenopharyngodon idella)/Fish_32/IMG20260207073115.jpg,Bacterial Red Diseases/Grass_carp_(Ctenopharyngodon idella)/Fish_32/IMG20260207073116.jpg,Bacterial Red Diseases,Bacterial Red Diseases,Bacterial Red Disease,Bacterial Red Disease,dhash,76323838faf3f3e3,0,NEAR_DUPLICATE,False,SAME_LABEL,KEEP_SAME_SPLIT,"identical dHash, different bytes (policy: near-duplicate groups stay in one split)"
mendeley-50a4aac4dcb5,mendeley-d76c1edb9cac,mendeley,mendeley,Epizootic Ulcerative Syndrome (EUS)/Rui_(Labeo rohita)/Fish_73/IMG20260212071222.jpg,Epizootic Ulcerative Syndrome (EUS)/Rui_(Labeo rohita)/Fish_73/IMG20260212071223.jpg,Epizootic Ulcerative Syndrome (EUS),Epizootic Ulcerative Syndrome (EUS),EUS Disease,EUS Disease,dhash,77201a0e58000051,0,NEAR_DUPLICATE,False,SAME_LABEL,KEEP_SAME_SPLIT,"identical dHash, different bytes (policy: near-duplicate groups stay in one split)"
current_freshwater-68ed7ff20862,current_freshwater-81c7b1f68dac,current_freshwater,current_freshwater,test_split/EUS_EUS_15.jpg,train_split/EUS/EUS_aug_200.jpg,EUS,EUS,EUS Disease,EUS Disease,dhash,7773616969613333,0,NEAR_DUPLICATE,False,SAME_LABEL,KEEP_SAME_SPLIT,"identical dHash, different bytes (policy: near-duplicate groups stay in one split)"
current_freshwater-512a4c6ce60b,current_freshwater-24b2b8963c5d,current_freshwater,current_freshwater,train_split/Viral diseases White tail disease/Viral diseases White tail disease_75.jpg,train_split/Viral diseases White tail disease/Viral diseases White tail disease_aug_316.jpg,Viral diseases White tail disease,Viral diseases White tail disease,White Tail Disease,White Tail Disease,dhash,781c3c3cb8b8e060,0,NEAR_DUPLICATE,False,SAME_LABEL,KEEP_SAME_SPLIT,"identical dHash, different bytes (policy: near-duplicate groups stay in one split)"
roboflow-bdf2eae2cf0c,roboflow-79491afa603f,roboflow,roboflow,train/Bacterial Red disease/Bacterial-Red-disease-23-_jpg.rf.7ec0a98c86f3a240696bee874c23099a.jpg,train/Bacterial Red disease/Bacterial-Red-disease-26-_jpg.rf.5b81fa0434ecd87d2c104324f06d8a61.jpg,Bacterial Red disease,Bacterial Red disease,Bacterial Red Disease,Bacterial Red Disease,dhash,02203434a82f0fd0,0,NEAR_DUPLICATE,False,SAME_LABEL,KEEP_SAME_SPLIT,"identical dHash, different bytes (policy: near-duplicate groups stay in one split)"
current_freshwater-f733d8b8dad6,current_freshwater-464170093129,current_freshwater,current_freshwater,test_split/Viral diseases White tail disease_Viral diseases White tail disease_240.jpg,train_split/Viral diseases White tail disease/Viral diseases White tail disease_aug_92.jpg,Viral diseases White tail disease,Viral diseases White tail disease,White Tail Disease,White Tail Disease,dhash,7873e3c7ce84c3c6,0,NEAR_DUPLICATE,False,SAME_LABEL,KEEP_SAME_SPLIT,"identical dHash, different bytes (policy: near-duplicate groups stay in one split)"
current_freshwater-83ffd47e4791,current_freshwater-7b9c97cb4d2f,current_freshwater,current_freshwater,train_split/Viral diseases White tail disease/Viral diseases White tail disease_53.jpg,train_split/Viral diseases White tail disease/Viral diseases White tail disease_aug_145.jpg,Viral diseases White tail disease,Viral diseases White tail disease,White Tail Disease,White Tail Disease,dhash,7876f6eefcfdf7c7,0,NEAR_DUPLICATE,False,SAME_LABEL,KEEP_SAME_SPLIT,"identical dHash, different bytes (policy: near-duplicate groups stay in one split)"
current_freshwater-6119480597b7,current_freshwater-e5f12d86a65a,current_freshwater,current_freshwater,train_split/EUS/EUS_180.jpg,train_split/EUS/EUS_aug_0.jpg,EUS,EUS,EUS Disease,EUS Disease,dhash,787864c29213c7ae,0,NEAR_DUPLICATE,False,SAME_LABEL,KEEP_SAME_SPLIT,"identical dHash, different bytes (policy: near-duplicate groups stay in one split)"
current_freshwater-da6c66c87de0,current_freshwater-327f138cdd6c,current_freshwater,current_freshwater,train_split/EUS/EUS_254.jpg,train_split/EUS/EUS_aug_219.jpg,EUS,EUS,EUS Disease,EUS Disease,dhash,78e88ed2f27068e0,0,NEAR_DUPLICATE,False,SAME_LABEL,KEEP_SAME_SPLIT,"identical dHash, different bytes (policy: near-duplicate groups stay in one split)"
paper_dataset-abbc4f21ccaf,paper_dataset-2f660286a022,paper_dataset,paper_dataset,InfectedFish/infected_309.png,InfectedFish/infected_358.png,InfectedFish,InfectedFish,,,dhash,78f89c8f9f9e9cf0,0,NEAR_DUPLICATE,False,UNRESOLVED_LABEL,REVIEW,"identical dHash, a label is unresolved; the match is evidence for the mapping decision"
paper_dataset-af74bcdf97c0,paper_dataset-8071848fd18a,paper_dataset,paper_dataset,InfectedFish/infected_610.png,InfectedFish/infected_745.png,InfectedFish,InfectedFish,,,dhash,78f8be830f1ed0f0,0,NEAR_DUPLICATE,False,UNRESOLVED_LABEL,REVIEW,"identical dHash, a label is unresolved; the match is evidence for the mapping decision"
paper_dataset-ded3ac18752b,paper_dataset-6d7a2de5abdc,paper_dataset,paper_dataset,InfectedFish/infected_691.png,InfectedFish/infected_736.png,InfectedFish,InfectedFish,,,dhash,78f8c686a2cec8e0,0,NEAR_DUPLICATE,False,UNRESOLVED_LABEL,REVIEW,"identical dHash, a label is unresolved; the match is evidence for the mapping decision"
current_freshwater-a1bb31570d6f,kaptai-4dbc955a8c55,current_freshwater,kaptai,train_split/Healthy Fish/Healthy Fish_433.jpg,Argulus/19.jpg,Healthy Fish,Argulus,Healthy Fish,,dhash,78fcecd2d71d9818,0,NEAR_DUPLICATE,True,UNRESOLVED_LABEL,REVIEW,"identical dHash, a label is unresolved; the match is evidence for the mapping decision"
current_freshwater-a1bb31570d6f,kaptai-3baa78ab2fb8,current_freshwater,kaptai,train_split/Healthy Fish/Healthy Fish_433.jpg,Healthy Fish/healthy (27).jpg,Healthy Fish,Healthy Fish,Healthy Fish,Healthy Fish,dhash,78fcecd2d71d9818,0,NEAR_DUPLICATE,True,SAME_LABEL,KEEP_SAME_SPLIT,"identical dHash, different bytes (policy: near-duplicate groups stay in one split)"
current_freshwater-826a008b5ac2,roboflow-4c9d914d69e6,current_freshwater,roboflow,test_split/Bacterial gill disease_Bacterial gill disease_22.jpeg,train/Bacterial gill disease/Bacterial-gill-disease-13-_jpeg.rf.ac57b423e837dec623dfff1ecadc9da4.jpg,Bacterial gill disease,Bacterial gill disease,Bacterial Gill Disease,Bacterial Gill Disease,dhash,79590d272313131b,0,NEAR_DUPLICATE,True,SAME_LABEL,KEEP_SAME_SPLIT,"identical dHash, different bytes (policy: near-duplicate groups stay in one split)"
current_freshwater-c27a0bd60792,roboflow-9d89e82eeeb8,current_freshwater,roboflow,train_split/Bacterial Red disease/Bacterial Red disease_25.jpg,train/Bacterial Red disease/Bacterial-Red-disease-25-_jpg.rf.5f23712ffab812b16c33aed23fff8ec7.jpg,Bacterial Red disease,Bacterial Red disease,Bacterial Red Disease,Bacterial Red Disease,dhash,7960e0a2a460e060,0,NEAR_DUPLICATE,True,SAME_LABEL,KEEP_SAME_SPLIT,"identical dHash, different bytes (policy: near-duplicate groups stay in one split)"
current_freshwater-c32efa440798,current_freshwater-72015870b35d,current_freshwater,current_freshwater,train_split/Healthy Fish/Healthy Fish_177.jpg,train_split/Healthy Fish/Healthy Fish_aug_102.jpg,Healthy Fish,Healthy Fish,Healthy Fish,Healthy Fish,dhash,796f1f3f7e7c7978,0,NEAR_DUPLICATE,False,SAME_LABEL,KEEP_SAME_SPLIT,"identical dHash, different bytes (policy: near-duplicate groups stay in one split)"
current_freshwater-72015870b35d,roboflow-fc61a7859e76,current_freshwater,roboflow,train_split/Healthy Fish/Healthy Fish_aug_102.jpg,test/Healthy Fish/Healthy-Fish-130-_jpg.rf.c3e3a62c23aacc5b4cfd56a26b68da02.jpg,Healthy Fish,Healthy Fish,Healthy Fish,Healthy Fish,dhash,796f1f3f7e7c7978,0,NEAR_DUPLICATE,True,SAME_LABEL,KEEP_SAME_SPLIT,"identical dHash, different bytes (policy: near-duplicate groups stay in one split)"
current_freshwater-d30a5d789c1b,roboflow-618030fc45c2,current_freshwater,roboflow,train_split/Bacterial Red disease/Bacterial Red disease_34.jpg,train/Bacterial Red disease/Bacterial-Red-disease-38-_jpg.rf.cf9496060b874a582fb73c026d08f257.jpg,Bacterial Red disease,Bacterial Red disease,Bacterial Red Disease,Bacterial Red Disease,dhash,7978e0a2a4606060,0,NEAR_DUPLICATE,True,SAME_LABEL,KEEP_SAME_SPLIT,"identical dHash, different bytes (policy: near-duplicate groups stay in one split)"
current_freshwater-d30a5d789c1b,roboflow-a9b80d9049ad,current_freshwater,roboflow,train_split/Bacterial Red disease/Bacterial Red disease_34.jpg,train/Bacterial Red disease/Bacterial-Red-disease-6-_jpeg.rf.b002d1a7f839b95a75431378fe66b9a1.jpg,Bacterial Red disease,Bacterial Red disease,Bacterial Red Disease,Bacterial Red Disease,dhash,7978e0a2a4606060,0,NEAR_DUPLICATE,True,SAME_LABEL,KEEP_SAME_SPLIT,"identical dHash, different bytes (policy: near-duplicate groups stay in one split)"
roboflow-618030fc45c2,roboflow-a9b80d9049ad,roboflow,roboflow,train/Bacterial Red disease/Bacterial-Red-disease-38-_jpg.rf.cf9496060b874a582fb73c026d08f257.jpg,train/Bacterial Red disease/Bacterial-Red-disease-6-_jpeg.rf.b002d1a7f839b95a75431378fe66b9a1.jpg,Bacterial Red disease,Bacterial Red disease,Bacterial Red Disease,Bacterial Red Disease,dhash,7978e0a2a4606060,0,NEAR_DUPLICATE,False,SAME_LABEL,KEEP_SAME_SPLIT,"identical dHash, different bytes (policy: near-duplicate groups stay in one split)"
mendeley-6d0181d874d8,mendeley-37b3ac33010c,mendeley,mendeley,Healthy Fish/Grass_carp_(Ctenopharyngodon idella)/Fish_77/IMG20260213130305.jpg,Healthy Fish/Grass_carp_(Ctenopharyngodon idella)/Fish_79/IMG20260213130304_01.jpg,Healthy Fish,Healthy Fish,Healthy Fish,Healthy Fish,dhash,7c1c6dad8f38585a,0,NEAR_DUPLICATE,False,SAME_LABEL,KEEP_SAME_SPLIT,"identical dHash, different bytes (policy: near-duplicate groups stay in one split)"
mendeley-bf4387b88d90,mendeley-8fcd81146ca6,mendeley,mendeley,Epizootic Ulcerative Syndrome (EUS)/Rui_(Labeo rohita)/Fish_67/IMG20260207072534.jpg,Epizootic Ulcerative Syndrome (EUS)/Rui_(Labeo rohita)/Fish_67/IMG20260207072535.jpg,Epizootic Ulcerative Syndrome (EUS),Epizootic Ulcerative Syndrome (EUS),EUS Disease,EUS Disease,dhash,7c5c7efefefefefe,0,NEAR_DUPLICATE,False,SAME_LABEL,KEEP_SAME_SPLIT,"identical dHash, different bytes (policy: near-duplicate groups stay in one split)"
current_freshwater-0de29ea7bd8b,roboflow-3d59cf8cb5bb,current_freshwater,roboflow,test_split/Bacterial gill disease_Bacterial gill disease_36.jpg,train/Bacterial gill disease/Bacterial-gill-disease-2-_png.rf.67dedc81a17e59117f16f254a9a41206.jpg,Bacterial gill disease,Bacterial gill disease,Bacterial Gill Disease,Bacterial Gill Disease,dhash,7c64cc0c1c3880c0,0,NEAR_DUPLICATE,True,SAME_LABEL,KEEP_SAME_SPLIT,"identical dHash, different bytes (policy: near-duplicate groups stay in one split)"
current_freshwater-0de29ea7bd8b,roboflow-d8b8469b634e,current_freshwater,roboflow,test_split/Bacterial gill disease_Bacterial gill disease_36.jpg,train/Bacterial gill disease/Bacterial-gill-disease-21-_jpg.rf.687cbf1474b9c334cf4080e0d2b90c31.jpg,Bacterial gill disease,Bacterial gill disease,Bacterial Gill Disease,Bacterial Gill Disease,dhash,7c64cc0c1c3880c0,0,NEAR_DUPLICATE,True,SAME_LABEL,KEEP_SAME_SPLIT,"identical dHash, different bytes (policy: near-duplicate groups stay in one split)"
roboflow-3d59cf8cb5bb,roboflow-d8b8469b634e,roboflow,roboflow,train/Bacterial gill disease/Bacterial-gill-disease-2-_png.rf.67dedc81a17e59117f16f254a9a41206.jpg,train/Bacterial gill disease/Bacterial-gill-disease-21-_jpg.rf.687cbf1474b9c334cf4080e0d2b90c31.jpg,Bacterial gill disease,Bacterial gill disease,Bacterial Gill Disease,Bacterial Gill Disease,dhash,7c64cc0c1c3880c0,0,NEAR_DUPLICATE,False,SAME_LABEL,KEEP_SAME_SPLIT,"identical dHash, different bytes (policy: near-duplicate groups stay in one split)"
mendeley-bdbc315bafc2,mendeley-bae60f8c88fe,mendeley,mendeley,Epizootic Ulcerative Syndrome (EUS)/Rui_(Labeo rohita)/Fish_69/IMG20260212070323.jpg,Epizootic Ulcerative Syndrome (EUS)/Rui_(Labeo rohita)/Fish_69/IMG20260212070325.jpg,Epizootic Ulcerative Syndrome (EUS),Epizootic Ulcerative Syndrome (EUS),EUS Disease,EUS Disease,dhash,7c6c7c7c38fae6ef,0,NEAR_DUPLICATE,False,SAME_LABEL,KEEP_SAME_SPLIT,"identical dHash, different bytes (policy: near-duplicate groups stay in one split)"
mendeley-bdbc315bafc2,mendeley-ca8653865083,mendeley,mendeley,Epizootic Ulcerative Syndrome (EUS)/Rui_(Labeo rohita)/Fish_69/IMG20260212070323.jpg,Epizootic Ulcerative Syndrome (EUS)/Rui_(Labeo rohita)/Fish_69/IMG20260212070329.jpg,Epizootic Ulcerative Syndrome (EUS),Epizootic Ulcerative Syndrome (EUS),EUS Disease,EUS Disease,dhash,7c6c7c7c38fae6ef,0,NEAR_DUPLICATE,False,SAME_LABEL,KEEP_SAME_SPLIT,"identical dHash, different bytes (policy: near-duplicate groups stay in one split)"
mendeley-bae60f8c88fe,mendeley-ca8653865083,mendeley,mendeley,Epizootic Ulcerative Syndrome (EUS)/Rui_(Labeo rohita)/Fish_69/IMG20260212070325.jpg,Epizootic Ulcerative Syndrome (EUS)/Rui_(Labeo rohita)/Fish_69/IMG20260212070329.jpg,Epizootic Ulcerative Syndrome (EUS),Epizootic Ulcerative Syndrome (EUS),EUS Disease,EUS Disease,dhash,7c6c7c7c38fae6ef,0,NEAR_DUPLICATE,False,SAME_LABEL,KEEP_SAME_SPLIT,"identical dHash, different bytes (policy: near-duplicate groups stay in one split)"
current_freshwater-a08cb26bb4e2,kaptai-b288871fa29a,current_freshwater,kaptai,train_split/Bacterial gill disease/Bacterial gill disease_20.jpeg,THE BACTERIAL GILL ROT/download (1).jpg,Bacterial gill disease,THE BACTERIAL GILL ROT,Bacterial Gill Disease,,dhash,7c78e0e0f3e3f1f0,0,NEAR_DUPLICATE,True,UNRESOLVED_LABEL,REVIEW,"identical dHash, a label is unresolved; the match is evidence for the mapping decision"
current_freshwater-a08cb26bb4e2,roboflow-c9a2abcfa6a3,current_freshwater,roboflow,train_split/Bacterial gill disease/Bacterial gill disease_20.jpeg,test/Bacterial gill disease/Bacterial-gill-disease-32-_jpg.rf.6e7525d456a70515fe971f171d131eb7.jpg,Bacterial gill disease,Bacterial gill disease,Bacterial Gill Disease,Bacterial Gill Disease,dhash,7c78e0e0f3e3f1f0,0,NEAR_DUPLICATE,True,SAME_LABEL,KEEP_SAME_SPLIT,"identical dHash, different bytes (policy: near-duplicate groups stay in one split)"
current_freshwater-a08cb26bb4e2,roboflow-0e26f86648b0,current_freshwater,roboflow,train_split/Bacterial gill disease/Bacterial gill disease_20.jpeg,train/Bacterial gill disease/Bacterial-gill-disease-12-_jpeg.rf.d6ac717a8327c3cfa95bf8ea1cba2849.jpg,Bacterial gill disease,Bacterial gill disease,Bacterial Gill Disease,Bacterial Gill Disease,dhash,7c78e0e0f3e3f1f0,0,NEAR_DUPLICATE,True,SAME_LABEL,KEEP_SAME_SPLIT,"identical dHash, different bytes (policy: near-duplicate groups stay in one split)"
current_freshwater-a08cb26bb4e2,roboflow-a7069f48e832,current_freshwater,roboflow,train_split/Bacterial gill disease/Bacterial gill disease_20.jpeg,train/Bacterial gill disease/Bacterial-gill-disease-5-_jpg.rf.417ef61f550bfbe930dfce1a0648fbe6.jpg,Bacterial gill disease,Bacterial gill disease,Bacterial Gill Disease,Bacterial Gill Disease,dhash,7c78e0e0f3e3f1f0,0,NEAR_DUPLICATE,True,SAME_LABEL,KEEP_SAME_SPLIT,"identical dHash, different bytes (policy: near-duplicate groups stay in one split)"
kaptai-b288871fa29a,roboflow-c9a2abcfa6a3,kaptai,roboflow,THE BACTERIAL GILL ROT/download (1).jpg,test/Bacterial gill disease/Bacterial-gill-disease-32-_jpg.rf.6e7525d456a70515fe971f171d131eb7.jpg,THE BACTERIAL GILL ROT,Bacterial gill disease,,Bacterial Gill Disease,dhash,7c78e0e0f3e3f1f0,0,NEAR_DUPLICATE,True,UNRESOLVED_LABEL,REVIEW,"identical dHash, a label is unresolved; the match is evidence for the mapping decision"
kaptai-b288871fa29a,roboflow-0e26f86648b0,kaptai,roboflow,THE BACTERIAL GILL ROT/download (1).jpg,train/Bacterial gill disease/Bacterial-gill-disease-12-_jpeg.rf.d6ac717a8327c3cfa95bf8ea1cba2849.jpg,THE BACTERIAL GILL ROT,Bacterial gill disease,,Bacterial Gill Disease,dhash,7c78e0e0f3e3f1f0,0,NEAR_DUPLICATE,True,UNRESOLVED_LABEL,REVIEW,"identical dHash, a label is unresolved; the match is evidence for the mapping decision"
kaptai-b288871fa29a,roboflow-a7069f48e832,kaptai,roboflow,THE BACTERIAL GILL ROT/download (1).jpg,train/Bacterial gill disease/Bacterial-gill-disease-5-_jpg.rf.417ef61f550bfbe930dfce1a0648fbe6.jpg,THE BACTERIAL GILL ROT,Bacterial gill disease,,Bacterial Gill Disease,dhash,7c78e0e0f3e3f1f0,0,NEAR_DUPLICATE,True,UNRESOLVED_LABEL,REVIEW,"identical dHash, a label is unresolved; the match is evidence for the mapping decision"
roboflow-c9a2abcfa6a3,roboflow-0e26f86648b0,roboflow,roboflow,test/Bacterial gill disease/Bacterial-gill-disease-32-_jpg.rf.6e7525d456a70515fe971f171d131eb7.jpg,train/Bacterial gill disease/Bacterial-gill-disease-12-_jpeg.rf.d6ac717a8327c3cfa95bf8ea1cba2849.jpg,Bacterial gill disease,Bacterial gill disease,Bacterial Gill Disease,Bacterial Gill Disease,dhash,7c78e0e0f3e3f1f0,0,NEAR_DUPLICATE,False,SAME_LABEL,KEEP_SAME_SPLIT,"identical dHash, different bytes (policy: near-duplicate groups stay in one split)"
roboflow-c9a2abcfa6a3,roboflow-a7069f48e832,roboflow,roboflow,test/Bacterial gill disease/Bacterial-gill-disease-32-_jpg.rf.6e7525d456a70515fe971f171d131eb7.jpg,train/Bacterial gill disease/Bacterial-gill-disease-5-_jpg.rf.417ef61f550bfbe930dfce1a0648fbe6.jpg,Bacterial gill disease,Bacterial gill disease,Bacterial Gill Disease,Bacterial Gill Disease,dhash,7c78e0e0f3e3f1f0,0,NEAR_DUPLICATE,False,SAME_LABEL,KEEP_SAME_SPLIT,"identical dHash, different bytes (policy: near-duplicate groups stay in one split)"
roboflow-0e26f86648b0,roboflow-a7069f48e832,roboflow,roboflow,train/Bacterial gill disease/Bacterial-gill-disease-12-_jpeg.rf.d6ac717a8327c3cfa95bf8ea1cba2849.jpg,train/Bacterial gill disease/Bacterial-gill-disease-5-_jpg.rf.417ef61f550bfbe930dfce1a0648fbe6.jpg,Bacterial gill disease,Bacterial gill disease,Bacterial Gill Disease,Bacterial Gill Disease,dhash,7c78e0e0f3e3f1f0,0,NEAR_DUPLICATE,False,SAME_LABEL,KEEP_SAME_SPLIT,"identical dHash, different bytes (policy: near-duplicate groups stay in one split)"
mendeley-8beaea60307d,mendeley-df6613f4418b,mendeley,mendeley,Epizootic Ulcerative Syndrome (EUS)/Rui_(Labeo rohita)/Fish_67/IMG20260207072521.jpg,Epizootic Ulcerative Syndrome (EUS)/Rui_(Labeo rohita)/Fish_67/IMG20260207072524.jpg,Epizootic Ulcerative Syndrome (EUS),Epizootic Ulcerative Syndrome (EUS),EUS Disease,EUS Disease,dhash,7c7c7e7e7e7e5c5c,0,NEAR_DUPLICATE,False,SAME_LABEL,KEEP_SAME_SPLIT,"identical dHash, different bytes (policy: near-duplicate groups stay in one split)"
mendeley-8beaea60307d,mendeley-9fd8c1cb122d,mendeley,mendeley,Epizootic Ulcerative Syndrome (EUS)/Rui_(Labeo rohita)/Fish_67/IMG20260207072521.jpg,Epizootic Ulcerative Syndrome (EUS)/Rui_(Labeo rohita)/Fish_67/IMG20260207072526.jpg,Epizootic Ulcerative Syndrome (EUS),Epizootic Ulcerative Syndrome (EUS),EUS Disease,EUS Disease,dhash,7c7c7e7e7e7e5c5c,0,NEAR_DUPLICATE,False,SAME_LABEL,KEEP_SAME_SPLIT,"identical dHash, different bytes (policy: near-duplicate groups stay in one split)"
mendeley-8beaea60307d,mendeley-c2c608030ade,mendeley,mendeley,Epizootic Ulcerative Syndrome (EUS)/Rui_(Labeo rohita)/Fish_67/IMG20260207072521.jpg,Epizootic Ulcerative Syndrome (EUS)/Rui_(Labeo rohita)/Fish_67/IMG20260207072528.jpg,Epizootic Ulcerative Syndrome (EUS),Epizootic Ulcerative Syndrome (EUS),EUS Disease,EUS Disease,dhash,7c7c7e7e7e7e5c5c,0,NEAR_DUPLICATE,False,SAME_LABEL,KEEP_SAME_SPLIT,"identical dHash, different bytes (policy: near-duplicate groups stay in one split)"
mendeley-df6613f4418b,mendeley-9fd8c1cb122d,mendeley,mendeley,Epizootic Ulcerative Syndrome (EUS)/Rui_(Labeo rohita)/Fish_67/IMG20260207072524.jpg,Epizootic Ulcerative Syndrome (EUS)/Rui_(Labeo rohita)/Fish_67/IMG20260207072526.jpg,Epizootic Ulcerative Syndrome (EUS),Epizootic Ulcerative Syndrome (EUS),EUS Disease,EUS Disease,dhash,7c7c7e7e7e7e5c5c,0,NEAR_DUPLICATE,False,SAME_LABEL,KEEP_SAME_SPLIT,"identical dHash, different bytes (policy: near-duplicate groups stay in one split)"
mendeley-df6613f4418b,mendeley-c2c608030ade,mendeley,mendeley,Epizootic Ulcerative Syndrome (EUS)/Rui_(Labeo rohita)/Fish_67/IMG20260207072524.jpg,Epizootic Ulcerative Syndrome (EUS)/Rui_(Labeo rohita)/Fish_67/IMG20260207072528.jpg,Epizootic Ulcerative Syndrome (EUS),Epizootic Ulcerative Syndrome (EUS),EUS Disease,EUS Disease,dhash,7c7c7e7e7e7e5c5c,0,NEAR_DUPLICATE,False,SAME_LABEL,KEEP_SAME_SPLIT,"identical dHash, different bytes (policy: near-duplicate groups stay in one split)"
mendeley-9fd8c1cb122d,mendeley-c2c608030ade,mendeley,mendeley,Epizootic Ulcerative Syndrome (EUS)/Rui_(Labeo rohita)/Fish_67/IMG20260207072526.jpg,Epizootic Ulcerative Syndrome (EUS)/Rui_(Labeo rohita)/Fish_67/IMG20260207072528.jpg,Epizootic Ulcerative Syndrome (EUS),Epizootic Ulcerative Syndrome (EUS),EUS Disease,EUS Disease,dhash,7c7c7e7e7e7e5c5c,0,NEAR_DUPLICATE,False,SAME_LABEL,KEEP_SAME_SPLIT,"identical dHash, different bytes (policy: near-duplicate groups stay in one split)"
mendeley-59cdac2c4641,mendeley-617cd7e5996d,mendeley,mendeley,Epizootic Ulcerative Syndrome (EUS)/Rui_(Labeo rohita)/Fish_67/IMG20260207072522_01.jpg,Epizootic Ulcerative Syndrome (EUS)/Rui_(Labeo rohita)/Fish_67/IMG20260207072525.jpg,Epizootic Ulcerative Syndrome (EUS),Epizootic Ulcerative Syndrome (EUS),EUS Disease,EUS Disease,dhash,7c7c7e7e7e7e5c7c,0,NEAR_DUPLICATE,False,SAME_LABEL,KEEP_SAME_SPLIT,"identical dHash, different bytes (policy: near-duplicate groups stay in one split)"
mendeley-f06bbdc44f58,mendeley-498e4ac954b3,mendeley,mendeley,Epizootic Ulcerative Syndrome (EUS)/Rui_(Labeo rohita)/Fish_67/IMG20260207072522.jpg,Epizootic Ulcerative Syndrome (EUS)/Rui_(Labeo rohita)/Fish_67/IMG20260207072523.jpg,Epizootic Ulcerative Syndrome (EUS),Epizootic Ulcerative Syndrome (EUS),EUS Disease,EUS Disease,dhash,7c7e7e7e7e7e5c7c,0,NEAR_DUPLICATE,False,SAME_LABEL,KEEP_SAME_SPLIT,"identical dHash, different bytes (policy: near-duplicate groups stay in one split)"
mendeley-f06bbdc44f58,mendeley-5909bdc10fb8,mendeley,mendeley,Epizootic Ulcerative Syndrome (EUS)/Rui_(Labeo rohita)/Fish_67/IMG20260207072522.jpg,Epizootic Ulcerative Syndrome (EUS)/Rui_(Labeo rohita)/Fish_67/IMG20260207072527.jpg,Epizootic Ulcerative Syndrome (EUS),Epizootic Ulcerative Syndrome (EUS),EUS Disease,EUS Disease,dhash,7c7e7e7e7e7e5c7c,0,NEAR_DUPLICATE,False,SAME_LABEL,KEEP_SAME_SPLIT,"identical dHash, different bytes (policy: near-duplicate groups stay in one split)"
mendeley-498e4ac954b3,mendeley-5909bdc10fb8,mendeley,mendeley,Epizootic Ulcerative Syndrome (EUS)/Rui_(Labeo rohita)/Fish_67/IMG20260207072523.jpg,Epizootic Ulcerative Syndrome (EUS)/Rui_(Labeo rohita)/Fish_67/IMG20260207072527.jpg,Epizootic Ulcerative Syndrome (EUS),Epizootic Ulcerative Syndrome (EUS),EUS Disease,EUS Disease,dhash,7c7e7e7e7e7e5c7c,0,NEAR_DUPLICATE,False,SAME_LABEL,KEEP_SAME_SPLIT,"identical dHash, different bytes (policy: near-duplicate groups stay in one split)"
mendeley-71a3b9662713,mendeley-2a8806700d8f,mendeley,mendeley,Epizootic Ulcerative Syndrome (EUS)/Rui_(Labeo rohita)/Fish_71/IMG20260212070700.jpg,Epizootic Ulcerative Syndrome (EUS)/Rui_(Labeo rohita)/Fish_71/IMG20260212070703.jpg,Epizootic Ulcerative Syndrome (EUS),Epizootic Ulcerative Syndrome (EUS),EUS Disease,EUS Disease,dhash,7cedfebcbc3c7878,0,NEAR_DUPLICATE,False,SAME_LABEL,KEEP_SAME_SPLIT,"identical dHash, different bytes (policy: near-duplicate groups stay in one split)"
current_freshwater-16fa95689261,roboflow-8b44c1ee8c8d,current_freshwater,roboflow,test_split/Bacterial diseases - Aeromoniasis_Bacterial diseases - Aeromoniasis_103.jpg,valid/Bacterial diseases - Aeromoniasis/Bacterial-diseases-Aeromoniasis-20-_jpg.rf.c4ff04c1a591a591ae993b6bedb1b7a2.jpg,Bacterial diseases - Aeromoniasis,Bacterial diseases - Aeromoniasis,Aeromoniasis,Aeromoniasis,dhash,7cfd9124ecec7819,0,NEAR_DUPLICATE,True,SAME_LABEL,KEEP_SAME_SPLIT,"identical dHash, different bytes (policy: near-duplicate groups stay in one split)"
current_freshwater-df1447d69f5c,current_freshwater-23c014d50750,current_freshwater,current_freshwater,train_split/Bacterial diseases - Aeromoniasis/Bacterial diseases - Aeromoniasis_119.jpg,train_split/Bacterial diseases - Aeromoniasis/Bacterial diseases - Aeromoniasis_aug_207.jpg,Bacterial diseases - Aeromoniasis,Bacterial diseases - Aeromoniasis,Aeromoniasis,Aeromoniasis,dhash,7d3e8dcd870707ae,0,NEAR_DUPLICATE,False,SAME_LABEL,KEEP_SAME_SPLIT,"identical dHash, different bytes (policy: near-duplicate groups stay in one split)"
current_freshwater-df1447d69f5c,current_freshwater-0f440a21ed25,current_freshwater,current_freshwater,train_split/Bacterial diseases - Aeromoniasis/Bacterial diseases - Aeromoniasis_119.jpg,train_split/Bacterial diseases - Aeromoniasis/Bacterial diseases - Aeromoniasis_aug_33.jpg,Bacterial diseases - Aeromoniasis,Bacterial diseases - Aeromoniasis,Aeromoniasis,Aeromoniasis,dhash,7d3e8dcd870707ae,0,NEAR_DUPLICATE,False,SAME_LABEL,KEEP_SAME_SPLIT,"identical dHash, different bytes (policy: near-duplicate groups stay in one split)"
current_freshwater-1f95264f6430,current_freshwater-62182a8d2169,current_freshwater,current_freshwater,train_split/Viral diseases White tail disease/Viral diseases White tail disease_67.jpg,train_split/Viral diseases White tail disease/Viral diseases White tail disease_aug_254.jpg,Viral diseases White tail disease,Viral diseases White tail disease,White Tail Disease,White Tail Disease,dhash,7d7c4e1e3f370747,0,NEAR_DUPLICATE,False,SAME_LABEL,KEEP_SAME_SPLIT,"identical dHash, different bytes (policy: near-duplicate groups stay in one split)"
current_freshwater-62b30e3efa06,current_freshwater-2cc3960a1fb0,current_freshwater,current_freshwater,train_split/Bacterial Red disease/Bacterial Red disease_131.jpg,train_split/Bacterial Red disease/Bacterial Red disease_aug_195.jpg,Bacterial Red disease,Bacterial Red disease,Bacterial Red Disease,Bacterial Red Disease,dhash,7decccccccd87033,0,NEAR_DUPLICATE,False,SAME_LABEL,KEEP_SAME_SPLIT,"identical dHash, different bytes (policy: near-duplicate groups stay in one split)"
current_freshwater-2cc3960a1fb0,roboflow-4c55db807cab,current_freshwater,roboflow,train_split/Bacterial Red disease/Bacterial Red disease_aug_195.jpg,train/Bacterial Red disease/Bacterial-Red-disease-17-_jpg.rf.9579bf0d6e623b8f22c5500b4bd75176.jpg,Bacterial Red disease,Bacterial Red disease,Bacterial Red Disease,Bacterial Red Disease,dhash,7decccccccd87033,0,NEAR_DUPLICATE,True,SAME_LABEL,KEEP_SAME_SPLIT,"identical dHash, different bytes (policy: near-duplicate groups stay in one split)"
current_freshwater-279f837ec913,current_freshwater-a39c8a63b5cf,current_freshwater,current_freshwater,train_split/Parasitic diseases/Parasitic diseases_115.jpg,train_split/Parasitic diseases/Parasitic diseases_aug_158.jpg,Parasitic diseases,Parasitic diseases,Parasitic Disease,Parasitic Disease,dhash,7defe767677f7f3f,0,NEAR_DUPLICATE,False,SAME_LABEL,KEEP_SAME_SPLIT,"identical dHash, different bytes (policy: near-duplicate groups stay in one split)"
current_freshwater-56377beba882,current_freshwater-229331cd8317,current_freshwater,current_freshwater,train_split/Viral diseases White tail disease/Viral diseases White tail disease_218.jpg,train_split/Viral diseases White tail disease/Viral diseases White tail disease_aug_19.jpg,Viral diseases White tail disease,Viral diseases White tail disease,White Tail Disease,White Tail Disease,dhash,7e1d3dde393d3d0f,0,NEAR_DUPLICATE,False,SAME_LABEL,KEEP_SAME_SPLIT,"identical dHash, different bytes (policy: near-duplicate groups stay in one split)"
mendeley-4c5dcfe7dcf3,mendeley-a7db3ddb72f1,mendeley,mendeley,Epizootic Ulcerative Syndrome (EUS)/Rui_(Labeo rohita)/Fish_67/IMG20260207072540.jpg,Epizootic Ulcerative Syndrome (EUS)/Rui_(Labeo rohita)/Fish_67/IMG20260207072541.jpg,Epizootic Ulcerative Syndrome (EUS),Epizootic Ulcerative Syndrome (EUS),EUS Disease,EUS Disease,dhash,7e5e7e7e7e7e7e7e,0,NEAR_DUPLICATE,False,SAME_LABEL,KEEP_SAME_SPLIT,"identical dHash, different bytes (policy: near-duplicate groups stay in one split)"
mendeley-fcd0618400f2,mendeley-89582b1a5240,mendeley,mendeley,Epizootic Ulcerative Syndrome (EUS)/Rui_(Labeo rohita)/Fish_67/IMG20260207072536.jpg,Epizootic Ulcerative Syndrome (EUS)/Rui_(Labeo rohita)/Fish_67/IMG20260207072538.jpg,Epizootic Ulcerative Syndrome (EUS),Epizootic Ulcerative Syndrome (EUS),EUS Disease,EUS Disease,dhash,7e5e7e7e7e7efe7e,0,NEAR_DUPLICATE,False,SAME_LABEL,KEEP_SAME_SPLIT,"identical dHash, different bytes (policy: near-duplicate groups stay in one split)"
mendeley-fcd0618400f2,mendeley-71074d4bc9de,mendeley,mendeley,Epizootic Ulcerative Syndrome (EUS)/Rui_(Labeo rohita)/Fish_67/IMG20260207072536.jpg,Epizootic Ulcerative Syndrome (EUS)/Rui_(Labeo rohita)/Fish_67/IMG20260207072540_01.jpg,Epizootic Ulcerative Syndrome (EUS),Epizootic Ulcerative Syndrome (EUS),EUS Disease,EUS Disease,dhash,7e5e7e7e7e7efe7e,0,NEAR_DUPLICATE,False,SAME_LABEL,KEEP_SAME_SPLIT,"identical dHash, different bytes (policy: near-duplicate groups stay in one split)"
mendeley-89582b1a5240,mendeley-71074d4bc9de,mendeley,mendeley,Epizootic Ulcerative Syndrome (EUS)/Rui_(Labeo rohita)/Fish_67/IMG20260207072538.jpg,Epizootic Ulcerative Syndrome (EUS)/Rui_(Labeo rohita)/Fish_67/IMG20260207072540_01.jpg,Epizootic Ulcerative Syndrome (EUS),Epizootic Ulcerative Syndrome (EUS),EUS Disease,EUS Disease,dhash,7e5e7e7e7e7efe7e,0,NEAR_DUPLICATE,False,SAME_LABEL,KEEP_SAME_SPLIT,"identical dHash, different bytes (policy: near-duplicate groups stay in one split)"
current_freshwater-023ab7a3b1f5,kaptai-c0b1d15fbed1,current_freshwater,kaptai,test_split/Healthy Fish_Healthy Fish_443.jpg,Healthy Fish/healthy (9).jpg,Healthy Fish,Healthy Fish,Healthy Fish,Healthy Fish,dhash,7e7c191f3f0f1f1d,0,NEAR_DUPLICATE,True,SAME_LABEL,KEEP_SAME_SPLIT,"identical dHash, different bytes (policy: near-duplicate groups stay in one split)"
paper_dataset-549b824fad2e,paper_dataset-3b2f9220dea6,paper_dataset,paper_dataset,InfectedFish/infected_577.png,InfectedFish/infected_667.png,InfectedFish,InfectedFish,,,dhash,7ee6ce868ecef67e,0,NEAR_DUPLICATE,False,UNRESOLVED_LABEL,REVIEW,"identical dHash, a label is unresolved; the match is evidence for the mapping decision"
paper_dataset-549b824fad2e,paper_dataset-2af7eb2aa806,paper_dataset,paper_dataset,InfectedFish/infected_577.png,InfectedFish/infected_712.png,InfectedFish,InfectedFish,,,dhash,7ee6ce868ecef67e,0,NEAR_DUPLICATE,False,UNRESOLVED_LABEL,REVIEW,"identical dHash, a label is unresolved; the match is evidence for the mapping decision"
paper_dataset-3b2f9220dea6,paper_dataset-2af7eb2aa806,paper_dataset,paper_dataset,InfectedFish/infected_667.png,InfectedFish/infected_712.png,InfectedFish,InfectedFish,,,dhash,7ee6ce868ecef67e,0,NEAR_DUPLICATE,False,UNRESOLVED_LABEL,REVIEW,"identical dHash, a label is unresolved; the match is evidence for the mapping decision"
current_freshwater-5035a3fcbeff,current_freshwater-18095fb908ea,current_freshwater,current_freshwater,train_split/Fungal diseases Saprolegniasis/Fungal diseases Saprolegniasis_aug_152.jpg,train_split/Fungal diseases Saprolegniasis/Fungal diseases Saprolegniasis_aug_153.jpg,Fungal diseases Saprolegniasis,Fungal diseases Saprolegniasis,Saprolegniasis,Saprolegniasis,dhash,7f6f371d1e0e0703,0,NEAR_DUPLICATE,False,SAME_LABEL,KEEP_SAME_SPLIT,"identical dHash, different bytes (policy: near-duplicate groups stay in one split)"
current_freshwater-5035a3fcbeff,current_freshwater-186469294e3d,current_freshwater,current_freshwater,train_split/Fungal diseases Saprolegniasis/Fungal diseases Saprolegniasis_aug_152.jpg,train_split/Fungal diseases Saprolegniasis/Fungal diseases Saprolegniasis_aug_213.jpg,Fungal diseases Saprolegniasis,Fungal diseases Saprolegniasis,Saprolegniasis,Saprolegniasis,dhash,7f6f371d1e0e0703,0,NEAR_DUPLICATE,False,SAME_LABEL,KEEP_SAME_SPLIT,"identical dHash, different bytes (policy: near-duplicate groups stay in one split)"
current_freshwater-18095fb908ea,current_freshwater-186469294e3d,current_freshwater,current_freshwater,train_split/Fungal diseases Saprolegniasis/Fungal diseases Saprolegniasis_aug_153.jpg,train_split/Fungal diseases Saprolegniasis/Fungal diseases Saprolegniasis_aug_213.jpg,Fungal diseases Saprolegniasis,Fungal diseases Saprolegniasis,Saprolegniasis,Saprolegniasis,dhash,7f6f371d1e0e0703,0,NEAR_DUPLICATE,False,SAME_LABEL,KEEP_SAME_SPLIT,"identical dHash, different bytes (policy: near-duplicate groups stay in one split)"
roboflow-1f1cb6a216eb,roboflow-4b9c90b64ebb,roboflow,roboflow,train/Healthy Fish/Healthy-Fish-118-_jpg.rf.3f7686f4d014269bd77ce3355ae3cf75.jpg,train/Healthy Fish/Healthy-Fish-15-_jpg.rf.938fbfeb837bdc133261adc882a492e4.jpg,Healthy Fish,Healthy Fish,Healthy Fish,Healthy Fish,dhash,7f7c7ef7f77f7f3e,0,NEAR_DUPLICATE,False,SAME_LABEL,KEEP_SAME_SPLIT,"identical dHash, different bytes (policy: near-duplicate groups stay in one split)"
mendeley-ba15a2058f5a,mendeley-fc21c9fe3cc7,mendeley,mendeley,Healthy Fish/Silver_carp_(Hypophthalmichthys molitrix)/Fish_84/IMG20260315105159.jpg,Healthy Fish/Silver_carp_(Hypophthalmichthys molitrix)/Fish_84/IMG20260315105203.jpg,Healthy Fish,Healthy Fish,Healthy Fish,Healthy Fish,dhash,7fae3279387078f1,0,NEAR_DUPLICATE,False,SAME_LABEL,KEEP_SAME_SPLIT,"identical dHash, different bytes (policy: near-duplicate groups stay in one split)"
current_freshwater-d31e7779d4e6,current_freshwater-dbd7dd138580,current_freshwater,current_freshwater,train_split/Viral diseases White tail disease/Viral diseases White tail disease_10.jpg,train_split/Viral diseases White tail disease/Viral diseases White tail disease_aug_174.jpg,Viral diseases White tail disease,Viral diseases White tail disease,White Tail Disease,White Tail Disease,dhash,030301f1b737ffbe,0,NEAR_DUPLICATE,False,SAME_LABEL,KEEP_SAME_SPLIT,"identical dHash, different bytes (policy: near-duplicate groups stay in one split)"
current_freshwater-d31e7779d4e6,current_freshwater-25a505d95f30,current_freshwater,current_freshwater,train_split/Viral diseases White tail disease/Viral diseases White tail disease_10.jpg,train_split/Viral diseases White tail disease/Viral diseases White tail disease_aug_64.jpg,Viral diseases White tail disease,Viral diseases White tail disease,White Tail Disease,White Tail Disease,dhash,030301f1b737ffbe,0,NEAR_DUPLICATE,False,SAME_LABEL,KEEP_SAME_SPLIT,"identical dHash, different bytes (policy: near-duplicate groups stay in one split)"
current_freshwater-8c12b3300e67,current_freshwater-24331e36c6a5,current_freshwater,current_freshwater,test_split/Fungal diseases Saprolegniasis_Fungal diseases Saprolegniasis_141.jpg,train_split/Fungal diseases Saprolegniasis/Fungal diseases Saprolegniasis_aug_332.jpg,Fungal diseases Saprolegniasis,Fungal diseases Saprolegniasis,Saprolegniasis,Saprolegniasis,dhash,7fbf3f1f3e0e0f0f,0,NEAR_DUPLICATE,False,SAME_LABEL,KEEP_SAME_SPLIT,"identical dHash, different bytes (policy: near-duplicate groups stay in one split)"
current_freshwater-e39e67cfe89a,roboflow-137117a14def,current_freshwater,roboflow,test_split/Bacterial gill disease_Bacterial gill disease_10.jpeg,valid/Bacterial gill disease/Bacterial-gill-disease-11-_jpeg.rf.b3836fd9c00b0a9c55dc46c727c89e0b.jpg,Bacterial gill disease,Bacterial gill disease,Bacterial Gill Disease,Bacterial Gill Disease,dhash,7ff27068cac4445c,0,NEAR_DUPLICATE,True,SAME_LABEL,KEEP_SAME_SPLIT,"identical dHash, different bytes (policy: near-duplicate groups stay in one split)"
paper_dataset-a1fe0d2b70f1,paper_dataset-b0bc71b592a4,paper_dataset,paper_dataset,InfectedFish/infected_253.png,InfectedFish/infected_302.png,InfectedFish,InfectedFish,,,dhash,7fff3f1b736b272f,0,NEAR_DUPLICATE,False,UNRESOLVED_LABEL,REVIEW,"identical dHash, a label is unresolved; the match is evidence for the mapping decision"
current_freshwater-db2a0b77629f,current_freshwater-7d40f252db0b,current_freshwater,current_freshwater,test_split/Bacterial Red disease_Bacterial Red disease_212.jpg,train_split/Bacterial Red disease/Bacterial Red disease_aug_181.jpg,Bacterial Red disease,Bacterial Red disease,Bacterial Red Disease,Bacterial Red Disease,dhash,80001898d8b0e0c0,0,NEAR_DUPLICATE,False,SAME_LABEL,KEEP_SAME_SPLIT,"identical dHash, different bytes (policy: near-duplicate groups stay in one split)"
current_freshwater-7414c56cec1e,roboflow-b2d99123a10b,current_freshwater,roboflow,train_split/Bacterial diseases - Aeromoniasis/Bacterial diseases - Aeromoniasis_177.jpg,train/Bacterial diseases - Aeromoniasis/Bacterial-diseases-Aeromoniasis-40-_jpg.rf.ba1814f055338aa25eec49edb5e430f6.jpg,Bacterial diseases - Aeromoniasis,Bacterial diseases - Aeromoniasis,Aeromoniasis,Aeromoniasis,dhash,80110f1c3c1db8b0,0,NEAR_DUPLICATE,True,SAME_LABEL,KEEP_SAME_SPLIT,"identical dHash, different bytes (policy: near-duplicate groups stay in one split)"
current_freshwater-a9bb1534b5eb,current_freshwater-52c37b2df21f,current_freshwater,current_freshwater,train_split/EUS/EUS_103.jpg,train_split/EUS/EUS_aug_92.jpg,EUS,EUS,EUS Disease,EUS Disease,dhash,80808c860f1a1c81,0,NEAR_DUPLICATE,False,SAME_LABEL,KEEP_SAME_SPLIT,"identical dHash, different bytes (policy: near-duplicate groups stay in one split)"
current_freshwater-20dadfdb0b3d,current_freshwater-eed560850995,current_freshwater,current_freshwater,test_split/Fungal diseases Saprolegniasis_Fungal diseases Saprolegniasis_75.jpg,train_split/Fungal diseases Saprolegniasis/Fungal diseases Saprolegniasis_224.jpg,Fungal diseases Saprolegniasis,Fungal diseases Saprolegniasis,Saprolegniasis,Saprolegniasis,dhash,80c0c060f0f07878,0,NEAR_DUPLICATE,False,SAME_LABEL,KEEP_SAME_SPLIT,"identical dHash, different bytes (policy: near-duplicate groups stay in one split)"
current_freshwater-20dadfdb0b3d,current_freshwater-eabd9996d6ad,current_freshwater,current_freshwater,test_split/Fungal diseases Saprolegniasis_Fungal diseases Saprolegniasis_75.jpg,train_split/Fungal diseases Saprolegniasis/Fungal diseases Saprolegniasis_aug_32.jpg,Fungal diseases Saprolegniasis,Fungal diseases Saprolegniasis,Saprolegniasis,Saprolegniasis,dhash,80c0c060f0f07878,0,NEAR_DUPLICATE,False,SAME_LABEL,KEEP_SAME_SPLIT,"identical dHash, different bytes (policy: near-duplicate groups stay in one split)"
current_freshwater-20dadfdb0b3d,current_freshwater-b9d163f27a57,current_freshwater,current_freshwater,test_split/Fungal diseases Saprolegniasis_Fungal diseases Saprolegniasis_75.jpg,train_split/Fungal diseases Saprolegniasis/Fungal diseases Saprolegniasis_aug_92.jpg,Fungal diseases Saprolegniasis,Fungal diseases Saprolegniasis,Saprolegniasis,Saprolegniasis,dhash,80c0c060f0f07878,0,NEAR_DUPLICATE,False,SAME_LABEL,KEEP_SAME_SPLIT,"identical dHash, different bytes (policy: near-duplicate groups stay in one split)"
current_freshwater-eed560850995,current_freshwater-eabd9996d6ad,current_freshwater,current_freshwater,train_split/Fungal diseases Saprolegniasis/Fungal diseases Saprolegniasis_224.jpg,train_split/Fungal diseases Saprolegniasis/Fungal diseases Saprolegniasis_aug_32.jpg,Fungal diseases Saprolegniasis,Fungal diseases Saprolegniasis,Saprolegniasis,Saprolegniasis,dhash,80c0c060f0f07878,0,NEAR_DUPLICATE,False,SAME_LABEL,KEEP_SAME_SPLIT,"identical dHash, different bytes (policy: near-duplicate groups stay in one split)"
current_freshwater-eed560850995,current_freshwater-b9d163f27a57,current_freshwater,current_freshwater,train_split/Fungal diseases Saprolegniasis/Fungal diseases Saprolegniasis_224.jpg,train_split/Fungal diseases Saprolegniasis/Fungal diseases Saprolegniasis_aug_92.jpg,Fungal diseases Saprolegniasis,Fungal diseases Saprolegniasis,Saprolegniasis,Saprolegniasis,dhash,80c0c060f0f07878,0,NEAR_DUPLICATE,False,SAME_LABEL,KEEP_SAME_SPLIT,"identical dHash, different bytes (policy: near-duplicate groups stay in one split)"
current_freshwater-eabd9996d6ad,current_freshwater-b9d163f27a57,current_freshwater,current_freshwater,train_split/Fungal diseases Saprolegniasis/Fungal diseases Saprolegniasis_aug_32.jpg,train_split/Fungal diseases Saprolegniasis/Fungal diseases Saprolegniasis_aug_92.jpg,Fungal diseases Saprolegniasis,Fungal diseases Saprolegniasis,Saprolegniasis,Saprolegniasis,dhash,80c0c060f0f07878,0,NEAR_DUPLICATE,False,SAME_LABEL,KEEP_SAME_SPLIT,"identical dHash, different bytes (policy: near-duplicate groups stay in one split)"
current_freshwater-04b36ea1b2af,roboflow-318e22b5745b,current_freshwater,roboflow,train_split/Viral diseases White tail disease/Viral diseases White tail disease_30.jpeg,train/Viral diseases White tail disease/Viral-diseases-White-tail-disease-4-_jpeg.rf.165b805d7ca498eba514926e068ccbea.jpg,Viral diseases White tail disease,Viral diseases White tail disease,White Tail Disease,White Tail Disease,dhash,80c8c0b0b0303079,0,NEAR_DUPLICATE,True,SAME_LABEL,KEEP_SAME_SPLIT,"identical dHash, different bytes (policy: near-duplicate groups stay in one split)"
mendeley-259406bfa21e,mendeley-fb6e85ee2a03,mendeley,mendeley,Bacterial Gill Diseases/Rui_(Labeo rohita)/Fish_13/IMG20260207072351_01.jpg,Bacterial Gill Diseases/Rui_(Labeo rohita)/Fish_13/IMG20260207072354.jpg,Bacterial Gill Diseases,Bacterial Gill Diseases,Bacterial Gill Disease,Bacterial Gill Disease,dhash,8181c38242121014,0,NEAR_DUPLICATE,False,SAME_LABEL,KEEP_SAME_SPLIT,"identical dHash, different bytes (policy: near-duplicate groups stay in one split)"
mendeley-259406bfa21e,mendeley-e6a13ec897e6,mendeley,mendeley,Bacterial Gill Diseases/Rui_(Labeo rohita)/Fish_13/IMG20260207072351_01.jpg,Bacterial Gill Diseases/Rui_(Labeo rohita)/Fish_13/IMG20260207072356.jpg,Bacterial Gill Diseases,Bacterial Gill Diseases,Bacterial Gill Disease,Bacterial Gill Disease,dhash,8181c38242121014,0,NEAR_DUPLICATE,False,SAME_LABEL,KEEP_SAME_SPLIT,"identical dHash, different bytes (policy: near-duplicate groups stay in one split)"
mendeley-fb6e85ee2a03,mendeley-e6a13ec897e6,mendeley,mendeley,Bacterial Gill Diseases/Rui_(Labeo rohita)/Fish_13/IMG20260207072354.jpg,Bacterial Gill Diseases/Rui_(Labeo rohita)/Fish_13/IMG20260207072356.jpg,Bacterial Gill Diseases,Bacterial Gill Diseases,Bacterial Gill Disease,Bacterial Gill Disease,dhash,8181c38242121014,0,NEAR_DUPLICATE,False,SAME_LABEL,KEEP_SAME_SPLIT,"identical dHash, different bytes (policy: near-duplicate groups stay in one split)"
current_freshwater-8f313afe7f6c,current_freshwater-3e728d76580d,current_freshwater,current_freshwater,train_split/EUS/EUS_333.jpg,train_split/EUS/EUS_aug_165.jpg,EUS,EUS,EUS Disease,EUS Disease,dhash,82810f0707820203,0,NEAR_DUPLICATE,False,SAME_LABEL,KEEP_SAME_SPLIT,"identical dHash, different bytes (policy: near-duplicate groups stay in one split)"
current_freshwater-4d92973889ac,current_freshwater-70fd7576cfd3,current_freshwater,current_freshwater,train_split/Parasitic diseases/Parasitic diseases_58.jpg,train_split/Parasitic diseases/Parasitic diseases_aug_62.jpg,Parasitic diseases,Parasitic diseases,Parasitic Disease,Parasitic Disease,dhash,82c23c363430583c,0,NEAR_DUPLICATE,False,SAME_LABEL,KEEP_SAME_SPLIT,"identical dHash, different bytes (policy: near-duplicate groups stay in one split)"
current_freshwater-3ca311151e40,roboflow-8f4912ac7a66,current_freshwater,roboflow,train_split/Parasitic diseases/Parasitic diseases_10.jpg,test/Parasitic diseases/Parasitic-diseases-15-_jpg.rf.cf15a9775d0682df5c5cb2b32eaea43d.jpg,Parasitic diseases,Parasitic diseases,Parasitic Disease,Parasitic Disease,dhash,82c2606060301810,0,NEAR_DUPLICATE,True,SAME_LABEL,KEEP_SAME_SPLIT,"identical dHash, different bytes (policy: near-duplicate groups stay in one split)"
current_freshwater-755b0afa4ac0,roboflow-70e21ce02455,current_freshwater,roboflow,train_split/Bacterial diseases - Aeromoniasis/Bacterial diseases - Aeromoniasis_114.jpeg,test/Bacterial diseases - Aeromoniasis/Bacterial-diseases-Aeromoniasis-3-_jpeg.rf.9c026983b669525d234f4c9b364bd0fd.jpg,Bacterial diseases - Aeromoniasis,Bacterial diseases - Aeromoniasis,Aeromoniasis,Aeromoniasis,dhash,82e2f2e0d082a8b8,0,NEAR_DUPLICATE,True,SAME_LABEL,KEEP_SAME_SPLIT,"identical dHash, different bytes (policy: near-duplicate groups stay in one split)"
current_freshwater-f8585a9d7125,current_freshwater-20b00978f607,current_freshwater,current_freshwater,test_split/EUS_EUS_139.jpg,train_split/EUS/EUS_aug_180.jpg,EUS,EUS,EUS Disease,EUS Disease,dhash,8380c0aeaeec8cc8,0,NEAR_DUPLICATE,False,SAME_LABEL,KEEP_SAME_SPLIT,"identical dHash, different bytes (policy: near-duplicate groups stay in one split)"
current_freshwater-5937943785ed,current_freshwater-cadad74dbb76,current_freshwater,current_freshwater,train_split/Parasitic diseases/Parasitic diseases_118.jpg,train_split/Parasitic diseases/Parasitic diseases_aug_324.jpg,Parasitic diseases,Parasitic diseases,Parasitic Disease,Parasitic Disease,dhash,8386062767677f7b,0,NEAR_DUPLICATE,False,SAME_LABEL,KEEP_SAME_SPLIT,"identical dHash, different bytes (policy: near-duplicate groups stay in one split)"
current_freshwater-49f8f51876fc,roboflow-24ca07e322e2,current_freshwater,roboflow,train_split/Viral diseases White tail disease/Viral diseases White tail disease_2.jpg,train/Viral diseases White tail disease/Viral-diseases-White-tail-disease-1-_jpg.rf.89e4247e40ada2f9202ea9fa28f3c5f8.jpg,Viral diseases White tail disease,Viral diseases White tail disease,White Tail Disease,White Tail Disease,dhash,854f6e7a39ac8585,0,NEAR_DUPLICATE,True,SAME_LABEL,KEEP_SAME_SPLIT,"identical dHash, different bytes (policy: near-duplicate groups stay in one split)"
current_freshwater-e6846251e19e,roboflow-83af65d7131f,current_freshwater,roboflow,train_split/Healthy Fish/Healthy Fish_179.jpg,train/Healthy Fish/Healthy-Fish-113-_jpg.rf.4c8037944dc1f82b11ccf849e6c01c01.jpg,Healthy Fish,Healthy Fish,Healthy Fish,Healthy Fish,dhash,85c7c06071fc1e07,0,NEAR_DUPLICATE,True,SAME_LABEL,KEEP_SAME_SPLIT,"identical dHash, different bytes (policy: near-duplicate groups stay in one split)"
current_freshwater-fe929cc2519d,current_freshwater-40128a8e7da7,current_freshwater,current_freshwater,train_split/Viral diseases White tail disease/Viral diseases White tail disease_135.jpg,train_split/Viral diseases White tail disease/Viral diseases White tail disease_aug_59.jpg,Viral diseases White tail disease,Viral diseases White tail disease,White Tail Disease,White Tail Disease,dhash,85e0e9e18fcfcf67,0,NEAR_DUPLICATE,False,SAME_LABEL,KEEP_SAME_SPLIT,"identical dHash, different bytes (policy: near-duplicate groups stay in one split)"
current_freshwater-0851b952f4a9,kaptai-b08534e77a7f,current_freshwater,kaptai,train_split/Healthy Fish/Healthy Fish_438.jpg,Healthy Fish/healthy (4).jpg,Healthy Fish,Healthy Fish,Healthy Fish,Healthy Fish,dhash,870707311c0e8612,0,NEAR_DUPLICATE,True,SAME_LABEL,KEEP_SAME_SPLIT,"identical dHash, different bytes (policy: near-duplicate groups stay in one split)"
current_freshwater-704b2da86a19,current_freshwater-027e04dda09c,current_freshwater,current_freshwater,train_split/EUS/EUS_62.jpg,train_split/EUS/EUS_aug_146.jpg,EUS,EUS,EUS Disease,EUS Disease,dhash,8747650f1f3f634b,0,NEAR_DUPLICATE,False,SAME_LABEL,KEEP_SAME_SPLIT,"identical dHash, different bytes (policy: near-duplicate groups stay in one split)"
current_freshwater-4e172242383e,current_freshwater-a4ca098bc571,current_freshwater,current_freshwater,train_split/Bacterial gill disease/Bacterial gill disease_272.jpg,train_split/Bacterial gill disease/Bacterial gill disease_aug_183.jpg,Bacterial gill disease,Bacterial gill disease,Bacterial Gill Disease,Bacterial Gill Disease,dhash,875f3a262e0e4833,0,NEAR_DUPLICATE,False,SAME_LABEL,KEEP_SAME_SPLIT,"identical dHash, different bytes (policy: near-duplicate groups stay in one split)"
current_freshwater-3cf65256dc63,current_freshwater-2d32104e8e31,current_freshwater,current_freshwater,train_split/Bacterial gill disease/Bacterial gill disease_243.jpg,train_split/Bacterial gill disease/Bacterial gill disease_aug_8.jpg,Bacterial gill disease,Bacterial gill disease,Bacterial Gill Disease,Bacterial Gill Disease,dhash,87933b4b4c1d39b1,0,NEAR_DUPLICATE,False,SAME_LABEL,KEEP_SAME_SPLIT,"identical dHash, different bytes (policy: near-duplicate groups stay in one split)"
current_freshwater-ff2557f8fff3,current_freshwater-e27aeea951ca,current_freshwater,current_freshwater,train_split/Bacterial diseases - Aeromoniasis/Bacterial diseases - Aeromoniasis_181.jpg,train_split/Bacterial diseases - Aeromoniasis/Bacterial diseases - Aeromoniasis_247.jpg,Bacterial diseases - Aeromoniasis,Bacterial diseases - Aeromoniasis,Aeromoniasis,Aeromoniasis,dhash,88482c3818b0b0f0,0,NEAR_DUPLICATE,False,SAME_LABEL,KEEP_SAME_SPLIT,"identical dHash, different bytes (policy: near-duplicate groups stay in one split)"
mendeley-e52bfb21d91b,mendeley-ab8e1097b26f,mendeley,mendeley,Healthy Fish/Grass_carp_(Ctenopharyngodon idella)/Fish_79/IMG20260213130132.jpg,Healthy Fish/Grass_carp_(Ctenopharyngodon idella)/Fish_79/IMG20260213130133.jpg,Healthy Fish,Healthy Fish,Healthy Fish,Healthy Fish,dhash,8929e0c6d81b1f5f,0,NEAR_DUPLICATE,False,SAME_LABEL,KEEP_SAME_SPLIT,"identical dHash, different bytes (policy: near-duplicate groups stay in one split)"
current_freshwater-10c1fac0a758,current_freshwater-37d76ab97619,current_freshwater,current_freshwater,train_split/Bacterial gill disease/Bacterial gill disease_268.jpg,train_split/Bacterial gill disease/Bacterial gill disease_aug_171.jpg,Bacterial gill disease,Bacterial gill disease,Bacterial Gill Disease,Bacterial Gill Disease,dhash,89991c0e653c096f,0,NEAR_DUPLICATE,False,SAME_LABEL,KEEP_SAME_SPLIT,"identical dHash, different bytes (policy: near-duplicate groups stay in one split)"
mendeley-eb400aee1a15,mendeley-5f16775630ff,mendeley,mendeley,Healthy Fish/Silver_carp_(Hypophthalmichthys molitrix)/Fish_85/IMG20260315104323.jpg,Healthy Fish/Silver_carp_(Hypophthalmichthys molitrix)/Fish_86/IMG20260315104322.jpg,Healthy Fish,Healthy Fish,Healthy Fish,Healthy Fish,dhash,8a1a9332383838b8,0,NEAR_DUPLICATE,False,SAME_LABEL,KEEP_SAME_SPLIT,"identical dHash, different bytes (policy: near-duplicate groups stay in one split)"
mendeley-f37e08da1c32,mendeley-a651545271b8,mendeley,mendeley,Healthy Fish/Grass_carp_(Ctenopharyngodon idella)/Fish_77/IMG20260213130450.jpg,Healthy Fish/Grass_carp_(Ctenopharyngodon idella)/Fish_79/IMG20260213130451.jpg,Healthy Fish,Healthy Fish,Healthy Fish,Healthy Fish,dhash,8c64cccdc7969e39,0,NEAR_DUPLICATE,False,SAME_LABEL,KEEP_SAME_SPLIT,"identical dHash, different bytes (policy: near-duplicate groups stay in one split)"
roboflow-1027c15d52a1,roboflow-c2f79ed94807,roboflow,roboflow,train/Fungal diseases Saprolegniasis/Fungal-diseases-Saprolegniasis-4-_jpeg.rf.231314ecc37a93be07d78c82e0061e7d.jpg,train/Fungal diseases Saprolegniasis/Fungal-diseases-Saprolegniasis-5-_jpg.rf.f42b698cbbf9d342ef0597b1170204d1.jpg,Fungal diseases Saprolegniasis,Fungal diseases Saprolegniasis,Saprolegniasis,Saprolegniasis,dhash,8ccc86f6761e1c3c,0,NEAR_DUPLICATE,False,SAME_LABEL,KEEP_SAME_SPLIT,"identical dHash, different bytes (policy: near-duplicate groups stay in one split)"
current_freshwater-1fcda5259350,current_freshwater-72be833aaa99,current_freshwater,current_freshwater,train_split/Fungal diseases Saprolegniasis/Fungal diseases Saprolegniasis_70.jpg,train_split/Fungal diseases Saprolegniasis/Fungal diseases Saprolegniasis_aug_198.jpg,Fungal diseases Saprolegniasis,Fungal diseases Saprolegniasis,Saprolegniasis,Saprolegniasis,dhash,8d4670180c061111,0,NEAR_DUPLICATE,False,SAME_LABEL,KEEP_SAME_SPLIT,"identical dHash, different bytes (policy: near-duplicate groups stay in one split)"
current_freshwater-2bfa132a2367,current_freshwater-5abf7f06fd71,current_freshwater,current_freshwater,train_split/Viral diseases White tail disease/Viral diseases White tail disease_aug_175.jpg,train_split/Viral diseases White tail disease/Viral diseases White tail disease_aug_275.jpg,Viral diseases White tail disease,Viral diseases White tail disease,White Tail Disease,White Tail Disease,dhash,8e071b1f1f074626,0,NEAR_DUPLICATE,False,SAME_LABEL,KEEP_SAME_SPLIT,"identical dHash, different bytes (policy: near-duplicate groups stay in one split)"
current_freshwater-bccf9dc98dc8,current_freshwater-2fa9d8ec05ee,current_freshwater,current_freshwater,train_split/Bacterial gill disease/Bacterial gill disease_201.jpg,train_split/Bacterial gill disease/Bacterial gill disease_aug_229.jpg,Bacterial gill disease,Bacterial gill disease,Bacterial Gill Disease,Bacterial Gill Disease,dhash,8e317143c3c7c78f,0,NEAR_DUPLICATE,False,SAME_LABEL,KEEP_SAME_SPLIT,"identical dHash, different bytes (policy: near-duplicate groups stay in one split)"
mendeley-1144752dbe74,mendeley-cf1c10ac4c68,mendeley,mendeley,Healthy Fish/Silver_carp_(Hypophthalmichthys molitrix)/Fish_83/IMG20260315103926.jpg,Healthy Fish/Silver_carp_(Hypophthalmichthys molitrix)/Fish_84/IMG20260315103928.jpg,Healthy Fish,Healthy Fish,Healthy Fish,Healthy Fish,dhash,8e6d2666fce68b19,0,NEAR_DUPLICATE,False,SAME_LABEL,KEEP_SAME_SPLIT,"identical dHash, different bytes (policy: near-duplicate groups stay in one split)"
mendeley-6e221b02f834,mendeley-f57f1edf115d,mendeley,mendeley,Healthy Fish/Silver_carp_(Hypophthalmichthys molitrix)/Fish_83/IMG20260315103924.jpg,Healthy Fish/Silver_carp_(Hypophthalmichthys molitrix)/Fish_85/IMG20260315103927.jpg,Healthy Fish,Healthy Fish,Healthy Fish,Healthy Fish,dhash,8e6f2666fce28b99,0,NEAR_DUPLICATE,False,SAME_LABEL,KEEP_SAME_SPLIT,"identical dHash, different bytes (policy: near-duplicate groups stay in one split)"
current_freshwater-6e4c2280bae4,current_freshwater-3650d052848e,current_freshwater,current_freshwater,train_split/Fungal diseases Saprolegniasis/Fungal diseases Saprolegniasis_90.jpg,train_split/Fungal diseases Saprolegniasis/Fungal diseases Saprolegniasis_aug_104.jpg,Fungal diseases Saprolegniasis,Fungal diseases Saprolegniasis,Saprolegniasis,Saprolegniasis,dhash,8e83878f0f1f9f1e,0,NEAR_DUPLICATE,False,SAME_LABEL,KEEP_SAME_SPLIT,"identical dHash, different bytes (policy: near-duplicate groups stay in one split)"
current_freshwater-6e4c2280bae4,roboflow-5f2266ecac8c,current_freshwater,roboflow,train_split/Fungal diseases Saprolegniasis/Fungal diseases Saprolegniasis_90.jpg,train/Fungal diseases Saprolegniasis/Fungal-diseases-Saprolegniasis-10-_jpg.rf.b501fdb80dcaa95c73988b367150359b.jpg,Fungal diseases Saprolegniasis,Fungal diseases Saprolegniasis,Saprolegniasis,Saprolegniasis,dhash,8e83878f0f1f9f1e,0,NEAR_DUPLICATE,True,SAME_LABEL,KEEP_SAME_SPLIT,"identical dHash, different bytes (policy: near-duplicate groups stay in one split)"
current_freshwater-3650d052848e,roboflow-5f2266ecac8c,current_freshwater,roboflow,train_split/Fungal diseases Saprolegniasis/Fungal diseases Saprolegniasis_aug_104.jpg,train/Fungal diseases Saprolegniasis/Fungal-diseases-Saprolegniasis-10-_jpg.rf.b501fdb80dcaa95c73988b367150359b.jpg,Fungal diseases Saprolegniasis,Fungal diseases Saprolegniasis,Saprolegniasis,Saprolegniasis,dhash,8e83878f0f1f9f1e,0,NEAR_DUPLICATE,True,SAME_LABEL,KEEP_SAME_SPLIT,"identical dHash, different bytes (policy: near-duplicate groups stay in one split)"
current_freshwater-a3c291879632,roboflow-3afba6598320,current_freshwater,roboflow,train_split/Parasitic diseases/Parasitic diseases_78.jpeg,train/Parasitic diseases/Parasitic-diseases-9-_jpeg.rf.95e1f3e6524e495731c064e5250aac60.jpg,Parasitic diseases,Parasitic diseases,Parasitic Disease,Parasitic Disease,dhash,8e9c963232868686,0,NEAR_DUPLICATE,True,SAME_LABEL,KEEP_SAME_SPLIT,"identical dHash, different bytes (policy: near-duplicate groups stay in one split)"
current_freshwater-05b2bb6884b3,current_freshwater-32ec6561f26f,current_freshwater,current_freshwater,train_split/Bacterial diseases - Aeromoniasis/Bacterial diseases - Aeromoniasis_189.jpeg,train_split/Bacterial diseases - Aeromoniasis/Bacterial diseases - Aeromoniasis_aug_20.jpg,Bacterial diseases - Aeromoniasis,Bacterial diseases - Aeromoniasis,Aeromoniasis,Aeromoniasis,dhash,8e9ef8e4b4f8f8f8,0,NEAR_DUPLICATE,False,SAME_LABEL,KEEP_SAME_SPLIT,"identical dHash, different bytes (policy: near-duplicate groups stay in one split)"
current_freshwater-05b2bb6884b3,roboflow-e750027dc2da,current_freshwater,roboflow,train_split/Bacterial diseases - Aeromoniasis/Bacterial diseases - Aeromoniasis_189.jpeg,train/Bacterial diseases - Aeromoniasis/Bacterial-diseases-Aeromoniasis-6-_jpeg.rf.2083a3336e806ea2eeb5714c6cd64144.jpg,Bacterial diseases - Aeromoniasis,Bacterial diseases - Aeromoniasis,Aeromoniasis,Aeromoniasis,dhash,8e9ef8e4b4f8f8f8,0,NEAR_DUPLICATE,True,SAME_LABEL,KEEP_SAME_SPLIT,"identical dHash, different bytes (policy: near-duplicate groups stay in one split)"
current_freshwater-32ec6561f26f,roboflow-e750027dc2da,current_freshwater,roboflow,train_split/Bacterial diseases - Aeromoniasis/Bacterial diseases - Aeromoniasis_aug_20.jpg,train/Bacterial diseases - Aeromoniasis/Bacterial-diseases-Aeromoniasis-6-_jpeg.rf.2083a3336e806ea2eeb5714c6cd64144.jpg,Bacterial diseases - Aeromoniasis,Bacterial diseases - Aeromoniasis,Aeromoniasis,Aeromoniasis,dhash,8e9ef8e4b4f8f8f8,0,NEAR_DUPLICATE,True,SAME_LABEL,KEEP_SAME_SPLIT,"identical dHash, different bytes (policy: near-duplicate groups stay in one split)"
current_freshwater-cab417872b2b,current_freshwater-acabbe130b34,current_freshwater,current_freshwater,test_split/Bacterial Red disease_Bacterial Red disease_39.jpg,train_split/Bacterial Red disease/Bacterial Red disease_aug_29.jpg,Bacterial Red disease,Bacterial Red disease,Bacterial Red Disease,Bacterial Red Disease,dhash,8f1b97a591010000,0,NEAR_DUPLICATE,False,SAME_LABEL,KEEP_SAME_SPLIT,"identical dHash, different bytes (policy: near-duplicate groups stay in one split)"
roboflow-4904469c7c3f,roboflow-fbe535415e99,roboflow,roboflow,train/Bacterial gill disease/Bacterial-gill-disease-3-_png.rf.7937521fad6a36a8bdb532c002b40c4b.jpg,valid/Bacterial gill disease/Bacterial-gill-disease-30-_jpg.rf.f57dcf46c1aab358195e521c9a8930c8.jpg,Bacterial gill disease,Bacterial gill disease,Bacterial Gill Disease,Bacterial Gill Disease,dhash,8fefcc9c38e0c0c0,0,NEAR_DUPLICATE,False,SAME_LABEL,KEEP_SAME_SPLIT,"identical dHash, different bytes (policy: near-duplicate groups stay in one split)"
current_freshwater-aa44593af927,current_freshwater-b07fbfdfff3a,current_freshwater,current_freshwater,train_split/Bacterial gill disease/Bacterial gill disease_184.jpg,train_split/Bacterial gill disease/Bacterial gill disease_aug_181.jpg,Bacterial gill disease,Bacterial gill disease,Bacterial Gill Disease,Bacterial Gill Disease,dhash,90c0f0fcfccc8c18,0,NEAR_DUPLICATE,False,SAME_LABEL,KEEP_SAME_SPLIT,"identical dHash, different bytes (policy: near-duplicate groups stay in one split)"
roboflow-2b647a593cb3,roboflow-0ea59b9064de,roboflow,roboflow,train/Healthy Fish/Healthy-Fish-107-_jpg.rf.59800af68fb0c93feb8208c51176c853.jpg,train/Healthy Fish/Healthy-Fish-14-_jpg.rf.0708460df4983db618a0874e92c44324.jpg,Healthy Fish,Healthy Fish,Healthy Fish,Healthy Fish,dhash,91210000003135a9,0,NEAR_DUPLICATE,False,SAME_LABEL,KEEP_SAME_SPLIT,"identical dHash, different bytes (policy: near-duplicate groups stay in one split)"
current_freshwater-9b018c894639,current_freshwater-512ee86a1ddb,current_freshwater,current_freshwater,train_split/Viral diseases White tail disease/Viral diseases White tail disease_48.jpg,train_split/Viral diseases White tail disease/Viral diseases White tail disease_aug_345.jpg,Viral diseases White tail disease,Viral diseases White tail disease,White Tail Disease,White Tail Disease,dhash,91f9e8c0e0801001,0,NEAR_DUPLICATE,False,SAME_LABEL,KEEP_SAME_SPLIT,"identical dHash, different bytes (policy: near-duplicate groups stay in one split)"
current_freshwater-d557e68278f0,current_freshwater-ac03e6dff7cd,current_freshwater,current_freshwater,test_split/Viral diseases White tail disease_Viral diseases White tail disease_221.jpg,train_split/Viral diseases White tail disease/Viral diseases White tail disease_aug_23.jpg,Viral diseases White tail disease,Viral diseases White tail disease,White Tail Disease,White Tail Disease,dhash,91fdfb78f8b93d3c,0,NEAR_DUPLICATE,False,SAME_LABEL,KEEP_SAME_SPLIT,"identical dHash, different bytes (policy: near-duplicate groups stay in one split)"
mendeley-42a8643afc32,mendeley-5fc2c616fec9,mendeley,mendeley,Bacterial Gill Diseases/Rui_(Labeo rohita)/Fish_17/IMG20260213070747.jpg,Bacterial Gill Diseases/Rui_(Labeo rohita)/Fish_17/IMG20260213070749.jpg,Bacterial Gill Diseases,Bacterial Gill Diseases,Bacterial Gill Disease,Bacterial Gill Disease,dhash,9297b7c7c7e3cbb3,0,NEAR_DUPLICATE,False,SAME_LABEL,KEEP_SAME_SPLIT,"identical dHash, different bytes (policy: near-duplicate groups stay in one split)"
current_freshwater-cb0e09fe70d8,roboflow-1ccdc934f242,current_freshwater,roboflow,train_split/Healthy Fish/Healthy Fish_210.jpg,train/Healthy Fish/Healthy-Fish-53-_jpg.rf.5e588dfdd9601a90bb069695bab7faa1.jpg,Healthy Fish,Healthy Fish,Healthy Fish,Healthy Fish,dhash,96c6d68f872747c7,0,NEAR_DUPLICATE,True,SAME_LABEL,KEEP_SAME_SPLIT,"identical dHash, different bytes (policy: near-duplicate groups stay in one split)"
roboflow-6867ef6c530f,roboflow-1ccdc934f242,roboflow,roboflow,train/Healthy Fish/Healthy-Fish-165-_jpg.rf.9009dfbc2d47ab766adfcc4e00b2a229.jpg,train/Healthy Fish/Healthy-Fish-53-_jpg.rf.5e588dfdd9601a90bb069695bab7faa1.jpg,Healthy Fish,Healthy Fish,Healthy Fish,Healthy Fish,dhash,96c6d68f872747c7,0,NEAR_DUPLICATE,False,SAME_LABEL,KEEP_SAME_SPLIT,"identical dHash, different bytes (policy: near-duplicate groups stay in one split)"
roboflow-5a7b61ad3e7d,roboflow-a3dbe25009a0,roboflow,roboflow,train/Healthy Fish/Healthy-Fish-138-_jpg.rf.a1f35b9fea3978a8eed0bdeecc96c23b.jpg,train/Healthy Fish/Healthy-Fish-166-_jpg.rf.59804a292803f68a4339df83738d8612.jpg,Healthy Fish,Healthy Fish,Healthy Fish,Healthy Fish,dhash,981d371f4b632f1f,0,NEAR_DUPLICATE,False,SAME_LABEL,KEEP_SAME_SPLIT,"identical dHash, different bytes (policy: near-duplicate groups stay in one split)"
current_freshwater-9066e7572773,roboflow-da46d63b2be1,current_freshwater,roboflow,train_split/Fungal diseases Saprolegniasis/Fungal diseases Saprolegniasis_8.jpg,train/Fungal diseases Saprolegniasis/Fungal-diseases-Saprolegniasis-12-_jpg.rf.d1877812d7766161e040faa2f98a1f91.jpg,Fungal diseases Saprolegniasis,Fungal diseases Saprolegniasis,Saprolegniasis,Saprolegniasis,dhash,9829a3e6cf9f3f73,0,NEAR_DUPLICATE,True,SAME_LABEL,KEEP_SAME_SPLIT,"identical dHash, different bytes (policy: near-duplicate groups stay in one split)"
mendeley-ff0374fba40b,mendeley-4e5d0ac714b0,mendeley,mendeley,Healthy Fish/Rui_(Labeo rohita)/Fish_81/IMG20260213125911.jpg,Healthy Fish/Rui_(Labeo rohita)/Fish_82/IMG20260213125912.jpg,Healthy Fish,Healthy Fish,Healthy Fish,Healthy Fish,dhash,98888888c8c86022,0,NEAR_DUPLICATE,False,SAME_LABEL,KEEP_SAME_SPLIT,"identical dHash, different bytes (policy: near-duplicate groups stay in one split)"
current_freshwater-6d1b29b6184f,kaptai-18d23165babd,current_freshwater,kaptai,test_split/Bacterial Red disease_Bacterial Red disease_20.jpeg,Argulus/32.jpg,Bacterial Red disease,Argulus,Bacterial Red Disease,,dhash,988c9c1e171b071f,0,NEAR_DUPLICATE,True,UNRESOLVED_LABEL,REVIEW,"identical dHash, a label is unresolved; the match is evidence for the mapping decision"
current_freshwater-6d1b29b6184f,kaptai-ec61de04fe7f,current_freshwater,kaptai,test_split/Bacterial Red disease_Bacterial Red disease_20.jpeg,Redspot/Red Spot (10).jpg,Bacterial Red disease,Redspot,Bacterial Red Disease,,dhash,988c9c1e171b071f,0,NEAR_DUPLICATE,True,UNRESOLVED_LABEL,REVIEW,"identical dHash, a label is unresolved; the match is evidence for the mapping decision"
current_freshwater-6d1b29b6184f,roboflow-d03e11a2dd86,current_freshwater,roboflow,test_split/Bacterial Red disease_Bacterial Red disease_20.jpeg,valid/Bacterial Red disease/Bacterial-Red-disease-35-_jpg.rf.271d0fc22f5bbba0942548c118e492c2.jpg,Bacterial Red disease,Bacterial Red disease,Bacterial Red Disease,Bacterial Red Disease,dhash,988c9c1e171b071f,0,NEAR_DUPLICATE,True,SAME_LABEL,KEEP_SAME_SPLIT,"identical dHash, different bytes (policy: near-duplicate groups stay in one split)"
current_freshwater-6d1b29b6184f,roboflow-fb650b9f11a2,current_freshwater,roboflow,test_split/Bacterial Red disease_Bacterial Red disease_20.jpeg,valid/Bacterial Red disease/Bacterial-Red-disease-4-_jpeg.rf.cdd0a4cc8807bf7b7ddaed01fd53a7a7.jpg,Bacterial Red disease,Bacterial Red disease,Bacterial Red Disease,Bacterial Red Disease,dhash,988c9c1e171b071f,0,NEAR_DUPLICATE,True,SAME_LABEL,KEEP_SAME_SPLIT,"identical dHash, different bytes (policy: near-duplicate groups stay in one split)"
kaptai-18d23165babd,roboflow-d03e11a2dd86,kaptai,roboflow,Argulus/32.jpg,valid/Bacterial Red disease/Bacterial-Red-disease-35-_jpg.rf.271d0fc22f5bbba0942548c118e492c2.jpg,Argulus,Bacterial Red disease,,Bacterial Red Disease,dhash,988c9c1e171b071f,0,NEAR_DUPLICATE,True,UNRESOLVED_LABEL,REVIEW,"identical dHash, a label is unresolved; the match is evidence for the mapping decision"
kaptai-18d23165babd,roboflow-fb650b9f11a2,kaptai,roboflow,Argulus/32.jpg,valid/Bacterial Red disease/Bacterial-Red-disease-4-_jpeg.rf.cdd0a4cc8807bf7b7ddaed01fd53a7a7.jpg,Argulus,Bacterial Red disease,,Bacterial Red Disease,dhash,988c9c1e171b071f,0,NEAR_DUPLICATE,True,UNRESOLVED_LABEL,REVIEW,"identical dHash, a label is unresolved; the match is evidence for the mapping decision"
kaptai-ec61de04fe7f,roboflow-d03e11a2dd86,kaptai,roboflow,Redspot/Red Spot (10).jpg,valid/Bacterial Red disease/Bacterial-Red-disease-35-_jpg.rf.271d0fc22f5bbba0942548c118e492c2.jpg,Redspot,Bacterial Red disease,,Bacterial Red Disease,dhash,988c9c1e171b071f,0,NEAR_DUPLICATE,True,UNRESOLVED_LABEL,REVIEW,"identical dHash, a label is unresolved; the match is evidence for the mapping decision"
kaptai-ec61de04fe7f,roboflow-fb650b9f11a2,kaptai,roboflow,Redspot/Red Spot (10).jpg,valid/Bacterial Red disease/Bacterial-Red-disease-4-_jpeg.rf.cdd0a4cc8807bf7b7ddaed01fd53a7a7.jpg,Redspot,Bacterial Red disease,,Bacterial Red Disease,dhash,988c9c1e171b071f,0,NEAR_DUPLICATE,True,UNRESOLVED_LABEL,REVIEW,"identical dHash, a label is unresolved; the match is evidence for the mapping decision"
roboflow-d03e11a2dd86,roboflow-fb650b9f11a2,roboflow,roboflow,valid/Bacterial Red disease/Bacterial-Red-disease-35-_jpg.rf.271d0fc22f5bbba0942548c118e492c2.jpg,valid/Bacterial Red disease/Bacterial-Red-disease-4-_jpeg.rf.cdd0a4cc8807bf7b7ddaed01fd53a7a7.jpg,Bacterial Red disease,Bacterial Red disease,Bacterial Red Disease,Bacterial Red Disease,dhash,988c9c1e171b071f,0,NEAR_DUPLICATE,False,SAME_LABEL,KEEP_SAME_SPLIT,"identical dHash, different bytes (policy: near-duplicate groups stay in one split)"
current_freshwater-28e5a1a4b4bd,current_freshwater-8e8e8a18cfcc,current_freshwater,current_freshwater,train_split/EUS/EUS_153.jpg,train_split/EUS/EUS_aug_66.jpg,EUS,EUS,EUS Disease,EUS Disease,dhash,988c9c1e171b0f1f,0,NEAR_DUPLICATE,False,SAME_LABEL,KEEP_SAME_SPLIT,"identical dHash, different bytes (policy: near-duplicate groups stay in one split)"
mendeley-7740d59a11fa,mendeley-1bd762044a37,mendeley,mendeley,Healthy Fish/Rui_(Labeo rohita)/Fish_80/IMG20260213125211.jpg,Healthy Fish/Rui_(Labeo rohita)/Fish_80/IMG20260213125212.jpg,Healthy Fish,Healthy Fish,Healthy Fish,Healthy Fish,dhash,9898d0e0e8f8c8dc,0,NEAR_DUPLICATE,False,SAME_LABEL,KEEP_SAME_SPLIT,"identical dHash, different bytes (policy: near-duplicate groups stay in one split)"
mendeley-7740d59a11fa,mendeley-0d055c0ab6e0,mendeley,mendeley,Healthy Fish/Rui_(Labeo rohita)/Fish_80/IMG20260213125211.jpg,Healthy Fish/Rui_(Labeo rohita)/Fish_80/IMG20260213125214.jpg,Healthy Fish,Healthy Fish,Healthy Fish,Healthy Fish,dhash,9898d0e0e8f8c8dc,0,NEAR_DUPLICATE,False,SAME_LABEL,KEEP_SAME_SPLIT,"identical dHash, different bytes (policy: near-duplicate groups stay in one split)"
mendeley-1bd762044a37,mendeley-0d055c0ab6e0,mendeley,mendeley,Healthy Fish/Rui_(Labeo rohita)/Fish_80/IMG20260213125212.jpg,Healthy Fish/Rui_(Labeo rohita)/Fish_80/IMG20260213125214.jpg,Healthy Fish,Healthy Fish,Healthy Fish,Healthy Fish,dhash,9898d0e0e8f8c8dc,0,NEAR_DUPLICATE,False,SAME_LABEL,KEEP_SAME_SPLIT,"identical dHash, different bytes (policy: near-duplicate groups stay in one split)"
mendeley-69e4b8278884,mendeley-cd1057cc0eb0,mendeley,mendeley,Healthy Fish/Rui_(Labeo rohita)/Fish_80/IMG20260213125208.jpg,Healthy Fish/Rui_(Labeo rohita)/Fish_80/IMG20260213125209.jpg,Healthy Fish,Healthy Fish,Healthy Fish,Healthy Fish,dhash,9898d0f0e8f8c8dc,0,NEAR_DUPLICATE,False,SAME_LABEL,KEEP_SAME_SPLIT,"identical dHash, different bytes (policy: near-duplicate groups stay in one split)"
mendeley-ee8118f095d4,mendeley-b92dd5bfffea,mendeley,mendeley,Healthy Fish/Silver_carp_(Hypophthalmichthys molitrix)/Fish_83/IMG20260315104001.jpg,Healthy Fish/Silver_carp_(Hypophthalmichthys molitrix)/Fish_84/IMG20260315104002.jpg,Healthy Fish,Healthy Fish,Healthy Fish,Healthy Fish,dhash,9988b89898981838,0,NEAR_DUPLICATE,False,SAME_LABEL,KEEP_SAME_SPLIT,"identical dHash, different bytes (policy: near-duplicate groups stay in one split)"
mendeley-2a2facb2bf0b,mendeley-374048092620,mendeley,mendeley,Healthy Fish/Silver_carp_(Hypophthalmichthys molitrix)/Fish_84/IMG20260315104005.jpg,Healthy Fish/Silver_carp_(Hypophthalmichthys molitrix)/Fish_86/IMG20260315104006.jpg,Healthy Fish,Healthy Fish,Healthy Fish,Healthy Fish,dhash,9988b89898983838,0,NEAR_DUPLICATE,False,SAME_LABEL,KEEP_SAME_SPLIT,"identical dHash, different bytes (policy: near-duplicate groups stay in one split)"
current_freshwater-af63950b8f1c,current_freshwater-c28480af6454,current_freshwater,current_freshwater,train_split/Healthy Fish/Healthy Fish_215.jpg,train_split/Healthy Fish/Healthy Fish_331.jpg,Healthy Fish,Healthy Fish,Healthy Fish,Healthy Fish,dhash,9a9a0f0e078383d0,0,NEAR_DUPLICATE,False,SAME_LABEL,KEEP_SAME_SPLIT,"identical dHash, different bytes (policy: near-duplicate groups stay in one split)"
current_freshwater-af63950b8f1c,roboflow-22dc8dd5650f,current_freshwater,roboflow,train_split/Healthy Fish/Healthy Fish_215.jpg,train/Healthy Fish/Healthy-Fish-65-_jpg.rf.e50f5576ef027628ff5099f02ee6439b.jpg,Healthy Fish,Healthy Fish,Healthy Fish,Healthy Fish,dhash,9a9a0f0e078383d0,0,NEAR_DUPLICATE,True,SAME_LABEL,KEEP_SAME_SPLIT,"identical dHash, different bytes (policy: near-duplicate groups stay in one split)"
current_freshwater-c28480af6454,roboflow-6fc251162abc,current_freshwater,roboflow,train_split/Healthy Fish/Healthy Fish_331.jpg,train/Healthy Fish/Healthy-Fish-172-_jpg.rf.97f8b00ec8b26e1b6a29b927da95ae02.jpg,Healthy Fish,Healthy Fish,Healthy Fish,Healthy Fish,dhash,9a9a0f0e078383d0,0,NEAR_DUPLICATE,True,SAME_LABEL,KEEP_SAME_SPLIT,"identical dHash, different bytes (policy: near-duplicate groups stay in one split)"
roboflow-6fc251162abc,roboflow-22dc8dd5650f,roboflow,roboflow,train/Healthy Fish/Healthy-Fish-172-_jpg.rf.97f8b00ec8b26e1b6a29b927da95ae02.jpg,train/Healthy Fish/Healthy-Fish-65-_jpg.rf.e50f5576ef027628ff5099f02ee6439b.jpg,Healthy Fish,Healthy Fish,Healthy Fish,Healthy Fish,dhash,9a9a0f0e078383d0,0,NEAR_DUPLICATE,False,SAME_LABEL,KEEP_SAME_SPLIT,"identical dHash, different bytes (policy: near-duplicate groups stay in one split)"
current_freshwater-af92c2304f67,current_freshwater-8e85bd86479c,current_freshwater,current_freshwater,train_split/Bacterial Red disease/Bacterial Red disease_7.jpg,train_split/Bacterial Red disease/Bacterial Red disease_aug_143.jpg,Bacterial Red disease,Bacterial Red disease,Bacterial Red Disease,Bacterial Red Disease,dhash,9aab28acac2ca2c0,0,NEAR_DUPLICATE,False,SAME_LABEL,KEEP_SAME_SPLIT,"identical dHash, different bytes (policy: near-duplicate groups stay in one split)"
current_freshwater-af92c2304f67,current_freshwater-561008e79adc,current_freshwater,current_freshwater,train_split/Bacterial Red disease/Bacterial Red disease_7.jpg,train_split/Bacterial Red disease/Bacterial Red disease_aug_290.jpg,Bacterial Red disease,Bacterial Red disease,Bacterial Red Disease,Bacterial Red Disease,dhash,9aab28acac2ca2c0,0,NEAR_DUPLICATE,False,SAME_LABEL,KEEP_SAME_SPLIT,"identical dHash, different bytes (policy: near-duplicate groups stay in one split)"
mendeley-93ad7e74622e,mendeley-a2d972874c6c,mendeley,mendeley,Bacterial Gill Diseases/Silver_carp_(Hypophthalmichthys molitrix)/Fish_27/IMG20260212145817.jpg,Bacterial Gill Diseases/Silver_carp_(Hypophthalmichthys molitrix)/Fish_27/IMG20260212145819.jpg,Bacterial Gill Diseases,Bacterial Gill Diseases,Bacterial Gill Disease,Bacterial Gill Disease,dhash,9ab8c3c363433726,0,NEAR_DUPLICATE,False,SAME_LABEL,KEEP_SAME_SPLIT,"identical dHash, different bytes (policy: near-duplicate groups stay in one split)"
mendeley-e90004c051d7,mendeley-b3c367f60a32,mendeley,mendeley,Healthy Fish/Silver_carp_(Hypophthalmichthys molitrix)/Fish_85/IMG20260315104547.jpg,Healthy Fish/Silver_carp_(Hypophthalmichthys molitrix)/Fish_85/IMG20260315104548.jpg,Healthy Fish,Healthy Fish,Healthy Fish,Healthy Fish,dhash,9b38386c6c6ccc6e,0,NEAR_DUPLICATE,False,SAME_LABEL,KEEP_SAME_SPLIT,"identical dHash, different bytes (policy: near-duplicate groups stay in one split)"
mendeley-1609179f2601,mendeley-ec920580d1ab,mendeley,mendeley,Healthy Fish/Silver_carp_(Hypophthalmichthys molitrix)/Fish_83/IMG20260315104106.jpg,Healthy Fish/Silver_carp_(Hypophthalmichthys molitrix)/Fish_83/IMG20260315104107.jpg,Healthy Fish,Healthy Fish,Healthy Fish,Healthy Fish,dhash,9b3a3a383838787c,0,NEAR_DUPLICATE,False,SAME_LABEL,KEEP_SAME_SPLIT,"identical dHash, different bytes (policy: near-duplicate groups stay in one split)"
current_freshwater-7d27f79538d0,roboflow-7bc52fb414ff,current_freshwater,roboflow,train_split/Viral diseases White tail disease/Viral diseases White tail disease_26.jpg,train/Viral diseases White tail disease/Viral-diseases-White-tail-disease-25-_jpg.rf.435c39a4d352c217fc3193d9ceaef910.jpg,Viral diseases White tail disease,Viral diseases White tail disease,White Tail Disease,White Tail Disease,dhash,9c0f2707071f1d99,0,NEAR_DUPLICATE,True,SAME_LABEL,KEEP_SAME_SPLIT,"identical dHash, different bytes (policy: near-duplicate groups stay in one split)"
mendeley-1a5cb7786361,mendeley-825842559509,mendeley,mendeley,Bacterial Red Diseases/Grass_carp_(Ctenopharyngodon idella)/Fish_33/IMG20260207073148.jpg,Bacterial Red Diseases/Grass_carp_(Ctenopharyngodon idella)/Fish_33/IMG20260207073150.jpg,Bacterial Red Diseases,Bacterial Red Diseases,Bacterial Red Disease,Bacterial Red Disease,dhash,9c1c165b6b6d6727,0,NEAR_DUPLICATE,False,SAME_LABEL,KEEP_SAME_SPLIT,"identical dHash, different bytes (policy: near-duplicate groups stay in one split)"
current_freshwater-da8550b31881,kaptai-f3bba2809f55,current_freshwater,kaptai,train_split/Bacterial Red disease/Bacterial Red disease_5.jpg,EUS/EUS  (5).jpg,Bacterial Red disease,EUS,Bacterial Red Disease,EUS Disease,dhash,9c3f27979746709d,0,NEAR_DUPLICATE,True,LABEL_CONFLICT,EXCLUDE_BOTH,"identical dHash, different unified labels (policy: label-conflict groups leave the split)"
current_freshwater-da8550b31881,roboflow-3a04813e9b40,current_freshwater,roboflow,train_split/Bacterial Red disease/Bacterial Red disease_5.jpg,train/Bacterial Red disease/Bacterial-Red-disease-13-_jpg.rf.8d9d9458f572a4969a411aebf4ae815d.jpg,Bacterial Red disease,Bacterial Red disease,Bacterial Red Disease,Bacterial Red Disease,dhash,9c3f27979746709d,0,NEAR_DUPLICATE,True,SAME_LABEL,KEEP_SAME_SPLIT,"identical dHash, different bytes (policy: near-duplicate groups stay in one split)"
kaptai-f3bba2809f55,roboflow-3a04813e9b40,kaptai,roboflow,EUS/EUS  (5).jpg,train/Bacterial Red disease/Bacterial-Red-disease-13-_jpg.rf.8d9d9458f572a4969a411aebf4ae815d.jpg,EUS,Bacterial Red disease,EUS Disease,Bacterial Red Disease,dhash,9c3f27979746709d,0,NEAR_DUPLICATE,True,LABEL_CONFLICT,EXCLUDE_BOTH,"identical dHash, different unified labels (policy: label-conflict groups leave the split)"
current_freshwater-bf9e1fdb2a4d,kaptai-3d5f2df9b4d8,current_freshwater,kaptai,train_split/EUS/EUS_9.jpg,Redspot/EUS  (5).jpg,EUS,Redspot,EUS Disease,,dhash,9c3f2797974670bc,0,NEAR_DUPLICATE,True,UNRESOLVED_LABEL,REVIEW,"identical dHash, a label is unresolved; the match is evidence for the mapping decision"
current_freshwater-2effa1168a64,current_freshwater-64c66dd07a66,current_freshwater,current_freshwater,train_split/Fungal diseases Saprolegniasis/Fungal diseases Saprolegniasis_12.jpg,train_split/Fungal diseases Saprolegniasis/Fungal diseases Saprolegniasis_aug_106.jpg,Fungal diseases Saprolegniasis,Fungal diseases Saprolegniasis,Saprolegniasis,Saprolegniasis,dhash,9c87270703074765,0,NEAR_DUPLICATE,False,SAME_LABEL,KEEP_SAME_SPLIT,"identical dHash, different bytes (policy: near-duplicate groups stay in one split)"
current_freshwater-47f71bb939b9,current_freshwater-45113805134d,current_freshwater,current_freshwater,train_split/Healthy Fish/Healthy Fish_318.jpg,train_split/Healthy Fish/Healthy Fish_427.jpg,Healthy Fish,Healthy Fish,Healthy Fish,Healthy Fish,dhash,9c8c8c0c8686c644,0,NEAR_DUPLICATE,False,SAME_LABEL,KEEP_SAME_SPLIT,"identical dHash, different bytes (policy: near-duplicate groups stay in one split)"
current_freshwater-47f71bb939b9,kaptai-df0884df4ab1,current_freshwater,kaptai,train_split/Healthy Fish/Healthy Fish_318.jpg,Healthy Fish/healthy (21).jpg,Healthy Fish,Healthy Fish,Healthy Fish,Healthy Fish,dhash,9c8c8c0c8686c644,0,NEAR_DUPLICATE,True,SAME_LABEL,KEEP_SAME_SPLIT,"identical dHash, different bytes (policy: near-duplicate groups stay in one split)"
current_freshwater-45113805134d,kaptai-df0884df4ab1,current_freshwater,kaptai,train_split/Healthy Fish/Healthy Fish_427.jpg,Healthy Fish/healthy (21).jpg,Healthy Fish,Healthy Fish,Healthy Fish,Healthy Fish,dhash,9c8c8c0c8686c644,0,NEAR_DUPLICATE,True,SAME_LABEL,KEEP_SAME_SPLIT,"identical dHash, different bytes (policy: near-duplicate groups stay in one split)"
current_freshwater-45113805134d,roboflow-1b30bbb47850,current_freshwater,roboflow,train_split/Healthy Fish/Healthy Fish_427.jpg,train/Healthy Fish/Healthy-Fish-42-_jpg.rf.bf94df5e4a9544da7a061018dddea291.jpg,Healthy Fish,Healthy Fish,Healthy Fish,Healthy Fish,dhash,9c8c8c0c8686c644,0,NEAR_DUPLICATE,True,SAME_LABEL,KEEP_SAME_SPLIT,"identical dHash, different bytes (policy: near-duplicate groups stay in one split)"
kaptai-df0884df4ab1,roboflow-1b30bbb47850,kaptai,roboflow,Healthy Fish/healthy (21).jpg,train/Healthy Fish/Healthy-Fish-42-_jpg.rf.bf94df5e4a9544da7a061018dddea291.jpg,Healthy Fish,Healthy Fish,Healthy Fish,Healthy Fish,dhash,9c8c8c0c8686c644,0,NEAR_DUPLICATE,True,SAME_LABEL,KEEP_SAME_SPLIT,"identical dHash, different bytes (policy: near-duplicate groups stay in one split)"
current_freshwater-d1fb76c48c81,current_freshwater-f2edc660d774,current_freshwater,current_freshwater,train_split/EUS/EUS_56.jpg,train_split/EUS/EUS_aug_99.jpg,EUS,EUS,EUS Disease,EUS Disease,dhash,9cbe7c3fbb7b7c79,0,NEAR_DUPLICATE,False,SAME_LABEL,KEEP_SAME_SPLIT,"identical dHash, different bytes (policy: near-duplicate groups stay in one split)"
current_freshwater-4eeb15b5489e,kaptai-2038e99a747c,current_freshwater,kaptai,train_split/EUS/EUS_3.jpg,EUS/11.jpg,EUS,EUS,EUS Disease,EUS Disease,dhash,9cde4ecfce0e0c2e,0,NEAR_DUPLICATE,True,SAME_LABEL,KEEP_SAME_SPLIT,"identical dHash, different bytes (policy: near-duplicate groups stay in one split)"
current_freshwater-b8978956b397,current_freshwater-d6c01dc54663,current_freshwater,current_freshwater,train_split/Parasitic diseases/Parasitic diseases_76.jpg,train_split/Parasitic diseases/Parasitic diseases_aug_296.jpg,Parasitic diseases,Parasitic diseases,Parasitic Disease,Parasitic Disease,dhash,9dc393dbe7c3c203,0,NEAR_DUPLICATE,False,SAME_LABEL,KEEP_SAME_SPLIT,"identical dHash, different bytes (policy: near-duplicate groups stay in one split)"
current_freshwater-aea3b2c3cdc4,current_freshwater-94fc62f22f31,current_freshwater,current_freshwater,train_split/Fungal diseases Saprolegniasis/Fungal diseases Saprolegniasis_68.jpg,train_split/Fungal diseases Saprolegniasis/Fungal diseases Saprolegniasis_aug_325.jpg,Fungal diseases Saprolegniasis,Fungal diseases Saprolegniasis,Saprolegniasis,Saprolegniasis,dhash,9e1a1e3d34b2596d,0,NEAR_DUPLICATE,False,SAME_LABEL,KEEP_SAME_SPLIT,"identical dHash, different bytes (policy: near-duplicate groups stay in one split)"
current_freshwater-8ffd53dff422,roboflow-a63b26502309,current_freshwater,roboflow,test_split/Parasitic diseases_Parasitic diseases_8.jpg,train/Parasitic diseases/Parasitic-diseases-13-_jpg.rf.f52178135a39e940b545fe0597fa27f6.jpg,Parasitic diseases,Parasitic diseases,Parasitic Disease,Parasitic Disease,dhash,9e1e3c6da73d9c8e,0,NEAR_DUPLICATE,True,SAME_LABEL,KEEP_SAME_SPLIT,"identical dHash, different bytes (policy: near-duplicate groups stay in one split)"
current_freshwater-07c1850edee7,current_freshwater-9a53296640a7,current_freshwater,current_freshwater,train_split/Bacterial diseases - Aeromoniasis/Bacterial diseases - Aeromoniasis_57.jpg,train_split/Bacterial diseases - Aeromoniasis/Bacterial diseases - Aeromoniasis_aug_52.jpg,Bacterial diseases - Aeromoniasis,Bacterial diseases - Aeromoniasis,Aeromoniasis,Aeromoniasis,dhash,9e9793c5c5e5e2ab,0,NEAR_DUPLICATE,False,SAME_LABEL,KEEP_SAME_SPLIT,"identical dHash, different bytes (policy: near-duplicate groups stay in one split)"
current_freshwater-e482b0df0cc0,current_freshwater-36c4ef852697,current_freshwater,current_freshwater,train_split/Fungal diseases Saprolegniasis/Fungal diseases Saprolegniasis_6.jpg,train_split/Fungal diseases Saprolegniasis/Fungal diseases Saprolegniasis_aug_142.jpg,Fungal diseases Saprolegniasis,Fungal diseases Saprolegniasis,Saprolegniasis,Saprolegniasis,dhash,9ecb490402000000,0,NEAR_DUPLICATE,False,SAME_LABEL,KEEP_SAME_SPLIT,"identical dHash, different bytes (policy: near-duplicate groups stay in one split)"
current_freshwater-1a4dc3152728,roboflow-df3390a20259,current_freshwater,roboflow,train_split/Parasitic diseases/Parasitic diseases_1.jpeg,train/Parasitic diseases/Parasitic-diseases-1-_jpeg.rf.ab18280c4a9edd03105ee240a184ffba.jpg,Parasitic diseases,Parasitic diseases,Parasitic Disease,Parasitic Disease,dhash,9f0f031213270703,0,NEAR_DUPLICATE,True,SAME_LABEL,KEEP_SAME_SPLIT,"identical dHash, different bytes (policy: near-duplicate groups stay in one split)"
current_freshwater-90fa768c586e,current_freshwater-5b5d0ec29110,current_freshwater,current_freshwater,train_split/Fungal diseases Saprolegniasis/Fungal diseases Saprolegniasis_247.jpg,train_split/Fungal diseases Saprolegniasis/Fungal diseases Saprolegniasis_aug_350.jpg,Fungal diseases Saprolegniasis,Fungal diseases Saprolegniasis,Saprolegniasis,Saprolegniasis,dhash,9f3ededcd9f13b3f,0,NEAR_DUPLICATE,False,SAME_LABEL,KEEP_SAME_SPLIT,"identical dHash, different bytes (policy: near-duplicate groups stay in one split)"
current_freshwater-e872f428ee26,current_freshwater-d83915603e2b,current_freshwater,current_freshwater,train_split/Healthy Fish/Healthy Fish_378.jpg,train_split/Healthy Fish/Healthy Fish_aug_71.jpg,Healthy Fish,Healthy Fish,Healthy Fish,Healthy Fish,dhash,9f6f5a991d2c6e68,0,NEAR_DUPLICATE,False,SAME_LABEL,KEEP_SAME_SPLIT,"identical dHash, different bytes (policy: near-duplicate groups stay in one split)"
current_freshwater-e872f428ee26,current_freshwater-d8d4bc03eb0d,current_freshwater,current_freshwater,train_split/Healthy Fish/Healthy Fish_378.jpg,train_split/Healthy Fish/Healthy Fish_aug_81.jpg,Healthy Fish,Healthy Fish,Healthy Fish,Healthy Fish,dhash,9f6f5a991d2c6e68,0,NEAR_DUPLICATE,False,SAME_LABEL,KEEP_SAME_SPLIT,"identical dHash, different bytes (policy: near-duplicate groups stay in one split)"
current_freshwater-25db18277f07,current_freshwater-6f86cc3fe9a4,current_freshwater,current_freshwater,train_split/Fungal diseases Saprolegniasis/Fungal diseases Saprolegniasis_5.jpg,train_split/Fungal diseases Saprolegniasis/Fungal diseases Saprolegniasis_aug_131.jpg,Fungal diseases Saprolegniasis,Fungal diseases Saprolegniasis,Saprolegniasis,Saprolegniasis,dhash,9f9f0f868686cec0,0,NEAR_DUPLICATE,False,SAME_LABEL,KEEP_SAME_SPLIT,"identical dHash, different bytes (policy: near-duplicate groups stay in one split)"
current_freshwater-25db18277f07,roboflow-4ee4817b3c5b,current_freshwater,roboflow,train_split/Fungal diseases Saprolegniasis/Fungal diseases Saprolegniasis_5.jpg,train/Fungal diseases Saprolegniasis/Fungal-diseases-Saprolegniasis-10-_jpeg.rf.52eb88a117b508ac48cd5b9280a07653.jpg,Fungal diseases Saprolegniasis,Fungal diseases Saprolegniasis,Saprolegniasis,Saprolegniasis,dhash,9f9f0f868686cec0,0,NEAR_DUPLICATE,True,SAME_LABEL,KEEP_SAME_SPLIT,"identical dHash, different bytes (policy: near-duplicate groups stay in one split)"
current_freshwater-25db18277f07,roboflow-0b1874ca4930,current_freshwater,roboflow,train_split/Fungal diseases Saprolegniasis/Fungal diseases Saprolegniasis_5.jpg,train/Fungal diseases Saprolegniasis/Fungal-diseases-Saprolegniasis-11-_jpg.rf.bf8d8c0e2a5c1d935eb75cee07915f3c.jpg,Fungal diseases Saprolegniasis,Fungal diseases Saprolegniasis,Saprolegniasis,Saprolegniasis,dhash,9f9f0f868686cec0,0,NEAR_DUPLICATE,True,SAME_LABEL,KEEP_SAME_SPLIT,"identical dHash, different bytes (policy: near-duplicate groups stay in one split)"
current_freshwater-6f86cc3fe9a4,roboflow-4ee4817b3c5b,current_freshwater,roboflow,train_split/Fungal diseases Saprolegniasis/Fungal diseases Saprolegniasis_aug_131.jpg,train/Fungal diseases Saprolegniasis/Fungal-diseases-Saprolegniasis-10-_jpeg.rf.52eb88a117b508ac48cd5b9280a07653.jpg,Fungal diseases Saprolegniasis,Fungal diseases Saprolegniasis,Saprolegniasis,Saprolegniasis,dhash,9f9f0f868686cec0,0,NEAR_DUPLICATE,True,SAME_LABEL,KEEP_SAME_SPLIT,"identical dHash, different bytes (policy: near-duplicate groups stay in one split)"
current_freshwater-6f86cc3fe9a4,roboflow-0b1874ca4930,current_freshwater,roboflow,train_split/Fungal diseases Saprolegniasis/Fungal diseases Saprolegniasis_aug_131.jpg,train/Fungal diseases Saprolegniasis/Fungal-diseases-Saprolegniasis-11-_jpg.rf.bf8d8c0e2a5c1d935eb75cee07915f3c.jpg,Fungal diseases Saprolegniasis,Fungal diseases Saprolegniasis,Saprolegniasis,Saprolegniasis,dhash,9f9f0f868686cec0,0,NEAR_DUPLICATE,True,SAME_LABEL,KEEP_SAME_SPLIT,"identical dHash, different bytes (policy: near-duplicate groups stay in one split)"
roboflow-4ee4817b3c5b,roboflow-0b1874ca4930,roboflow,roboflow,train/Fungal diseases Saprolegniasis/Fungal-diseases-Saprolegniasis-10-_jpeg.rf.52eb88a117b508ac48cd5b9280a07653.jpg,train/Fungal diseases Saprolegniasis/Fungal-diseases-Saprolegniasis-11-_jpg.rf.bf8d8c0e2a5c1d935eb75cee07915f3c.jpg,Fungal diseases Saprolegniasis,Fungal diseases Saprolegniasis,Saprolegniasis,Saprolegniasis,dhash,9f9f0f868686cec0,0,NEAR_DUPLICATE,False,SAME_LABEL,KEEP_SAME_SPLIT,"identical dHash, different bytes (policy: near-duplicate groups stay in one split)"
current_freshwater-dc28283776c3,roboflow-6c5700ea6b6f,current_freshwater,roboflow,train_split/Bacterial gill disease/Bacterial gill disease_24.jpeg,train/Bacterial gill disease/Bacterial-gill-disease-14-_jpeg.rf.99542f2bc222e615f271b90785f4d6c1.jpg,Bacterial gill disease,Bacterial gill disease,Bacterial Gill Disease,Bacterial Gill Disease,dhash,9fb8e0c0e2e7c6e2,0,NEAR_DUPLICATE,True,SAME_LABEL,KEEP_SAME_SPLIT,"identical dHash, different bytes (policy: near-duplicate groups stay in one split)"
current_freshwater-2f21c5eb56fa,current_freshwater-fc8ab4e4be5c,current_freshwater,current_freshwater,train_split/Fungal diseases Saprolegniasis/Fungal diseases Saprolegniasis_238.jpg,train_split/Fungal diseases Saprolegniasis/Fungal diseases Saprolegniasis_aug_265.jpg,Fungal diseases Saprolegniasis,Fungal diseases Saprolegniasis,Saprolegniasis,Saprolegniasis,dhash,a08181e07a1e8780,0,NEAR_DUPLICATE,False,SAME_LABEL,KEEP_SAME_SPLIT,"identical dHash, different bytes (policy: near-duplicate groups stay in one split)"
current_freshwater-2f21c5eb56fa,current_freshwater-4a353cfcb535,current_freshwater,current_freshwater,train_split/Fungal diseases Saprolegniasis/Fungal diseases Saprolegniasis_238.jpg,train_split/Fungal diseases Saprolegniasis/Fungal diseases Saprolegniasis_aug_282.jpg,Fungal diseases Saprolegniasis,Fungal diseases Saprolegniasis,Saprolegniasis,Saprolegniasis,dhash,a08181e07a1e8780,0,NEAR_DUPLICATE,False,SAME_LABEL,KEEP_SAME_SPLIT,"identical dHash, different bytes (policy: near-duplicate groups stay in one split)"
current_freshwater-2f21c5eb56fa,current_freshwater-1832ce2984c3,current_freshwater,current_freshwater,train_split/Fungal diseases Saprolegniasis/Fungal diseases Saprolegniasis_238.jpg,train_split/Fungal diseases Saprolegniasis/Fungal diseases Saprolegniasis_aug_333.jpg,Fungal diseases Saprolegniasis,Fungal diseases Saprolegniasis,Saprolegniasis,Saprolegniasis,dhash,a08181e07a1e8780,0,NEAR_DUPLICATE,False,SAME_LABEL,KEEP_SAME_SPLIT,"identical dHash, different bytes (policy: near-duplicate groups stay in one split)"
current_freshwater-2f21c5eb56fa,current_freshwater-1fb8a7e96a47,current_freshwater,current_freshwater,train_split/Fungal diseases Saprolegniasis/Fungal diseases Saprolegniasis_238.jpg,train_split/Fungal diseases Saprolegniasis/Fungal diseases Saprolegniasis_aug_79.jpg,Fungal diseases Saprolegniasis,Fungal diseases Saprolegniasis,Saprolegniasis,Saprolegniasis,dhash,a08181e07a1e8780,0,NEAR_DUPLICATE,False,SAME_LABEL,KEEP_SAME_SPLIT,"identical dHash, different bytes (policy: near-duplicate groups stay in one split)"
current_freshwater-fc8ab4e4be5c,current_freshwater-1832ce2984c3,current_freshwater,current_freshwater,train_split/Fungal diseases Saprolegniasis/Fungal diseases Saprolegniasis_aug_265.jpg,train_split/Fungal diseases Saprolegniasis/Fungal diseases Saprolegniasis_aug_333.jpg,Fungal diseases Saprolegniasis,Fungal diseases Saprolegniasis,Saprolegniasis,Saprolegniasis,dhash,a08181e07a1e8780,0,NEAR_DUPLICATE,False,SAME_LABEL,KEEP_SAME_SPLIT,"identical dHash, different bytes (policy: near-duplicate groups stay in one split)"
current_freshwater-4a353cfcb535,current_freshwater-1832ce2984c3,current_freshwater,current_freshwater,train_split/Fungal diseases Saprolegniasis/Fungal diseases Saprolegniasis_aug_282.jpg,train_split/Fungal diseases Saprolegniasis/Fungal diseases Saprolegniasis_aug_333.jpg,Fungal diseases Saprolegniasis,Fungal diseases Saprolegniasis,Saprolegniasis,Saprolegniasis,dhash,a08181e07a1e8780,0,NEAR_DUPLICATE,False,SAME_LABEL,KEEP_SAME_SPLIT,"identical dHash, different bytes (policy: near-duplicate groups stay in one split)"
current_freshwater-1832ce2984c3,current_freshwater-1fb8a7e96a47,current_freshwater,current_freshwater,train_split/Fungal diseases Saprolegniasis/Fungal diseases Saprolegniasis_aug_333.jpg,train_split/Fungal diseases Saprolegniasis/Fungal diseases Saprolegniasis_aug_79.jpg,Fungal diseases Saprolegniasis,Fungal diseases Saprolegniasis,Saprolegniasis,Saprolegniasis,dhash,a08181e07a1e8780,0,NEAR_DUPLICATE,False,SAME_LABEL,KEEP_SAME_SPLIT,"identical dHash, different bytes (policy: near-duplicate groups stay in one split)"
current_freshwater-bc1c622d633c,current_freshwater-3cb127021784,current_freshwater,current_freshwater,train_split/Fungal diseases Saprolegniasis/Fungal diseases Saprolegniasis_11.jpg,train_split/Fungal diseases Saprolegniasis/Fungal diseases Saprolegniasis_aug_182.jpg,Fungal diseases Saprolegniasis,Fungal diseases Saprolegniasis,Saprolegniasis,Saprolegniasis,dhash,a0a02b0f0f070707,0,NEAR_DUPLICATE,False,SAME_LABEL,KEEP_SAME_SPLIT,"identical dHash, different bytes (policy: near-duplicate groups stay in one split)"
current_freshwater-b802b0b718a3,current_freshwater-2fc6912a04af,current_freshwater,current_freshwater,train_split/Viral diseases White tail disease/Viral diseases White tail disease_92.jpg,train_split/Viral diseases White tail disease/Viral diseases White tail disease_aug_295.jpg,Viral diseases White tail disease,Viral diseases White tail disease,White Tail Disease,White Tail Disease,dhash,a3a7e78f97dff9e0,0,NEAR_DUPLICATE,False,SAME_LABEL,KEEP_SAME_SPLIT,"identical dHash, different bytes (policy: near-duplicate groups stay in one split)"
current_freshwater-b802b0b718a3,current_freshwater-82f519b1500b,current_freshwater,current_freshwater,train_split/Viral diseases White tail disease/Viral diseases White tail disease_92.jpg,train_split/Viral diseases White tail disease/Viral diseases White tail disease_aug_80.jpg,Viral diseases White tail disease,Viral diseases White tail disease,White Tail Disease,White Tail Disease,dhash,a3a7e78f97dff9e0,0,NEAR_DUPLICATE,False,SAME_LABEL,KEEP_SAME_SPLIT,"identical dHash, different bytes (policy: near-duplicate groups stay in one split)"
current_freshwater-2e1fea5d2edb,roboflow-4c606e4d3bb3,current_freshwater,roboflow,train_split/Healthy Fish/Healthy Fish_277.jpg,train/Healthy Fish/Healthy-Fish-2-_jpg.rf.2444ac8b99b4d231d5171d7432028d19.jpg,Healthy Fish,Healthy Fish,Healthy Fish,Healthy Fish,dhash,a470f1cee675d099,0,NEAR_DUPLICATE,True,SAME_LABEL,KEEP_SAME_SPLIT,"identical dHash, different bytes (policy: near-duplicate groups stay in one split)"
current_freshwater-61eefacfe7d5,current_freshwater-2b55b5d2953c,current_freshwater,current_freshwater,train_split/EUS/EUS_58.jpg,train_split/EUS/EUS_aug_148.jpg,EUS,EUS,EUS Disease,EUS Disease,dhash,a486c68882020305,0,NEAR_DUPLICATE,False,SAME_LABEL,KEEP_SAME_SPLIT,"identical dHash, different bytes (policy: near-duplicate groups stay in one split)"
current_freshwater-dd60d0dd3f24,roboflow-d54220990678,current_freshwater,roboflow,train_split/Bacterial Red disease/Bacterial Red disease_56.png,train/Bacterial Red disease/Bacterial-Red-disease-6-_png.rf.7af40bdcee781c1f592faaa3ad27ed1f.jpg,Bacterial Red disease,Bacterial Red disease,Bacterial Red Disease,Bacterial Red Disease,dhash,a7a3a0a0e090929e,0,NEAR_DUPLICATE,True,SAME_LABEL,KEEP_SAME_SPLIT,"identical dHash, different bytes (policy: near-duplicate groups stay in one split)"
mendeley-d1d69bd49793,mendeley-ee7f1a3f71e6,mendeley,mendeley,Bacterial Red Diseases/Grass_carp_(Ctenopharyngodon idella)/Fish_34/IMG20260212064637.jpg,Bacterial Red Diseases/Grass_carp_(Ctenopharyngodon idella)/Fish_34/IMG20260212064638.jpg,Bacterial Red Diseases,Bacterial Red Diseases,Bacterial Red Disease,Bacterial Red Disease,dhash,a8b8a8b0b0b0a8a0,0,NEAR_DUPLICATE,False,SAME_LABEL,KEEP_SAME_SPLIT,"identical dHash, different bytes (policy: near-duplicate groups stay in one split)"
current_freshwater-afe47a23a820,current_freshwater-8c70e881de7e,current_freshwater,current_freshwater,test_split/Healthy Fish_Healthy Fish_431.jpg,train_split/Healthy Fish/Healthy Fish_aug_215.jpg,Healthy Fish,Healthy Fish,Healthy Fish,Healthy Fish,dhash,b0870f3f7f3e3e1f,0,NEAR_DUPLICATE,False,SAME_LABEL,KEEP_SAME_SPLIT,"identical dHash, different bytes (policy: near-duplicate groups stay in one split)"
mendeley-17a444326237,mendeley-447693cce485,mendeley,mendeley,Epizootic Ulcerative Syndrome (EUS)/Rui_(Labeo rohita)/Fish_71/IMG20260212070635.jpg,Epizootic Ulcerative Syndrome (EUS)/Rui_(Labeo rohita)/Fish_71/IMG20260212070635_01.jpg,Epizootic Ulcerative Syndrome (EUS),Epizootic Ulcerative Syndrome (EUS),EUS Disease,EUS Disease,dhash,b0feffffeffefa79,0,NEAR_DUPLICATE,False,SAME_LABEL,KEEP_SAME_SPLIT,"identical dHash, different bytes (policy: near-duplicate groups stay in one split)"
current_freshwater-2886ae3bb12b,roboflow-416d0feb0120,current_freshwater,roboflow,train_split/Bacterial gill disease/Bacterial gill disease_25.jpg,train/Bacterial gill disease/Bacterial-gill-disease-14-_jpg.rf.bd4966f11b16c583afc68264c6db987d.jpg,Bacterial gill disease,Bacterial gill disease,Bacterial Gill Disease,Bacterial Gill Disease,dhash,b13565c871371d39,0,NEAR_DUPLICATE,True,SAME_LABEL,KEEP_SAME_SPLIT,"identical dHash, different bytes (policy: near-duplicate groups stay in one split)"
current_freshwater-b7afa9e83cc3,current_freshwater-07fbd65dd2b3,current_freshwater,current_freshwater,train_split/Healthy Fish/Healthy Fish_aug_170.jpg,train_split/Healthy Fish/Healthy Fish_aug_3.jpg,Healthy Fish,Healthy Fish,Healthy Fish,Healthy Fish,dhash,032903070c19c76f,0,NEAR_DUPLICATE,False,SAME_LABEL,KEEP_SAME_SPLIT,"identical dHash, different bytes (policy: near-duplicate groups stay in one split)"
current_freshwater-ab011968c652,current_freshwater-60fb7a810b2e,current_freshwater,current_freshwater,train_split/Healthy Fish/Healthy Fish_473.jpg,train_split/Healthy Fish/Healthy Fish_aug_203.jpg,Healthy Fish,Healthy Fish,Healthy Fish,Healthy Fish,dhash,b1f1c107062623e3,0,NEAR_DUPLICATE,False,SAME_LABEL,KEEP_SAME_SPLIT,"identical dHash, different bytes (policy: near-duplicate groups stay in one split)"
mendeley-26e65b0dd575,mendeley-6a3c722a60d6,mendeley,mendeley,Healthy Fish/Silver_carp_(Hypophthalmichthys molitrix)/Fish_83/IMG20260315104029.jpg,Healthy Fish/Silver_carp_(Hypophthalmichthys molitrix)/Fish_83/IMG20260315104031.jpg,Healthy Fish,Healthy Fish,Healthy Fish,Healthy Fish,dhash,b22a48c8cd0ecece,0,NEAR_DUPLICATE,False,SAME_LABEL,KEEP_SAME_SPLIT,"identical dHash, different bytes (policy: near-duplicate groups stay in one split)"
current_freshwater-9d802e228143,current_freshwater-930fecb9a1cd,current_freshwater,current_freshwater,train_split/Viral diseases White tail disease/Viral diseases White tail disease_29.jpg,train_split/Viral diseases White tail disease/Viral diseases White tail disease_aug_129.jpg,Viral diseases White tail disease,Viral diseases White tail disease,White Tail Disease,White Tail Disease,dhash,b3f7ff6f77f7ff37,0,NEAR_DUPLICATE,False,SAME_LABEL,KEEP_SAME_SPLIT,"identical dHash, different bytes (policy: near-duplicate groups stay in one split)"
current_freshwater-9d802e228143,roboflow-d1ec93059cb2,current_freshwater,roboflow,train_split/Viral diseases White tail disease/Viral diseases White tail disease_29.jpg,test/Viral diseases White tail disease/Viral-diseases-White-tail-disease-30-_jpg.rf.55ce712ba044981aa85e1e1b7072f8dc.jpg,Viral diseases White tail disease,Viral diseases White tail disease,White Tail Disease,White Tail Disease,dhash,b3f7ff6f77f7ff37,0,NEAR_DUPLICATE,True,SAME_LABEL,KEEP_SAME_SPLIT,"identical dHash, different bytes (policy: near-duplicate groups stay in one split)"
current_freshwater-930fecb9a1cd,roboflow-d1ec93059cb2,current_freshwater,roboflow,train_split/Viral diseases White tail disease/Viral diseases White tail disease_aug_129.jpg,test/Viral diseases White tail disease/Viral-diseases-White-tail-disease-30-_jpg.rf.55ce712ba044981aa85e1e1b7072f8dc.jpg,Viral diseases White tail disease,Viral diseases White tail disease,White Tail Disease,White Tail Disease,dhash,b3f7ff6f77f7ff37,0,NEAR_DUPLICATE,True,SAME_LABEL,KEEP_SAME_SPLIT,"identical dHash, different bytes (policy: near-duplicate groups stay in one split)"
current_freshwater-6e7209a593c7,current_freshwater-1646d6af01fa,current_freshwater,current_freshwater,train_split/Viral diseases White tail disease/Viral diseases White tail disease_76.jpg,train_split/Viral diseases White tail disease/Viral diseases White tail disease_aug_205.jpg,Viral diseases White tail disease,Viral diseases White tail disease,White Tail Disease,White Tail Disease,dhash,b4b0828287c787b7,0,NEAR_DUPLICATE,False,SAME_LABEL,KEEP_SAME_SPLIT,"identical dHash, different bytes (policy: near-duplicate groups stay in one split)"
mendeley-36393764a82c,mendeley-bdb24c2c3411,mendeley,mendeley,Healthy Fish/Silver_carp_(Hypophthalmichthys molitrix)/Fish_83/IMG20260315103728.jpg,Healthy Fish/Silver_carp_(Hypophthalmichthys molitrix)/Fish_84/IMG20260315103729.jpg,Healthy Fish,Healthy Fish,Healthy Fish,Healthy Fish,dhash,b56aace2e77864a6,0,NEAR_DUPLICATE,False,SAME_LABEL,KEEP_SAME_SPLIT,"identical dHash, different bytes (policy: near-duplicate groups stay in one split)"
mendeley-b0af643ed213,mendeley-35afde0cff83,mendeley,mendeley,Healthy Fish/Silver_carp_(Hypophthalmichthys molitrix)/Fish_83/IMG20260315104616.jpg,Healthy Fish/Silver_carp_(Hypophthalmichthys molitrix)/Fish_84/IMG20260315104616_01.jpg,Healthy Fish,Healthy Fish,Healthy Fish,Healthy Fish,dhash,b6b331717171d058,0,NEAR_DUPLICATE,False,SAME_LABEL,KEEP_SAME_SPLIT,"identical dHash, different bytes (policy: near-duplicate groups stay in one split)"
mendeley-c3501ce13f0f,mendeley-fdf238ba19bd,mendeley,mendeley,Healthy Fish/Silver_carp_(Hypophthalmichthys molitrix)/Fish_86/IMG20260315104726.jpg,Healthy Fish/Silver_carp_(Hypophthalmichthys molitrix)/Fish_86/IMG20260315104729.jpg,Healthy Fish,Healthy Fish,Healthy Fish,Healthy Fish,dhash,b83cbcfc787878b8,0,NEAR_DUPLICATE,False,SAME_LABEL,KEEP_SAME_SPLIT,"identical dHash, different bytes (policy: near-duplicate groups stay in one split)"
current_freshwater-de70dfcb55bf,kaptai-7913dba05ef9,current_freshwater,kaptai,train_split/Healthy Fish/Healthy Fish_422.jpg,Healthy Fish/healthy (17).jpg,Healthy Fish,Healthy Fish,Healthy Fish,Healthy Fish,dhash,b898d85c0e9efe9e,0,NEAR_DUPLICATE,True,SAME_LABEL,KEEP_SAME_SPLIT,"identical dHash, different bytes (policy: near-duplicate groups stay in one split)"
current_freshwater-b93fa725c4e0,current_freshwater-1f66f0e33b8e,current_freshwater,current_freshwater,train_split/Fungal diseases Saprolegniasis/Fungal diseases Saprolegniasis_120.jpg,train_split/Fungal diseases Saprolegniasis/Fungal diseases Saprolegniasis_aug_246.jpg,Fungal diseases Saprolegniasis,Fungal diseases Saprolegniasis,Saprolegniasis,Saprolegniasis,dhash,b898f074f4ece4f8,0,NEAR_DUPLICATE,False,SAME_LABEL,KEEP_SAME_SPLIT,"identical dHash, different bytes (policy: near-duplicate groups stay in one split)"
mendeley-20e001bdb445,mendeley-1c22de0189f2,mendeley,mendeley,Bacterial Red Diseases/Grass_carp_(Ctenopharyngodon idella)/Fish_33/IMG20260207073144.jpg,Bacterial Red Diseases/Grass_carp_(Ctenopharyngodon idella)/Fish_33/IMG20260207073145.jpg,Bacterial Red Diseases,Bacterial Red Diseases,Bacterial Red Disease,Bacterial Red Disease,dhash,b89c1c565b6f6f67,0,NEAR_DUPLICATE,False,SAME_LABEL,KEEP_SAME_SPLIT,"identical dHash, different bytes (policy: near-duplicate groups stay in one split)"
current_freshwater-646f0fc4f4a6,current_freshwater-93f8c907a9dd,current_freshwater,current_freshwater,train_split/Bacterial diseases - Aeromoniasis/Bacterial diseases - Aeromoniasis_104.jpg,train_split/Bacterial diseases - Aeromoniasis/Bacterial diseases - Aeromoniasis_243.jpg,Bacterial diseases - Aeromoniasis,Bacterial diseases - Aeromoniasis,Aeromoniasis,Aeromoniasis,dhash,b8b0f87878f0e0e0,0,NEAR_DUPLICATE,False,SAME_LABEL,KEEP_SAME_SPLIT,"identical dHash, different bytes (policy: near-duplicate groups stay in one split)"
current_freshwater-7f6070aad262,current_freshwater-bf5f9a7c3b31,current_freshwater,current_freshwater,train_split/Parasitic diseases/Parasitic diseases_80.jpg,train_split/Parasitic diseases/Parasitic diseases_aug_112.jpg,Parasitic diseases,Parasitic diseases,Parasitic Disease,Parasitic Disease,dhash,b8b9797d7c7c3ec6,0,NEAR_DUPLICATE,False,SAME_LABEL,KEEP_SAME_SPLIT,"identical dHash, different bytes (policy: near-duplicate groups stay in one split)"
mendeley-67cfd8f507dd,mendeley-ed6a839b7123,mendeley,mendeley,Bacterial Red Diseases/Grass_carp_(Ctenopharyngodon idella)/Fish_29/IMG20260207072712.jpg,Bacterial Red Diseases/Grass_carp_(Ctenopharyngodon idella)/Fish_29/IMG20260207072713.jpg,Bacterial Red Diseases,Bacterial Red Diseases,Bacterial Red Disease,Bacterial Red Disease,dhash,b971a5e1e5e4b410,0,NEAR_DUPLICATE,False,SAME_LABEL,KEEP_SAME_SPLIT,"identical dHash, different bytes (policy: near-duplicate groups stay in one split)"
current_freshwater-77f2418fef4f,current_freshwater-68961bc2f733,current_freshwater,current_freshwater,train_split/Viral diseases White tail disease/Viral diseases White tail disease_244.jpg,train_split/Viral diseases White tail disease/Viral diseases White tail disease_aug_75.jpg,Viral diseases White tail disease,Viral diseases White tail disease,White Tail Disease,White Tail Disease,dhash,bb71f1f97dfe0010,0,NEAR_DUPLICATE,False,SAME_LABEL,KEEP_SAME_SPLIT,"identical dHash, different bytes (policy: near-duplicate groups stay in one split)"
mendeley-5ee1828e5b19,mendeley-f2ebf03058e3,mendeley,mendeley,Healthy Fish/Silver_carp_(Hypophthalmichthys molitrix)/Fish_83/IMG20260315104719.jpg,Healthy Fish/Silver_carp_(Hypophthalmichthys molitrix)/Fish_86/IMG20260315104720.jpg,Healthy Fish,Healthy Fish,Healthy Fish,Healthy Fish,dhash,bc3c9c7c787838b8,0,NEAR_DUPLICATE,False,SAME_LABEL,KEEP_SAME_SPLIT,"identical dHash, different bytes (policy: near-duplicate groups stay in one split)"
mendeley-11531579e89d,mendeley-72072dcde92a,mendeley,mendeley,Healthy Fish/Grass_carp_(Ctenopharyngodon idella)/Fish_78/IMG20260213130254.jpg,Healthy Fish/Grass_carp_(Ctenopharyngodon idella)/Fish_79/IMG20260213130257.jpg,Healthy Fish,Healthy Fish,Healthy Fish,Healthy Fish,dhash,bc3cb959077898b2,0,NEAR_DUPLICATE,False,SAME_LABEL,KEEP_SAME_SPLIT,"identical dHash, different bytes (policy: near-duplicate groups stay in one split)"
current_freshwater-18bbed671bf7,roboflow-ecfcd26800c0,current_freshwater,roboflow,train_split/Fungal diseases Saprolegniasis/Fungal diseases Saprolegniasis_31.png,train/Fungal diseases Saprolegniasis/Fungal-diseases-Saprolegniasis-3-_png.rf.5afa8e747dde3bfb7c0a0a7f1ed96dbd.jpg,Fungal diseases Saprolegniasis,Fungal diseases Saprolegniasis,Saprolegniasis,Saprolegniasis,dhash,bc863c70981c4511,0,NEAR_DUPLICATE,True,SAME_LABEL,KEEP_SAME_SPLIT,"identical dHash, different bytes (policy: near-duplicate groups stay in one split)"
current_freshwater-16147274aa94,roboflow-d1a053d80943,current_freshwater,roboflow,train_split/Bacterial gill disease/Bacterial gill disease_45.jpg,train/Bacterial gill disease/Bacterial-gill-disease-33-_jpg.rf.b1333fe611a6c8d508a5659d62b5946a.jpg,Bacterial gill disease,Bacterial gill disease,Bacterial Gill Disease,Bacterial Gill Disease,dhash,bccfcfe5e7e7fffe,0,NEAR_DUPLICATE,True,SAME_LABEL,KEEP_SAME_SPLIT,"identical dHash, different bytes (policy: near-duplicate groups stay in one split)"
current_freshwater-16147274aa94,roboflow-3d8f75360b70,current_freshwater,roboflow,train_split/Bacterial gill disease/Bacterial gill disease_45.jpg,train/Bacterial gill disease/Bacterial-gill-disease-8-_jpeg.rf.0715fc8a6b5886afc1c14daf6a597209.jpg,Bacterial gill disease,Bacterial gill disease,Bacterial Gill Disease,Bacterial Gill Disease,dhash,bccfcfe5e7e7fffe,0,NEAR_DUPLICATE,True,SAME_LABEL,KEEP_SAME_SPLIT,"identical dHash, different bytes (policy: near-duplicate groups stay in one split)"
roboflow-d1a053d80943,roboflow-3d8f75360b70,roboflow,roboflow,train/Bacterial gill disease/Bacterial-gill-disease-33-_jpg.rf.b1333fe611a6c8d508a5659d62b5946a.jpg,train/Bacterial gill disease/Bacterial-gill-disease-8-_jpeg.rf.0715fc8a6b5886afc1c14daf6a597209.jpg,Bacterial gill disease,Bacterial gill disease,Bacterial Gill Disease,Bacterial Gill Disease,dhash,bccfcfe5e7e7fffe,0,NEAR_DUPLICATE,False,SAME_LABEL,KEEP_SAME_SPLIT,"identical dHash, different bytes (policy: near-duplicate groups stay in one split)"
current_freshwater-fc64dd133e89,current_freshwater-0fc87ecb8c17,current_freshwater,current_freshwater,train_split/Bacterial gill disease/Bacterial gill disease_200.jpg,train_split/Bacterial gill disease/Bacterial gill disease_aug_107.jpg,Bacterial gill disease,Bacterial gill disease,Bacterial Gill Disease,Bacterial Gill Disease,dhash,bebe3e3f9f9fdff8,0,NEAR_DUPLICATE,False,SAME_LABEL,KEEP_SAME_SPLIT,"identical dHash, different bytes (policy: near-duplicate groups stay in one split)"
current_freshwater-70c27adedf12,roboflow-0b9c1ecacdb3,current_freshwater,roboflow,train_split/Bacterial diseases - Aeromoniasis/Bacterial diseases - Aeromoniasis_165.jpg,train/Bacterial diseases - Aeromoniasis/Bacterial-diseases-Aeromoniasis-28-_jpg.rf.fc8181040e8ae92273e20fa2e4f375c1.jpg,Bacterial diseases - Aeromoniasis,Bacterial diseases - Aeromoniasis,Aeromoniasis,Aeromoniasis,dhash,bf3f1f5f0f0f0f8e,0,NEAR_DUPLICATE,True,SAME_LABEL,KEEP_SAME_SPLIT,"identical dHash, different bytes (policy: near-duplicate groups stay in one split)"
current_freshwater-da769ea1c6b9,current_freshwater-ecc5aeb814cc,current_freshwater,current_freshwater,train_split/Bacterial Red disease/Bacterial Red disease_93.jpg,train_split/Bacterial Red disease/Bacterial Red disease_aug_20.jpg,Bacterial Red disease,Bacterial Red disease,Bacterial Red Disease,Bacterial Red Disease,dhash,00007e2eb6b81800,0,NEAR_DUPLICATE,False,SAME_LABEL,KEEP_SAME_SPLIT,"identical dHash, different bytes (policy: near-duplicate groups stay in one split)"
current_freshwater-1405664d3a4e,current_freshwater-5f742eb21fd1,current_freshwater,current_freshwater,test_split/Healthy Fish_Healthy Fish_183.jpg,train_split/Healthy Fish/Healthy Fish_aug_122.jpg,Healthy Fish,Healthy Fish,Healthy Fish,Healthy Fish,dhash,c080200080c0c0c0,0,NEAR_DUPLICATE,False,SAME_LABEL,KEEP_SAME_SPLIT,"identical dHash, different bytes (policy: near-duplicate groups stay in one split)"
current_freshwater-5f742eb21fd1,roboflow-87972f7a4729,current_freshwater,roboflow,train_split/Healthy Fish/Healthy Fish_aug_122.jpg,train/Healthy Fish/Healthy-Fish-137-_jpg.rf.061f4b498a12668cff2cb58666a8fbd7.jpg,Healthy Fish,Healthy Fish,Healthy Fish,Healthy Fish,dhash,c080200080c0c0c0,0,NEAR_DUPLICATE,True,SAME_LABEL,KEEP_SAME_SPLIT,"identical dHash, different bytes (policy: near-duplicate groups stay in one split)"
current_freshwater-d4e00e4ff296,current_freshwater-5ded2f76c297,current_freshwater,current_freshwater,train_split/Fungal diseases Saprolegniasis/Fungal diseases Saprolegniasis_aug_329.jpg,train_split/Fungal diseases Saprolegniasis/Fungal diseases Saprolegniasis_aug_53.jpg,Fungal diseases Saprolegniasis,Fungal diseases Saprolegniasis,Saprolegniasis,Saprolegniasis,dhash,c08ec3f1e6c75d77,0,NEAR_DUPLICATE,False,SAME_LABEL,KEEP_SAME_SPLIT,"identical dHash, different bytes (policy: near-duplicate groups stay in one split)"
current_freshwater-18791b70d09b,current_freshwater-5c9ead70a5e1,current_freshwater,current_freshwater,test_split/Parasitic diseases_Parasitic diseases_221.jpg,train_split/Parasitic diseases/Parasitic diseases_aug_273.jpg,Parasitic diseases,Parasitic diseases,Parasitic Disease,Parasitic Disease,dhash,c08f1e5cdcfcc30f,0,NEAR_DUPLICATE,False,SAME_LABEL,KEEP_SAME_SPLIT,"identical dHash, different bytes (policy: near-duplicate groups stay in one split)"
current_freshwater-770b8b162107,current_freshwater-8d40e0d90d88,current_freshwater,current_freshwater,train_split/Bacterial diseases - Aeromoniasis/Bacterial diseases - Aeromoniasis_33.jpg,train_split/Bacterial diseases - Aeromoniasis/Bacterial diseases - Aeromoniasis_aug_111.jpg,Bacterial diseases - Aeromoniasis,Bacterial diseases - Aeromoniasis,Aeromoniasis,Aeromoniasis,dhash,c090383c1c661259,0,NEAR_DUPLICATE,False,SAME_LABEL,KEEP_SAME_SPLIT,"identical dHash, different bytes (policy: near-duplicate groups stay in one split)"
current_freshwater-ef1ccd5cdf6e,current_freshwater-81b6280b0a8b,current_freshwater,current_freshwater,train_split/EUS/EUS_106.jpg,train_split/Viral diseases White tail disease/Viral diseases White tail disease_86.jpeg,EUS,Viral diseases White tail disease,EUS Disease,White Tail Disease,dhash,c0c0e170f0e0828f,0,NEAR_DUPLICATE,False,LABEL_CONFLICT,EXCLUDE_BOTH,"identical dHash, different unified labels (policy: label-conflict groups leave the split)"
current_freshwater-ef1ccd5cdf6e,current_freshwater-289b5956c6e5,current_freshwater,current_freshwater,train_split/EUS/EUS_106.jpg,train_split/Viral diseases White tail disease/Viral diseases White tail disease_aug_105.jpg,EUS,Viral diseases White tail disease,EUS Disease,White Tail Disease,dhash,c0c0e170f0e0828f,0,NEAR_DUPLICATE,False,LABEL_CONFLICT,EXCLUDE_BOTH,"identical dHash, different unified labels (policy: label-conflict groups leave the split)"
current_freshwater-ef1ccd5cdf6e,roboflow-8dfa03319b0d,current_freshwater,roboflow,train_split/EUS/EUS_106.jpg,train/Viral diseases White tail disease/Viral-diseases-White-tail-disease-10-_jpeg.rf.84c1cf72997815fca39e5b5180da2d10.jpg,EUS,Viral diseases White tail disease,EUS Disease,White Tail Disease,dhash,c0c0e170f0e0828f,0,NEAR_DUPLICATE,True,LABEL_CONFLICT,EXCLUDE_BOTH,"identical dHash, different unified labels (policy: label-conflict groups leave the split)"
current_freshwater-81b6280b0a8b,current_freshwater-289b5956c6e5,current_freshwater,current_freshwater,train_split/Viral diseases White tail disease/Viral diseases White tail disease_86.jpeg,train_split/Viral diseases White tail disease/Viral diseases White tail disease_aug_105.jpg,Viral diseases White tail disease,Viral diseases White tail disease,White Tail Disease,White Tail Disease,dhash,c0c0e170f0e0828f,0,NEAR_DUPLICATE,False,SAME_LABEL,KEEP_SAME_SPLIT,"identical dHash, different bytes (policy: near-duplicate groups stay in one split)"
current_freshwater-81b6280b0a8b,roboflow-8dfa03319b0d,current_freshwater,roboflow,train_split/Viral diseases White tail disease/Viral diseases White tail disease_86.jpeg,train/Viral diseases White tail disease/Viral-diseases-White-tail-disease-10-_jpeg.rf.84c1cf72997815fca39e5b5180da2d10.jpg,Viral diseases White tail disease,Viral diseases White tail disease,White Tail Disease,White Tail Disease,dhash,c0c0e170f0e0828f,0,NEAR_DUPLICATE,True,SAME_LABEL,KEEP_SAME_SPLIT,"identical dHash, different bytes (policy: near-duplicate groups stay in one split)"
current_freshwater-289b5956c6e5,roboflow-8dfa03319b0d,current_freshwater,roboflow,train_split/Viral diseases White tail disease/Viral diseases White tail disease_aug_105.jpg,train/Viral diseases White tail disease/Viral-diseases-White-tail-disease-10-_jpeg.rf.84c1cf72997815fca39e5b5180da2d10.jpg,Viral diseases White tail disease,Viral diseases White tail disease,White Tail Disease,White Tail Disease,dhash,c0c0e170f0e0828f,0,NEAR_DUPLICATE,True,SAME_LABEL,KEEP_SAME_SPLIT,"identical dHash, different bytes (policy: near-duplicate groups stay in one split)"
current_freshwater-c3e4fc182b9e,current_freshwater-776f7bbbc714,current_freshwater,current_freshwater,test_split/Viral diseases White tail disease_Viral diseases White tail disease_7.jpg,train_split/Viral diseases White tail disease/Viral diseases White tail disease_aug_212.jpg,Viral diseases White tail disease,Viral diseases White tail disease,White Tail Disease,White Tail Disease,dhash,c0c2997bfb6be1c0,0,NEAR_DUPLICATE,False,SAME_LABEL,KEEP_SAME_SPLIT,"identical dHash, different bytes (policy: near-duplicate groups stay in one split)"
current_freshwater-9668be6a09d5,current_freshwater-54dc0d1fbe29,current_freshwater,current_freshwater,train_split/Fungal diseases Saprolegniasis/Fungal diseases Saprolegniasis_165.jpg,train_split/Fungal diseases Saprolegniasis/Fungal diseases Saprolegniasis_aug_203.jpg,Fungal diseases Saprolegniasis,Fungal diseases Saprolegniasis,Saprolegniasis,Saprolegniasis,dhash,c0c4e7e1c9dcf879,0,NEAR_DUPLICATE,False,SAME_LABEL,KEEP_SAME_SPLIT,"identical dHash, different bytes (policy: near-duplicate groups stay in one split)"
current_freshwater-9668be6a09d5,current_freshwater-0676dd2ff084,current_freshwater,current_freshwater,train_split/Fungal diseases Saprolegniasis/Fungal diseases Saprolegniasis_165.jpg,train_split/Fungal diseases Saprolegniasis/Fungal diseases Saprolegniasis_aug_352.jpg,Fungal diseases Saprolegniasis,Fungal diseases Saprolegniasis,Saprolegniasis,Saprolegniasis,dhash,c0c4e7e1c9dcf879,0,NEAR_DUPLICATE,False,SAME_LABEL,KEEP_SAME_SPLIT,"identical dHash, different bytes (policy: near-duplicate groups stay in one split)"
current_freshwater-54dc0d1fbe29,current_freshwater-0676dd2ff084,current_freshwater,current_freshwater,train_split/Fungal diseases Saprolegniasis/Fungal diseases Saprolegniasis_aug_203.jpg,train_split/Fungal diseases Saprolegniasis/Fungal diseases Saprolegniasis_aug_352.jpg,Fungal diseases Saprolegniasis,Fungal diseases Saprolegniasis,Saprolegniasis,Saprolegniasis,dhash,c0c4e7e1c9dcf879,0,NEAR_DUPLICATE,False,SAME_LABEL,KEEP_SAME_SPLIT,"identical dHash, different bytes (policy: near-duplicate groups stay in one split)"
current_freshwater-caff24f9246d,current_freshwater-a6596594a793,current_freshwater,current_freshwater,train_split/Bacterial diseases - Aeromoniasis/Bacterial diseases - Aeromoniasis_154.jpg,train_split/Bacterial diseases - Aeromoniasis/Bacterial diseases - Aeromoniasis_aug_189.jpg,Bacterial diseases - Aeromoniasis,Bacterial diseases - Aeromoniasis,Aeromoniasis,Aeromoniasis,dhash,c0c8000406c62682,0,NEAR_DUPLICATE,False,SAME_LABEL,KEEP_SAME_SPLIT,"identical dHash, different bytes (policy: near-duplicate groups stay in one split)"
current_freshwater-6754f6b7c1d9,current_freshwater-984f377e5466,current_freshwater,current_freshwater,test_split/Viral diseases White tail disease_Viral diseases White tail disease_96.jpg,train_split/Viral diseases White tail disease/Viral diseases White tail disease_aug_121.jpg,Viral diseases White tail disease,Viral diseases White tail disease,White Tail Disease,White Tail Disease,dhash,c0d8d0b080cb9f9c,0,NEAR_DUPLICATE,False,SAME_LABEL,KEEP_SAME_SPLIT,"identical dHash, different bytes (policy: near-duplicate groups stay in one split)"
mendeley-b20cdd33c108,mendeley-b809789c3c24,mendeley,mendeley,Bacterial Red Diseases/Silver_carp_(Hypophthalmichthys molitrix)/Fish_57/IMG20260207073405.jpg,Bacterial Red Diseases/Silver_carp_(Hypophthalmichthys molitrix)/Fish_57/IMG20260207073406.jpg,Bacterial Red Diseases,Bacterial Red Diseases,Bacterial Red Disease,Bacterial Red Disease,dhash,c101080e86b4b832,0,NEAR_DUPLICATE,False,SAME_LABEL,KEEP_SAME_SPLIT,"identical dHash, different bytes (policy: near-duplicate groups stay in one split)"
current_freshwater-2a982de5ebd8,current_freshwater-2b1bb25c50ab,current_freshwater,current_freshwater,train_split/Fungal diseases Saprolegniasis/Fungal diseases Saprolegniasis_41.jpg,train_split/Fungal diseases Saprolegniasis/Fungal diseases Saprolegniasis_aug_223.jpg,Fungal diseases Saprolegniasis,Fungal diseases Saprolegniasis,Saprolegniasis,Saprolegniasis,dhash,c13b0f6564446431,0,NEAR_DUPLICATE,False,SAME_LABEL,KEEP_SAME_SPLIT,"identical dHash, different bytes (policy: near-duplicate groups stay in one split)"
current_freshwater-2a982de5ebd8,roboflow-b7cc6b309896,current_freshwater,roboflow,train_split/Fungal diseases Saprolegniasis/Fungal diseases Saprolegniasis_41.jpg,train/Fungal diseases Saprolegniasis/Fungal-diseases-Saprolegniasis-30-_jpg.rf.5926138237d6a672be50c0bd2a9bb654.jpg,Fungal diseases Saprolegniasis,Fungal diseases Saprolegniasis,Saprolegniasis,Saprolegniasis,dhash,c13b0f6564446431,0,NEAR_DUPLICATE,True,SAME_LABEL,KEEP_SAME_SPLIT,"identical dHash, different bytes (policy: near-duplicate groups stay in one split)"
current_freshwater-2b1bb25c50ab,roboflow-b7cc6b309896,current_freshwater,roboflow,train_split/Fungal diseases Saprolegniasis/Fungal diseases Saprolegniasis_aug_223.jpg,train/Fungal diseases Saprolegniasis/Fungal-diseases-Saprolegniasis-30-_jpg.rf.5926138237d6a672be50c0bd2a9bb654.jpg,Fungal diseases Saprolegniasis,Fungal diseases Saprolegniasis,Saprolegniasis,Saprolegniasis,dhash,c13b0f6564446431,0,NEAR_DUPLICATE,True,SAME_LABEL,KEEP_SAME_SPLIT,"identical dHash, different bytes (policy: near-duplicate groups stay in one split)"
current_freshwater-52c12b4c5fd7,current_freshwater-de6c0dba8414,current_freshwater,current_freshwater,train_split/Bacterial Red disease/Bacterial Red disease_197.jpg,train_split/Bacterial Red disease/Bacterial Red disease_aug_205.jpg,Bacterial Red disease,Bacterial Red disease,Bacterial Red Disease,Bacterial Red Disease,dhash,c188a81810d0c0cc,0,NEAR_DUPLICATE,False,SAME_LABEL,KEEP_SAME_SPLIT,"identical dHash, different bytes (policy: near-duplicate groups stay in one split)"
current_freshwater-39ead0a55163,roboflow-3647dd4bfb0f,current_freshwater,roboflow,train_split/Bacterial Red disease/Bacterial Red disease_18.jpg,train/Bacterial Red disease/Bacterial-Red-disease-21-_jpg.rf.774fe449da8367bc50895e1266dbfef4.jpg,Bacterial Red disease,Bacterial Red disease,Bacterial Red Disease,Bacterial Red Disease,dhash,c1c0fcbca6b63a9a,0,NEAR_DUPLICATE,True,SAME_LABEL,KEEP_SAME_SPLIT,"identical dHash, different bytes (policy: near-duplicate groups stay in one split)"
mendeley-ea1f655e14a0,mendeley-b19c55bf4aa9,mendeley,mendeley,Bacterial Red Diseases/Grass_carp_(Ctenopharyngodon idella)/Fish_36/IMG20260213071201.jpg,Bacterial Red Diseases/Grass_carp_(Ctenopharyngodon idella)/Fish_36/IMG20260213071203.jpg,Bacterial Red Diseases,Bacterial Red Diseases,Bacterial Red Disease,Bacterial Red Disease,dhash,c1e9fcfcfefdfcff,0,NEAR_DUPLICATE,False,SAME_LABEL,KEEP_SAME_SPLIT,"identical dHash, different bytes (policy: near-duplicate groups stay in one split)"
mendeley-3fdf94de03b1,mendeley-75f1da7f9458,mendeley,mendeley,Bacterial Red Diseases/Grass_carp_(Ctenopharyngodon idella)/Fish_36/IMG20260213071159.jpg,Bacterial Red Diseases/Grass_carp_(Ctenopharyngodon idella)/Fish_36/IMG20260213071200.jpg,Bacterial Red Diseases,Bacterial Red Diseases,Bacterial Red Disease,Bacterial Red Disease,dhash,c1e9fcfcfffdfcfd,0,NEAR_DUPLICATE,False,SAME_LABEL,KEEP_SAME_SPLIT,"identical dHash, different bytes (policy: near-duplicate groups stay in one split)"
roboflow-6a43716f77c6,roboflow-e74f883a55c3,roboflow,roboflow,train/Bacterial Red disease/Bacterial-Red-disease-20-_jpg.rf.edcf8f3067f26e92f56283bda4d814f8.jpg,train/Bacterial Red disease/Bacterial-Red-disease-30-_jpg.rf.abfc5f06d453358903cf5e8b3892d254.jpg,Bacterial Red disease,Bacterial Red disease,Bacterial Red Disease,Bacterial Red Disease,dhash,c2830e1c38b8dafc,0,NEAR_DUPLICATE,False,SAME_LABEL,KEEP_SAME_SPLIT,"identical dHash, different bytes (policy: near-duplicate groups stay in one split)"
current_freshwater-6c0e49783280,current_freshwater-73ccee98ca3f,current_freshwater,current_freshwater,train_split/Bacterial gill disease/Bacterial gill disease_372.jpg,train_split/Bacterial gill disease/Bacterial gill disease_aug_50.jpg,Bacterial gill disease,Bacterial gill disease,Bacterial Gill Disease,Bacterial Gill Disease,dhash,c31971434185017f,0,NEAR_DUPLICATE,False,SAME_LABEL,KEEP_SAME_SPLIT,"identical dHash, different bytes (policy: near-duplicate groups stay in one split)"
mendeley-d05716a62c87,mendeley-8dd2db49e1c3,mendeley,mendeley,Bacterial Red Diseases/Grass_carp_(Ctenopharyngodon idella)/Fish_36/IMG20260213071624.jpg,Bacterial Red Diseases/Grass_carp_(Ctenopharyngodon idella)/Fish_36/IMG20260213071626.jpg,Bacterial Red Diseases,Bacterial Red Diseases,Bacterial Red Disease,Bacterial Red Disease,dhash,c3e1f8fcfefff5fa,0,NEAR_DUPLICATE,False,SAME_LABEL,KEEP_SAME_SPLIT,"identical dHash, different bytes (policy: near-duplicate groups stay in one split)"
current_freshwater-5a52c98f08d2,current_freshwater-7a62d149c2d8,current_freshwater,current_freshwater,train_split/Fungal diseases Saprolegniasis/Fungal diseases Saprolegniasis_131.jpg,train_split/Fungal diseases Saprolegniasis/Fungal diseases Saprolegniasis_aug_196.jpg,Fungal diseases Saprolegniasis,Fungal diseases Saprolegniasis,Saprolegniasis,Saprolegniasis,dhash,c3e3d3763e9f9e97,0,NEAR_DUPLICATE,False,SAME_LABEL,KEEP_SAME_SPLIT,"identical dHash, different bytes (policy: near-duplicate groups stay in one split)"
current_freshwater-2d46de3b98ef,current_freshwater-98a4cd57dfc6,current_freshwater,current_freshwater,train_split/Bacterial gill disease/Bacterial gill disease_170.jpg,train_split/Bacterial gill disease/Bacterial gill disease_aug_70.jpg,Bacterial gill disease,Bacterial gill disease,Bacterial Gill Disease,Bacterial Gill Disease,dhash,c4163e9cd8800020,0,NEAR_DUPLICATE,False,SAME_LABEL,KEEP_SAME_SPLIT,"identical dHash, different bytes (policy: near-duplicate groups stay in one split)"
current_freshwater-eac87f209360,current_freshwater-199cef731120,current_freshwater,current_freshwater,train_split/Fungal diseases Saprolegniasis/Fungal diseases Saprolegniasis_204.jpg,train_split/Fungal diseases Saprolegniasis/Fungal diseases Saprolegniasis_aug_145.jpg,Fungal diseases Saprolegniasis,Fungal diseases Saprolegniasis,Saprolegniasis,Saprolegniasis,dhash,c4c0e0e0e0f8ecf4,0,NEAR_DUPLICATE,False,SAME_LABEL,KEEP_SAME_SPLIT,"identical dHash, different bytes (policy: near-duplicate groups stay in one split)"
current_freshwater-eac87f209360,current_freshwater-084f8c700b61,current_freshwater,current_freshwater,train_split/Fungal diseases Saprolegniasis/Fungal diseases Saprolegniasis_204.jpg,train_split/Fungal diseases Saprolegniasis/Fungal diseases Saprolegniasis_aug_27.jpg,Fungal diseases Saprolegniasis,Fungal diseases Saprolegniasis,Saprolegniasis,Saprolegniasis,dhash,c4c0e0e0e0f8ecf4,0,NEAR_DUPLICATE,False,SAME_LABEL,KEEP_SAME_SPLIT,"identical dHash, different bytes (policy: near-duplicate groups stay in one split)"
current_freshwater-eac87f209360,current_freshwater-3b97ba86710f,current_freshwater,current_freshwater,train_split/Fungal diseases Saprolegniasis/Fungal diseases Saprolegniasis_204.jpg,train_split/Fungal diseases Saprolegniasis/Fungal diseases Saprolegniasis_aug_346.jpg,Fungal diseases Saprolegniasis,Fungal diseases Saprolegniasis,Saprolegniasis,Saprolegniasis,dhash,c4c0e0e0e0f8ecf4,0,NEAR_DUPLICATE,False,SAME_LABEL,KEEP_SAME_SPLIT,"identical dHash, different bytes (policy: near-duplicate groups stay in one split)"
current_freshwater-0da53853be38,current_freshwater-0428cb750863,current_freshwater,current_freshwater,train_split/Healthy Fish/Healthy Fish_396.jpg,train_split/Healthy Fish/Healthy Fish_aug_184.jpg,Healthy Fish,Healthy Fish,Healthy Fish,Healthy Fish,dhash,c4c8f8f0f0f8f0f0,0,NEAR_DUPLICATE,False,SAME_LABEL,KEEP_SAME_SPLIT,"identical dHash, different bytes (policy: near-duplicate groups stay in one split)"
current_freshwater-b174ee6ccac7,roboflow-537002292fc5,current_freshwater,roboflow,train_split/Viral diseases White tail disease/Viral diseases White tail disease_5.jpg,train/Viral diseases White tail disease/Viral-diseases-White-tail-disease-11-_jpg.rf.05bcfcb4763e92124daaf543ee0eff32.jpg,Viral diseases White tail disease,Viral diseases White tail disease,White Tail Disease,White Tail Disease,dhash,c4e060f8cce8fcdc,0,NEAR_DUPLICATE,True,SAME_LABEL,KEEP_SAME_SPLIT,"identical dHash, different bytes (policy: near-duplicate groups stay in one split)"
mendeley-addcd7199c43,mendeley-525b07e182e1,mendeley,mendeley,Bacterial Red Diseases/Silver_carp_(Hypophthalmichthys molitrix)/Fish_61/IMG20260212145452.jpg,Bacterial Red Diseases/Silver_carp_(Hypophthalmichthys molitrix)/Fish_61/IMG20260212145453.jpg,Bacterial Red Diseases,Bacterial Red Diseases,Bacterial Red Disease,Bacterial Red Disease,dhash,c5cf8f9f3b7a7ef8,0,NEAR_DUPLICATE,False,SAME_LABEL,KEEP_SAME_SPLIT,"identical dHash, different bytes (policy: near-duplicate groups stay in one split)"
current_freshwater-d2224e03ba57,roboflow-86df7fe139f0,current_freshwater,roboflow,test_split/Healthy Fish_Healthy Fish_345.jpg,train/Healthy Fish/Healthy-Fish-98-_jpg.rf.79d07d01786ccd86dad9c80ee18e4a47.jpg,Healthy Fish,Healthy Fish,Healthy Fish,Healthy Fish,dhash,c6c20e2e8e8782c0,0,NEAR_DUPLICATE,True,SAME_LABEL,KEEP_SAME_SPLIT,"identical dHash, different bytes (policy: near-duplicate groups stay in one split)"
roboflow-96e7bf52bcce,roboflow-86df7fe139f0,roboflow,roboflow,train/Healthy Fish/Healthy-Fish-10-_jpg.rf.e0a9a6b21a5b35242e7eb51d2bc6327c.jpg,train/Healthy Fish/Healthy-Fish-98-_jpg.rf.79d07d01786ccd86dad9c80ee18e4a47.jpg,Healthy Fish,Healthy Fish,Healthy Fish,Healthy Fish,dhash,c6c20e2e8e8782c0,0,NEAR_DUPLICATE,False,SAME_LABEL,KEEP_SAME_SPLIT,"identical dHash, different bytes (policy: near-duplicate groups stay in one split)"
current_freshwater-5376bc29d75b,current_freshwater-5f03e7945d50,current_freshwater,current_freshwater,train_split/Parasitic diseases/Parasitic diseases_67.jpg,train_split/Parasitic diseases/Parasitic diseases_aug_71.jpg,Parasitic diseases,Parasitic diseases,Parasitic Disease,Parasitic Disease,dhash,c70f6f4f0e04301d,0,NEAR_DUPLICATE,False,SAME_LABEL,KEEP_SAME_SPLIT,"identical dHash, different bytes (policy: near-duplicate groups stay in one split)"
current_freshwater-5376bc29d75b,roboflow-293e4d838b2c,current_freshwater,roboflow,train_split/Parasitic diseases/Parasitic diseases_67.jpg,train/Parasitic diseases/Parasitic-diseases-8-_jpg.rf.a53ee439a7791fd587e4b762f237233a.jpg,Parasitic diseases,Parasitic diseases,Parasitic Disease,Parasitic Disease,dhash,c70f6f4f0e04301d,0,NEAR_DUPLICATE,True,SAME_LABEL,KEEP_SAME_SPLIT,"identical dHash, different bytes (policy: near-duplicate groups stay in one split)"
current_freshwater-5f03e7945d50,roboflow-293e4d838b2c,current_freshwater,roboflow,train_split/Parasitic diseases/Parasitic diseases_aug_71.jpg,train/Parasitic diseases/Parasitic-diseases-8-_jpg.rf.a53ee439a7791fd587e4b762f237233a.jpg,Parasitic diseases,Parasitic diseases,Parasitic Disease,Parasitic Disease,dhash,c70f6f4f0e04301d,0,NEAR_DUPLICATE,True,SAME_LABEL,KEEP_SAME_SPLIT,"identical dHash, different bytes (policy: near-duplicate groups stay in one split)"
current_freshwater-da9fcfd633a1,current_freshwater-5dddfc387d50,current_freshwater,current_freshwater,train_split/Healthy Fish/Healthy Fish_229.jpg,train_split/Healthy Fish/Healthy Fish_aug_39.jpg,Healthy Fish,Healthy Fish,Healthy Fish,Healthy Fish,dhash,c7cad5f4dcdcfcdc,0,NEAR_DUPLICATE,False,SAME_LABEL,KEEP_SAME_SPLIT,"identical dHash, different bytes (policy: near-duplicate groups stay in one split)"
current_freshwater-67f0f6744c5d,current_freshwater-0547be0b2b49,current_freshwater,current_freshwater,test_split/Parasitic diseases_Parasitic diseases_48.jpg,train_split/Parasitic diseases/Parasitic diseases_aug_102.jpg,Parasitic diseases,Parasitic diseases,Parasitic Disease,Parasitic Disease,dhash,c7e35c5e9f1e80d0,0,NEAR_DUPLICATE,False,SAME_LABEL,KEEP_SAME_SPLIT,"identical dHash, different bytes (policy: near-duplicate groups stay in one split)"
current_freshwater-3c6ab71b6944,current_freshwater-7d4b1e92019f,current_freshwater,current_freshwater,train_split/Healthy Fish/Healthy Fish_459.jpg,train_split/Healthy Fish/Healthy Fish_aug_191.jpg,Healthy Fish,Healthy Fish,Healthy Fish,Healthy Fish,dhash,c88898c49c90ec4c,0,NEAR_DUPLICATE,False,SAME_LABEL,KEEP_SAME_SPLIT,"identical dHash, different bytes (policy: near-duplicate groups stay in one split)"
current_freshwater-8772c1aa3021,current_freshwater-3e49ccf8ce02,current_freshwater,current_freshwater,train_split/EUS/EUS_146.jpg,train_split/EUS/EUS_aug_33.jpg,EUS,EUS,EUS Disease,EUS Disease,dhash,cccccccccccccccc,0,NEAR_DUPLICATE,False,SAME_LABEL,KEEP_SAME_SPLIT,"identical dHash, different bytes (policy: near-duplicate groups stay in one split)"
mendeley-76531e399da8,mendeley-22117d3fc537,mendeley,mendeley,Healthy Fish/Silver_carp_(Hypophthalmichthys molitrix)/Fish_85/IMG20260315104241.jpg,Healthy Fish/Silver_carp_(Hypophthalmichthys molitrix)/Fish_86/IMG20260315104242.jpg,Healthy Fish,Healthy Fish,Healthy Fish,Healthy Fish,dhash,ccdc1e2c2000e0e0,0,NEAR_DUPLICATE,False,SAME_LABEL,KEEP_SAME_SPLIT,"identical dHash, different bytes (policy: near-duplicate groups stay in one split)"
mendeley-7f8ca4ebdae1,mendeley-e408ca94cc59,mendeley,mendeley,Healthy Fish/Silver_carp_(Hypophthalmichthys molitrix)/Fish_83/IMG20260315104246.jpg,Healthy Fish/Silver_carp_(Hypophthalmichthys molitrix)/Fish_85/IMG20260315104240.jpg,Healthy Fish,Healthy Fish,Healthy Fish,Healthy Fish,dhash,ccdc3e2c2000e0e0,0,NEAR_DUPLICATE,False,SAME_LABEL,KEEP_SAME_SPLIT,"identical dHash, different bytes (policy: near-duplicate groups stay in one split)"
current_freshwater-f325163d24f8,current_freshwater-a8013c8bc82b,current_freshwater,current_freshwater,train_split/Healthy Fish/Healthy Fish_326.jpg,train_split/Healthy Fish/Healthy Fish_aug_37.jpg,Healthy Fish,Healthy Fish,Healthy Fish,Healthy Fish,dhash,cdcb960f0b730a06,0,NEAR_DUPLICATE,False,SAME_LABEL,KEEP_SAME_SPLIT,"identical dHash, different bytes (policy: near-duplicate groups stay in one split)"
current_freshwater-a8013c8bc82b,roboflow-e8ae564d9801,current_freshwater,roboflow,train_split/Healthy Fish/Healthy Fish_aug_37.jpg,train/Healthy Fish/Healthy-Fish-60-_jpg.rf.506eb53f8b3ddd0e147312d5d466e00e.jpg,Healthy Fish,Healthy Fish,Healthy Fish,Healthy Fish,dhash,cdcb960f0b730a06,0,NEAR_DUPLICATE,True,SAME_LABEL,KEEP_SAME_SPLIT,"identical dHash, different bytes (policy: near-duplicate groups stay in one split)"
mendeley-a6b6d880bf9f,mendeley-879e9dad0ff3,mendeley,mendeley,Bacterial Red Diseases/Rui_(Labeo rohita)/Fish_50/IMG20260207072117.jpg,Bacterial Red Diseases/Rui_(Labeo rohita)/Fish_50/IMG20260207072118.jpg,Bacterial Red Diseases,Bacterial Red Diseases,Bacterial Red Disease,Bacterial Red Disease,dhash,ce25726278408090,0,NEAR_DUPLICATE,False,SAME_LABEL,KEEP_SAME_SPLIT,"identical dHash, different bytes (policy: near-duplicate groups stay in one split)"
mendeley-c42289384619,mendeley-933bd56422bf,mendeley,mendeley,Healthy Fish/Silver_carp_(Hypophthalmichthys molitrix)/Fish_83/IMG20260315103923.jpg,Healthy Fish/Silver_carp_(Hypophthalmichthys molitrix)/Fish_83/IMG20260315103923_01.jpg,Healthy Fish,Healthy Fish,Healthy Fish,Healthy Fish,dhash,ce6f26e6fce28b99,0,NEAR_DUPLICATE,False,SAME_LABEL,KEEP_SAME_SPLIT,"identical dHash, different bytes (policy: near-duplicate groups stay in one split)"
paper_dataset-f19f231e8be0,paper_dataset-d5fb10f75209,paper_dataset,paper_dataset,InfectedFish/infected_318.png,InfectedFish/infected_367.png,InfectedFish,InfectedFish,,,dhash,cecec6c71bbbc3c3,0,NEAR_DUPLICATE,False,UNRESOLVED_LABEL,REVIEW,"identical dHash, a label is unresolved; the match is evidence for the mapping decision"
current_freshwater-e180281e4b6b,current_freshwater-5bcec684931b,current_freshwater,current_freshwater,train_split/Parasitic diseases/Parasitic diseases_140.jpg,train_split/Parasitic diseases/Parasitic diseases_aug_281.jpg,Parasitic diseases,Parasitic diseases,Parasitic Disease,Parasitic Disease,dhash,cececcc8080e1f8f,0,NEAR_DUPLICATE,False,SAME_LABEL,KEEP_SAME_SPLIT,"identical dHash, different bytes (policy: near-duplicate groups stay in one split)"
mendeley-83c8fbaf4b8f,mendeley-d7d468fe42bc,mendeley,mendeley,Bacterial Red Diseases/Grass_carp_(Ctenopharyngodon idella)/Fish_41/IMG20260213071012.jpg,Bacterial Red Diseases/Grass_carp_(Ctenopharyngodon idella)/Fish_41/IMG20260213071013.jpg,Bacterial Red Diseases,Bacterial Red Diseases,Bacterial Red Disease,Bacterial Red Disease,dhash,ceeeecfcedede8ed,0,NEAR_DUPLICATE,False,SAME_LABEL,KEEP_SAME_SPLIT,"identical dHash, different bytes (policy: near-duplicate groups stay in one split)"
current_freshwater-8dbedc50e6a3,kaptai-069bb4a1f3e2,current_freshwater,kaptai,train_split/EUS/EUS_20.jpg,EUS/EUS  (11).jpg,EUS,EUS,EUS Disease,EUS Disease,dhash,cf2f0f1f0e947c78,0,NEAR_DUPLICATE,True,SAME_LABEL,KEEP_SAME_SPLIT,"identical dHash, different bytes (policy: near-duplicate groups stay in one split)"
current_freshwater-cf91e8fa75bc,current_freshwater-5df4af1314fa,current_freshwater,current_freshwater,train_split/Bacterial gill disease/Bacterial gill disease_262.jpg,train_split/Bacterial gill disease/Bacterial gill disease_aug_135.jpg,Bacterial gill disease,Bacterial gill disease,Bacterial Gill Disease,Bacterial Gill Disease,dhash,cf431d2d260e4e68,0,NEAR_DUPLICATE,False,SAME_LABEL,KEEP_SAME_SPLIT,"identical dHash, different bytes (policy: near-duplicate groups stay in one split)"
current_freshwater-6a65ac2c6ed7,current_freshwater-f75ed47e3c74,current_freshwater,current_freshwater,train_split/Healthy Fish/Healthy Fish_aug_115.jpg,train_split/Healthy Fish/Healthy Fish_aug_58.jpg,Healthy Fish,Healthy Fish,Healthy Fish,Healthy Fish,dhash,cf9f1d1f1f1fcf8f,0,NEAR_DUPLICATE,False,SAME_LABEL,KEEP_SAME_SPLIT,"identical dHash, different bytes (policy: near-duplicate groups stay in one split)"
mendeley-b624a950efc8,mendeley-4b1204543dd2,mendeley,mendeley,Healthy Fish/Silver_carp_(Hypophthalmichthys molitrix)/Fish_86/IMG20260315105324.jpg,Healthy Fish/Silver_carp_(Hypophthalmichthys molitrix)/Fish_86/IMG20260315105325.jpg,Healthy Fish,Healthy Fish,Healthy Fish,Healthy Fish,dhash,cfcf5eda7432321c,0,NEAR_DUPLICATE,False,SAME_LABEL,KEEP_SAME_SPLIT,"identical dHash, different bytes (policy: near-duplicate groups stay in one split)"
mendeley-41e2c74a3b05,mendeley-852da1d6b750,mendeley,mendeley,Healthy Fish/Grass_carp_(Ctenopharyngodon idella)/Fish_79/IMG20260213130634.jpg,Healthy Fish/Grass_carp_(Ctenopharyngodon idella)/Fish_79/IMG20260213130635.jpg,Healthy Fish,Healthy Fish,Healthy Fish,Healthy Fish,dhash,cfefdf77333f4f0b,0,NEAR_DUPLICATE,False,SAME_LABEL,KEEP_SAME_SPLIT,"identical dHash, different bytes (policy: near-duplicate groups stay in one split)"
current_freshwater-cada40cfec89,current_freshwater-70ed11c84309,current_freshwater,current_freshwater,train_split/Fungal diseases Saprolegniasis/Fungal diseases Saprolegniasis_203.jpg,train_split/Fungal diseases Saprolegniasis/Fungal diseases Saprolegniasis_aug_96.jpg,Fungal diseases Saprolegniasis,Fungal diseases Saprolegniasis,Saprolegniasis,Saprolegniasis,dhash,d0f2f8fafb5e1e1e,0,NEAR_DUPLICATE,False,SAME_LABEL,KEEP_SAME_SPLIT,"identical dHash, different bytes (policy: near-duplicate groups stay in one split)"
current_freshwater-715b5954ba4e,current_freshwater-577698792adf,current_freshwater,current_freshwater,train_split/Bacterial Red disease/Bacterial Red disease_27.jpg,train_split/Bacterial Red disease/Bacterial Red disease_aug_207.jpg,Bacterial Red disease,Bacterial Red disease,Bacterial Red Disease,Bacterial Red Disease,dhash,d1d17949297c7c7d,0,NEAR_DUPLICATE,False,SAME_LABEL,KEEP_SAME_SPLIT,"identical dHash, different bytes (policy: near-duplicate groups stay in one split)"
current_freshwater-715b5954ba4e,roboflow-a3c1becaf90a,current_freshwater,roboflow,train_split/Bacterial Red disease/Bacterial Red disease_27.jpg,train/Bacterial Red disease/Bacterial-Red-disease-29-_jpg.rf.7f327eda99976b28f4ff54ae1eb0ee24.jpg,Bacterial Red disease,Bacterial Red disease,Bacterial Red Disease,Bacterial Red Disease,dhash,d1d17949297c7c7d,0,NEAR_DUPLICATE,True,SAME_LABEL,KEEP_SAME_SPLIT,"identical dHash, different bytes (policy: near-duplicate groups stay in one split)"
current_freshwater-577698792adf,roboflow-a3c1becaf90a,current_freshwater,roboflow,train_split/Bacterial Red disease/Bacterial Red disease_aug_207.jpg,train/Bacterial Red disease/Bacterial-Red-disease-29-_jpg.rf.7f327eda99976b28f4ff54ae1eb0ee24.jpg,Bacterial Red disease,Bacterial Red disease,Bacterial Red Disease,Bacterial Red Disease,dhash,d1d17949297c7c7d,0,NEAR_DUPLICATE,True,SAME_LABEL,KEEP_SAME_SPLIT,"identical dHash, different bytes (policy: near-duplicate groups stay in one split)"
mendeley-7ef2d0b1d521,mendeley-7a6a37b5ced7,mendeley,mendeley,Healthy Fish/Silver_carp_(Hypophthalmichthys molitrix)/Fish_85/IMG20260315104051.jpg,Healthy Fish/Silver_carp_(Hypophthalmichthys molitrix)/Fish_85/IMG20260315104052.jpg,Healthy Fish,Healthy Fish,Healthy Fish,Healthy Fish,dhash,d3d8d8dccccc1868,0,NEAR_DUPLICATE,False,SAME_LABEL,KEEP_SAME_SPLIT,"identical dHash, different bytes (policy: near-duplicate groups stay in one split)"
current_freshwater-a467e93b8e61,current_freshwater-6e4e27605886,current_freshwater,current_freshwater,train_split/Bacterial Red disease/Bacterial Red disease_11.jpg,train_split/Bacterial Red disease/Bacterial Red disease_aug_180.jpg,Bacterial Red disease,Bacterial Red disease,Bacterial Red Disease,Bacterial Red Disease,dhash,d5c1c7e3f07c1e1d,0,NEAR_DUPLICATE,False,SAME_LABEL,KEEP_SAME_SPLIT,"identical dHash, different bytes (policy: near-duplicate groups stay in one split)"
current_freshwater-2b080b105429,roboflow-9f608fce4203,current_freshwater,roboflow,test_split/Parasitic diseases_Parasitic diseases_12.jpg,train/Parasitic diseases/Parasitic-diseases-16-_jpg.rf.47eaca643f85b514375d2c3538d956b4.jpg,Parasitic diseases,Parasitic diseases,Parasitic Disease,Parasitic Disease,dhash,d77e3c1d0f8f8ecc,0,NEAR_DUPLICATE,True,SAME_LABEL,KEEP_SAME_SPLIT,"identical dHash, different bytes (policy: near-duplicate groups stay in one split)"
mendeley-eaf7beb58ea0,mendeley-ea8f620d8ebf,mendeley,mendeley,Bacterial Gill Diseases/Rui_(Labeo rohita)/Fish_16/IMG20260212070814.jpg,Bacterial Gill Diseases/Rui_(Labeo rohita)/Fish_16/IMG20260212070815.jpg,Bacterial Gill Diseases,Bacterial Gill Diseases,Bacterial Gill Disease,Bacterial Gill Disease,dhash,d7d7f37bf97d7c7c,0,NEAR_DUPLICATE,False,SAME_LABEL,KEEP_SAME_SPLIT,"identical dHash, different bytes (policy: near-duplicate groups stay in one split)"
mendeley-eaf7beb58ea0,mendeley-cb4897161579,mendeley,mendeley,Bacterial Gill Diseases/Rui_(Labeo rohita)/Fish_16/IMG20260212070814.jpg,Bacterial Gill Diseases/Rui_(Labeo rohita)/Fish_16/IMG20260212070816.jpg,Bacterial Gill Diseases,Bacterial Gill Diseases,Bacterial Gill Disease,Bacterial Gill Disease,dhash,d7d7f37bf97d7c7c,0,NEAR_DUPLICATE,False,SAME_LABEL,KEEP_SAME_SPLIT,"identical dHash, different bytes (policy: near-duplicate groups stay in one split)"
mendeley-eaf7beb58ea0,mendeley-ec37c07c9832,mendeley,mendeley,Bacterial Gill Diseases/Rui_(Labeo rohita)/Fish_16/IMG20260212070814.jpg,Bacterial Gill Diseases/Rui_(Labeo rohita)/Fish_16/IMG20260212070817.jpg,Bacterial Gill Diseases,Bacterial Gill Diseases,Bacterial Gill Disease,Bacterial Gill Disease,dhash,d7d7f37bf97d7c7c,0,NEAR_DUPLICATE,False,SAME_LABEL,KEEP_SAME_SPLIT,"identical dHash, different bytes (policy: near-duplicate groups stay in one split)"
mendeley-eaf7beb58ea0,mendeley-3a4ed87476dd,mendeley,mendeley,Bacterial Gill Diseases/Rui_(Labeo rohita)/Fish_16/IMG20260212070814.jpg,Bacterial Gill Diseases/Rui_(Labeo rohita)/Fish_16/IMG20260212070819.jpg,Bacterial Gill Diseases,Bacterial Gill Diseases,Bacterial Gill Disease,Bacterial Gill Disease,dhash,d7d7f37bf97d7c7c,0,NEAR_DUPLICATE,False,SAME_LABEL,KEEP_SAME_SPLIT,"identical dHash, different bytes (policy: near-duplicate groups stay in one split)"
mendeley-ea8f620d8ebf,mendeley-cb4897161579,mendeley,mendeley,Bacterial Gill Diseases/Rui_(Labeo rohita)/Fish_16/IMG20260212070815.jpg,Bacterial Gill Diseases/Rui_(Labeo rohita)/Fish_16/IMG20260212070816.jpg,Bacterial Gill Diseases,Bacterial Gill Diseases,Bacterial Gill Disease,Bacterial Gill Disease,dhash,d7d7f37bf97d7c7c,0,NEAR_DUPLICATE,False,SAME_LABEL,KEEP_SAME_SPLIT,"identical dHash, different bytes (policy: near-duplicate groups stay in one split)"
mendeley-ea8f620d8ebf,mendeley-ec37c07c9832,mendeley,mendeley,Bacterial Gill Diseases/Rui_(Labeo rohita)/Fish_16/IMG20260212070815.jpg,Bacterial Gill Diseases/Rui_(Labeo rohita)/Fish_16/IMG20260212070817.jpg,Bacterial Gill Diseases,Bacterial Gill Diseases,Bacterial Gill Disease,Bacterial Gill Disease,dhash,d7d7f37bf97d7c7c,0,NEAR_DUPLICATE,False,SAME_LABEL,KEEP_SAME_SPLIT,"identical dHash, different bytes (policy: near-duplicate groups stay in one split)"
mendeley-ea8f620d8ebf,mendeley-3a4ed87476dd,mendeley,mendeley,Bacterial Gill Diseases/Rui_(Labeo rohita)/Fish_16/IMG20260212070815.jpg,Bacterial Gill Diseases/Rui_(Labeo rohita)/Fish_16/IMG20260212070819.jpg,Bacterial Gill Diseases,Bacterial Gill Diseases,Bacterial Gill Disease,Bacterial Gill Disease,dhash,d7d7f37bf97d7c7c,0,NEAR_DUPLICATE,False,SAME_LABEL,KEEP_SAME_SPLIT,"identical dHash, different bytes (policy: near-duplicate groups stay in one split)"
mendeley-cb4897161579,mendeley-ec37c07c9832,mendeley,mendeley,Bacterial Gill Diseases/Rui_(Labeo rohita)/Fish_16/IMG20260212070816.jpg,Bacterial Gill Diseases/Rui_(Labeo rohita)/Fish_16/IMG20260212070817.jpg,Bacterial Gill Diseases,Bacterial Gill Diseases,Bacterial Gill Disease,Bacterial Gill Disease,dhash,d7d7f37bf97d7c7c,0,NEAR_DUPLICATE,False,SAME_LABEL,KEEP_SAME_SPLIT,"identical dHash, different bytes (policy: near-duplicate groups stay in one split)"
mendeley-cb4897161579,mendeley-3a4ed87476dd,mendeley,mendeley,Bacterial Gill Diseases/Rui_(Labeo rohita)/Fish_16/IMG20260212070816.jpg,Bacterial Gill Diseases/Rui_(Labeo rohita)/Fish_16/IMG20260212070819.jpg,Bacterial Gill Diseases,Bacterial Gill Diseases,Bacterial Gill Disease,Bacterial Gill Disease,dhash,d7d7f37bf97d7c7c,0,NEAR_DUPLICATE,False,SAME_LABEL,KEEP_SAME_SPLIT,"identical dHash, different bytes (policy: near-duplicate groups stay in one split)"
mendeley-ec37c07c9832,mendeley-3a4ed87476dd,mendeley,mendeley,Bacterial Gill Diseases/Rui_(Labeo rohita)/Fish_16/IMG20260212070817.jpg,Bacterial Gill Diseases/Rui_(Labeo rohita)/Fish_16/IMG20260212070819.jpg,Bacterial Gill Diseases,Bacterial Gill Diseases,Bacterial Gill Disease,Bacterial Gill Disease,dhash,d7d7f37bf97d7c7c,0,NEAR_DUPLICATE,False,SAME_LABEL,KEEP_SAME_SPLIT,"identical dHash, different bytes (policy: near-duplicate groups stay in one split)"
current_freshwater-12877e40fde1,roboflow-47902cba7251,current_freshwater,roboflow,test_split/Fungal diseases Saprolegniasis_Fungal diseases Saprolegniasis_1.jpeg,train/Fungal diseases Saprolegniasis/Fungal-diseases-Saprolegniasis-1-_jpeg.rf.ea9a203239387b7cf78cda3b4cd511c9.jpg,Fungal diseases Saprolegniasis,Fungal diseases Saprolegniasis,Saprolegniasis,Saprolegniasis,dhash,d8983cc4e0d9db4e,0,NEAR_DUPLICATE,True,SAME_LABEL,KEEP_SAME_SPLIT,"identical dHash, different bytes (policy: near-duplicate groups stay in one split)"
mendeley-a807e73d5d31,mendeley-7bd24fd08aae,mendeley,mendeley,Bacterial Gill Diseases/Grass_carp_(Ctenopharyngodon idella)/Fish_3/IMG20260207073036_01.jpg,Bacterial Gill Diseases/Grass_carp_(Ctenopharyngodon idella)/Fish_3/IMG20260207073037.jpg,Bacterial Gill Diseases,Bacterial Gill Diseases,Bacterial Gill Disease,Bacterial Gill Disease,dhash,d8c8d83435938f27,0,NEAR_DUPLICATE,False,SAME_LABEL,KEEP_SAME_SPLIT,"identical dHash, different bytes (policy: near-duplicate groups stay in one split)"
mendeley-6b5116f68438,mendeley-0190cfd5731a,mendeley,mendeley,Bacterial Gill Diseases/Grass_carp_(Ctenopharyngodon idella)/Fish_3/IMG20260207073028.jpg,Bacterial Gill Diseases/Grass_carp_(Ctenopharyngodon idella)/Fish_3/IMG20260207073029.jpg,Bacterial Gill Diseases,Bacterial Gill Diseases,Bacterial Gill Disease,Bacterial Gill Disease,dhash,d8d8d8343db38f07,0,NEAR_DUPLICATE,False,SAME_LABEL,KEEP_SAME_SPLIT,"identical dHash, different bytes (policy: near-duplicate groups stay in one split)"
mendeley-4ff02c6cdab7,mendeley-752b66433f11,mendeley,mendeley,Bacterial Gill Diseases/Grass_carp_(Ctenopharyngodon idella)/Fish_3/IMG20260207073033.jpg,Bacterial Gill Diseases/Grass_carp_(Ctenopharyngodon idella)/Fish_3/IMG20260207073034.jpg,Bacterial Gill Diseases,Bacterial Gill Diseases,Bacterial Gill Disease,Bacterial Gill Disease,dhash,d8d8d8343db38f0f,0,NEAR_DUPLICATE,False,SAME_LABEL,KEEP_SAME_SPLIT,"identical dHash, different bytes (policy: near-duplicate groups stay in one split)"
current_freshwater-74fd66480be4,roboflow-305a3ffe034e,current_freshwater,roboflow,train_split/Bacterial gill disease/Bacterial gill disease_34.jpg,train/Bacterial gill disease/Bacterial-gill-disease-27-_jpg.rf.6fb79a02a1419b4188b195bc668e278d.jpg,Bacterial gill disease,Bacterial gill disease,Bacterial Gill Disease,Bacterial Gill Disease,dhash,d8eee7e7aec7e733,0,NEAR_DUPLICATE,True,SAME_LABEL,KEEP_SAME_SPLIT,"identical dHash, different bytes (policy: near-duplicate groups stay in one split)"
current_freshwater-74fd66480be4,roboflow-d417987c1953,current_freshwater,roboflow,train_split/Bacterial gill disease/Bacterial gill disease_34.jpg,train/Bacterial gill disease/Bacterial-gill-disease-3-_jpg.rf.5fd2bccdfd0caa9ca12c3f24812d6e95.jpg,Bacterial gill disease,Bacterial gill disease,Bacterial Gill Disease,Bacterial Gill Disease,dhash,d8eee7e7aec7e733,0,NEAR_DUPLICATE,True,SAME_LABEL,KEEP_SAME_SPLIT,"identical dHash, different bytes (policy: near-duplicate groups stay in one split)"
roboflow-305a3ffe034e,roboflow-d417987c1953,roboflow,roboflow,train/Bacterial gill disease/Bacterial-gill-disease-27-_jpg.rf.6fb79a02a1419b4188b195bc668e278d.jpg,train/Bacterial gill disease/Bacterial-gill-disease-3-_jpg.rf.5fd2bccdfd0caa9ca12c3f24812d6e95.jpg,Bacterial gill disease,Bacterial gill disease,Bacterial Gill Disease,Bacterial Gill Disease,dhash,d8eee7e7aec7e733,0,NEAR_DUPLICATE,False,SAME_LABEL,KEEP_SAME_SPLIT,"identical dHash, different bytes (policy: near-duplicate groups stay in one split)"
current_freshwater-41ea58ca0f92,current_freshwater-1df870a00186,current_freshwater,current_freshwater,train_split/Bacterial diseases - Aeromoniasis/Bacterial diseases - Aeromoniasis_37.jpg,train_split/EUS/EUS_214.jpg,Bacterial diseases - Aeromoniasis,EUS,Aeromoniasis,EUS Disease,dhash,d8f8f8fefefefcfc,0,NEAR_DUPLICATE,False,LABEL_CONFLICT,EXCLUDE_BOTH,"identical dHash, different unified labels (policy: label-conflict groups leave the split)"
current_freshwater-41ea58ca0f92,roboflow-ff72055e9b51,current_freshwater,roboflow,train_split/Bacterial diseases - Aeromoniasis/Bacterial diseases - Aeromoniasis_37.jpg,train/Bacterial diseases - Aeromoniasis/Bacterial-diseases-Aeromoniasis-15-_jpg.rf.edec24ece0e4fa14f7e0bb812329dc67.jpg,Bacterial diseases - Aeromoniasis,Bacterial diseases - Aeromoniasis,Aeromoniasis,Aeromoniasis,dhash,d8f8f8fefefefcfc,0,NEAR_DUPLICATE,True,SAME_LABEL,KEEP_SAME_SPLIT,"identical dHash, different bytes (policy: near-duplicate groups stay in one split)"
current_freshwater-1df870a00186,roboflow-ff72055e9b51,current_freshwater,roboflow,train_split/EUS/EUS_214.jpg,train/Bacterial diseases - Aeromoniasis/Bacterial-diseases-Aeromoniasis-15-_jpg.rf.edec24ece0e4fa14f7e0bb812329dc67.jpg,EUS,Bacterial diseases - Aeromoniasis,EUS Disease,Aeromoniasis,dhash,d8f8f8fefefefcfc,0,NEAR_DUPLICATE,True,LABEL_CONFLICT,EXCLUDE_BOTH,"identical dHash, different unified labels (policy: label-conflict groups leave the split)"
current_freshwater-8bf2b5c4a7db,current_freshwater-203626a26fae,current_freshwater,current_freshwater,train_split/Parasitic diseases/Parasitic diseases_173.jpg,train_split/Parasitic diseases/Parasitic diseases_aug_321.jpg,Parasitic diseases,Parasitic diseases,Parasitic Disease,Parasitic Disease,dhash,db0c090f0fce0e0e,0,NEAR_DUPLICATE,False,SAME_LABEL,KEEP_SAME_SPLIT,"identical dHash, different bytes (policy: near-duplicate groups stay in one split)"
mendeley-7e18196c6bf1,mendeley-6ae4d590344c,mendeley,mendeley,Epizootic Ulcerative Syndrome (EUS)/Grass_carp_(Ctenopharyngodon idella)/Fish_65/IMG20260213071136.jpg,Epizootic Ulcerative Syndrome (EUS)/Grass_carp_(Ctenopharyngodon idella)/Fish_65/IMG20260213071137_01.jpg,Epizootic Ulcerative Syndrome (EUS),Epizootic Ulcerative Syndrome (EUS),EUS Disease,EUS Disease,dhash,dbf3f3f7e579fefe,0,NEAR_DUPLICATE,False,SAME_LABEL,KEEP_SAME_SPLIT,"identical dHash, different bytes (policy: near-duplicate groups stay in one split)"
current_freshwater-9701004a5d10,roboflow-53469e853749,current_freshwater,roboflow,test_split/Bacterial gill disease_Bacterial gill disease_31.jpg,train/Bacterial gill disease/Bacterial-gill-disease-18-_jpg.rf.c25b9431e5e4f6532e1c9d4762975ef0.jpg,Bacterial gill disease,Bacterial gill disease,Bacterial Gill Disease,Bacterial Gill Disease,dhash,dc78e89898b0b1e1,0,NEAR_DUPLICATE,True,SAME_LABEL,KEEP_SAME_SPLIT,"identical dHash, different bytes (policy: near-duplicate groups stay in one split)"
current_freshwater-9701004a5d10,roboflow-5b0c472057d5,current_freshwater,roboflow,test_split/Bacterial gill disease_Bacterial gill disease_31.jpg,train/Bacterial gill disease/Bacterial-gill-disease-31-_jpg.rf.f09e3bc71a48844ea7ac829589deeaa1.jpg,Bacterial gill disease,Bacterial gill disease,Bacterial Gill Disease,Bacterial Gill Disease,dhash,dc78e89898b0b1e1,0,NEAR_DUPLICATE,True,SAME_LABEL,KEEP_SAME_SPLIT,"identical dHash, different bytes (policy: near-duplicate groups stay in one split)"
roboflow-53469e853749,roboflow-5b0c472057d5,roboflow,roboflow,train/Bacterial gill disease/Bacterial-gill-disease-18-_jpg.rf.c25b9431e5e4f6532e1c9d4762975ef0.jpg,train/Bacterial gill disease/Bacterial-gill-disease-31-_jpg.rf.f09e3bc71a48844ea7ac829589deeaa1.jpg,Bacterial gill disease,Bacterial gill disease,Bacterial Gill Disease,Bacterial Gill Disease,dhash,dc78e89898b0b1e1,0,NEAR_DUPLICATE,False,SAME_LABEL,KEEP_SAME_SPLIT,"identical dHash, different bytes (policy: near-duplicate groups stay in one split)"
mendeley-82ab862a0d30,mendeley-5f9e555bb86a,mendeley,mendeley,Bacterial Gill Diseases/Grass_carp_(Ctenopharyngodon idella)/Fish_7/IMG20260212070012.jpg,Bacterial Gill Diseases/Grass_carp_(Ctenopharyngodon idella)/Fish_7/IMG20260212070014.jpg,Bacterial Gill Diseases,Bacterial Gill Diseases,Bacterial Gill Disease,Bacterial Gill Disease,dhash,dcccecf0f97afedb,0,NEAR_DUPLICATE,False,SAME_LABEL,KEEP_SAME_SPLIT,"identical dHash, different bytes (policy: near-duplicate groups stay in one split)"
mendeley-4b19757b22bd,mendeley-a4d02fbdee8e,mendeley,mendeley,Bacterial Gill Diseases/Grass_carp_(Ctenopharyngodon idella)/Fish_7/IMG20260212070002.jpg,Bacterial Gill Diseases/Grass_carp_(Ctenopharyngodon idella)/Fish_7/IMG20260212070003.jpg,Bacterial Gill Diseases,Bacterial Gill Diseases,Bacterial Gill Disease,Bacterial Gill Disease,dhash,dcdcccf0f974fe9b,0,NEAR_DUPLICATE,False,SAME_LABEL,KEEP_SAME_SPLIT,"identical dHash, different bytes (policy: near-duplicate groups stay in one split)"
mendeley-4b19757b22bd,mendeley-0915904a66df,mendeley,mendeley,Bacterial Gill Diseases/Grass_carp_(Ctenopharyngodon idella)/Fish_7/IMG20260212070002.jpg,Bacterial Gill Diseases/Grass_carp_(Ctenopharyngodon idella)/Fish_7/IMG20260212070005.jpg,Bacterial Gill Diseases,Bacterial Gill Diseases,Bacterial Gill Disease,Bacterial Gill Disease,dhash,dcdcccf0f974fe9b,0,NEAR_DUPLICATE,False,SAME_LABEL,KEEP_SAME_SPLIT,"identical dHash, different bytes (policy: near-duplicate groups stay in one split)"
mendeley-a4d02fbdee8e,mendeley-0915904a66df,mendeley,mendeley,Bacterial Gill Diseases/Grass_carp_(Ctenopharyngodon idella)/Fish_7/IMG20260212070003.jpg,Bacterial Gill Diseases/Grass_carp_(Ctenopharyngodon idella)/Fish_7/IMG20260212070005.jpg,Bacterial Gill Diseases,Bacterial Gill Diseases,Bacterial Gill Disease,Bacterial Gill Disease,dhash,dcdcccf0f974fe9b,0,NEAR_DUPLICATE,False,SAME_LABEL,KEEP_SAME_SPLIT,"identical dHash, different bytes (policy: near-duplicate groups stay in one split)"
roboflow-284afa641241,roboflow-139fa7c43b76,roboflow,roboflow,train/Bacterial gill disease/Bacterial-gill-disease-28-_jpg.rf.8071cf860487ab10fc688cae768eda3b.jpg,train/Bacterial gill disease/Bacterial-gill-disease-34-_jpg.rf.479118133a0553d150cefe6c531e3d82.jpg,Bacterial gill disease,Bacterial gill disease,Bacterial Gill Disease,Bacterial Gill Disease,dhash,dcf8e8183c7060e0,0,NEAR_DUPLICATE,False,SAME_LABEL,KEEP_SAME_SPLIT,"identical dHash, different bytes (policy: near-duplicate groups stay in one split)"
paper_dataset-092575cc57ed,paper_dataset-e7d774dbdd4c,paper_dataset,paper_dataset,InfectedFish/infected_597.png,InfectedFish/infected_732.png,InfectedFish,InfectedFish,,,dhash,03e7de9e8cd0f020,0,NEAR_DUPLICATE,False,UNRESOLVED_LABEL,REVIEW,"identical dHash, a label is unresolved; the match is evidence for the mapping decision"
current_freshwater-1e02dd11e6e9,roboflow-0da713792ff7,current_freshwater,roboflow,train_split/Parasitic diseases/Parasitic diseases_9.jpg,train/Parasitic diseases/Parasitic-diseases-14-_jpg.rf.9a1d5b929aeec99655bd5dc617800359.jpg,Parasitic diseases,Parasitic diseases,Parasitic Disease,Parasitic Disease,dhash,ddfdbd2e3e1e07f3,0,NEAR_DUPLICATE,True,SAME_LABEL,KEEP_SAME_SPLIT,"identical dHash, different bytes (policy: near-duplicate groups stay in one split)"
current_freshwater-4e4e81463999,roboflow-f04a08e5f711,current_freshwater,roboflow,train_split/Parasitic diseases/Parasitic diseases_23.jpg,train/Parasitic diseases/Parasitic-diseases-21-_jpg.rf.f051f8945e0e9cba6646c4c00f3b6ef4.jpg,Parasitic diseases,Parasitic diseases,Parasitic Disease,Parasitic Disease,dhash,df0f030213270703,0,NEAR_DUPLICATE,True,SAME_LABEL,KEEP_SAME_SPLIT,"identical dHash, different bytes (policy: near-duplicate groups stay in one split)"
current_freshwater-63373da22cb1,current_freshwater-0d36968db23c,current_freshwater,current_freshwater,train_split/Healthy Fish/Healthy Fish_54.jpg,train_split/Healthy Fish/Healthy Fish_aug_124.jpg,Healthy Fish,Healthy Fish,Healthy Fish,Healthy Fish,dhash,df7e1e1f1f87078f,0,NEAR_DUPLICATE,False,SAME_LABEL,KEEP_SAME_SPLIT,"identical dHash, different bytes (policy: near-duplicate groups stay in one split)"
current_freshwater-08f1399fc1ae,roboflow-9e5338f2b17e,current_freshwater,roboflow,train_split/Fungal diseases Saprolegniasis/Fungal diseases Saprolegniasis_2.jpg,train/Fungal diseases Saprolegniasis/Fungal-diseases-Saprolegniasis-2-_jpg.rf.e0b3a95a3d203ca7e3cec08bf27cea94.jpg,Fungal diseases Saprolegniasis,Fungal diseases Saprolegniasis,Saprolegniasis,Saprolegniasis,dhash,df9eb65ccc6959bd,0,NEAR_DUPLICATE,True,SAME_LABEL,KEEP_SAME_SPLIT,"identical dHash, different bytes (policy: near-duplicate groups stay in one split)"
current_freshwater-a964c9ae39f6,current_freshwater-ba27293d108f,current_freshwater,current_freshwater,train_split/Viral diseases White tail disease/Viral diseases White tail disease_114.jpg,train_split/Viral diseases White tail disease/Viral diseases White tail disease_aug_281.jpg,Viral diseases White tail disease,Viral diseases White tail disease,White Tail Disease,White Tail Disease,dhash,e0452d2d61e4e460,0,NEAR_DUPLICATE,False,SAME_LABEL,KEEP_SAME_SPLIT,"identical dHash, different bytes (policy: near-duplicate groups stay in one split)"
current_freshwater-a964c9ae39f6,current_freshwater-3636b017ff38,current_freshwater,current_freshwater,train_split/Viral diseases White tail disease/Viral diseases White tail disease_114.jpg,train_split/Viral diseases White tail disease/Viral diseases White tail disease_aug_362.jpg,Viral diseases White tail disease,Viral diseases White tail disease,White Tail Disease,White Tail Disease,dhash,e0452d2d61e4e460,0,NEAR_DUPLICATE,False,SAME_LABEL,KEEP_SAME_SPLIT,"identical dHash, different bytes (policy: near-duplicate groups stay in one split)"
current_freshwater-ba27293d108f,current_freshwater-3636b017ff38,current_freshwater,current_freshwater,train_split/Viral diseases White tail disease/Viral diseases White tail disease_aug_281.jpg,train_split/Viral diseases White tail disease/Viral diseases White tail disease_aug_362.jpg,Viral diseases White tail disease,Viral diseases White tail disease,White Tail Disease,White Tail Disease,dhash,e0452d2d61e4e460,0,NEAR_DUPLICATE,False,SAME_LABEL,KEEP_SAME_SPLIT,"identical dHash, different bytes (policy: near-duplicate groups stay in one split)"
current_freshwater-b9253d5837f5,current_freshwater-66106c744239,current_freshwater,current_freshwater,train_split/Bacterial gill disease/Bacterial gill disease_130.jpg,train_split/Bacterial gill disease/Bacterial gill disease_aug_84.jpg,Bacterial gill disease,Bacterial gill disease,Bacterial Gill Disease,Bacterial Gill Disease,dhash,e060703ed8e89cf0,0,NEAR_DUPLICATE,False,SAME_LABEL,KEEP_SAME_SPLIT,"identical dHash, different bytes (policy: near-duplicate groups stay in one split)"
current_freshwater-fb3fad3123bf,current_freshwater-3dd246546163,current_freshwater,current_freshwater,train_split/Fungal diseases Saprolegniasis/Fungal diseases Saprolegniasis_78.jpg,train_split/Fungal diseases Saprolegniasis/Fungal diseases Saprolegniasis_aug_222.jpg,Fungal diseases Saprolegniasis,Fungal diseases Saprolegniasis,Saprolegniasis,Saprolegniasis,dhash,e070786f8f0f090d,0,NEAR_DUPLICATE,False,SAME_LABEL,KEEP_SAME_SPLIT,"identical dHash, different bytes (policy: near-duplicate groups stay in one split)"
current_freshwater-0c449de0b028,roboflow-d3fdeb8c62b8,current_freshwater,roboflow,train_split/Bacterial Red disease/Bacterial Red disease_29.jpg,train/Bacterial Red disease/Bacterial-Red-disease-32-_jpg.rf.022ae5af301b73f9d5e361821cca94f5.jpg,Bacterial Red disease,Bacterial Red disease,Bacterial Red Disease,Bacterial Red Disease,dhash,e0991d1616191b87,0,NEAR_DUPLICATE,True,SAME_LABEL,KEEP_SAME_SPLIT,"identical dHash, different bytes (policy: near-duplicate groups stay in one split)"
current_freshwater-a351383b2230,current_freshwater-1633cd83ddc8,current_freshwater,current_freshwater,test_split/EUS_EUS_190.jpg,train_split/EUS/EUS_aug_222.jpg,EUS,EUS,EUS Disease,EUS Disease,dhash,e0a6061fb9702031,0,NEAR_DUPLICATE,False,SAME_LABEL,KEEP_SAME_SPLIT,"identical dHash, different bytes (policy: near-duplicate groups stay in one split)"
paper_dataset-9db087851bb1,paper_dataset-8f15e786c3d4,paper_dataset,paper_dataset,InfectedFish/infected_693.png,InfectedFish/infected_738.png,InfectedFish,InfectedFish,,,dhash,e0c1808e8fc7e060,0,NEAR_DUPLICATE,False,UNRESOLVED_LABEL,REVIEW,"identical dHash, a label is unresolved; the match is evidence for the mapping decision"
current_freshwater-bf99119045c1,current_freshwater-f1bd1ab6884c,current_freshwater,current_freshwater,test_split/Bacterial gill disease_Bacterial gill disease_26.jpeg,train_split/Bacterial gill disease/Bacterial gill disease_aug_61.jpg,Bacterial gill disease,Bacterial gill disease,Bacterial Gill Disease,Bacterial Gill Disease,dhash,e0d8eceee7333ef8,0,NEAR_DUPLICATE,False,SAME_LABEL,KEEP_SAME_SPLIT,"identical dHash, different bytes (policy: near-duplicate groups stay in one split)"
current_freshwater-bf99119045c1,roboflow-9c16f179c54e,current_freshwater,roboflow,test_split/Bacterial gill disease_Bacterial gill disease_26.jpeg,train/Bacterial gill disease/Bacterial-gill-disease-15-_jpeg.rf.04751776ae719bfd027c8a425ea7c977.jpg,Bacterial gill disease,Bacterial gill disease,Bacterial Gill Disease,Bacterial Gill Disease,dhash,e0d8eceee7333ef8,0,NEAR_DUPLICATE,True,SAME_LABEL,KEEP_SAME_SPLIT,"identical dHash, different bytes (policy: near-duplicate groups stay in one split)"
current_freshwater-bf99119045c1,roboflow-a98f7b2d23d0,current_freshwater,roboflow,test_split/Bacterial gill disease_Bacterial gill disease_26.jpeg,valid/Bacterial gill disease/Bacterial-gill-disease-4-_png.rf.e2be8689f35f392ff4bb595a0a441126.jpg,Bacterial gill disease,Bacterial gill disease,Bacterial Gill Disease,Bacterial Gill Disease,dhash,e0d8eceee7333ef8,0,NEAR_DUPLICATE,True,SAME_LABEL,KEEP_SAME_SPLIT,"identical dHash, different bytes (policy: near-duplicate groups stay in one split)"
current_freshwater-f1bd1ab6884c,roboflow-9c16f179c54e,current_freshwater,roboflow,train_split/Bacterial gill disease/Bacterial gill disease_aug_61.jpg,train/Bacterial gill disease/Bacterial-gill-disease-15-_jpeg.rf.04751776ae719bfd027c8a425ea7c977.jpg,Bacterial gill disease,Bacterial gill disease,Bacterial Gill Disease,Bacterial Gill Disease,dhash,e0d8eceee7333ef8,0,NEAR_DUPLICATE,True,SAME_LABEL,KEEP_SAME_SPLIT,"identical dHash, different bytes (policy: near-duplicate groups stay in one split)"
current_freshwater-f1bd1ab6884c,roboflow-a98f7b2d23d0,current_freshwater,roboflow,train_split/Bacterial gill disease/Bacterial gill disease_aug_61.jpg,valid/Bacterial gill disease/Bacterial-gill-disease-4-_png.rf.e2be8689f35f392ff4bb595a0a441126.jpg,Bacterial gill disease,Bacterial gill disease,Bacterial Gill Disease,Bacterial Gill Disease,dhash,e0d8eceee7333ef8,0,NEAR_DUPLICATE,True,SAME_LABEL,KEEP_SAME_SPLIT,"identical dHash, different bytes (policy: near-duplicate groups stay in one split)"
roboflow-9c16f179c54e,roboflow-a98f7b2d23d0,roboflow,roboflow,train/Bacterial gill disease/Bacterial-gill-disease-15-_jpeg.rf.04751776ae719bfd027c8a425ea7c977.jpg,valid/Bacterial gill disease/Bacterial-gill-disease-4-_png.rf.e2be8689f35f392ff4bb595a0a441126.jpg,Bacterial gill disease,Bacterial gill disease,Bacterial Gill Disease,Bacterial Gill Disease,dhash,e0d8eceee7333ef8,0,NEAR_DUPLICATE,False,SAME_LABEL,KEEP_SAME_SPLIT,"identical dHash, different bytes (policy: near-duplicate groups stay in one split)"
current_freshwater-893cb77be25d,kaptai-128e4cb6d177,current_freshwater,kaptai,train_split/Bacterial Red disease/Bacterial Red disease_aug_139.jpg,Argulus/argulus (4).jpg,Bacterial Red disease,Argulus,Bacterial Red Disease,,dhash,0404243747c20698,0,NEAR_DUPLICATE,True,UNRESOLVED_LABEL,REVIEW,"identical dHash, a label is unresolved; the match is evidence for the mapping decision"
current_freshwater-4fc8a0db1e27,roboflow-60a6c329be1d,current_freshwater,roboflow,train_split/Bacterial diseases - Aeromoniasis/Bacterial diseases - Aeromoniasis_175.jpg,train/Bacterial diseases - Aeromoniasis/Bacterial-diseases-Aeromoniasis-38-_jpg.rf.28b783b67cb59c6715bccbea8aed6259.jpg,Bacterial diseases - Aeromoniasis,Bacterial diseases - Aeromoniasis,Aeromoniasis,Aeromoniasis,dhash,e0e1e1d0b3e2e4f1,0,NEAR_DUPLICATE,True,SAME_LABEL,KEEP_SAME_SPLIT,"identical dHash, different bytes (policy: near-duplicate groups stay in one split)"
current_freshwater-f7f10b6a4a22,roboflow-e24ea8b934d0,current_freshwater,roboflow,train_split/Bacterial diseases - Aeromoniasis/Bacterial diseases - Aeromoniasis_174.jpg,train/Bacterial diseases - Aeromoniasis/Bacterial-diseases-Aeromoniasis-34-_jpg.rf.103d0457e4ff2eba4bcf6209b0d38588.jpg,Bacterial diseases - Aeromoniasis,Bacterial diseases - Aeromoniasis,Aeromoniasis,Aeromoniasis,dhash,e0e3c2e2e2e2e170,0,NEAR_DUPLICATE,True,SAME_LABEL,KEEP_SAME_SPLIT,"identical dHash, different bytes (policy: near-duplicate groups stay in one split)"
current_freshwater-f7f10b6a4a22,roboflow-cea678154aeb,current_freshwater,roboflow,train_split/Bacterial diseases - Aeromoniasis/Bacterial diseases - Aeromoniasis_174.jpg,train/Bacterial diseases - Aeromoniasis/Bacterial-diseases-Aeromoniasis-37-_jpg.rf.806cad897ab827f189d113b29fdbe04d.jpg,Bacterial diseases - Aeromoniasis,Bacterial diseases - Aeromoniasis,Aeromoniasis,Aeromoniasis,dhash,e0e3c2e2e2e2e170,0,NEAR_DUPLICATE,True,SAME_LABEL,KEEP_SAME_SPLIT,"identical dHash, different bytes (policy: near-duplicate groups stay in one split)"
roboflow-e24ea8b934d0,roboflow-cea678154aeb,roboflow,roboflow,train/Bacterial diseases - Aeromoniasis/Bacterial-diseases-Aeromoniasis-34-_jpg.rf.103d0457e4ff2eba4bcf6209b0d38588.jpg,train/Bacterial diseases - Aeromoniasis/Bacterial-diseases-Aeromoniasis-37-_jpg.rf.806cad897ab827f189d113b29fdbe04d.jpg,Bacterial diseases - Aeromoniasis,Bacterial diseases - Aeromoniasis,Aeromoniasis,Aeromoniasis,dhash,e0e3c2e2e2e2e170,0,NEAR_DUPLICATE,False,SAME_LABEL,KEEP_SAME_SPLIT,"identical dHash, different bytes (policy: near-duplicate groups stay in one split)"
current_freshwater-a0b86c96fd8d,roboflow-83d4123e53b3,current_freshwater,roboflow,train_split/Bacterial diseases - Aeromoniasis/Bacterial diseases - Aeromoniasis_170.jpg,train/Bacterial diseases - Aeromoniasis/Bacterial-diseases-Aeromoniasis-32-_jpg.rf.7fe0d3220a248fc89c92310ef5727948.jpg,Bacterial diseases - Aeromoniasis,Bacterial diseases - Aeromoniasis,Aeromoniasis,Aeromoniasis,dhash,e0e4672b0b274786,0,NEAR_DUPLICATE,True,SAME_LABEL,KEEP_SAME_SPLIT,"identical dHash, different bytes (policy: near-duplicate groups stay in one split)"
paper_dataset-0b19578f5350,paper_dataset-c2e8c2439671,paper_dataset,paper_dataset,InfectedFish/infected_216.png,InfectedFish/infected_363.png,InfectedFish,InfectedFish,,,dhash,e0f0e0a1a1a191f0,0,NEAR_DUPLICATE,False,UNRESOLVED_LABEL,REVIEW,"identical dHash, a label is unresolved; the match is evidence for the mapping decision"
current_freshwater-e648bc7a57dc,roboflow-2c187010d175,current_freshwater,roboflow,train_split/Bacterial Red disease/Bacterial Red disease_28.jpg,train/Bacterial Red disease/Bacterial-Red-disease-31-_jpg.rf.124626c5fc8f10f7aca3d84eed3a6d46.jpg,Bacterial Red disease,Bacterial Red disease,Bacterial Red Disease,Bacterial Red Disease,dhash,0407171e80191d1c,0,NEAR_DUPLICATE,True,SAME_LABEL,KEEP_SAME_SPLIT,"identical dHash, different bytes (policy: near-duplicate groups stay in one split)"
current_freshwater-a713f95bf5fc,current_freshwater-9323f3f476cf,current_freshwater,current_freshwater,train_split/Healthy Fish/Healthy Fish_293.jpg,train_split/Healthy Fish/Healthy Fish_aug_90.jpg,Healthy Fish,Healthy Fish,Healthy Fish,Healthy Fish,dhash,e0f8705200000000,0,NEAR_DUPLICATE,False,SAME_LABEL,KEEP_SAME_SPLIT,"identical dHash, different bytes (policy: near-duplicate groups stay in one split)"
current_freshwater-cb3b69d31282,roboflow-a1e96766b047,current_freshwater,roboflow,train_split/Viral diseases White tail disease/Viral diseases White tail disease_24.jpg,test/Viral diseases White tail disease/Viral-diseases-White-tail-disease-2-_jpg.rf.74dc25002b167c5e1e45fac1b7c1347e.jpg,Viral diseases White tail disease,Viral diseases White tail disease,White Tail Disease,White Tail Disease,dhash,e0fbdbd7d3f3b1b1,0,NEAR_DUPLICATE,True,SAME_LABEL,KEEP_SAME_SPLIT,"identical dHash, different bytes (policy: near-duplicate groups stay in one split)"
current_freshwater-cb3b69d31282,roboflow-b2033a38dd47,current_freshwater,roboflow,train_split/Viral diseases White tail disease/Viral diseases White tail disease_24.jpg,train/Viral diseases White tail disease/Viral-diseases-White-tail-disease-23-_jpg.rf.d2c2e3a8df86c9ea16227514193c58c0.jpg,Viral diseases White tail disease,Viral diseases White tail disease,White Tail Disease,White Tail Disease,dhash,e0fbdbd7d3f3b1b1,0,NEAR_DUPLICATE,True,SAME_LABEL,KEEP_SAME_SPLIT,"identical dHash, different bytes (policy: near-duplicate groups stay in one split)"
roboflow-a1e96766b047,roboflow-b2033a38dd47,roboflow,roboflow,test/Viral diseases White tail disease/Viral-diseases-White-tail-disease-2-_jpg.rf.74dc25002b167c5e1e45fac1b7c1347e.jpg,train/Viral diseases White tail disease/Viral-diseases-White-tail-disease-23-_jpg.rf.d2c2e3a8df86c9ea16227514193c58c0.jpg,Viral diseases White tail disease,Viral diseases White tail disease,White Tail Disease,White Tail Disease,dhash,e0fbdbd7d3f3b1b1,0,NEAR_DUPLICATE,False,SAME_LABEL,KEEP_SAME_SPLIT,"identical dHash, different bytes (policy: near-duplicate groups stay in one split)"
current_freshwater-375dfaca9849,current_freshwater-f4179ce7d679,current_freshwater,current_freshwater,train_split/Fungal diseases Saprolegniasis/Fungal diseases Saprolegniasis_69.jpg,train_split/Fungal diseases Saprolegniasis/Fungal diseases Saprolegniasis_aug_301.jpg,Fungal diseases Saprolegniasis,Fungal diseases Saprolegniasis,Saprolegniasis,Saprolegniasis,dhash,e10608f93c8e0c18,0,NEAR_DUPLICATE,False,SAME_LABEL,KEEP_SAME_SPLIT,"identical dHash, different bytes (policy: near-duplicate groups stay in one split)"
current_freshwater-375dfaca9849,current_freshwater-00b7e16b1be1,current_freshwater,current_freshwater,train_split/Fungal diseases Saprolegniasis/Fungal diseases Saprolegniasis_69.jpg,train_split/Fungal diseases Saprolegniasis/Fungal diseases Saprolegniasis_aug_55.jpg,Fungal diseases Saprolegniasis,Fungal diseases Saprolegniasis,Saprolegniasis,Saprolegniasis,dhash,e10608f93c8e0c18,0,NEAR_DUPLICATE,False,SAME_LABEL,KEEP_SAME_SPLIT,"identical dHash, different bytes (policy: near-duplicate groups stay in one split)"
current_freshwater-c973f4d77109,roboflow-64ad34acd7c8,current_freshwater,roboflow,train_split/Bacterial Red disease/Bacterial Red disease_30.jpg,test/Bacterial Red disease/Bacterial-Red-disease-33-_jpg.rf.362f8c5201bc86ed25b94d4baa2d8953.jpg,Bacterial Red disease,Bacterial Red disease,Bacterial Red Disease,Bacterial Red Disease,dhash,040c0e0f0e1fc9c3,0,NEAR_DUPLICATE,True,SAME_LABEL,KEEP_SAME_SPLIT,"identical dHash, different bytes (policy: near-duplicate groups stay in one split)"
mendeley-cabcaed89c13,mendeley-a5d7070f3f15,mendeley,mendeley,Bacterial Red Diseases/Rui_(Labeo rohita)/Fish_51/IMG20260207072422.jpg,Bacterial Red Diseases/Rui_(Labeo rohita)/Fish_51/IMG20260207072423.jpg,Bacterial Red Diseases,Bacterial Red Diseases,Bacterial Red Disease,Bacterial Red Disease,dhash,e161634656301133,0,NEAR_DUPLICATE,False,SAME_LABEL,KEEP_SAME_SPLIT,"identical dHash, different bytes (policy: near-duplicate groups stay in one split)"
mendeley-5ad0fab34e5f,mendeley-000d99faf229,mendeley,mendeley,Bacterial Red Diseases/Rui_(Labeo rohita)/Fish_51/IMG20260207072425.jpg,Bacterial Red Diseases/Rui_(Labeo rohita)/Fish_51/IMG20260207072426.jpg,Bacterial Red Diseases,Bacterial Red Diseases,Bacterial Red Disease,Bacterial Red Disease,dhash,e1e1614656301133,0,NEAR_DUPLICATE,False,SAME_LABEL,KEEP_SAME_SPLIT,"identical dHash, different bytes (policy: near-duplicate groups stay in one split)"
current_freshwater-0576836b102e,current_freshwater-f9d58f0f49f9,current_freshwater,current_freshwater,test_split/Bacterial Red disease_Bacterial Red disease_67.jpg,train_split/Bacterial Red disease/Bacterial Red disease_aug_92.jpg,Bacterial Red disease,Bacterial Red disease,Bacterial Red Disease,Bacterial Red Disease,dhash,040c243747c20698,0,NEAR_DUPLICATE,False,SAME_LABEL,KEEP_SAME_SPLIT,"identical dHash, different bytes (policy: near-duplicate groups stay in one split)"
current_freshwater-0576836b102e,roboflow-07aaed7236a5,current_freshwater,roboflow,test_split/Bacterial Red disease_Bacterial Red disease_67.jpg,train/Bacterial Red disease/Bacterial-Red-disease-8-_jpg.rf.126f4f6b5c309ce5d633fa0e256cb0ec.jpg,Bacterial Red disease,Bacterial Red disease,Bacterial Red Disease,Bacterial Red Disease,dhash,040c243747c20698,0,NEAR_DUPLICATE,True,SAME_LABEL,KEEP_SAME_SPLIT,"identical dHash, different bytes (policy: near-duplicate groups stay in one split)"
current_freshwater-f9d58f0f49f9,roboflow-07aaed7236a5,current_freshwater,roboflow,train_split/Bacterial Red disease/Bacterial Red disease_aug_92.jpg,train/Bacterial Red disease/Bacterial-Red-disease-8-_jpg.rf.126f4f6b5c309ce5d633fa0e256cb0ec.jpg,Bacterial Red disease,Bacterial Red disease,Bacterial Red Disease,Bacterial Red Disease,dhash,040c243747c20698,0,NEAR_DUPLICATE,True,SAME_LABEL,KEEP_SAME_SPLIT,"identical dHash, different bytes (policy: near-duplicate groups stay in one split)"
current_freshwater-574722c755a0,roboflow-834ac29a59f9,current_freshwater,roboflow,train_split/Fungal diseases Saprolegniasis/Fungal diseases Saprolegniasis_83.jpg,train/Fungal diseases Saprolegniasis/Fungal-diseases-Saprolegniasis-8-_jpg.rf.c536871cef83c159c98bfb8005b96f13.jpg,Fungal diseases Saprolegniasis,Fungal diseases Saprolegniasis,Saprolegniasis,Saprolegniasis,dhash,e1e3e38abcb5b3a0,0,NEAR_DUPLICATE,True,SAME_LABEL,KEEP_SAME_SPLIT,"identical dHash, different bytes (policy: near-duplicate groups stay in one split)"
mendeley-660da2aa6874,mendeley-a05e1f82e87d,mendeley,mendeley,Epizootic Ulcerative Syndrome (EUS)/Rui_(Labeo rohita)/Fish_70/IMG20260212070448.jpg,Epizootic Ulcerative Syndrome (EUS)/Rui_(Labeo rohita)/Fish_70/IMG20260212070448_01.jpg,Epizootic Ulcerative Syndrome (EUS),Epizootic Ulcerative Syndrome (EUS),EUS Disease,EUS Disease,dhash,e1e9d0f470e0c4c3,0,NEAR_DUPLICATE,False,SAME_LABEL,KEEP_SAME_SPLIT,"identical dHash, different bytes (policy: near-duplicate groups stay in one split)"
current_freshwater-c063a6a17551,current_freshwater-73ace5fc2dfc,current_freshwater,current_freshwater,train_split/EUS/EUS_144.jpg,train_split/EUS/EUS_aug_27.jpg,EUS,EUS,EUS Disease,EUS Disease,dhash,e1f158fee29919e1,0,NEAR_DUPLICATE,False,SAME_LABEL,KEEP_SAME_SPLIT,"identical dHash, different bytes (policy: near-duplicate groups stay in one split)"
kaptai-5a571adb915d,kaptai-b527c9f66442,kaptai,kaptai,EUS/EUS  (6).jpg,Redspot/EUS  (6).jpg,EUS,Redspot,EUS Disease,,dhash,e292d6c6ce8ccec3,0,NEAR_DUPLICATE,False,UNRESOLVED_LABEL,REVIEW,"identical dHash, a label is unresolved; the match is evidence for the mapping decision"
current_freshwater-88e792f043c2,current_freshwater-93a70cfc0a25,current_freshwater,current_freshwater,train_split/Bacterial diseases - Aeromoniasis/Bacterial diseases - Aeromoniasis_232.jpg,train_split/Bacterial diseases - Aeromoniasis/Bacterial diseases - Aeromoniasis_aug_10.jpg,Bacterial diseases - Aeromoniasis,Bacterial diseases - Aeromoniasis,Aeromoniasis,Aeromoniasis,dhash,e2c3e1c98c207070,0,NEAR_DUPLICATE,False,SAME_LABEL,KEEP_SAME_SPLIT,"identical dHash, different bytes (policy: near-duplicate groups stay in one split)"
current_freshwater-a0439adaee55,current_freshwater-ca2bc55099be,current_freshwater,current_freshwater,train_split/Bacterial gill disease/Bacterial gill disease_138.jpg,train_split/Bacterial gill disease/Bacterial gill disease_aug_201.jpg,Bacterial gill disease,Bacterial gill disease,Bacterial Gill Disease,Bacterial Gill Disease,dhash,e2f0e04c9c38603c,0,NEAR_DUPLICATE,False,SAME_LABEL,KEEP_SAME_SPLIT,"identical dHash, different bytes (policy: near-duplicate groups stay in one split)"
mendeley-81c92039d7e6,mendeley-2b06b0959905,mendeley,mendeley,Bacterial Red Diseases/Rui_(Labeo rohita)/Fish_51/IMG20260207072412.jpg,Bacterial Red Diseases/Rui_(Labeo rohita)/Fish_51/IMG20260207072413.jpg,Bacterial Red Diseases,Bacterial Red Diseases,Bacterial Red Disease,Bacterial Red Disease,dhash,e362664410191909,0,NEAR_DUPLICATE,False,SAME_LABEL,KEEP_SAME_SPLIT,"identical dHash, different bytes (policy: near-duplicate groups stay in one split)"
current_freshwater-39a0665eeb3f,current_freshwater-f880710c93ec,current_freshwater,current_freshwater,train_split/Bacterial Red disease/Bacterial Red disease_160.jpg,train_split/Bacterial Red disease/Bacterial Red disease_aug_28.jpg,Bacterial Red disease,Bacterial Red disease,Bacterial Red Disease,Bacterial Red Disease,dhash,e3c31e8e0f1f1c0c,0,NEAR_DUPLICATE,False,SAME_LABEL,KEEP_SAME_SPLIT,"identical dHash, different bytes (policy: near-duplicate groups stay in one split)"
mendeley-f2f7f2805e43,mendeley-490310df7c7f,mendeley,mendeley,Healthy Fish/Rui_(Labeo rohita)/Fish_80/IMG20260213125655.jpg,Healthy Fish/Rui_(Labeo rohita)/Fish_82/IMG20260213125655_01.jpg,Healthy Fish,Healthy Fish,Healthy Fish,Healthy Fish,dhash,e3c78ebcb870f890,0,NEAR_DUPLICATE,False,SAME_LABEL,KEEP_SAME_SPLIT,"identical dHash, different bytes (policy: near-duplicate groups stay in one split)"
current_freshwater-f471ff643f92,roboflow-37b896955611,current_freshwater,roboflow,train_split/Fungal diseases Saprolegniasis/Fungal diseases Saprolegniasis_18.jpg,valid/Fungal diseases Saprolegniasis/Fungal-diseases-Saprolegniasis-15-_jpg.rf.d6a34ae96c5d3d48c84e072fd74b4e96.jpg,Fungal diseases Saprolegniasis,Fungal diseases Saprolegniasis,Saprolegniasis,Saprolegniasis,dhash,e3e263e060e061e0,0,NEAR_DUPLICATE,True,SAME_LABEL,KEEP_SAME_SPLIT,"identical dHash, different bytes (policy: near-duplicate groups stay in one split)"
paper_dataset-a2bb5bc0ced3,paper_dataset-1e96475ca5ba,paper_dataset,paper_dataset,InfectedFish/infected_297.png,InfectedFish/infected_346.png,InfectedFish,InfectedFish,,,dhash,e3e29a9e9cd0f070,0,NEAR_DUPLICATE,False,UNRESOLVED_LABEL,REVIEW,"identical dHash, a label is unresolved; the match is evidence for the mapping decision"
roboflow-0036ddfed906,roboflow-26c0e2659b8d,roboflow,roboflow,train/Parasitic diseases/Parasitic-diseases-20-_jpg.rf.2f7f1354efb1a40151b21921ea8592cb.jpg,train/Parasitic diseases/Parasitic-diseases-25-_jpg.rf.a39eff1c102f5b5cce6fedbd858b38e9.jpg,Parasitic diseases,Parasitic diseases,Parasitic Disease,Parasitic Disease,dhash,043374e4841e1a84,0,NEAR_DUPLICATE,False,SAME_LABEL,KEEP_SAME_SPLIT,"identical dHash, different bytes (policy: near-duplicate groups stay in one split)"
mendeley-7fe81675ec06,mendeley-f9f9f06f22d3,mendeley,mendeley,Epizootic Ulcerative Syndrome (EUS)/Grass_carp_(Ctenopharyngodon idella)/Fish_65/IMG20260213071109.jpg,Epizootic Ulcerative Syndrome (EUS)/Grass_carp_(Ctenopharyngodon idella)/Fish_65/IMG20260213071110.jpg,Epizootic Ulcerative Syndrome (EUS),Epizootic Ulcerative Syndrome (EUS),EUS Disease,EUS Disease,dhash,e3e3e3e1f5f4ecec,0,NEAR_DUPLICATE,False,SAME_LABEL,KEEP_SAME_SPLIT,"identical dHash, different bytes (policy: near-duplicate groups stay in one split)"
current_freshwater-71da2e7d070f,current_freshwater-f2278f0f5a97,current_freshwater,current_freshwater,train_split/Viral diseases White tail disease/Viral diseases White tail disease_192.jpg,train_split/Viral diseases White tail disease/Viral diseases White tail disease_aug_102.jpg,Viral diseases White tail disease,Viral diseases White tail disease,White Tail Disease,White Tail Disease,dhash,e3efdf9f9fdffff3,0,NEAR_DUPLICATE,False,SAME_LABEL,KEEP_SAME_SPLIT,"identical dHash, different bytes (policy: near-duplicate groups stay in one split)"
current_freshwater-9f58e2e9bc68,current_freshwater-af02371ca88f,current_freshwater,current_freshwater,train_split/Bacterial diseases - Aeromoniasis/Bacterial diseases - Aeromoniasis_242.jpg,train_split/Bacterial diseases - Aeromoniasis/Bacterial diseases - Aeromoniasis_82.jpg,Bacterial diseases - Aeromoniasis,Bacterial diseases - Aeromoniasis,Aeromoniasis,Aeromoniasis,dhash,e4862333b2cbe338,0,NEAR_DUPLICATE,False,SAME_LABEL,KEEP_SAME_SPLIT,"identical dHash, different bytes (policy: near-duplicate groups stay in one split)"
current_freshwater-9f58e2e9bc68,current_freshwater-64d340c17eda,current_freshwater,current_freshwater,train_split/Bacterial diseases - Aeromoniasis/Bacterial diseases - Aeromoniasis_242.jpg,train_split/Bacterial diseases - Aeromoniasis/Bacterial diseases - Aeromoniasis_aug_80.jpg,Bacterial diseases - Aeromoniasis,Bacterial diseases - Aeromoniasis,Aeromoniasis,Aeromoniasis,dhash,e4862333b2cbe338,0,NEAR_DUPLICATE,False,SAME_LABEL,KEEP_SAME_SPLIT,"identical dHash, different bytes (policy: near-duplicate groups stay in one split)"
current_freshwater-af02371ca88f,current_freshwater-64d340c17eda,current_freshwater,current_freshwater,train_split/Bacterial diseases - Aeromoniasis/Bacterial diseases - Aeromoniasis_82.jpg,train_split/Bacterial diseases - Aeromoniasis/Bacterial diseases - Aeromoniasis_aug_80.jpg,Bacterial diseases - Aeromoniasis,Bacterial diseases - Aeromoniasis,Aeromoniasis,Aeromoniasis,dhash,e4862333b2cbe338,0,NEAR_DUPLICATE,False,SAME_LABEL,KEEP_SAME_SPLIT,"identical dHash, different bytes (policy: near-duplicate groups stay in one split)"
current_freshwater-4a1e345cd016,current_freshwater-d81334d332eb,current_freshwater,current_freshwater,test_split/Healthy Fish_Healthy Fish_302.jpg,train_split/Healthy Fish/Healthy Fish_aug_212.jpg,Healthy Fish,Healthy Fish,Healthy Fish,Healthy Fish,dhash,e48949020c90c2c2,0,NEAR_DUPLICATE,False,SAME_LABEL,KEEP_SAME_SPLIT,"identical dHash, different bytes (policy: near-duplicate groups stay in one split)"
mendeley-645864b4b587,mendeley-3b0c63136ea2,mendeley,mendeley,Bacterial Red Diseases/Grass_carp_(Ctenopharyngodon idella)/Fish_37/IMG20260212064842.jpg,Bacterial Red Diseases/Grass_carp_(Ctenopharyngodon idella)/Fish_37/IMG20260212064844.jpg,Bacterial Red Diseases,Bacterial Red Diseases,Bacterial Red Disease,Bacterial Red Disease,dhash,e4fed1c6ccf8d0d8,0,NEAR_DUPLICATE,False,SAME_LABEL,KEEP_SAME_SPLIT,"identical dHash, different bytes (policy: near-duplicate groups stay in one split)"
current_freshwater-ee879e15d8c2,current_freshwater-8d7bdb67cd44,current_freshwater,current_freshwater,train_split/Bacterial gill disease/Bacterial gill disease_16.jpg,train_split/Bacterial gill disease/Bacterial gill disease_aug_15.jpg,Bacterial gill disease,Bacterial gill disease,Bacterial Gill Disease,Bacterial Gill Disease,dhash,e6e3c78d1ba0e789,0,NEAR_DUPLICATE,False,SAME_LABEL,KEEP_SAME_SPLIT,"identical dHash, different bytes (policy: near-duplicate groups stay in one split)"
current_freshwater-ee879e15d8c2,current_freshwater-1b6d65ac127c,current_freshwater,current_freshwater,train_split/Bacterial gill disease/Bacterial gill disease_16.jpg,train_split/Bacterial gill disease/Bacterial gill disease_aug_176.jpg,Bacterial gill disease,Bacterial gill disease,Bacterial Gill Disease,Bacterial Gill Disease,dhash,e6e3c78d1ba0e789,0,NEAR_DUPLICATE,False,SAME_LABEL,KEEP_SAME_SPLIT,"identical dHash, different bytes (policy: near-duplicate groups stay in one split)"
current_freshwater-8d7bdb67cd44,current_freshwater-1b6d65ac127c,current_freshwater,current_freshwater,train_split/Bacterial gill disease/Bacterial gill disease_aug_15.jpg,train_split/Bacterial gill disease/Bacterial gill disease_aug_176.jpg,Bacterial gill disease,Bacterial gill disease,Bacterial Gill Disease,Bacterial Gill Disease,dhash,e6e3c78d1ba0e789,0,NEAR_DUPLICATE,False,SAME_LABEL,KEEP_SAME_SPLIT,"identical dHash, different bytes (policy: near-duplicate groups stay in one split)"
mendeley-07d44d8d8b01,mendeley-d559869dbc1f,mendeley,mendeley,Bacterial Red Diseases/Rui_(Labeo rohita)/Fish_54/IMG20260213070710.jpg,Bacterial Red Diseases/Rui_(Labeo rohita)/Fish_54/IMG20260213070712.jpg,Bacterial Red Diseases,Bacterial Red Diseases,Bacterial Red Disease,Bacterial Red Disease,dhash,e6f2f2f6f6f6b6ae,0,NEAR_DUPLICATE,False,SAME_LABEL,KEEP_SAME_SPLIT,"identical dHash, different bytes (policy: near-duplicate groups stay in one split)"
mendeley-07d44d8d8b01,mendeley-773b533c3b62,mendeley,mendeley,Bacterial Red Diseases/Rui_(Labeo rohita)/Fish_54/IMG20260213070710.jpg,Bacterial Red Diseases/Rui_(Labeo rohita)/Fish_54/IMG20260213070713.jpg,Bacterial Red Diseases,Bacterial Red Diseases,Bacterial Red Disease,Bacterial Red Disease,dhash,e6f2f2f6f6f6b6ae,0,NEAR_DUPLICATE,False,SAME_LABEL,KEEP_SAME_SPLIT,"identical dHash, different bytes (policy: near-duplicate groups stay in one split)"
mendeley-07d44d8d8b01,mendeley-27b37575cbb8,mendeley,mendeley,Bacterial Red Diseases/Rui_(Labeo rohita)/Fish_54/IMG20260213070710.jpg,Bacterial Red Diseases/Rui_(Labeo rohita)/Fish_54/IMG20260213070714.jpg,Bacterial Red Diseases,Bacterial Red Diseases,Bacterial Red Disease,Bacterial Red Disease,dhash,e6f2f2f6f6f6b6ae,0,NEAR_DUPLICATE,False,SAME_LABEL,KEEP_SAME_SPLIT,"identical dHash, different bytes (policy: near-duplicate groups stay in one split)"
mendeley-d559869dbc1f,mendeley-773b533c3b62,mendeley,mendeley,Bacterial Red Diseases/Rui_(Labeo rohita)/Fish_54/IMG20260213070712.jpg,Bacterial Red Diseases/Rui_(Labeo rohita)/Fish_54/IMG20260213070713.jpg,Bacterial Red Diseases,Bacterial Red Diseases,Bacterial Red Disease,Bacterial Red Disease,dhash,e6f2f2f6f6f6b6ae,0,NEAR_DUPLICATE,False,SAME_LABEL,KEEP_SAME_SPLIT,"identical dHash, different bytes (policy: near-duplicate groups stay in one split)"
mendeley-d559869dbc1f,mendeley-27b37575cbb8,mendeley,mendeley,Bacterial Red Diseases/Rui_(Labeo rohita)/Fish_54/IMG20260213070712.jpg,Bacterial Red Diseases/Rui_(Labeo rohita)/Fish_54/IMG20260213070714.jpg,Bacterial Red Diseases,Bacterial Red Diseases,Bacterial Red Disease,Bacterial Red Disease,dhash,e6f2f2f6f6f6b6ae,0,NEAR_DUPLICATE,False,SAME_LABEL,KEEP_SAME_SPLIT,"identical dHash, different bytes (policy: near-duplicate groups stay in one split)"
mendeley-773b533c3b62,mendeley-27b37575cbb8,mendeley,mendeley,Bacterial Red Diseases/Rui_(Labeo rohita)/Fish_54/IMG20260213070713.jpg,Bacterial Red Diseases/Rui_(Labeo rohita)/Fish_54/IMG20260213070714.jpg,Bacterial Red Diseases,Bacterial Red Diseases,Bacterial Red Disease,Bacterial Red Disease,dhash,e6f2f2f6f6f6b6ae,0,NEAR_DUPLICATE,False,SAME_LABEL,KEEP_SAME_SPLIT,"identical dHash, different bytes (policy: near-duplicate groups stay in one split)"
mendeley-2f4d0126a81f,mendeley-cef265f45da1,mendeley,mendeley,Bacterial Red Diseases/Rui_(Labeo rohita)/Fish_53/IMG20260212070511.jpg,Bacterial Red Diseases/Rui_(Labeo rohita)/Fish_53/IMG20260212070512.jpg,Bacterial Red Diseases,Bacterial Red Diseases,Bacterial Red Disease,Bacterial Red Disease,dhash,e6fafafafcfeceec,0,NEAR_DUPLICATE,False,SAME_LABEL,KEEP_SAME_SPLIT,"identical dHash, different bytes (policy: near-duplicate groups stay in one split)"
current_freshwater-8d11d82e6ac9,current_freshwater-2d57b186b7b5,current_freshwater,current_freshwater,train_split/Viral diseases White tail disease/Viral diseases White tail disease_208.jpg,train_split/Viral diseases White tail disease/Viral diseases White tail disease_aug_297.jpg,Viral diseases White tail disease,Viral diseases White tail disease,White Tail Disease,White Tail Disease,dhash,e6fc7e1f0fe3e337,0,NEAR_DUPLICATE,False,SAME_LABEL,KEEP_SAME_SPLIT,"identical dHash, different bytes (policy: near-duplicate groups stay in one split)"
current_freshwater-b06bc74595b1,current_freshwater-edc3fd7d5cc8,current_freshwater,current_freshwater,train_split/Viral diseases White tail disease/Viral diseases White tail disease_8.jpg,train_split/Viral diseases White tail disease/Viral diseases White tail disease_aug_56.jpg,Viral diseases White tail disease,Viral diseases White tail disease,White Tail Disease,White Tail Disease,dhash,e7c9ad60e3e3f37d,0,NEAR_DUPLICATE,False,SAME_LABEL,KEEP_SAME_SPLIT,"identical dHash, different bytes (policy: near-duplicate groups stay in one split)"
current_freshwater-b06bc74595b1,roboflow-de88a87ccd42,current_freshwater,roboflow,train_split/Viral diseases White tail disease/Viral diseases White tail disease_8.jpg,train/Viral diseases White tail disease/Viral-diseases-White-tail-disease-12-_jpg.rf.dbdbbcde2a82925bc966e90f132e680a.jpg,Viral diseases White tail disease,Viral diseases White tail disease,White Tail Disease,White Tail Disease,dhash,e7c9ad60e3e3f37d,0,NEAR_DUPLICATE,True,SAME_LABEL,KEEP_SAME_SPLIT,"identical dHash, different bytes (policy: near-duplicate groups stay in one split)"
current_freshwater-edc3fd7d5cc8,roboflow-de88a87ccd42,current_freshwater,roboflow,train_split/Viral diseases White tail disease/Viral diseases White tail disease_aug_56.jpg,train/Viral diseases White tail disease/Viral-diseases-White-tail-disease-12-_jpg.rf.dbdbbcde2a82925bc966e90f132e680a.jpg,Viral diseases White tail disease,Viral diseases White tail disease,White Tail Disease,White Tail Disease,dhash,e7c9ad60e3e3f37d,0,NEAR_DUPLICATE,True,SAME_LABEL,KEEP_SAME_SPLIT,"identical dHash, different bytes (policy: near-duplicate groups stay in one split)"
mendeley-89a5fbc492dd,mendeley-370a4af8c251,mendeley,mendeley,Bacterial Gill Diseases/Silver_carp_(Hypophthalmichthys molitrix)/Fish_27/IMG20260212145827.jpg,Bacterial Gill Diseases/Silver_carp_(Hypophthalmichthys molitrix)/Fish_27/IMG20260212145828.jpg,Bacterial Gill Diseases,Bacterial Gill Diseases,Bacterial Gill Disease,Bacterial Gill Disease,dhash,e7ef4bc9d49466cc,0,NEAR_DUPLICATE,False,SAME_LABEL,KEEP_SAME_SPLIT,"identical dHash, different bytes (policy: near-duplicate groups stay in one split)"
current_freshwater-25cc7793c427,current_freshwater-039c328c3386,current_freshwater,current_freshwater,test_split/Bacterial diseases - Aeromoniasis_Bacterial diseases - Aeromoniasis_202.jpg,train_split/Bacterial diseases - Aeromoniasis/Bacterial diseases - Aeromoniasis_aug_247.jpg,Bacterial diseases - Aeromoniasis,Bacterial diseases - Aeromoniasis,Aeromoniasis,Aeromoniasis,dhash,e83931d8f83c9898,0,NEAR_DUPLICATE,False,SAME_LABEL,KEEP_SAME_SPLIT,"identical dHash, different bytes (policy: near-duplicate groups stay in one split)"
current_freshwater-30441d4ae4f5,current_freshwater-64a0677f4289,current_freshwater,current_freshwater,train_split/Bacterial Red disease/Bacterial Red disease_aug_201.jpg,train_split/Bacterial Red disease/Bacterial Red disease_aug_250.jpg,Bacterial Red disease,Bacterial Red disease,Bacterial Red Disease,Bacterial Red Disease,dhash,e8c09090603080e0,0,NEAR_DUPLICATE,False,SAME_LABEL,KEEP_SAME_SPLIT,"identical dHash, different bytes (policy: near-duplicate groups stay in one split)"
current_freshwater-7fb8ca33c5d5,kaptai-773e11829879,current_freshwater,kaptai,test_split/EUS_EUS_19.jpg,EUS/EUS  (10).jpg,EUS,EUS,EUS Disease,EUS Disease,dhash,e8c0d09afafb3c34,0,NEAR_DUPLICATE,True,SAME_LABEL,KEEP_SAME_SPLIT,"identical dHash, different bytes (policy: near-duplicate groups stay in one split)"
mendeley-a277918d32d6,mendeley-50cc4c398bcd,mendeley,mendeley,Bacterial Gill Diseases/Grass_carp_(Ctenopharyngodon idella)/Fish_1/IMG20260207072957.jpg,Bacterial Gill Diseases/Grass_carp_(Ctenopharyngodon idella)/Fish_1/IMG20260207072958.jpg,Bacterial Gill Diseases,Bacterial Gill Diseases,Bacterial Gill Disease,Bacterial Gill Disease,dhash,e9cc3030b84143c5,0,NEAR_DUPLICATE,False,SAME_LABEL,KEEP_SAME_SPLIT,"identical dHash, different bytes (policy: near-duplicate groups stay in one split)"
mendeley-57a389b029d6,mendeley-8ce68dcab5fb,mendeley,mendeley,Epizootic Ulcerative Syndrome (EUS)/Grass_carp_(Ctenopharyngodon idella)/Fish_64/IMG20260212065224.jpg,Epizootic Ulcerative Syndrome (EUS)/Grass_carp_(Ctenopharyngodon idella)/Fish_64/IMG20260212065228.jpg,Epizootic Ulcerative Syndrome (EUS),Epizootic Ulcerative Syndrome (EUS),EUS Disease,EUS Disease,dhash,e9e9ededecbcfeee,0,NEAR_DUPLICATE,False,SAME_LABEL,KEEP_SAME_SPLIT,"identical dHash, different bytes (policy: near-duplicate groups stay in one split)"
mendeley-8df0977afcea,mendeley-6ecd21f67b8a,mendeley,mendeley,Bacterial Gill Diseases/Grass_carp_(Ctenopharyngodon idella)/Fish_8/IMG20260213071251.jpg,Bacterial Gill Diseases/Grass_carp_(Ctenopharyngodon idella)/Fish_8/IMG20260213071252.jpg,Bacterial Gill Diseases,Bacterial Gill Diseases,Bacterial Gill Disease,Bacterial Gill Disease,dhash,e9e9f179f3736fef,0,NEAR_DUPLICATE,False,SAME_LABEL,KEEP_SAME_SPLIT,"identical dHash, different bytes (policy: near-duplicate groups stay in one split)"
mendeley-8df0977afcea,mendeley-7d488be48042,mendeley,mendeley,Bacterial Gill Diseases/Grass_carp_(Ctenopharyngodon idella)/Fish_8/IMG20260213071251.jpg,Bacterial Gill Diseases/Grass_carp_(Ctenopharyngodon idella)/Fish_8/IMG20260213071255.jpg,Bacterial Gill Diseases,Bacterial Gill Diseases,Bacterial Gill Disease,Bacterial Gill Disease,dhash,e9e9f179f3736fef,0,NEAR_DUPLICATE,False,SAME_LABEL,KEEP_SAME_SPLIT,"identical dHash, different bytes (policy: near-duplicate groups stay in one split)"
mendeley-6ecd21f67b8a,mendeley-7d488be48042,mendeley,mendeley,Bacterial Gill Diseases/Grass_carp_(Ctenopharyngodon idella)/Fish_8/IMG20260213071252.jpg,Bacterial Gill Diseases/Grass_carp_(Ctenopharyngodon idella)/Fish_8/IMG20260213071255.jpg,Bacterial Gill Diseases,Bacterial Gill Diseases,Bacterial Gill Disease,Bacterial Gill Disease,dhash,e9e9f179f3736fef,0,NEAR_DUPLICATE,False,SAME_LABEL,KEEP_SAME_SPLIT,"identical dHash, different bytes (policy: near-duplicate groups stay in one split)"
current_freshwater-5bd3f1744e4a,current_freshwater-ad763da0e756,current_freshwater,current_freshwater,train_split/Bacterial gill disease/Bacterial gill disease_210.jpg,train_split/Bacterial gill disease/Bacterial gill disease_aug_99.jpg,Bacterial gill disease,Bacterial gill disease,Bacterial Gill Disease,Bacterial Gill Disease,dhash,e9f9d9f1b9f1f0c0,0,NEAR_DUPLICATE,False,SAME_LABEL,KEEP_SAME_SPLIT,"identical dHash, different bytes (policy: near-duplicate groups stay in one split)"
current_freshwater-bc918a7456d3,current_freshwater-9206a3078832,current_freshwater,current_freshwater,train_split/Bacterial Red disease/Bacterial Red disease_237.jpg,train_split/Bacterial Red disease/Bacterial Red disease_91.jpg,Bacterial Red disease,Bacterial Red disease,Bacterial Red Disease,Bacterial Red Disease,dhash,eb81615cf0b0d1f7,0,NEAR_DUPLICATE,False,SAME_LABEL,KEEP_SAME_SPLIT,"identical dHash, different bytes (policy: near-duplicate groups stay in one split)"
current_freshwater-8218b047553d,kaptai-98368dadd299,current_freshwater,kaptai,train_split/Healthy Fish/Healthy Fish_417.jpg,Healthy Fish/healthy (12).jpg,Healthy Fish,Healthy Fish,Healthy Fish,Healthy Fish,dhash,ebcf8f060e0e0f98,0,NEAR_DUPLICATE,True,SAME_LABEL,KEEP_SAME_SPLIT,"identical dHash, different bytes (policy: near-duplicate groups stay in one split)"
current_freshwater-d18a1ff0d97d,current_freshwater-87b9755a35ca,current_freshwater,current_freshwater,train_split/Healthy Fish/Healthy Fish_aug_23.jpg,train_split/Healthy Fish/Healthy Fish_aug_76.jpg,Healthy Fish,Healthy Fish,Healthy Fish,Healthy Fish,dhash,ec6c1c3c3155ddcc,0,NEAR_DUPLICATE,False,SAME_LABEL,KEEP_SAME_SPLIT,"identical dHash, different bytes (policy: near-duplicate groups stay in one split)"
current_freshwater-76df0af50ba1,current_freshwater-f5924887db55,current_freshwater,current_freshwater,train_split/Bacterial gill disease/Bacterial gill disease_9.png,train_split/Bacterial gill disease/Bacterial gill disease_aug_208.jpg,Bacterial gill disease,Bacterial gill disease,Bacterial Gill Disease,Bacterial Gill Disease,dhash,ec8f97d5f1f2f0c6,0,NEAR_DUPLICATE,False,SAME_LABEL,KEEP_SAME_SPLIT,"identical dHash, different bytes (policy: near-duplicate groups stay in one split)"
current_freshwater-c301195cc663,current_freshwater-15eed604625d,current_freshwater,current_freshwater,test_split/Parasitic diseases_Parasitic diseases_34.jpg,train_split/Parasitic diseases/Parasitic diseases_aug_4.jpg,Parasitic diseases,Parasitic diseases,Parasitic Disease,Parasitic Disease,dhash,ecaca991d4743436,0,NEAR_DUPLICATE,False,SAME_LABEL,KEEP_SAME_SPLIT,"identical dHash, different bytes (policy: near-duplicate groups stay in one split)"
current_freshwater-c301195cc663,current_freshwater-b29a323f84b0,current_freshwater,current_freshwater,test_split/Parasitic diseases_Parasitic diseases_34.jpg,train_split/Parasitic diseases/Parasitic diseases_aug_74.jpg,Parasitic diseases,Parasitic diseases,Parasitic Disease,Parasitic Disease,dhash,ecaca991d4743436,0,NEAR_DUPLICATE,False,SAME_LABEL,KEEP_SAME_SPLIT,"identical dHash, different bytes (policy: near-duplicate groups stay in one split)"
current_freshwater-b02fccb8abfe,current_freshwater-7d77eb26bb80,current_freshwater,current_freshwater,train_split/Bacterial Red disease/Bacterial Red disease_aug_104.jpg,train_split/Bacterial Red disease/Bacterial Red disease_aug_125.jpg,Bacterial Red disease,Bacterial Red disease,Bacterial Red Disease,Bacterial Red Disease,dhash,ecd8f8f7f6e6e6e6,0,NEAR_DUPLICATE,False,SAME_LABEL,KEEP_SAME_SPLIT,"identical dHash, different bytes (policy: near-duplicate groups stay in one split)"
mendeley-20e1d822a5e9,mendeley-bc738e918a86,mendeley,mendeley,Epizootic Ulcerative Syndrome (EUS)/Grass_carp_(Ctenopharyngodon idella)/Fish_65/IMG20260213071128.jpg,Epizootic Ulcerative Syndrome (EUS)/Grass_carp_(Ctenopharyngodon idella)/Fish_65/IMG20260213071129.jpg,Epizootic Ulcerative Syndrome (EUS),Epizootic Ulcerative Syndrome (EUS),EUS Disease,EUS Disease,dhash,ecf87163d3f8b1b8,0,NEAR_DUPLICATE,False,SAME_LABEL,KEEP_SAME_SPLIT,"identical dHash, different bytes (policy: near-duplicate groups stay in one split)"
mendeley-fe400cf0ad2c,mendeley-6b4e288285de,mendeley,mendeley,Healthy Fish/Grass_carp_(Ctenopharyngodon idella)/Fish_78/IMG20260213130803.jpg,Healthy Fish/Grass_carp_(Ctenopharyngodon idella)/Fish_78/IMG20260213130805.jpg,Healthy Fish,Healthy Fish,Healthy Fish,Healthy Fish,dhash,ecfc7ced4d0d0d0e,0,NEAR_DUPLICATE,False,SAME_LABEL,KEEP_SAME_SPLIT,"identical dHash, different bytes (policy: near-duplicate groups stay in one split)"
current_freshwater-b7ccb16ef3d1,current_freshwater-392a0dd6a08c,current_freshwater,current_freshwater,test_split/Bacterial gill disease_Bacterial gill disease_178.jpg,train_split/Bacterial gill disease/Bacterial gill disease_aug_103.jpg,Bacterial gill disease,Bacterial gill disease,Bacterial Gill Disease,Bacterial Gill Disease,dhash,eef22c363437a3a3,0,NEAR_DUPLICATE,False,SAME_LABEL,KEEP_SAME_SPLIT,"identical dHash, different bytes (policy: near-duplicate groups stay in one split)"
current_freshwater-f471192e5d56,roboflow-8d23c7fb628c,current_freshwater,roboflow,train_split/Parasitic diseases/Parasitic diseases_94.jpeg,train/Parasitic diseases/Parasitic-diseases-11-_jpeg.rf.c0b099e4d10b0435436877cf05d5465e.jpg,Parasitic diseases,Parasitic diseases,Parasitic Disease,Parasitic Disease,dhash,f00069f8da1a3891,0,NEAR_DUPLICATE,True,SAME_LABEL,KEEP_SAME_SPLIT,"identical dHash, different bytes (policy: near-duplicate groups stay in one split)"
current_freshwater-079dafe9f23e,current_freshwater-f71584fa19c3,current_freshwater,current_freshwater,train_split/Parasitic diseases/Parasitic diseases_aug_226.jpg,train_split/Parasitic diseases/Parasitic diseases_aug_43.jpg,Parasitic diseases,Parasitic diseases,Parasitic Disease,Parasitic Disease,dhash,f00069f8da1a3893,0,NEAR_DUPLICATE,False,SAME_LABEL,KEEP_SAME_SPLIT,"identical dHash, different bytes (policy: near-duplicate groups stay in one split)"
current_freshwater-079dafe9f23e,current_freshwater-12d5d2f7c41a,current_freshwater,current_freshwater,train_split/Parasitic diseases/Parasitic diseases_aug_226.jpg,train_split/Parasitic diseases/Parasitic diseases_aug_54.jpg,Parasitic diseases,Parasitic diseases,Parasitic Disease,Parasitic Disease,dhash,f00069f8da1a3893,0,NEAR_DUPLICATE,False,SAME_LABEL,KEEP_SAME_SPLIT,"identical dHash, different bytes (policy: near-duplicate groups stay in one split)"
current_freshwater-f71584fa19c3,current_freshwater-12d5d2f7c41a,current_freshwater,current_freshwater,train_split/Parasitic diseases/Parasitic diseases_aug_43.jpg,train_split/Parasitic diseases/Parasitic diseases_aug_54.jpg,Parasitic diseases,Parasitic diseases,Parasitic Disease,Parasitic Disease,dhash,f00069f8da1a3893,0,NEAR_DUPLICATE,False,SAME_LABEL,KEEP_SAME_SPLIT,"identical dHash, different bytes (policy: near-duplicate groups stay in one split)"
paper_dataset-9b68395654ee,paper_dataset-aa8b6821ce50,paper_dataset,paper_dataset,InfectedFish/infected_671.png,InfectedFish/infected_716.png,InfectedFish,InfectedFish,,,dhash,f0b0a4a6a185d1f3,0,NEAR_DUPLICATE,False,UNRESOLVED_LABEL,REVIEW,"identical dHash, a label is unresolved; the match is evidence for the mapping decision"
current_freshwater-e1ffa92ee4a9,roboflow-faa26b1e6b15,current_freshwater,roboflow,test_split/Bacterial Red disease_Bacterial Red disease_79.jpeg,train/Bacterial Red disease/Bacterial-Red-disease-8-_jpeg.rf.3b672acada632957afd3b4e9b0c14770.jpg,Bacterial Red disease,Bacterial Red disease,Bacterial Red Disease,Bacterial Red Disease,dhash,f0c003591d0f1cd0,0,NEAR_DUPLICATE,True,SAME_LABEL,KEEP_SAME_SPLIT,"identical dHash, different bytes (policy: near-duplicate groups stay in one split)"
current_freshwater-1dda90152816,kaptai-f9e0430336be,current_freshwater,kaptai,train_split/Healthy Fish/Healthy Fish_430.jpg,Healthy Fish/healthy (24).jpg,Healthy Fish,Healthy Fish,Healthy Fish,Healthy Fish,dhash,060707070d1c1c34,0,NEAR_DUPLICATE,True,SAME_LABEL,KEEP_SAME_SPLIT,"identical dHash, different bytes (policy: near-duplicate groups stay in one split)"
current_freshwater-a421dc268ea3,current_freshwater-57fbc1b78883,current_freshwater,current_freshwater,train_split/Fungal diseases Saprolegniasis/Fungal diseases Saprolegniasis_72.jpg,train_split/Fungal diseases Saprolegniasis/Fungal diseases Saprolegniasis_aug_113.jpg,Fungal diseases Saprolegniasis,Fungal diseases Saprolegniasis,Saprolegniasis,Saprolegniasis,dhash,f0f07070e020e40c,0,NEAR_DUPLICATE,False,SAME_LABEL,KEEP_SAME_SPLIT,"identical dHash, different bytes (policy: near-duplicate groups stay in one split)"
roboflow-4e1bc41a54c2,roboflow-840ffe30b04d,roboflow,roboflow,train/Fungal diseases Saprolegniasis/Fungal-diseases-Saprolegniasis-6-_jpeg.rf.d6b0870e4294cc64413aacfb0a809143.jpg,train/Fungal diseases Saprolegniasis/Fungal-diseases-Saprolegniasis-9-_jpg.rf.be7251dc0d2a2ae124ae7cadb25b0d25.jpg,Fungal diseases Saprolegniasis,Fungal diseases Saprolegniasis,Saprolegniasis,Saprolegniasis,dhash,f0f0c4dcb8e0e0f0,0,NEAR_DUPLICATE,False,SAME_LABEL,KEEP_SAME_SPLIT,"identical dHash, different bytes (policy: near-duplicate groups stay in one split)"
current_freshwater-6c1a7d4b04b3,current_freshwater-112c9b379cf1,current_freshwater,current_freshwater,train_split/Fungal diseases Saprolegniasis/Fungal diseases Saprolegniasis_aug_225.jpg,train_split/Fungal diseases Saprolegniasis/Fungal diseases Saprolegniasis_aug_380.jpg,Fungal diseases Saprolegniasis,Fungal diseases Saprolegniasis,Saprolegniasis,Saprolegniasis,dhash,f0f0f1f1f8fbd8ce,0,NEAR_DUPLICATE,False,SAME_LABEL,KEEP_SAME_SPLIT,"identical dHash, different bytes (policy: near-duplicate groups stay in one split)"
current_freshwater-8492192c1d24,current_freshwater-b72c5cea3ac3,current_freshwater,current_freshwater,test_split/Parasitic diseases_Parasitic diseases_11.jpg,train_split/Parasitic diseases/Parasitic diseases_aug_207.jpg,Parasitic diseases,Parasitic diseases,Parasitic Disease,Parasitic Disease,dhash,060787c6e6fe1f1f,0,NEAR_DUPLICATE,False,SAME_LABEL,KEEP_SAME_SPLIT,"identical dHash, different bytes (policy: near-duplicate groups stay in one split)"
current_freshwater-0f7b5cb2c478,current_freshwater-dab696ed185b,current_freshwater,current_freshwater,train_split/Bacterial gill disease/Bacterial gill disease_146.jpg,train_split/Bacterial gill disease/Bacterial gill disease_aug_120.jpg,Bacterial gill disease,Bacterial gill disease,Bacterial Gill Disease,Bacterial Gill Disease,dhash,f0f4f3f3f9797cf0,0,NEAR_DUPLICATE,False,SAME_LABEL,KEEP_SAME_SPLIT,"identical dHash, different bytes (policy: near-duplicate groups stay in one split)"
current_freshwater-da2adbcd8b6e,current_freshwater-7f4708fe16ee,current_freshwater,current_freshwater,train_split/Viral diseases White tail disease/Viral diseases White tail disease_aug_172.jpg,train_split/Viral diseases White tail disease/Viral diseases White tail disease_aug_290.jpg,Viral diseases White tail disease,Viral diseases White tail disease,White Tail Disease,White Tail Disease,dhash,f0f8dc9860474c8c,0,NEAR_DUPLICATE,False,SAME_LABEL,KEEP_SAME_SPLIT,"identical dHash, different bytes (policy: near-duplicate groups stay in one split)"
current_freshwater-a83582e781f1,current_freshwater-b4d63d0eaf77,current_freshwater,current_freshwater,train_split/Viral diseases White tail disease/Viral diseases White tail disease_aug_202.jpg,train_split/Viral diseases White tail disease/Viral diseases White tail disease_aug_328.jpg,Viral diseases White tail disease,Viral diseases White tail disease,White Tail Disease,White Tail Disease,dhash,f0f8dc9860674c8c,0,NEAR_DUPLICATE,False,SAME_LABEL,KEEP_SAME_SPLIT,"identical dHash, different bytes (policy: near-duplicate groups stay in one split)"
current_freshwater-49890778a074,current_freshwater-0c5dc292a9c7,current_freshwater,current_freshwater,train_split/Fungal diseases Saprolegniasis/Fungal diseases Saprolegniasis_218.jpg,train_split/Fungal diseases Saprolegniasis/Fungal diseases Saprolegniasis_aug_300.jpg,Fungal diseases Saprolegniasis,Fungal diseases Saprolegniasis,Saprolegniasis,Saprolegniasis,dhash,f0f8e2c4dcf0f0f0,0,NEAR_DUPLICATE,False,SAME_LABEL,KEEP_SAME_SPLIT,"identical dHash, different bytes (policy: near-duplicate groups stay in one split)"
current_freshwater-49890778a074,current_freshwater-2c5ce0db1a2f,current_freshwater,current_freshwater,train_split/Fungal diseases Saprolegniasis/Fungal diseases Saprolegniasis_218.jpg,train_split/Fungal diseases Saprolegniasis/Fungal diseases Saprolegniasis_aug_338.jpg,Fungal diseases Saprolegniasis,Fungal diseases Saprolegniasis,Saprolegniasis,Saprolegniasis,dhash,f0f8e2c4dcf0f0f0,0,NEAR_DUPLICATE,False,SAME_LABEL,KEEP_SAME_SPLIT,"identical dHash, different bytes (policy: near-duplicate groups stay in one split)"
current_freshwater-eb9d70675585,roboflow-d2813c6a6307,current_freshwater,roboflow,test_split/Bacterial diseases - Aeromoniasis_Bacterial diseases - Aeromoniasis_171.jpg,train/Bacterial diseases - Aeromoniasis/Bacterial-diseases-Aeromoniasis-33-_jpg.rf.4078105189bafc9338ef5d6ff78b92ec.jpg,Bacterial diseases - Aeromoniasis,Bacterial diseases - Aeromoniasis,Aeromoniasis,Aeromoniasis,dhash,f0fcdf9919521c30,0,NEAR_DUPLICATE,True,SAME_LABEL,KEEP_SAME_SPLIT,"identical dHash, different bytes (policy: near-duplicate groups stay in one split)"
current_freshwater-eb9d70675585,roboflow-5aa102645637,current_freshwater,roboflow,test_split/Bacterial diseases - Aeromoniasis_Bacterial diseases - Aeromoniasis_171.jpg,valid/Bacterial diseases - Aeromoniasis/Bacterial-diseases-Aeromoniasis-7-_jpg.rf.002b84510c4b897ec8fd4813360a0b1a.jpg,Bacterial diseases - Aeromoniasis,Bacterial diseases - Aeromoniasis,Aeromoniasis,Aeromoniasis,dhash,f0fcdf9919521c30,0,NEAR_DUPLICATE,True,SAME_LABEL,KEEP_SAME_SPLIT,"identical dHash, different bytes (policy: near-duplicate groups stay in one split)"
roboflow-d2813c6a6307,roboflow-5aa102645637,roboflow,roboflow,train/Bacterial diseases - Aeromoniasis/Bacterial-diseases-Aeromoniasis-33-_jpg.rf.4078105189bafc9338ef5d6ff78b92ec.jpg,valid/Bacterial diseases - Aeromoniasis/Bacterial-diseases-Aeromoniasis-7-_jpg.rf.002b84510c4b897ec8fd4813360a0b1a.jpg,Bacterial diseases - Aeromoniasis,Bacterial diseases - Aeromoniasis,Aeromoniasis,Aeromoniasis,dhash,f0fcdf9919521c30,0,NEAR_DUPLICATE,False,SAME_LABEL,KEEP_SAME_SPLIT,"identical dHash, different bytes (policy: near-duplicate groups stay in one split)"
current_freshwater-e7094cef95d3,roboflow-aee1fef3cf25,current_freshwater,roboflow,test_split/Parasitic diseases_Parasitic diseases_31.jpeg,test/Parasitic diseases/Parasitic-diseases-2-_jpeg.rf.485b356cd6fa108994e09de7d1047abc.jpg,Parasitic diseases,Parasitic diseases,Parasitic Disease,Parasitic Disease,dhash,f0fcfe9f27777f78,0,NEAR_DUPLICATE,True,SAME_LABEL,KEEP_SAME_SPLIT,"identical dHash, different bytes (policy: near-duplicate groups stay in one split)"
current_freshwater-b913d32466a4,current_freshwater-a22a0cd8da20,current_freshwater,current_freshwater,train_split/Bacterial diseases - Aeromoniasis/Bacterial diseases - Aeromoniasis_169.jpg,train_split/Bacterial diseases - Aeromoniasis/Bacterial diseases - Aeromoniasis_aug_135.jpg,Bacterial diseases - Aeromoniasis,Bacterial diseases - Aeromoniasis,Aeromoniasis,Aeromoniasis,dhash,f191b0f0f1fbf1f0,0,NEAR_DUPLICATE,False,SAME_LABEL,KEEP_SAME_SPLIT,"identical dHash, different bytes (policy: near-duplicate groups stay in one split)"
current_freshwater-b913d32466a4,current_freshwater-349f76f2f23d,current_freshwater,current_freshwater,train_split/Bacterial diseases - Aeromoniasis/Bacterial diseases - Aeromoniasis_169.jpg,train_split/Bacterial diseases - Aeromoniasis/Bacterial diseases - Aeromoniasis_aug_233.jpg,Bacterial diseases - Aeromoniasis,Bacterial diseases - Aeromoniasis,Aeromoniasis,Aeromoniasis,dhash,f191b0f0f1fbf1f0,0,NEAR_DUPLICATE,False,SAME_LABEL,KEEP_SAME_SPLIT,"identical dHash, different bytes (policy: near-duplicate groups stay in one split)"
current_freshwater-b913d32466a4,roboflow-479027629dd9,current_freshwater,roboflow,train_split/Bacterial diseases - Aeromoniasis/Bacterial diseases - Aeromoniasis_169.jpg,valid/Bacterial diseases - Aeromoniasis/Bacterial-diseases-Aeromoniasis-31-_jpg.rf.1a7b4a85ef798f6a5cb91ddb5ba2751a.jpg,Bacterial diseases - Aeromoniasis,Bacterial diseases - Aeromoniasis,Aeromoniasis,Aeromoniasis,dhash,f191b0f0f1fbf1f0,0,NEAR_DUPLICATE,True,SAME_LABEL,KEEP_SAME_SPLIT,"identical dHash, different bytes (policy: near-duplicate groups stay in one split)"
current_freshwater-a22a0cd8da20,current_freshwater-349f76f2f23d,current_freshwater,current_freshwater,train_split/Bacterial diseases - Aeromoniasis/Bacterial diseases - Aeromoniasis_aug_135.jpg,train_split/Bacterial diseases - Aeromoniasis/Bacterial diseases - Aeromoniasis_aug_233.jpg,Bacterial diseases - Aeromoniasis,Bacterial diseases - Aeromoniasis,Aeromoniasis,Aeromoniasis,dhash,f191b0f0f1fbf1f0,0,NEAR_DUPLICATE,False,SAME_LABEL,KEEP_SAME_SPLIT,"identical dHash, different bytes (policy: near-duplicate groups stay in one split)"
current_freshwater-a22a0cd8da20,roboflow-479027629dd9,current_freshwater,roboflow,train_split/Bacterial diseases - Aeromoniasis/Bacterial diseases - Aeromoniasis_aug_135.jpg,valid/Bacterial diseases - Aeromoniasis/Bacterial-diseases-Aeromoniasis-31-_jpg.rf.1a7b4a85ef798f6a5cb91ddb5ba2751a.jpg,Bacterial diseases - Aeromoniasis,Bacterial diseases - Aeromoniasis,Aeromoniasis,Aeromoniasis,dhash,f191b0f0f1fbf1f0,0,NEAR_DUPLICATE,True,SAME_LABEL,KEEP_SAME_SPLIT,"identical dHash, different bytes (policy: near-duplicate groups stay in one split)"
current_freshwater-349f76f2f23d,roboflow-479027629dd9,current_freshwater,roboflow,train_split/Bacterial diseases - Aeromoniasis/Bacterial diseases - Aeromoniasis_aug_233.jpg,valid/Bacterial diseases - Aeromoniasis/Bacterial-diseases-Aeromoniasis-31-_jpg.rf.1a7b4a85ef798f6a5cb91ddb5ba2751a.jpg,Bacterial diseases - Aeromoniasis,Bacterial diseases - Aeromoniasis,Aeromoniasis,Aeromoniasis,dhash,f191b0f0f1fbf1f0,0,NEAR_DUPLICATE,True,SAME_LABEL,KEEP_SAME_SPLIT,"identical dHash, different bytes (policy: near-duplicate groups stay in one split)"
current_freshwater-dd84822cc89a,kaptai-61aa7395c351,current_freshwater,kaptai,train_split/Healthy Fish/Healthy Fish_437.jpg,Argulus/21.jpg,Healthy Fish,Argulus,Healthy Fish,,dhash,f19a9e0e0f4f4c18,0,NEAR_DUPLICATE,True,UNRESOLVED_LABEL,REVIEW,"identical dHash, a label is unresolved; the match is evidence for the mapping decision"
current_freshwater-dd84822cc89a,kaptai-4303e72dc03c,current_freshwater,kaptai,train_split/Healthy Fish/Healthy Fish_437.jpg,Healthy Fish/healthy (30).jpg,Healthy Fish,Healthy Fish,Healthy Fish,Healthy Fish,dhash,f19a9e0e0f4f4c18,0,NEAR_DUPLICATE,True,SAME_LABEL,KEEP_SAME_SPLIT,"identical dHash, different bytes (policy: near-duplicate groups stay in one split)"
current_freshwater-39bb0cc1b072,current_freshwater-ef720092cbd7,current_freshwater,current_freshwater,test_split/Fungal diseases Saprolegniasis_Fungal diseases Saprolegniasis_184.jpg,train_split/Fungal diseases Saprolegniasis/Fungal diseases Saprolegniasis_aug_57.jpg,Fungal diseases Saprolegniasis,Fungal diseases Saprolegniasis,Saprolegniasis,Saprolegniasis,dhash,f1b0f94fc300088e,0,NEAR_DUPLICATE,False,SAME_LABEL,KEEP_SAME_SPLIT,"identical dHash, different bytes (policy: near-duplicate groups stay in one split)"
current_freshwater-ffe9c2bf8a48,roboflow-cdbc00bff2f6,current_freshwater,roboflow,train_split/Bacterial gill disease/Bacterial gill disease_51.png,train/Bacterial gill disease/Bacterial-gill-disease-5-_png.rf.facbee0775d8ffbc75cf135a888bf6d3.jpg,Bacterial gill disease,Bacterial gill disease,Bacterial Gill Disease,Bacterial Gill Disease,dhash,060e16061e1a0606,0,NEAR_DUPLICATE,True,SAME_LABEL,KEEP_SAME_SPLIT,"identical dHash, different bytes (policy: near-duplicate groups stay in one split)"
current_freshwater-08392f9585ee,roboflow-e3a31f0e20fc,current_freshwater,roboflow,train_split/Bacterial diseases - Aeromoniasis/Bacterial diseases - Aeromoniasis_127.jpg,train/Bacterial diseases - Aeromoniasis/Bacterial-diseases-Aeromoniasis-22-_jpg.rf.d3965c3aaf1d06b10171bf9baa049a2e.jpg,Bacterial diseases - Aeromoniasis,Bacterial diseases - Aeromoniasis,Aeromoniasis,Aeromoniasis,dhash,f1f8fc9cbeecfcf8,0,NEAR_DUPLICATE,True,SAME_LABEL,KEEP_SAME_SPLIT,"identical dHash, different bytes (policy: near-duplicate groups stay in one split)"
current_freshwater-96a56f0ca173,current_freshwater-a46b8aecbe51,current_freshwater,current_freshwater,test_split/Bacterial Red disease_Bacterial Red disease_129.jpg,train_split/Bacterial Red disease/Bacterial Red disease_aug_78.jpg,Bacterial Red disease,Bacterial Red disease,Bacterial Red Disease,Bacterial Red Disease,dhash,f1f9f87436160e0d,0,NEAR_DUPLICATE,False,SAME_LABEL,KEEP_SAME_SPLIT,"identical dHash, different bytes (policy: near-duplicate groups stay in one split)"
current_freshwater-1f366053120c,kaptai-0c0c09a89f08,current_freshwater,kaptai,train_split/EUS/EUS_aug_210.jpg,EUS/mastacembelus-armatus.jpg,EUS,EUS,EUS Disease,EUS Disease,dhash,f346442020d41c26,0,NEAR_DUPLICATE,True,SAME_LABEL,KEEP_SAME_SPLIT,"identical dHash, different bytes (policy: near-duplicate groups stay in one split)"
current_freshwater-51df89927adb,current_freshwater-9b25f17bdd8d,current_freshwater,current_freshwater,train_split/Fungal diseases Saprolegniasis/Fungal diseases Saprolegniasis_37.jpg,train_split/Fungal diseases Saprolegniasis/Fungal diseases Saprolegniasis_aug_123.jpg,Fungal diseases Saprolegniasis,Fungal diseases Saprolegniasis,Saprolegniasis,Saprolegniasis,dhash,f3c7d3f1e5717373,0,NEAR_DUPLICATE,False,SAME_LABEL,KEEP_SAME_SPLIT,"identical dHash, different bytes (policy: near-duplicate groups stay in one split)"
current_freshwater-51df89927adb,current_freshwater-b6e357d442f4,current_freshwater,current_freshwater,train_split/Fungal diseases Saprolegniasis/Fungal diseases Saprolegniasis_37.jpg,train_split/Fungal diseases Saprolegniasis/Fungal diseases Saprolegniasis_aug_24.jpg,Fungal diseases Saprolegniasis,Fungal diseases Saprolegniasis,Saprolegniasis,Saprolegniasis,dhash,f3c7d3f1e5717373,0,NEAR_DUPLICATE,False,SAME_LABEL,KEEP_SAME_SPLIT,"identical dHash, different bytes (policy: near-duplicate groups stay in one split)"
current_freshwater-51df89927adb,roboflow-616a423a5570,current_freshwater,roboflow,train_split/Fungal diseases Saprolegniasis/Fungal diseases Saprolegniasis_37.jpg,train/Fungal diseases Saprolegniasis/Fungal-diseases-Saprolegniasis-26-_jpg.rf.01a2a52f9ccf79e81d13ac454933c3f7.jpg,Fungal diseases Saprolegniasis,Fungal diseases Saprolegniasis,Saprolegniasis,Saprolegniasis,dhash,f3c7d3f1e5717373,0,NEAR_DUPLICATE,True,SAME_LABEL,KEEP_SAME_SPLIT,"identical dHash, different bytes (policy: near-duplicate groups stay in one split)"
current_freshwater-9b25f17bdd8d,roboflow-616a423a5570,current_freshwater,roboflow,train_split/Fungal diseases Saprolegniasis/Fungal diseases Saprolegniasis_aug_123.jpg,train/Fungal diseases Saprolegniasis/Fungal-diseases-Saprolegniasis-26-_jpg.rf.01a2a52f9ccf79e81d13ac454933c3f7.jpg,Fungal diseases Saprolegniasis,Fungal diseases Saprolegniasis,Saprolegniasis,Saprolegniasis,dhash,f3c7d3f1e5717373,0,NEAR_DUPLICATE,True,SAME_LABEL,KEEP_SAME_SPLIT,"identical dHash, different bytes (policy: near-duplicate groups stay in one split)"
current_freshwater-b6e357d442f4,roboflow-616a423a5570,current_freshwater,roboflow,train_split/Fungal diseases Saprolegniasis/Fungal diseases Saprolegniasis_aug_24.jpg,train/Fungal diseases Saprolegniasis/Fungal-diseases-Saprolegniasis-26-_jpg.rf.01a2a52f9ccf79e81d13ac454933c3f7.jpg,Fungal diseases Saprolegniasis,Fungal diseases Saprolegniasis,Saprolegniasis,Saprolegniasis,dhash,f3c7d3f1e5717373,0,NEAR_DUPLICATE,True,SAME_LABEL,KEEP_SAME_SPLIT,"identical dHash, different bytes (policy: near-duplicate groups stay in one split)"
paper_dataset-ffa11ff14f32,paper_dataset-fab5f404e708,paper_dataset,paper_dataset,InfectedFish/infected_665.png,InfectedFish/infected_710.png,InfectedFish,InfectedFish,,,dhash,f3e3898a89d8f0e0,0,NEAR_DUPLICATE,False,UNRESOLVED_LABEL,REVIEW,"identical dHash, a label is unresolved; the match is evidence for the mapping decision"
current_freshwater-3e2f4be66e16,current_freshwater-55bb440e5ed9,current_freshwater,current_freshwater,train_split/Bacterial Red disease/Bacterial Red disease_36.jpg,train_split/Bacterial diseases - Aeromoniasis/Bacterial diseases - Aeromoniasis_aug_132.jpg,Bacterial Red disease,Bacterial diseases - Aeromoniasis,Bacterial Red Disease,Aeromoniasis,dhash,f3f3b226e6e6e3e3,0,NEAR_DUPLICATE,False,LABEL_CONFLICT,EXCLUDE_BOTH,"identical dHash, different unified labels (policy: label-conflict groups leave the split)"
current_freshwater-3e2f4be66e16,roboflow-c7f9f6c9c7f5,current_freshwater,roboflow,train_split/Bacterial Red disease/Bacterial Red disease_36.jpg,train/Bacterial Red disease/Bacterial-Red-disease-40-_jpg.rf.9c7e9f198ad68e496ac8e2b66a991d2c.jpg,Bacterial Red disease,Bacterial Red disease,Bacterial Red Disease,Bacterial Red Disease,dhash,f3f3b226e6e6e3e3,0,NEAR_DUPLICATE,True,SAME_LABEL,KEEP_SAME_SPLIT,"identical dHash, different bytes (policy: near-duplicate groups stay in one split)"
current_freshwater-3e2f4be66e16,roboflow-ec680cbbb21e,current_freshwater,roboflow,train_split/Bacterial Red disease/Bacterial Red disease_36.jpg,train/Bacterial diseases - Aeromoniasis/Bacterial-diseases-Aeromoniasis-3-_png.rf.03d47b537d4062bfe389406a20cc6e30.jpg,Bacterial Red disease,Bacterial diseases - Aeromoniasis,Bacterial Red Disease,Aeromoniasis,dhash,f3f3b226e6e6e3e3,0,NEAR_DUPLICATE,True,LABEL_CONFLICT,EXCLUDE_BOTH,"identical dHash, different unified labels (policy: label-conflict groups leave the split)"
current_freshwater-55bb440e5ed9,roboflow-c7f9f6c9c7f5,current_freshwater,roboflow,train_split/Bacterial diseases - Aeromoniasis/Bacterial diseases - Aeromoniasis_aug_132.jpg,train/Bacterial Red disease/Bacterial-Red-disease-40-_jpg.rf.9c7e9f198ad68e496ac8e2b66a991d2c.jpg,Bacterial diseases - Aeromoniasis,Bacterial Red disease,Aeromoniasis,Bacterial Red Disease,dhash,f3f3b226e6e6e3e3,0,NEAR_DUPLICATE,True,LABEL_CONFLICT,EXCLUDE_BOTH,"identical dHash, different unified labels (policy: label-conflict groups leave the split)"
current_freshwater-55bb440e5ed9,roboflow-ec680cbbb21e,current_freshwater,roboflow,train_split/Bacterial diseases - Aeromoniasis/Bacterial diseases - Aeromoniasis_aug_132.jpg,train/Bacterial diseases - Aeromoniasis/Bacterial-diseases-Aeromoniasis-3-_png.rf.03d47b537d4062bfe389406a20cc6e30.jpg,Bacterial diseases - Aeromoniasis,Bacterial diseases - Aeromoniasis,Aeromoniasis,Aeromoniasis,dhash,f3f3b226e6e6e3e3,0,NEAR_DUPLICATE,True,SAME_LABEL,KEEP_SAME_SPLIT,"identical dHash, different bytes (policy: near-duplicate groups stay in one split)"
roboflow-c7f9f6c9c7f5,roboflow-ec680cbbb21e,roboflow,roboflow,train/Bacterial Red disease/Bacterial-Red-disease-40-_jpg.rf.9c7e9f198ad68e496ac8e2b66a991d2c.jpg,train/Bacterial diseases - Aeromoniasis/Bacterial-diseases-Aeromoniasis-3-_png.rf.03d47b537d4062bfe389406a20cc6e30.jpg,Bacterial Red disease,Bacterial diseases - Aeromoniasis,Bacterial Red Disease,Aeromoniasis,dhash,f3f3b226e6e6e3e3,0,NEAR_DUPLICATE,False,LABEL_CONFLICT,EXCLUDE_BOTH,"identical dHash, different unified labels (policy: label-conflict groups leave the split)"
current_freshwater-cfae8ccf54be,roboflow-0dad852182e6,current_freshwater,roboflow,train_split/Bacterial gill disease/Bacterial gill disease_32.jpg,train/Bacterial gill disease/Bacterial-gill-disease-19-_jpg.rf.cd56bbcedfb5dcc23d44d579ca0f0e05.jpg,Bacterial gill disease,Bacterial gill disease,Bacterial Gill Disease,Bacterial Gill Disease,dhash,f3f8fcfddcdecc8f,0,NEAR_DUPLICATE,True,SAME_LABEL,KEEP_SAME_SPLIT,"identical dHash, different bytes (policy: near-duplicate groups stay in one split)"
mendeley-75c68a3f7b00,mendeley-7a50e6eef88f,mendeley,mendeley,Bacterial Red Diseases/Silver_carp_(Hypophthalmichthys molitrix)/Fish_62/IMG20260212145520.jpg,Bacterial Red Diseases/Silver_carp_(Hypophthalmichthys molitrix)/Fish_62/IMG20260212145525.jpg,Bacterial Red Diseases,Bacterial Red Diseases,Bacterial Red Disease,Bacterial Red Disease,dhash,f434767672e3f372,0,NEAR_DUPLICATE,False,SAME_LABEL,KEEP_SAME_SPLIT,"identical dHash, different bytes (policy: near-duplicate groups stay in one split)"
current_freshwater-cc6cf81a55af,current_freshwater-24fef844434a,current_freshwater,current_freshwater,train_split/EUS/EUS_90.jpg,train_split/EUS/EUS_aug_119.jpg,EUS,EUS,EUS Disease,EUS Disease,dhash,f4780f07078b03c4,0,NEAR_DUPLICATE,False,SAME_LABEL,KEEP_SAME_SPLIT,"identical dHash, different bytes (policy: near-duplicate groups stay in one split)"
current_freshwater-837616ad366e,current_freshwater-eb09fe706f16,current_freshwater,current_freshwater,train_split/Bacterial diseases - Aeromoniasis/Bacterial diseases - Aeromoniasis_110.jpg,train_split/Bacterial diseases - Aeromoniasis/Bacterial diseases - Aeromoniasis_aug_138.jpg,Bacterial diseases - Aeromoniasis,Bacterial diseases - Aeromoniasis,Aeromoniasis,Aeromoniasis,dhash,f4c4c4c4c0c2e0e0,0,NEAR_DUPLICATE,False,SAME_LABEL,KEEP_SAME_SPLIT,"identical dHash, different bytes (policy: near-duplicate groups stay in one split)"
current_freshwater-26e22829fc14,roboflow-cc4d0b8de694,current_freshwater,roboflow,train_split/Viral diseases White tail disease/Viral diseases White tail disease_14.jpg,train/Viral diseases White tail disease/Viral-diseases-White-tail-disease-15-_jpg.rf.bc33143bfe46bc06409d425bf31791a2.jpg,Viral diseases White tail disease,Viral diseases White tail disease,White Tail Disease,White Tail Disease,dhash,f4e0e2e3c3c6e0f0,0,NEAR_DUPLICATE,True,SAME_LABEL,KEEP_SAME_SPLIT,"identical dHash, different bytes (policy: near-duplicate groups stay in one split)"
current_freshwater-3cfdf381edc9,current_freshwater-12c40c4e9053,current_freshwater,current_freshwater,train_split/EUS/EUS_128.jpg,train_split/EUS/EUS_aug_196.jpg,EUS,EUS,EUS Disease,EUS Disease,dhash,f4f640800368e002,0,NEAR_DUPLICATE,False,SAME_LABEL,KEEP_SAME_SPLIT,"identical dHash, different bytes (policy: near-duplicate groups stay in one split)"
current_freshwater-d74771cd0f30,current_freshwater-179b9a61738d,current_freshwater,current_freshwater,train_split/Bacterial gill disease/Bacterial gill disease_71.jpg,train_split/Bacterial gill disease/Bacterial gill disease_aug_211.jpg,Bacterial gill disease,Bacterial gill disease,Bacterial Gill Disease,Bacterial Gill Disease,dhash,f6ecd99c0c3c5c1e,0,NEAR_DUPLICATE,False,SAME_LABEL,KEEP_SAME_SPLIT,"identical dHash, different bytes (policy: near-duplicate groups stay in one split)"
current_freshwater-d74771cd0f30,current_freshwater-f44a52226040,current_freshwater,current_freshwater,train_split/Bacterial gill disease/Bacterial gill disease_71.jpg,train_split/Bacterial gill disease/Bacterial gill disease_aug_95.jpg,Bacterial gill disease,Bacterial gill disease,Bacterial Gill Disease,Bacterial Gill Disease,dhash,f6ecd99c0c3c5c1e,0,NEAR_DUPLICATE,False,SAME_LABEL,KEEP_SAME_SPLIT,"identical dHash, different bytes (policy: near-duplicate groups stay in one split)"
current_freshwater-179b9a61738d,current_freshwater-f44a52226040,current_freshwater,current_freshwater,train_split/Bacterial gill disease/Bacterial gill disease_aug_211.jpg,train_split/Bacterial gill disease/Bacterial gill disease_aug_95.jpg,Bacterial gill disease,Bacterial gill disease,Bacterial Gill Disease,Bacterial Gill Disease,dhash,f6ecd99c0c3c5c1e,0,NEAR_DUPLICATE,False,SAME_LABEL,KEEP_SAME_SPLIT,"identical dHash, different bytes (policy: near-duplicate groups stay in one split)"
current_freshwater-11d6086facac,roboflow-2b2c6d10b022,current_freshwater,roboflow,train_split/Healthy Fish/Healthy Fish_223.jpg,train/Healthy Fish/Healthy-Fish-152-_jpg.rf.4d5ec99bb8291f1db51cbd82d33a98e0.jpg,Healthy Fish,Healthy Fish,Healthy Fish,Healthy Fish,dhash,f6f0f4f0d4f0d4c6,0,NEAR_DUPLICATE,True,SAME_LABEL,KEEP_SAME_SPLIT,"identical dHash, different bytes (policy: near-duplicate groups stay in one split)"
current_freshwater-9d7cd355a3fb,current_freshwater-93b6c8ffe90a,current_freshwater,current_freshwater,train_split/Bacterial gill disease/Bacterial gill disease_93.jpg,train_split/Bacterial gill disease/Bacterial gill disease_aug_12.jpg,Bacterial gill disease,Bacterial gill disease,Bacterial Gill Disease,Bacterial Gill Disease,dhash,f6f6f7e3e3c7cc1b,0,NEAR_DUPLICATE,False,SAME_LABEL,KEEP_SAME_SPLIT,"identical dHash, different bytes (policy: near-duplicate groups stay in one split)"
mendeley-bf813fc15d0c,mendeley-7ef163ae080f,mendeley,mendeley,Bacterial Red Diseases/Grass_carp_(Ctenopharyngodon idella)/Fish_38/IMG20260212065025.jpg,Bacterial Red Diseases/Grass_carp_(Ctenopharyngodon idella)/Fish_38/IMG20260212065026.jpg,Bacterial Red Diseases,Bacterial Red Diseases,Bacterial Red Disease,Bacterial Red Disease,dhash,f6fef838e0e0e0c1,0,NEAR_DUPLICATE,False,SAME_LABEL,KEEP_SAME_SPLIT,"identical dHash, different bytes (policy: near-duplicate groups stay in one split)"
current_freshwater-be288f5d2203,current_freshwater-fe8972e04eae,current_freshwater,current_freshwater,train_split/Healthy Fish/Healthy Fish_383.jpg,train_split/Healthy Fish/Healthy Fish_aug_88.jpg,Healthy Fish,Healthy Fish,Healthy Fish,Healthy Fish,dhash,06334327676de9c3,0,NEAR_DUPLICATE,False,SAME_LABEL,KEEP_SAME_SPLIT,"identical dHash, different bytes (policy: near-duplicate groups stay in one split)"
current_freshwater-ac8f89a708cc,current_freshwater-7808f1994b09,current_freshwater,current_freshwater,train_split/Bacterial diseases - Aeromoniasis/Bacterial diseases - Aeromoniasis_89.jpg,train_split/Bacterial diseases - Aeromoniasis/Bacterial diseases - Aeromoniasis_aug_54.jpg,Bacterial diseases - Aeromoniasis,Bacterial diseases - Aeromoniasis,Aeromoniasis,Aeromoniasis,dhash,f8bcb8dcfebebc1c,0,NEAR_DUPLICATE,False,SAME_LABEL,KEEP_SAME_SPLIT,"identical dHash, different bytes (policy: near-duplicate groups stay in one split)"
current_freshwater-612e80fa72e5,current_freshwater-3146731bf47f,current_freshwater,current_freshwater,train_split/Parasitic diseases/Parasitic diseases_21.jpeg,train_split/Parasitic diseases/Parasitic diseases_aug_34.jpg,Parasitic diseases,Parasitic diseases,Parasitic Disease,Parasitic Disease,dhash,f8debf3fcf6fbffc,0,NEAR_DUPLICATE,False,SAME_LABEL,KEEP_SAME_SPLIT,"identical dHash, different bytes (policy: near-duplicate groups stay in one split)"
current_freshwater-612e80fa72e5,roboflow-5026609a18eb,current_freshwater,roboflow,train_split/Parasitic diseases/Parasitic diseases_21.jpeg,train/Parasitic diseases/Parasitic-diseases-4-_jpeg.rf.6921782ea5458a6c21e5d719a1b0d5a7.jpg,Parasitic diseases,Parasitic diseases,Parasitic Disease,Parasitic Disease,dhash,f8debf3fcf6fbffc,0,NEAR_DUPLICATE,True,SAME_LABEL,KEEP_SAME_SPLIT,"identical dHash, different bytes (policy: near-duplicate groups stay in one split)"
current_freshwater-3146731bf47f,roboflow-5026609a18eb,current_freshwater,roboflow,train_split/Parasitic diseases/Parasitic diseases_aug_34.jpg,train/Parasitic diseases/Parasitic-diseases-4-_jpeg.rf.6921782ea5458a6c21e5d719a1b0d5a7.jpg,Parasitic diseases,Parasitic diseases,Parasitic Disease,Parasitic Disease,dhash,f8debf3fcf6fbffc,0,NEAR_DUPLICATE,True,SAME_LABEL,KEEP_SAME_SPLIT,"identical dHash, different bytes (policy: near-duplicate groups stay in one split)"
current_freshwater-61a953ebac60,current_freshwater-9d3d83073d44,current_freshwater,current_freshwater,train_split/Fungal diseases Saprolegniasis/Fungal diseases Saprolegniasis_122.jpg,train_split/Fungal diseases Saprolegniasis/Fungal diseases Saprolegniasis_aug_374.jpg,Fungal diseases Saprolegniasis,Fungal diseases Saprolegniasis,Saprolegniasis,Saprolegniasis,dhash,f8e064fc7cf0b0b0,0,NEAR_DUPLICATE,False,SAME_LABEL,KEEP_SAME_SPLIT,"identical dHash, different bytes (policy: near-duplicate groups stay in one split)"
current_freshwater-5abd5d5df929,roboflow-198dbe7d5ab8,current_freshwater,roboflow,train_split/Bacterial gill disease/Bacterial gill disease_27.jpg,test/Bacterial gill disease/Bacterial-gill-disease-35-_jpg.rf.3071cdf65ca717d1662d537ff0b73011.jpg,Bacterial gill disease,Bacterial gill disease,Bacterial Gill Disease,Bacterial Gill Disease,dhash,f8f5f2c2c8c0ec33,0,NEAR_DUPLICATE,True,SAME_LABEL,KEEP_SAME_SPLIT,"identical dHash, different bytes (policy: near-duplicate groups stay in one split)"
current_freshwater-5abd5d5df929,roboflow-06f80b337130,current_freshwater,roboflow,train_split/Bacterial gill disease/Bacterial gill disease_27.jpg,train/Bacterial gill disease/Bacterial-gill-disease-15-_jpg.rf.b0bfd2bc2fbfd6ab476da5108fb52277.jpg,Bacterial gill disease,Bacterial gill disease,Bacterial Gill Disease,Bacterial Gill Disease,dhash,f8f5f2c2c8c0ec33,0,NEAR_DUPLICATE,True,SAME_LABEL,KEEP_SAME_SPLIT,"identical dHash, different bytes (policy: near-duplicate groups stay in one split)"
roboflow-198dbe7d5ab8,roboflow-06f80b337130,roboflow,roboflow,test/Bacterial gill disease/Bacterial-gill-disease-35-_jpg.rf.3071cdf65ca717d1662d537ff0b73011.jpg,train/Bacterial gill disease/Bacterial-gill-disease-15-_jpg.rf.b0bfd2bc2fbfd6ab476da5108fb52277.jpg,Bacterial gill disease,Bacterial gill disease,Bacterial Gill Disease,Bacterial Gill Disease,dhash,f8f5f2c2c8c0ec33,0,NEAR_DUPLICATE,False,SAME_LABEL,KEEP_SAME_SPLIT,"identical dHash, different bytes (policy: near-duplicate groups stay in one split)"
current_freshwater-e6d22839a2f8,roboflow-7ccdd0a240aa,current_freshwater,roboflow,train_split/Bacterial gill disease/Bacterial gill disease_39.jpg,train/Bacterial gill disease/Bacterial-gill-disease-24-_jpg.rf.fb78d2d330939e85e8e6cc8ef676e997.jpg,Bacterial gill disease,Bacterial gill disease,Bacterial Gill Disease,Bacterial Gill Disease,dhash,f9313123674302e3,0,NEAR_DUPLICATE,True,SAME_LABEL,KEEP_SAME_SPLIT,"identical dHash, different bytes (policy: near-duplicate groups stay in one split)"
mendeley-15fc1d5efd8b,mendeley-16b24c100119,mendeley,mendeley,Epizootic Ulcerative Syndrome (EUS)/Rui_(Labeo rohita)/Fish_71/IMG20260212070643.jpg,Epizootic Ulcerative Syndrome (EUS)/Rui_(Labeo rohita)/Fish_71/IMG20260212070644.jpg,Epizootic Ulcerative Syndrome (EUS),Epizootic Ulcerative Syndrome (EUS),EUS Disease,EUS Disease,dhash,f9dadefcf6bcbcbc,0,NEAR_DUPLICATE,False,SAME_LABEL,KEEP_SAME_SPLIT,"identical dHash, different bytes (policy: near-duplicate groups stay in one split)"
current_freshwater-5d5b89cf4063,current_freshwater-d47d1636b1e3,current_freshwater,current_freshwater,train_split/Bacterial gill disease/Bacterial gill disease_119.jpg,train_split/Bacterial gill disease/Bacterial gill disease_aug_125.jpg,Bacterial gill disease,Bacterial gill disease,Bacterial Gill Disease,Bacterial Gill Disease,dhash,064733331b1b1b1b,0,NEAR_DUPLICATE,False,SAME_LABEL,KEEP_SAME_SPLIT,"identical dHash, different bytes (policy: near-duplicate groups stay in one split)"
current_freshwater-707ba000efd2,kaptai-2796ace2654f,current_freshwater,kaptai,train_split/Bacterial gill disease/Bacterial gill disease_46.jpg,THE BACTERIAL GILL ROT/download (2).jpg,Bacterial gill disease,THE BACTERIAL GILL ROT,Bacterial Gill Disease,,dhash,f9f931236703c378,0,NEAR_DUPLICATE,True,UNRESOLVED_LABEL,REVIEW,"identical dHash, a label is unresolved; the match is evidence for the mapping decision"
current_freshwater-707ba000efd2,roboflow-354f88320c51,current_freshwater,roboflow,train_split/Bacterial gill disease/Bacterial gill disease_46.jpg,train/Bacterial gill disease/Bacterial-gill-disease-2-_jpg.rf.756af23e4f4d05cd85b98b8101219ac4.jpg,Bacterial gill disease,Bacterial gill disease,Bacterial Gill Disease,Bacterial Gill Disease,dhash,f9f931236703c378,0,NEAR_DUPLICATE,True,SAME_LABEL,KEEP_SAME_SPLIT,"identical dHash, different bytes (policy: near-duplicate groups stay in one split)"
current_freshwater-707ba000efd2,roboflow-5c7c398f3066,current_freshwater,roboflow,train_split/Bacterial gill disease/Bacterial gill disease_46.jpg,train/Bacterial gill disease/Bacterial-gill-disease-6-_jpg.rf.f8fbe9a623eecc0ca0bfc1dd4027d5e9.jpg,Bacterial gill disease,Bacterial gill disease,Bacterial Gill Disease,Bacterial Gill Disease,dhash,f9f931236703c378,0,NEAR_DUPLICATE,True,SAME_LABEL,KEEP_SAME_SPLIT,"identical dHash, different bytes (policy: near-duplicate groups stay in one split)"
kaptai-2796ace2654f,roboflow-354f88320c51,kaptai,roboflow,THE BACTERIAL GILL ROT/download (2).jpg,train/Bacterial gill disease/Bacterial-gill-disease-2-_jpg.rf.756af23e4f4d05cd85b98b8101219ac4.jpg,THE BACTERIAL GILL ROT,Bacterial gill disease,,Bacterial Gill Disease,dhash,f9f931236703c378,0,NEAR_DUPLICATE,True,UNRESOLVED_LABEL,REVIEW,"identical dHash, a label is unresolved; the match is evidence for the mapping decision"
kaptai-2796ace2654f,roboflow-5c7c398f3066,kaptai,roboflow,THE BACTERIAL GILL ROT/download (2).jpg,train/Bacterial gill disease/Bacterial-gill-disease-6-_jpg.rf.f8fbe9a623eecc0ca0bfc1dd4027d5e9.jpg,THE BACTERIAL GILL ROT,Bacterial gill disease,,Bacterial Gill Disease,dhash,f9f931236703c378,0,NEAR_DUPLICATE,True,UNRESOLVED_LABEL,REVIEW,"identical dHash, a label is unresolved; the match is evidence for the mapping decision"
roboflow-354f88320c51,roboflow-5c7c398f3066,roboflow,roboflow,train/Bacterial gill disease/Bacterial-gill-disease-2-_jpg.rf.756af23e4f4d05cd85b98b8101219ac4.jpg,train/Bacterial gill disease/Bacterial-gill-disease-6-_jpg.rf.f8fbe9a623eecc0ca0bfc1dd4027d5e9.jpg,Bacterial gill disease,Bacterial gill disease,Bacterial Gill Disease,Bacterial Gill Disease,dhash,f9f931236703c378,0,NEAR_DUPLICATE,False,SAME_LABEL,KEEP_SAME_SPLIT,"identical dHash, different bytes (policy: near-duplicate groups stay in one split)"
current_freshwater-e2b24d7eefee,current_freshwater-79faf2c633af,current_freshwater,current_freshwater,train_split/Fungal diseases Saprolegniasis/Fungal diseases Saprolegniasis_14.jpg,train_split/Fungal diseases Saprolegniasis/Fungal diseases Saprolegniasis_aug_119.jpg,Fungal diseases Saprolegniasis,Fungal diseases Saprolegniasis,Saprolegniasis,Saprolegniasis,dhash,f9fbfffffcfafcf9,0,NEAR_DUPLICATE,False,SAME_LABEL,KEEP_SAME_SPLIT,"identical dHash, different bytes (policy: near-duplicate groups stay in one split)"
current_freshwater-e2b24d7eefee,current_freshwater-0992eec0692a,current_freshwater,current_freshwater,train_split/Fungal diseases Saprolegniasis/Fungal diseases Saprolegniasis_14.jpg,train_split/Fungal diseases Saprolegniasis/Fungal diseases Saprolegniasis_aug_25.jpg,Fungal diseases Saprolegniasis,Fungal diseases Saprolegniasis,Saprolegniasis,Saprolegniasis,dhash,f9fbfffffcfafcf9,0,NEAR_DUPLICATE,False,SAME_LABEL,KEEP_SAME_SPLIT,"identical dHash, different bytes (policy: near-duplicate groups stay in one split)"
current_freshwater-e2b24d7eefee,roboflow-28dfb05488d3,current_freshwater,roboflow,train_split/Fungal diseases Saprolegniasis/Fungal diseases Saprolegniasis_14.jpg,train/Fungal diseases Saprolegniasis/Fungal-diseases-Saprolegniasis-13-_jpg.rf.2597a70372bc89d693f004e2c43b4546.jpg,Fungal diseases Saprolegniasis,Fungal diseases Saprolegniasis,Saprolegniasis,Saprolegniasis,dhash,f9fbfffffcfafcf9,0,NEAR_DUPLICATE,True,SAME_LABEL,KEEP_SAME_SPLIT,"identical dHash, different bytes (policy: near-duplicate groups stay in one split)"
current_freshwater-79faf2c633af,current_freshwater-0992eec0692a,current_freshwater,current_freshwater,train_split/Fungal diseases Saprolegniasis/Fungal diseases Saprolegniasis_aug_119.jpg,train_split/Fungal diseases Saprolegniasis/Fungal diseases Saprolegniasis_aug_25.jpg,Fungal diseases Saprolegniasis,Fungal diseases Saprolegniasis,Saprolegniasis,Saprolegniasis,dhash,f9fbfffffcfafcf9,0,NEAR_DUPLICATE,False,SAME_LABEL,KEEP_SAME_SPLIT,"identical dHash, different bytes (policy: near-duplicate groups stay in one split)"
current_freshwater-79faf2c633af,roboflow-28dfb05488d3,current_freshwater,roboflow,train_split/Fungal diseases Saprolegniasis/Fungal diseases Saprolegniasis_aug_119.jpg,train/Fungal diseases Saprolegniasis/Fungal-diseases-Saprolegniasis-13-_jpg.rf.2597a70372bc89d693f004e2c43b4546.jpg,Fungal diseases Saprolegniasis,Fungal diseases Saprolegniasis,Saprolegniasis,Saprolegniasis,dhash,f9fbfffffcfafcf9,0,NEAR_DUPLICATE,True,SAME_LABEL,KEEP_SAME_SPLIT,"identical dHash, different bytes (policy: near-duplicate groups stay in one split)"
current_freshwater-0992eec0692a,roboflow-28dfb05488d3,current_freshwater,roboflow,train_split/Fungal diseases Saprolegniasis/Fungal diseases Saprolegniasis_aug_25.jpg,train/Fungal diseases Saprolegniasis/Fungal-diseases-Saprolegniasis-13-_jpg.rf.2597a70372bc89d693f004e2c43b4546.jpg,Fungal diseases Saprolegniasis,Fungal diseases Saprolegniasis,Saprolegniasis,Saprolegniasis,dhash,f9fbfffffcfafcf9,0,NEAR_DUPLICATE,True,SAME_LABEL,KEEP_SAME_SPLIT,"identical dHash, different bytes (policy: near-duplicate groups stay in one split)"
mendeley-925326fe9205,mendeley-200893338c3b,mendeley,mendeley,Bacterial Red Diseases/Grass_carp_(Ctenopharyngodon idella)/Fish_40/IMG20260212065913.jpg,Bacterial Red Diseases/Grass_carp_(Ctenopharyngodon idella)/Fish_40/IMG20260212065915.jpg,Bacterial Red Diseases,Bacterial Red Diseases,Bacterial Red Disease,Bacterial Red Disease,dhash,f9fc78fef0f87b3d,0,NEAR_DUPLICATE,False,SAME_LABEL,KEEP_SAME_SPLIT,"identical dHash, different bytes (policy: near-duplicate groups stay in one split)"
mendeley-7e6b4c59c83d,mendeley-898e252cf136,mendeley,mendeley,Bacterial Red Diseases/Grass_carp_(Ctenopharyngodon idella)/Fish_40/IMG20260212065910.jpg,Bacterial Red Diseases/Grass_carp_(Ctenopharyngodon idella)/Fish_40/IMG20260212065916.jpg,Bacterial Red Diseases,Bacterial Red Diseases,Bacterial Red Disease,Bacterial Red Disease,dhash,f9fc78fef8f87b3d,0,NEAR_DUPLICATE,False,SAME_LABEL,KEEP_SAME_SPLIT,"identical dHash, different bytes (policy: near-duplicate groups stay in one split)"
current_freshwater-2e707352c678,roboflow-e4da397befeb,current_freshwater,roboflow,train_split/Fungal diseases Saprolegniasis/Fungal diseases Saprolegniasis_74.jpg,train/Fungal diseases Saprolegniasis/Fungal-diseases-Saprolegniasis-7-_jpg.rf.6525b7eff25cdaefb559b5c80f9f9420.jpg,Fungal diseases Saprolegniasis,Fungal diseases Saprolegniasis,Saprolegniasis,Saprolegniasis,dhash,fafcacf4e0e0e084,0,NEAR_DUPLICATE,True,SAME_LABEL,KEEP_SAME_SPLIT,"identical dHash, different bytes (policy: near-duplicate groups stay in one split)"
current_freshwater-80ac826493db,current_freshwater-7fc2d3f21591,current_freshwater,current_freshwater,train_split/Parasitic diseases/Parasitic diseases_150.jpg,train_split/Parasitic diseases/Parasitic diseases_aug_88.jpg,Parasitic diseases,Parasitic diseases,Parasitic Disease,Parasitic Disease,dhash,fbd3228b0b0d86e6,0,NEAR_DUPLICATE,False,SAME_LABEL,KEEP_SAME_SPLIT,"identical dHash, different bytes (policy: near-duplicate groups stay in one split)"
current_freshwater-75710a0f84a3,current_freshwater-8650e7f676ee,current_freshwater,current_freshwater,train_split/Bacterial gill disease/Bacterial gill disease_224.jpg,train_split/Bacterial gill disease/Bacterial gill disease_aug_57.jpg,Bacterial gill disease,Bacterial gill disease,Bacterial Gill Disease,Bacterial Gill Disease,dhash,fbeb899981f1f8e0,0,NEAR_DUPLICATE,False,SAME_LABEL,KEEP_SAME_SPLIT,"identical dHash, different bytes (policy: near-duplicate groups stay in one split)"
current_freshwater-e2f9d20ee568,roboflow-3f365ae529e9,current_freshwater,roboflow,train_split/Viral diseases White tail disease/Viral diseases White tail disease_13.jpg,test/Viral diseases White tail disease/Viral-diseases-White-tail-disease-14-_jpg.rf.2e08a12843f3ea38474bb832de870da6.jpg,Viral diseases White tail disease,Viral diseases White tail disease,White Tail Disease,White Tail Disease,dhash,fbffff3f9fcf4d25,0,NEAR_DUPLICATE,True,SAME_LABEL,KEEP_SAME_SPLIT,"identical dHash, different bytes (policy: near-duplicate groups stay in one split)"
mendeley-e22f944f0cb1,mendeley-955f798877e9,mendeley,mendeley,Epizootic Ulcerative Syndrome (EUS)/Rui_(Labeo rohita)/Fish_72/IMG20260212071051.jpg,Epizootic Ulcerative Syndrome (EUS)/Rui_(Labeo rohita)/Fish_72/IMG20260212071052.jpg,Epizootic Ulcerative Syndrome (EUS),Epizootic Ulcerative Syndrome (EUS),EUS Disease,EUS Disease,dhash,fc4f1f03c0f0fcff,0,NEAR_DUPLICATE,False,SAME_LABEL,KEEP_SAME_SPLIT,"identical dHash, different bytes (policy: near-duplicate groups stay in one split)"
current_freshwater-096211bc446b,current_freshwater-3f5f004b03e1,current_freshwater,current_freshwater,train_split/Fungal diseases Saprolegniasis/Fungal diseases Saprolegniasis_223.jpg,train_split/Fungal diseases Saprolegniasis/Fungal diseases Saprolegniasis_aug_311.jpg,Fungal diseases Saprolegniasis,Fungal diseases Saprolegniasis,Saprolegniasis,Saprolegniasis,dhash,fc7c7c3e7dfffffb,0,NEAR_DUPLICATE,False,SAME_LABEL,KEEP_SAME_SPLIT,"identical dHash, different bytes (policy: near-duplicate groups stay in one split)"
current_freshwater-122e37fd7a90,current_freshwater-64e3ffd2010d,current_freshwater,current_freshwater,train_split/EUS/EUS_274.jpg,train_split/EUS/EUS_aug_123.jpg,EUS,EUS,EUS Disease,EUS Disease,dhash,068cccce9e8e1eb0,0,NEAR_DUPLICATE,False,SAME_LABEL,KEEP_SAME_SPLIT,"identical dHash, different bytes (policy: near-duplicate groups stay in one split)"
current_freshwater-ea9a68cb1d9f,roboflow-ab5043bfc46f,current_freshwater,roboflow,train_split/Bacterial diseases - Aeromoniasis/Bacterial diseases - Aeromoniasis_4.jpg,train/Bacterial diseases - Aeromoniasis/Bacterial-diseases-Aeromoniasis-11-_jpg.rf.62b0fcc078f6322cdb027ffc1c0bbf67.jpg,Bacterial diseases - Aeromoniasis,Bacterial diseases - Aeromoniasis,Aeromoniasis,Aeromoniasis,dhash,fcdddc78f9f2f38f,0,NEAR_DUPLICATE,True,SAME_LABEL,KEEP_SAME_SPLIT,"identical dHash, different bytes (policy: near-duplicate groups stay in one split)"
mendeley-85c88086c1d4,mendeley-d9454bcac1f3,mendeley,mendeley,Epizootic Ulcerative Syndrome (EUS)/Rui_(Labeo rohita)/Fish_73/IMG20260212071334.jpg,Epizootic Ulcerative Syndrome (EUS)/Rui_(Labeo rohita)/Fish_73/IMG20260212071336.jpg,Epizootic Ulcerative Syndrome (EUS),Epizootic Ulcerative Syndrome (EUS),EUS Disease,EUS Disease,dhash,fce7b6cc40306868,0,NEAR_DUPLICATE,False,SAME_LABEL,KEEP_SAME_SPLIT,"identical dHash, different bytes (policy: near-duplicate groups stay in one split)"
current_freshwater-ad4c103067ef,current_freshwater-1c5c5a97a121,current_freshwater,current_freshwater,train_split/Bacterial diseases - Aeromoniasis/Bacterial diseases - Aeromoniasis_88.jpg,train_split/Bacterial diseases - Aeromoniasis/Bacterial diseases - Aeromoniasis_aug_209.jpg,Bacterial diseases - Aeromoniasis,Bacterial diseases - Aeromoniasis,Aeromoniasis,Aeromoniasis,dhash,fcf4d2f4f4f87e1f,0,NEAR_DUPLICATE,False,SAME_LABEL,KEEP_SAME_SPLIT,"identical dHash, different bytes (policy: near-duplicate groups stay in one split)"
mendeley-477d013c3b60,mendeley-c0f43005fb28,mendeley,mendeley,Bacterial Red Diseases/Rui_(Labeo rohita)/Fish_48/IMG20260207072023.jpg,Bacterial Red Diseases/Rui_(Labeo rohita)/Fish_48/IMG20260207072024.jpg,Bacterial Red Diseases,Bacterial Red Diseases,Bacterial Red Disease,Bacterial Red Disease,dhash,fcfcf8f9e9e8cccc,0,NEAR_DUPLICATE,False,SAME_LABEL,KEEP_SAME_SPLIT,"identical dHash, different bytes (policy: near-duplicate groups stay in one split)"
mendeley-11cd998ab8dc,mendeley-b559a9be8212,mendeley,mendeley,Bacterial Red Diseases/Rui_(Labeo rohita)/Fish_48/IMG20260207072020.jpg,Bacterial Red Diseases/Rui_(Labeo rohita)/Fish_48/IMG20260207072021.jpg,Bacterial Red Diseases,Bacterial Red Diseases,Bacterial Red Disease,Bacterial Red Disease,dhash,fcfcf8f9e9ecccce,0,NEAR_DUPLICATE,False,SAME_LABEL,KEEP_SAME_SPLIT,"identical dHash, different bytes (policy: near-duplicate groups stay in one split)"
mendeley-e5bc9c9b54ec,mendeley-18d6b359d8c4,mendeley,mendeley,Bacterial Red Diseases/Grass_carp_(Ctenopharyngodon idella)/Fish_40/IMG20260212065840.jpg,Bacterial Red Diseases/Grass_carp_(Ctenopharyngodon idella)/Fish_40/IMG20260212065842.jpg,Bacterial Red Diseases,Bacterial Red Diseases,Bacterial Red Disease,Bacterial Red Disease,dhash,fcfcfcfcfd7cecfc,0,NEAR_DUPLICATE,False,SAME_LABEL,KEEP_SAME_SPLIT,"identical dHash, different bytes (policy: near-duplicate groups stay in one split)"
mendeley-128cc47828fb,mendeley-53d417e85c14,mendeley,mendeley,Healthy Fish/Rui_(Labeo rohita)/Fish_80/IMG20260213125848.jpg,Healthy Fish/Rui_(Labeo rohita)/Fish_81/IMG20260213125849.jpg,Healthy Fish,Healthy Fish,Healthy Fish,Healthy Fish,dhash,fcfefefcfcf8f071,0,NEAR_DUPLICATE,False,SAME_LABEL,KEEP_SAME_SPLIT,"identical dHash, different bytes (policy: near-duplicate groups stay in one split)"
current_freshwater-bbe0bce23552,current_freshwater-d8a6d8e8ba92,current_freshwater,current_freshwater,train_split/Bacterial gill disease/Bacterial gill disease_381.jpg,train_split/Bacterial gill disease/Bacterial gill disease_aug_137.jpg,Bacterial gill disease,Bacterial gill disease,Bacterial Gill Disease,Bacterial Gill Disease,dhash,fcffedcdc9ebefff,0,NEAR_DUPLICATE,False,SAME_LABEL,KEEP_SAME_SPLIT,"identical dHash, different bytes (policy: near-duplicate groups stay in one split)"
mendeley-c9fe39c0ec81,mendeley-6978e8129962,mendeley,mendeley,Bacterial Red Diseases/Grass_carp_(Ctenopharyngodon idella)/Fish_40/IMG20260212065918.jpg,Bacterial Red Diseases/Grass_carp_(Ctenopharyngodon idella)/Fish_40/IMG20260212065918_01.jpg,Bacterial Red Diseases,Bacterial Red Diseases,Bacterial Red Disease,Bacterial Red Disease,dhash,fdfef8fef8f8793f,0,NEAR_DUPLICATE,False,SAME_LABEL,KEEP_SAME_SPLIT,"identical dHash, different bytes (policy: near-duplicate groups stay in one split)"
mendeley-c9fe39c0ec81,mendeley-76d61cc6e663,mendeley,mendeley,Bacterial Red Diseases/Grass_carp_(Ctenopharyngodon idella)/Fish_40/IMG20260212065918.jpg,Bacterial Red Diseases/Grass_carp_(Ctenopharyngodon idella)/Fish_40/IMG20260212065919.jpg,Bacterial Red Diseases,Bacterial Red Diseases,Bacterial Red Disease,Bacterial Red Disease,dhash,fdfef8fef8f8793f,0,NEAR_DUPLICATE,False,SAME_LABEL,KEEP_SAME_SPLIT,"identical dHash, different bytes (policy: near-duplicate groups stay in one split)"
mendeley-c9fe39c0ec81,mendeley-54c8337b3259,mendeley,mendeley,Bacterial Red Diseases/Grass_carp_(Ctenopharyngodon idella)/Fish_40/IMG20260212065918.jpg,Bacterial Red Diseases/Grass_carp_(Ctenopharyngodon idella)/Fish_40/IMG20260212065920.jpg,Bacterial Red Diseases,Bacterial Red Diseases,Bacterial Red Disease,Bacterial Red Disease,dhash,fdfef8fef8f8793f,0,NEAR_DUPLICATE,False,SAME_LABEL,KEEP_SAME_SPLIT,"identical dHash, different bytes (policy: near-duplicate groups stay in one split)"
mendeley-6978e8129962,mendeley-76d61cc6e663,mendeley,mendeley,Bacterial Red Diseases/Grass_carp_(Ctenopharyngodon idella)/Fish_40/IMG20260212065918_01.jpg,Bacterial Red Diseases/Grass_carp_(Ctenopharyngodon idella)/Fish_40/IMG20260212065919.jpg,Bacterial Red Diseases,Bacterial Red Diseases,Bacterial Red Disease,Bacterial Red Disease,dhash,fdfef8fef8f8793f,0,NEAR_DUPLICATE,False,SAME_LABEL,KEEP_SAME_SPLIT,"identical dHash, different bytes (policy: near-duplicate groups stay in one split)"
mendeley-6978e8129962,mendeley-54c8337b3259,mendeley,mendeley,Bacterial Red Diseases/Grass_carp_(Ctenopharyngodon idella)/Fish_40/IMG20260212065918_01.jpg,Bacterial Red Diseases/Grass_carp_(Ctenopharyngodon idella)/Fish_40/IMG20260212065920.jpg,Bacterial Red Diseases,Bacterial Red Diseases,Bacterial Red Disease,Bacterial Red Disease,dhash,fdfef8fef8f8793f,0,NEAR_DUPLICATE,False,SAME_LABEL,KEEP_SAME_SPLIT,"identical dHash, different bytes (policy: near-duplicate groups stay in one split)"
mendeley-76d61cc6e663,mendeley-54c8337b3259,mendeley,mendeley,Bacterial Red Diseases/Grass_carp_(Ctenopharyngodon idella)/Fish_40/IMG20260212065919.jpg,Bacterial Red Diseases/Grass_carp_(Ctenopharyngodon idella)/Fish_40/IMG20260212065920.jpg,Bacterial Red Diseases,Bacterial Red Diseases,Bacterial Red Disease,Bacterial Red Disease,dhash,fdfef8fef8f8793f,0,NEAR_DUPLICATE,False,SAME_LABEL,KEEP_SAME_SPLIT,"identical dHash, different bytes (policy: near-duplicate groups stay in one split)"
current_freshwater-6be23301e3a4,current_freshwater-5729b6173c6d,current_freshwater,current_freshwater,test_split/Fungal diseases Saprolegniasis_Fungal diseases Saprolegniasis_15.jpg,train_split/Fungal diseases Saprolegniasis/Fungal diseases Saprolegniasis_46.jpg,Fungal diseases Saprolegniasis,Fungal diseases Saprolegniasis,Saprolegniasis,Saprolegniasis,dhash,07001010072d2970,0,NEAR_DUPLICATE,False,SAME_LABEL,KEEP_SAME_SPLIT,"identical dHash, different bytes (policy: near-duplicate groups stay in one split)"
current_freshwater-6be23301e3a4,roboflow-a470e8a77238,current_freshwater,roboflow,test_split/Fungal diseases Saprolegniasis_Fungal diseases Saprolegniasis_15.jpg,train/Fungal diseases Saprolegniasis/Fungal-diseases-Saprolegniasis-14-_jpg.rf.d0c0f2fdfa2eb6c6218ab4c41b4ef60e.jpg,Fungal diseases Saprolegniasis,Fungal diseases Saprolegniasis,Saprolegniasis,Saprolegniasis,dhash,07001010072d2970,0,NEAR_DUPLICATE,True,SAME_LABEL,KEEP_SAME_SPLIT,"identical dHash, different bytes (policy: near-duplicate groups stay in one split)"
current_freshwater-6be23301e3a4,roboflow-a676bb4bfdac,current_freshwater,roboflow,test_split/Fungal diseases Saprolegniasis_Fungal diseases Saprolegniasis_15.jpg,train/Fungal diseases Saprolegniasis/Fungal-diseases-Saprolegniasis-33-_jpg.rf.2242c6d1664bdcc1527fe7cbed4c819e.jpg,Fungal diseases Saprolegniasis,Fungal diseases Saprolegniasis,Saprolegniasis,Saprolegniasis,dhash,07001010072d2970,0,NEAR_DUPLICATE,True,SAME_LABEL,KEEP_SAME_SPLIT,"identical dHash, different bytes (policy: near-duplicate groups stay in one split)"
current_freshwater-5729b6173c6d,roboflow-a470e8a77238,current_freshwater,roboflow,train_split/Fungal diseases Saprolegniasis/Fungal diseases Saprolegniasis_46.jpg,train/Fungal diseases Saprolegniasis/Fungal-diseases-Saprolegniasis-14-_jpg.rf.d0c0f2fdfa2eb6c6218ab4c41b4ef60e.jpg,Fungal diseases Saprolegniasis,Fungal diseases Saprolegniasis,Saprolegniasis,Saprolegniasis,dhash,07001010072d2970,0,NEAR_DUPLICATE,True,SAME_LABEL,KEEP_SAME_SPLIT,"identical dHash, different bytes (policy: near-duplicate groups stay in one split)"
current_freshwater-5729b6173c6d,roboflow-a676bb4bfdac,current_freshwater,roboflow,train_split/Fungal diseases Saprolegniasis/Fungal diseases Saprolegniasis_46.jpg,train/Fungal diseases Saprolegniasis/Fungal-diseases-Saprolegniasis-33-_jpg.rf.2242c6d1664bdcc1527fe7cbed4c819e.jpg,Fungal diseases Saprolegniasis,Fungal diseases Saprolegniasis,Saprolegniasis,Saprolegniasis,dhash,07001010072d2970,0,NEAR_DUPLICATE,True,SAME_LABEL,KEEP_SAME_SPLIT,"identical dHash, different bytes (policy: near-duplicate groups stay in one split)"
roboflow-a470e8a77238,roboflow-a676bb4bfdac,roboflow,roboflow,train/Fungal diseases Saprolegniasis/Fungal-diseases-Saprolegniasis-14-_jpg.rf.d0c0f2fdfa2eb6c6218ab4c41b4ef60e.jpg,train/Fungal diseases Saprolegniasis/Fungal-diseases-Saprolegniasis-33-_jpg.rf.2242c6d1664bdcc1527fe7cbed4c819e.jpg,Fungal diseases Saprolegniasis,Fungal diseases Saprolegniasis,Saprolegniasis,Saprolegniasis,dhash,07001010072d2970,0,NEAR_DUPLICATE,False,SAME_LABEL,KEEP_SAME_SPLIT,"identical dHash, different bytes (policy: near-duplicate groups stay in one split)"
mendeley-c51a87472d20,mendeley-cd5e9b1afd62,mendeley,mendeley,Bacterial Red Diseases/Grass_carp_(Ctenopharyngodon idella)/Fish_41/IMG20260212065935.jpg,Bacterial Red Diseases/Grass_carp_(Ctenopharyngodon idella)/Fish_41/IMG20260212065936.jpg,Bacterial Red Diseases,Bacterial Red Diseases,Bacterial Red Disease,Bacterial Red Disease,dhash,fefcf9d9f5793f3f,0,NEAR_DUPLICATE,False,SAME_LABEL,KEEP_SAME_SPLIT,"identical dHash, different bytes (policy: near-duplicate groups stay in one split)"
mendeley-4ed40312610f,mendeley-2f434c96dd39,mendeley,mendeley,Bacterial Red Diseases/Grass_carp_(Ctenopharyngodon idella)/Fish_41/IMG20260212065931.jpg,Bacterial Red Diseases/Grass_carp_(Ctenopharyngodon idella)/Fish_41/IMG20260212065932_01.jpg,Bacterial Red Diseases,Bacterial Red Diseases,Bacterial Red Disease,Bacterial Red Disease,dhash,fefcfdd9f5f93f3f,0,NEAR_DUPLICATE,False,SAME_LABEL,KEEP_SAME_SPLIT,"identical dHash, different bytes (policy: near-duplicate groups stay in one split)"
mendeley-4ed40312610f,mendeley-f144e601f0ae,mendeley,mendeley,Bacterial Red Diseases/Grass_carp_(Ctenopharyngodon idella)/Fish_41/IMG20260212065931.jpg,Bacterial Red Diseases/Grass_carp_(Ctenopharyngodon idella)/Fish_41/IMG20260212065933.jpg,Bacterial Red Diseases,Bacterial Red Diseases,Bacterial Red Disease,Bacterial Red Disease,dhash,fefcfdd9f5f93f3f,0,NEAR_DUPLICATE,False,SAME_LABEL,KEEP_SAME_SPLIT,"identical dHash, different bytes (policy: near-duplicate groups stay in one split)"
mendeley-4ed40312610f,mendeley-e50578021320,mendeley,mendeley,Bacterial Red Diseases/Grass_carp_(Ctenopharyngodon idella)/Fish_41/IMG20260212065931.jpg,Bacterial Red Diseases/Grass_carp_(Ctenopharyngodon idella)/Fish_41/IMG20260212065934.jpg,Bacterial Red Diseases,Bacterial Red Diseases,Bacterial Red Disease,Bacterial Red Disease,dhash,fefcfdd9f5f93f3f,0,NEAR_DUPLICATE,False,SAME_LABEL,KEEP_SAME_SPLIT,"identical dHash, different bytes (policy: near-duplicate groups stay in one split)"
mendeley-2f434c96dd39,mendeley-f144e601f0ae,mendeley,mendeley,Bacterial Red Diseases/Grass_carp_(Ctenopharyngodon idella)/Fish_41/IMG20260212065932_01.jpg,Bacterial Red Diseases/Grass_carp_(Ctenopharyngodon idella)/Fish_41/IMG20260212065933.jpg,Bacterial Red Diseases,Bacterial Red Diseases,Bacterial Red Disease,Bacterial Red Disease,dhash,fefcfdd9f5f93f3f,0,NEAR_DUPLICATE,False,SAME_LABEL,KEEP_SAME_SPLIT,"identical dHash, different bytes (policy: near-duplicate groups stay in one split)"
mendeley-2f434c96dd39,mendeley-e50578021320,mendeley,mendeley,Bacterial Red Diseases/Grass_carp_(Ctenopharyngodon idella)/Fish_41/IMG20260212065932_01.jpg,Bacterial Red Diseases/Grass_carp_(Ctenopharyngodon idella)/Fish_41/IMG20260212065934.jpg,Bacterial Red Diseases,Bacterial Red Diseases,Bacterial Red Disease,Bacterial Red Disease,dhash,fefcfdd9f5f93f3f,0,NEAR_DUPLICATE,False,SAME_LABEL,KEEP_SAME_SPLIT,"identical dHash, different bytes (policy: near-duplicate groups stay in one split)"
mendeley-f144e601f0ae,mendeley-e50578021320,mendeley,mendeley,Bacterial Red Diseases/Grass_carp_(Ctenopharyngodon idella)/Fish_41/IMG20260212065933.jpg,Bacterial Red Diseases/Grass_carp_(Ctenopharyngodon idella)/Fish_41/IMG20260212065934.jpg,Bacterial Red Diseases,Bacterial Red Diseases,Bacterial Red Disease,Bacterial Red Disease,dhash,fefcfdd9f5f93f3f,0,NEAR_DUPLICATE,False,SAME_LABEL,KEEP_SAME_SPLIT,"identical dHash, different bytes (policy: near-duplicate groups stay in one split)"
mendeley-9d9b2fd0d7d8,mendeley-c318572b3e64,mendeley,mendeley,Bacterial Red Diseases/Grass_carp_(Ctenopharyngodon idella)/Fish_40/IMG20260212065731.jpg,Bacterial Red Diseases/Grass_carp_(Ctenopharyngodon idella)/Fish_40/IMG20260212065732.jpg,Bacterial Red Diseases,Bacterial Red Diseases,Bacterial Red Disease,Bacterial Red Disease,dhash,fefeecbdffffbf7f,0,NEAR_DUPLICATE,False,SAME_LABEL,KEEP_SAME_SPLIT,"identical dHash, different bytes (policy: near-duplicate groups stay in one split)"
mendeley-1be2abb4761a,mendeley-4cf90b9ceef3,mendeley,mendeley,Bacterial Red Diseases/Grass_carp_(Ctenopharyngodon idella)/Fish_40/IMG20260212065733.jpg,Bacterial Red Diseases/Grass_carp_(Ctenopharyngodon idella)/Fish_40/IMG20260212065733_01.jpg,Bacterial Red Diseases,Bacterial Red Diseases,Bacterial Red Disease,Bacterial Red Disease,dhash,fefeecbdffffff7f,0,NEAR_DUPLICATE,False,SAME_LABEL,KEEP_SAME_SPLIT,"identical dHash, different bytes (policy: near-duplicate groups stay in one split)"
current_freshwater-4c54656db120,current_freshwater-62774fa7aac1,current_freshwater,current_freshwater,train_split/Viral diseases White tail disease/Viral diseases White tail disease_174.jpg,train_split/Viral diseases White tail disease/Viral diseases White tail disease_aug_149.jpg,Viral diseases White tail disease,Viral diseases White tail disease,White Tail Disease,White Tail Disease,dhash,ff1f3efefe06242c,0,NEAR_DUPLICATE,False,SAME_LABEL,KEEP_SAME_SPLIT,"identical dHash, different bytes (policy: near-duplicate groups stay in one split)"
current_freshwater-8b3ee0d8d665,current_freshwater-68e20cc828c9,current_freshwater,current_freshwater,train_split/EUS/EUS_258.jpg,train_split/EUS/EUS_aug_163.jpg,EUS,EUS,EUS Disease,EUS Disease,dhash,ff9b7bd99fbcf0e4,0,NEAR_DUPLICATE,False,SAME_LABEL,KEEP_SAME_SPLIT,"identical dHash, different bytes (policy: near-duplicate groups stay in one split)"
current_freshwater-38599d4f88a0,current_freshwater-68e20cc828c9,current_freshwater,current_freshwater,train_split/EUS/EUS_aug_114.jpg,train_split/EUS/EUS_aug_163.jpg,EUS,EUS,EUS Disease,EUS Disease,dhash,ff9b7bd99fbcf0e4,0,NEAR_DUPLICATE,False,SAME_LABEL,KEEP_SAME_SPLIT,"identical dHash, different bytes (policy: near-duplicate groups stay in one split)"
current_freshwater-d5a5fc6ad642,current_freshwater-1b7071184ad7,current_freshwater,current_freshwater,train_split/EUS/EUS_108.jpg,train_split/EUS/EUS_aug_10.jpg,EUS,EUS,EUS Disease,EUS Disease,dhash,ffe3c38787472538,0,NEAR_DUPLICATE,False,SAME_LABEL,KEEP_SAME_SPLIT,"identical dHash, different bytes (policy: near-duplicate groups stay in one split)"
current_freshwater-a0a60a135314,current_freshwater-aabb5bd22ccf,current_freshwater,current_freshwater,train_split/Parasitic diseases/Parasitic diseases_44.jpg,train_split/Parasitic diseases/Parasitic diseases_aug_111.jpg,Parasitic diseases,Parasitic diseases,Parasitic Disease,Parasitic Disease,dhash,ffe7c1191891e310,0,NEAR_DUPLICATE,False,SAME_LABEL,KEEP_SAME_SPLIT,"identical dHash, different bytes (policy: near-duplicate groups stay in one split)"
current_freshwater-a0a60a135314,current_freshwater-56c10dd81645,current_freshwater,current_freshwater,train_split/Parasitic diseases/Parasitic diseases_44.jpg,train_split/Parasitic diseases/Parasitic diseases_aug_305.jpg,Parasitic diseases,Parasitic diseases,Parasitic Disease,Parasitic Disease,dhash,ffe7c1191891e310,0,NEAR_DUPLICATE,False,SAME_LABEL,KEEP_SAME_SPLIT,"identical dHash, different bytes (policy: near-duplicate groups stay in one split)"
current_freshwater-aabb5bd22ccf,current_freshwater-56c10dd81645,current_freshwater,current_freshwater,train_split/Parasitic diseases/Parasitic diseases_aug_111.jpg,train_split/Parasitic diseases/Parasitic diseases_aug_305.jpg,Parasitic diseases,Parasitic diseases,Parasitic Disease,Parasitic Disease,dhash,ffe7c1191891e310,0,NEAR_DUPLICATE,False,SAME_LABEL,KEEP_SAME_SPLIT,"identical dHash, different bytes (policy: near-duplicate groups stay in one split)"
roboflow-0731bfa565de,roboflow-a50f69475514,roboflow,roboflow,train/Fungal diseases Saprolegniasis/Fungal-diseases-Saprolegniasis-4-_jpg.rf.e03b2f8f5fbcfccc75b9999985de8f8a.jpg,train/Fungal diseases Saprolegniasis/Fungal-diseases-Saprolegniasis-7-_jpeg.rf.6353cf67706752c5539d64aada738509.jpg,Fungal diseases Saprolegniasis,Fungal diseases Saprolegniasis,Saprolegniasis,Saprolegniasis,dhash,fffe2e26b9a9fcfc,0,NEAR_DUPLICATE,False,SAME_LABEL,KEEP_SAME_SPLIT,"identical dHash, different bytes (policy: near-duplicate groups stay in one split)"
current_freshwater-14fc26bf46e3,roboflow-741f72f494f0,current_freshwater,roboflow,train_split/Healthy Fish/Healthy Fish_231.jpg,test/Healthy Fish/Healthy-Fish-74-_jpg.rf.5830ddd0b456b5c3290ac28829e5fb8f.jpg,Healthy Fish,Healthy Fish,Healthy Fish,Healthy Fish,dhash,0703070f0f07273e,0,NEAR_DUPLICATE,True,SAME_LABEL,KEEP_SAME_SPLIT,"identical dHash, different bytes (policy: near-duplicate groups stay in one split)"
roboflow-741f72f494f0,roboflow-134ee47072fa,roboflow,roboflow,test/Healthy Fish/Healthy-Fish-74-_jpg.rf.5830ddd0b456b5c3290ac28829e5fb8f.jpg,train/Healthy Fish/Healthy-Fish-20-_jpg.rf.10cf5c7f1d9ca86c6e2ed0059084ec67.jpg,Healthy Fish,Healthy Fish,Healthy Fish,Healthy Fish,dhash,0703070f0f07273e,0,NEAR_DUPLICATE,False,SAME_LABEL,KEEP_SAME_SPLIT,"identical dHash, different bytes (policy: near-duplicate groups stay in one split)"
current_freshwater-bbd3e6b93e96,current_freshwater-3f6a76c78564,current_freshwater,current_freshwater,test_split/EUS_EUS_156.jpg,train_split/Bacterial Red disease/Bacterial Red disease_21.jpg,EUS,Bacterial Red disease,EUS Disease,Bacterial Red Disease,dhash,070323190323330b,0,NEAR_DUPLICATE,False,LABEL_CONFLICT,EXCLUDE_BOTH,"identical dHash, different unified labels (policy: label-conflict groups leave the split)"
current_freshwater-bbd3e6b93e96,roboflow-556d11cfd273,current_freshwater,roboflow,test_split/EUS_EUS_156.jpg,test/Bacterial Red disease/Bacterial-Red-disease-7-_jpeg.rf.1d666a612fa8b59f6b53652808f56861.jpg,EUS,Bacterial Red disease,EUS Disease,Bacterial Red Disease,dhash,070323190323330b,0,NEAR_DUPLICATE,True,LABEL_CONFLICT,EXCLUDE_BOTH,"identical dHash, different unified labels (policy: label-conflict groups leave the split)"
current_freshwater-bbd3e6b93e96,roboflow-c98d53ae5ba3,current_freshwater,roboflow,test_split/EUS_EUS_156.jpg,train/Bacterial Red disease/Bacterial-Red-disease-3-_jpg.rf.23e52adf5a7ac46d710c6a4484f77f79.jpg,EUS,Bacterial Red disease,EUS Disease,Bacterial Red Disease,dhash,070323190323330b,0,NEAR_DUPLICATE,True,LABEL_CONFLICT,EXCLUDE_BOTH,"identical dHash, different unified labels (policy: label-conflict groups leave the split)"
current_freshwater-3f6a76c78564,roboflow-556d11cfd273,current_freshwater,roboflow,train_split/Bacterial Red disease/Bacterial Red disease_21.jpg,test/Bacterial Red disease/Bacterial-Red-disease-7-_jpeg.rf.1d666a612fa8b59f6b53652808f56861.jpg,Bacterial Red disease,Bacterial Red disease,Bacterial Red Disease,Bacterial Red Disease,dhash,070323190323330b,0,NEAR_DUPLICATE,True,SAME_LABEL,KEEP_SAME_SPLIT,"identical dHash, different bytes (policy: near-duplicate groups stay in one split)"
current_freshwater-3f6a76c78564,roboflow-c98d53ae5ba3,current_freshwater,roboflow,train_split/Bacterial Red disease/Bacterial Red disease_21.jpg,train/Bacterial Red disease/Bacterial-Red-disease-3-_jpg.rf.23e52adf5a7ac46d710c6a4484f77f79.jpg,Bacterial Red disease,Bacterial Red disease,Bacterial Red Disease,Bacterial Red Disease,dhash,070323190323330b,0,NEAR_DUPLICATE,True,SAME_LABEL,KEEP_SAME_SPLIT,"identical dHash, different bytes (policy: near-duplicate groups stay in one split)"
roboflow-556d11cfd273,roboflow-c98d53ae5ba3,roboflow,roboflow,test/Bacterial Red disease/Bacterial-Red-disease-7-_jpeg.rf.1d666a612fa8b59f6b53652808f56861.jpg,train/Bacterial Red disease/Bacterial-Red-disease-3-_jpg.rf.23e52adf5a7ac46d710c6a4484f77f79.jpg,Bacterial Red disease,Bacterial Red disease,Bacterial Red Disease,Bacterial Red Disease,dhash,070323190323330b,0,NEAR_DUPLICATE,False,SAME_LABEL,KEEP_SAME_SPLIT,"identical dHash, different bytes (policy: near-duplicate groups stay in one split)"
current_freshwater-87b3edbb2776,roboflow-29edb41c4a93,current_freshwater,roboflow,train_split/Bacterial diseases - Aeromoniasis/Bacterial diseases - Aeromoniasis_aug_13.jpg,train/Bacterial diseases - Aeromoniasis/Bacterial-diseases-Aeromoniasis-10-_jpg.rf.0e7d43cf3e0c8cf73b87abdfacf98e6b.jpg,Bacterial diseases - Aeromoniasis,Bacterial diseases - Aeromoniasis,Aeromoniasis,Aeromoniasis,dhash,0000f8eff3f1f959,0,NEAR_DUPLICATE,True,SAME_LABEL,KEEP_SAME_SPLIT,"identical dHash, different bytes (policy: near-duplicate groups stay in one split)"
current_freshwater-dedb66ee265b,kaptai-5b0b101b2904,current_freshwater,kaptai,train_split/Bacterial diseases - Aeromoniasis/Bacterial diseases - Aeromoniasis_176.jpg,EUS/EUS  (2).jpg,Bacterial diseases - Aeromoniasis,EUS,Aeromoniasis,EUS Disease,dhash,07044c4c0f1f8fc3,0,NEAR_DUPLICATE,True,LABEL_CONFLICT,EXCLUDE_BOTH,"identical dHash, different unified labels (policy: label-conflict groups leave the split)"
current_freshwater-dedb66ee265b,roboflow-6238ce8d8b36,current_freshwater,roboflow,train_split/Bacterial diseases - Aeromoniasis/Bacterial diseases - Aeromoniasis_176.jpg,train/Bacterial diseases - Aeromoniasis/Bacterial-diseases-Aeromoniasis-39-_jpg.rf.0a63210715bef67d9a0adff7bcd72bfe.jpg,Bacterial diseases - Aeromoniasis,Bacterial diseases - Aeromoniasis,Aeromoniasis,Aeromoniasis,dhash,07044c4c0f1f8fc3,0,NEAR_DUPLICATE,True,SAME_LABEL,KEEP_SAME_SPLIT,"identical dHash, different bytes (policy: near-duplicate groups stay in one split)"
kaptai-5b0b101b2904,roboflow-6238ce8d8b36,kaptai,roboflow,EUS/EUS  (2).jpg,train/Bacterial diseases - Aeromoniasis/Bacterial-diseases-Aeromoniasis-39-_jpg.rf.0a63210715bef67d9a0adff7bcd72bfe.jpg,EUS,Bacterial diseases - Aeromoniasis,EUS Disease,Aeromoniasis,dhash,07044c4c0f1f8fc3,0,NEAR_DUPLICATE,True,LABEL_CONFLICT,EXCLUDE_BOTH,"identical dHash, different unified labels (policy: label-conflict groups leave the split)"
current_freshwater-0ac2ff816c8d,current_freshwater-5fceded36786,current_freshwater,current_freshwater,train_split/Bacterial diseases - Aeromoniasis/Bacterial diseases - Aeromoniasis_aug_227.jpg,train_split/EUS/EUS_25.jpg,Bacterial diseases - Aeromoniasis,EUS,Aeromoniasis,EUS Disease,dhash,07054c4c0f1f8fc3,0,NEAR_DUPLICATE,False,LABEL_CONFLICT,EXCLUDE_BOTH,"identical dHash, different unified labels (policy: label-conflict groups leave the split)"
current_freshwater-0ac2ff816c8d,kaptai-ce780ccfe799,current_freshwater,kaptai,train_split/Bacterial diseases - Aeromoniasis/Bacterial diseases - Aeromoniasis_aug_227.jpg,Redspot/EUS  (2).jpg,Bacterial diseases - Aeromoniasis,Redspot,Aeromoniasis,,dhash,07054c4c0f1f8fc3,0,NEAR_DUPLICATE,True,UNRESOLVED_LABEL,REVIEW,"identical dHash, a label is unresolved; the match is evidence for the mapping decision"
current_freshwater-5fceded36786,kaptai-ce780ccfe799,current_freshwater,kaptai,train_split/EUS/EUS_25.jpg,Redspot/EUS  (2).jpg,EUS,Redspot,EUS Disease,,dhash,07054c4c0f1f8fc3,0,NEAR_DUPLICATE,True,UNRESOLVED_LABEL,REVIEW,"identical dHash, a label is unresolved; the match is evidence for the mapping decision"
current_freshwater-f2ed71d72da2,current_freshwater-c851cda2a956,current_freshwater,current_freshwater,train_split/Bacterial diseases - Aeromoniasis/Bacterial diseases - Aeromoniasis_47.jpg,train_split/Bacterial diseases - Aeromoniasis/Bacterial diseases - Aeromoniasis_aug_253.jpg,Bacterial diseases - Aeromoniasis,Bacterial diseases - Aeromoniasis,Aeromoniasis,Aeromoniasis,dhash,0707070702010301,0,NEAR_DUPLICATE,False,SAME_LABEL,KEEP_SAME_SPLIT,"identical dHash, different bytes (policy: near-duplicate groups stay in one split)"
current_freshwater-f2ed71d72da2,current_freshwater-a7024a326c90,current_freshwater,current_freshwater,train_split/Bacterial diseases - Aeromoniasis/Bacterial diseases - Aeromoniasis_47.jpg,train_split/Bacterial diseases - Aeromoniasis/Bacterial diseases - Aeromoniasis_aug_26.jpg,Bacterial diseases - Aeromoniasis,Bacterial diseases - Aeromoniasis,Aeromoniasis,Aeromoniasis,dhash,0707070702010301,0,NEAR_DUPLICATE,False,SAME_LABEL,KEEP_SAME_SPLIT,"identical dHash, different bytes (policy: near-duplicate groups stay in one split)"
current_freshwater-c851cda2a956,current_freshwater-a7024a326c90,current_freshwater,current_freshwater,train_split/Bacterial diseases - Aeromoniasis/Bacterial diseases - Aeromoniasis_aug_253.jpg,train_split/Bacterial diseases - Aeromoniasis/Bacterial diseases - Aeromoniasis_aug_26.jpg,Bacterial diseases - Aeromoniasis,Bacterial diseases - Aeromoniasis,Aeromoniasis,Aeromoniasis,dhash,0707070702010301,0,NEAR_DUPLICATE,False,SAME_LABEL,KEEP_SAME_SPLIT,"identical dHash, different bytes (policy: near-duplicate groups stay in one split)"
current_freshwater-caf48607b75e,current_freshwater-039c3a5253f6,current_freshwater,current_freshwater,train_split/Fungal diseases Saprolegniasis/Fungal diseases Saprolegniasis_97.jpg,train_split/Fungal diseases Saprolegniasis/Fungal diseases Saprolegniasis_aug_247.jpg,Fungal diseases Saprolegniasis,Fungal diseases Saprolegniasis,Saprolegniasis,Saprolegniasis,dhash,0707070707070707,0,NEAR_DUPLICATE,False,SAME_LABEL,KEEP_SAME_SPLIT,"identical dHash, different bytes (policy: near-duplicate groups stay in one split)"
roboflow-a90e303736ce,roboflow-94adc8c4a8ad,roboflow,roboflow,test/Healthy Fish/Healthy-Fish-164-_jpg.rf.dcd5299cfec4cc30138bae6fbc0bf6e9.jpg,train/Healthy Fish/Healthy-Fish-18-_jpeg.rf.2352064940338791195d405f21eece21.jpg,Healthy Fish,Healthy Fish,Healthy Fish,Healthy Fish,dhash,07070f0747070740,0,NEAR_DUPLICATE,False,SAME_LABEL,KEEP_SAME_SPLIT,"identical dHash, different bytes (policy: near-duplicate groups stay in one split)"
current_freshwater-b13e6ae46617,current_freshwater-4dacd7504b68,current_freshwater,current_freshwater,train_split/Viral diseases White tail disease/Viral diseases White tail disease_aug_127.jpg,train_split/Viral diseases White tail disease/Viral diseases White tail disease_aug_63.jpg,Viral diseases White tail disease,Viral diseases White tail disease,White Tail Disease,White Tail Disease,dhash,0707471f0e06060f,0,NEAR_DUPLICATE,False,SAME_LABEL,KEEP_SAME_SPLIT,"identical dHash, different bytes (policy: near-duplicate groups stay in one split)"
current_freshwater-f30583655a8b,current_freshwater-484132ab543a,current_freshwater,current_freshwater,train_split/Bacterial Red disease/Bacterial Red disease_136.jpg,train_split/Bacterial Red disease/Bacterial Red disease_aug_31.jpg,Bacterial Red disease,Bacterial Red disease,Bacterial Red Disease,Bacterial Red Disease,dhash,07078303a4250706,0,NEAR_DUPLICATE,False,SAME_LABEL,KEEP_SAME_SPLIT,"identical dHash, different bytes (policy: near-duplicate groups stay in one split)"
current_freshwater-dd43ca01f619,current_freshwater-c42c6ced282f,current_freshwater,current_freshwater,train_split/Viral diseases White tail disease/Viral diseases White tail disease_169.jpg,train_split/Viral diseases White tail disease/Viral diseases White tail disease_aug_165.jpg,Viral diseases White tail disease,Viral diseases White tail disease,White Tail Disease,White Tail Disease,dhash,0001682022363c30,0,NEAR_DUPLICATE,False,SAME_LABEL,KEEP_SAME_SPLIT,"identical dHash, different bytes (policy: near-duplicate groups stay in one split)"
current_freshwater-dd43ca01f619,current_freshwater-1835aa43d388,current_freshwater,current_freshwater,train_split/Viral diseases White tail disease/Viral diseases White tail disease_169.jpg,train_split/Viral diseases White tail disease/Viral diseases White tail disease_aug_249.jpg,Viral diseases White tail disease,Viral diseases White tail disease,White Tail Disease,White Tail Disease,dhash,0001682022363c30,0,NEAR_DUPLICATE,False,SAME_LABEL,KEEP_SAME_SPLIT,"identical dHash, different bytes (policy: near-duplicate groups stay in one split)"
current_freshwater-b6dbedb02a94,current_freshwater-65cd21993873,current_freshwater,current_freshwater,train_split/Viral diseases White tail disease/Viral diseases White tail disease_122.jpg,train_split/Viral diseases White tail disease/Viral diseases White tail disease_aug_128.jpg,Viral diseases White tail disease,Viral diseases White tail disease,White Tail Disease,White Tail Disease,dhash,070f8787139b3484,0,NEAR_DUPLICATE,False,SAME_LABEL,KEEP_SAME_SPLIT,"identical dHash, different bytes (policy: near-duplicate groups stay in one split)"
current_freshwater-b6dbedb02a94,current_freshwater-ddff2b09aea5,current_freshwater,current_freshwater,train_split/Viral diseases White tail disease/Viral diseases White tail disease_122.jpg,train_split/Viral diseases White tail disease/Viral diseases White tail disease_aug_178.jpg,Viral diseases White tail disease,Viral diseases White tail disease,White Tail Disease,White Tail Disease,dhash,070f8787139b3484,0,NEAR_DUPLICATE,False,SAME_LABEL,KEEP_SAME_SPLIT,"identical dHash, different bytes (policy: near-duplicate groups stay in one split)"
current_freshwater-3028dfc64267,current_freshwater-74b82ebe1c0d,current_freshwater,current_freshwater,train_split/EUS/EUS_164.jpg,train_split/EUS/EUS_aug_178.jpg,EUS,EUS,EUS Disease,EUS Disease,dhash,070f8f8f27870f0f,0,NEAR_DUPLICATE,False,SAME_LABEL,KEEP_SAME_SPLIT,"identical dHash, different bytes (policy: near-duplicate groups stay in one split)"
current_freshwater-c487d9a9ae2e,roboflow-9bdeee971808,current_freshwater,roboflow,train_split/Bacterial diseases - Aeromoniasis/Bacterial diseases - Aeromoniasis_59.jpg,train/Bacterial diseases - Aeromoniasis/Bacterial-diseases-Aeromoniasis-16-_jpg.rf.b2cd85d254649e56b1b03ef5c6f9e43f.jpg,Bacterial diseases - Aeromoniasis,Bacterial diseases - Aeromoniasis,Aeromoniasis,Aeromoniasis,dhash,071777e2c8b0b0b0,0,NEAR_DUPLICATE,True,SAME_LABEL,KEEP_SAME_SPLIT,"identical dHash, different bytes (policy: near-duplicate groups stay in one split)"
current_freshwater-6a12199c112f,current_freshwater-caa473448586,current_freshwater,current_freshwater,train_split/Healthy Fish/Healthy Fish_185.jpg,train_split/Healthy Fish/Healthy Fish_315.jpg,Healthy Fish,Healthy Fish,Healthy Fish,Healthy Fish,dhash,071f1b131b182070,0,NEAR_DUPLICATE,False,SAME_LABEL,KEEP_SAME_SPLIT,"identical dHash, different bytes (policy: near-duplicate groups stay in one split)"
current_freshwater-6a12199c112f,roboflow-05c70f46a3cf,current_freshwater,roboflow,train_split/Healthy Fish/Healthy Fish_185.jpg,train/Healthy Fish/Healthy-Fish-4-_jpg.rf.f2be1a448c2c7f6976a6117a84a02dca.jpg,Healthy Fish,Healthy Fish,Healthy Fish,Healthy Fish,dhash,071f1b131b182070,0,NEAR_DUPLICATE,True,SAME_LABEL,KEEP_SAME_SPLIT,"identical dHash, different bytes (policy: near-duplicate groups stay in one split)"
current_freshwater-caa473448586,roboflow-299ca4d1f18e,current_freshwater,roboflow,train_split/Healthy Fish/Healthy Fish_315.jpg,train/Healthy Fish/Healthy-Fish-139-_jpg.rf.3069c36dde3f174cdbcbfd8e26d167ba.jpg,Healthy Fish,Healthy Fish,Healthy Fish,Healthy Fish,dhash,071f1b131b182070,0,NEAR_DUPLICATE,True,SAME_LABEL,KEEP_SAME_SPLIT,"identical dHash, different bytes (policy: near-duplicate groups stay in one split)"
roboflow-299ca4d1f18e,roboflow-05c70f46a3cf,roboflow,roboflow,train/Healthy Fish/Healthy-Fish-139-_jpg.rf.3069c36dde3f174cdbcbfd8e26d167ba.jpg,train/Healthy Fish/Healthy-Fish-4-_jpg.rf.f2be1a448c2c7f6976a6117a84a02dca.jpg,Healthy Fish,Healthy Fish,Healthy Fish,Healthy Fish,dhash,071f1b131b182070,0,NEAR_DUPLICATE,False,SAME_LABEL,KEEP_SAME_SPLIT,"identical dHash, different bytes (policy: near-duplicate groups stay in one split)"
current_freshwater-f01d5f9cd1d3,current_freshwater-f49b22685351,current_freshwater,current_freshwater,train_split/Healthy Fish/Healthy Fish_155.jpg,train_split/Healthy Fish/Healthy Fish_aug_44.jpg,Healthy Fish,Healthy Fish,Healthy Fish,Healthy Fish,dhash,0727e0d89eea6d07,0,NEAR_DUPLICATE,False,SAME_LABEL,KEEP_SAME_SPLIT,"identical dHash, different bytes (policy: near-duplicate groups stay in one split)"
current_freshwater-636b18e22e6d,current_freshwater-910cfedfc7ce,current_freshwater,current_freshwater,train_split/Bacterial gill disease/Bacterial gill disease_263.jpg,train_split/Bacterial gill disease/Bacterial gill disease_aug_86.jpg,Bacterial gill disease,Bacterial gill disease,Bacterial Gill Disease,Bacterial Gill Disease,dhash,0783100c2466623f,0,NEAR_DUPLICATE,False,SAME_LABEL,KEEP_SAME_SPLIT,"identical dHash, different bytes (policy: near-duplicate groups stay in one split)"
current_freshwater-10227333af0f,current_freshwater-e7418efcea73,current_freshwater,current_freshwater,train_split/Viral diseases White tail disease/Viral diseases White tail disease_54.jpg,train_split/Viral diseases White tail disease/Viral diseases White tail disease_aug_76.jpg,Viral diseases White tail disease,Viral diseases White tail disease,White Tail Disease,White Tail Disease,dhash,07c1c141c1c1f23f,0,NEAR_DUPLICATE,False,SAME_LABEL,KEEP_SAME_SPLIT,"identical dHash, different bytes (policy: near-duplicate groups stay in one split)"
current_freshwater-10227333af0f,kaptai-33e433080b03,current_freshwater,kaptai,train_split/Viral diseases White tail disease/Viral diseases White tail disease_54.jpg,Tail And Fin Rot/download (6).jpg,Viral diseases White tail disease,Tail And Fin Rot,White Tail Disease,,dhash,07c1c141c1c1f23f,0,NEAR_DUPLICATE,True,UNRESOLVED_LABEL,REVIEW,"identical dHash, a label is unresolved; the match is evidence for the mapping decision"
current_freshwater-10227333af0f,roboflow-edfe2550d2d1,current_freshwater,roboflow,train_split/Viral diseases White tail disease/Viral diseases White tail disease_54.jpg,train/Viral diseases White tail disease/Viral-diseases-White-tail-disease-6-_jpg.rf.aa44e5cce13b7b629e6d099d6ebfee70.jpg,Viral diseases White tail disease,Viral diseases White tail disease,White Tail Disease,White Tail Disease,dhash,07c1c141c1c1f23f,0,NEAR_DUPLICATE,True,SAME_LABEL,KEEP_SAME_SPLIT,"identical dHash, different bytes (policy: near-duplicate groups stay in one split)"
current_freshwater-e7418efcea73,kaptai-33e433080b03,current_freshwater,kaptai,train_split/Viral diseases White tail disease/Viral diseases White tail disease_aug_76.jpg,Tail And Fin Rot/download (6).jpg,Viral diseases White tail disease,Tail And Fin Rot,White Tail Disease,,dhash,07c1c141c1c1f23f,0,NEAR_DUPLICATE,True,UNRESOLVED_LABEL,REVIEW,"identical dHash, a label is unresolved; the match is evidence for the mapping decision"
current_freshwater-e7418efcea73,roboflow-edfe2550d2d1,current_freshwater,roboflow,train_split/Viral diseases White tail disease/Viral diseases White tail disease_aug_76.jpg,train/Viral diseases White tail disease/Viral-diseases-White-tail-disease-6-_jpg.rf.aa44e5cce13b7b629e6d099d6ebfee70.jpg,Viral diseases White tail disease,Viral diseases White tail disease,White Tail Disease,White Tail Disease,dhash,07c1c141c1c1f23f,0,NEAR_DUPLICATE,True,SAME_LABEL,KEEP_SAME_SPLIT,"identical dHash, different bytes (policy: near-duplicate groups stay in one split)"
kaptai-33e433080b03,roboflow-edfe2550d2d1,kaptai,roboflow,Tail And Fin Rot/download (6).jpg,train/Viral diseases White tail disease/Viral-diseases-White-tail-disease-6-_jpg.rf.aa44e5cce13b7b629e6d099d6ebfee70.jpg,Tail And Fin Rot,Viral diseases White tail disease,,White Tail Disease,dhash,07c1c141c1c1f23f,0,NEAR_DUPLICATE,True,UNRESOLVED_LABEL,REVIEW,"identical dHash, a label is unresolved; the match is evidence for the mapping decision"
current_freshwater-5b5f26b9c082,current_freshwater-178fbc4899fd,current_freshwater,current_freshwater,test_split/EUS_EUS_224.jpg,train_split/EUS/EUS_aug_189.jpg,EUS,EUS,EUS Disease,EUS Disease,dhash,07cf0d3d3f0f3d3f,0,NEAR_DUPLICATE,False,SAME_LABEL,KEEP_SAME_SPLIT,"identical dHash, different bytes (policy: near-duplicate groups stay in one split)"
current_freshwater-0282a95e3965,current_freshwater-6d84823aca39,current_freshwater,current_freshwater,train_split/Bacterial diseases - Aeromoniasis/Bacterial diseases - Aeromoniasis_32.jpg,train_split/Bacterial diseases - Aeromoniasis/Bacterial diseases - Aeromoniasis_aug_122.jpg,Bacterial diseases - Aeromoniasis,Bacterial diseases - Aeromoniasis,Aeromoniasis,Aeromoniasis,dhash,07e1242c9892e370,0,NEAR_DUPLICATE,False,SAME_LABEL,KEEP_SAME_SPLIT,"identical dHash, different bytes (policy: near-duplicate groups stay in one split)"
current_freshwater-01110cea3aa0,current_freshwater-95cd8cd18487,current_freshwater,current_freshwater,train_split/Bacterial gill disease/Bacterial gill disease_199.jpg,train_split/Bacterial gill disease/Bacterial gill disease_aug_44.jpg,Bacterial gill disease,Bacterial gill disease,Bacterial Gill Disease,Bacterial Gill Disease,dhash,0808060707230301,0,NEAR_DUPLICATE,False,SAME_LABEL,KEEP_SAME_SPLIT,"identical dHash, different bytes (policy: near-duplicate groups stay in one split)"
current_freshwater-3d2602588846,current_freshwater-5adbd63af5ff,current_freshwater,current_freshwater,train_split/Viral diseases White tail disease/Viral diseases White tail disease_41.jpg,train_split/Viral diseases White tail disease/Viral diseases White tail disease_aug_17.jpg,Viral diseases White tail disease,Viral diseases White tail disease,White Tail Disease,White Tail Disease,dhash,0810000080e03010,0,NEAR_DUPLICATE,False,SAME_LABEL,KEEP_SAME_SPLIT,"identical dHash, different bytes (policy: near-duplicate groups stay in one split)"
current_freshwater-62d7e0871bc1,current_freshwater-8e3321f4fe34,current_freshwater,current_freshwater,train_split/Parasitic diseases/Parasitic diseases_171.jpg,train_split/Parasitic diseases/Parasitic diseases_aug_265.jpg,Parasitic diseases,Parasitic diseases,Parasitic Disease,Parasitic Disease,dhash,09010181c5fd1913,0,NEAR_DUPLICATE,False,SAME_LABEL,KEEP_SAME_SPLIT,"identical dHash, different bytes (policy: near-duplicate groups stay in one split)"
current_freshwater-55bf064aa536,current_freshwater-ab7c4f8f2f18,current_freshwater,current_freshwater,train_split/Healthy Fish/Healthy Fish_43.jpg,train_split/Healthy Fish/Healthy Fish_aug_89.jpg,Healthy Fish,Healthy Fish,Healthy Fish,Healthy Fish,dhash,0909191919191313,0,NEAR_DUPLICATE,False,SAME_LABEL,KEEP_SAME_SPLIT,"identical dHash, different bytes (policy: near-duplicate groups stay in one split)"
current_freshwater-8db4f33767e3,current_freshwater-e7215f08d64c,current_freshwater,current_freshwater,test_split/Parasitic diseases_Parasitic diseases_40.jpg,train_split/Parasitic diseases/Parasitic diseases_aug_322.jpg,Parasitic diseases,Parasitic diseases,Parasitic Disease,Parasitic Disease,dhash,090c3e63631b1c3b,0,NEAR_DUPLICATE,False,SAME_LABEL,KEEP_SAME_SPLIT,"identical dHash, different bytes (policy: near-duplicate groups stay in one split)"
current_freshwater-848bc3828479,current_freshwater-6b74b92de935,current_freshwater,current_freshwater,train_split/EUS/EUS_298.jpg,train_split/EUS/EUS_aug_202.jpg,EUS,EUS,EUS Disease,EUS Disease,dhash,091909103032969e,0,NEAR_DUPLICATE,False,SAME_LABEL,KEEP_SAME_SPLIT,"identical dHash, different bytes (policy: near-duplicate groups stay in one split)"
current_freshwater-7bbf1532bbfa,current_freshwater-fb36ff47563c,current_freshwater,current_freshwater,test_split/Parasitic diseases_Parasitic diseases_16.jpg,train_split/Parasitic diseases/Parasitic diseases_aug_270.jpg,Parasitic diseases,Parasitic diseases,Parasitic Disease,Parasitic Disease,dhash,0a0f1d3c0c000101,0,NEAR_DUPLICATE,False,SAME_LABEL,KEEP_SAME_SPLIT,"identical dHash, different bytes (policy: near-duplicate groups stay in one split)"
mendeley-afa4e771c9c6,mendeley-47ebbb2f7845,mendeley,mendeley,Bacterial Red Diseases/Rui_(Labeo rohita)/Fish_53/IMG20260212070525.jpg,Bacterial Red Diseases/Rui_(Labeo rohita)/Fish_53/IMG20260212070527.jpg,Bacterial Red Diseases,Bacterial Red Diseases,Bacterial Red Disease,Bacterial Red Disease,dhash,0a63665c78f0c10b,0,NEAR_DUPLICATE,False,SAME_LABEL,KEEP_SAME_SPLIT,"identical dHash, different bytes (policy: near-duplicate groups stay in one split)"
current_freshwater-181f7bed59d9,kaptai-adf6c189e03c,current_freshwater,kaptai,train_split/Bacterial Red disease/Bacterial Red disease_80.jpg,Argulus/argulus (6).jpg,Bacterial Red disease,Argulus,Bacterial Red Disease,,dhash,0b03030b1f376848,0,NEAR_DUPLICATE,True,UNRESOLVED_LABEL,REVIEW,"identical dHash, a label is unresolved; the match is evidence for the mapping decision"
current_freshwater-181f7bed59d9,roboflow-5de661fd8a2d,current_freshwater,roboflow,train_split/Bacterial Red disease/Bacterial Red disease_80.jpg,train/Bacterial Red disease/Bacterial-Red-disease-9-_jpg.rf.68a4edab3bd61541d2a0868819b6709f.jpg,Bacterial Red disease,Bacterial Red disease,Bacterial Red Disease,Bacterial Red Disease,dhash,0b03030b1f376848,0,NEAR_DUPLICATE,True,SAME_LABEL,KEEP_SAME_SPLIT,"identical dHash, different bytes (policy: near-duplicate groups stay in one split)"
kaptai-adf6c189e03c,roboflow-5de661fd8a2d,kaptai,roboflow,Argulus/argulus (6).jpg,train/Bacterial Red disease/Bacterial-Red-disease-9-_jpg.rf.68a4edab3bd61541d2a0868819b6709f.jpg,Argulus,Bacterial Red disease,,Bacterial Red Disease,dhash,0b03030b1f376848,0,NEAR_DUPLICATE,True,UNRESOLVED_LABEL,REVIEW,"identical dHash, a label is unresolved; the match is evidence for the mapping decision"
current_freshwater-36d8d07f1b79,current_freshwater-0599ccb117f5,current_freshwater,current_freshwater,train_split/Parasitic diseases/Parasitic diseases_aug_202.jpg,train_split/Parasitic diseases/Parasitic diseases_aug_240.jpg,Parasitic diseases,Parasitic diseases,Parasitic Disease,Parasitic Disease,dhash,0b031303070e0e43,0,NEAR_DUPLICATE,False,SAME_LABEL,KEEP_SAME_SPLIT,"identical dHash, different bytes (policy: near-duplicate groups stay in one split)"
current_freshwater-1cf39cfee17d,roboflow-1edeaf6c1255,current_freshwater,roboflow,train_split/Bacterial Red disease/Bacterial Red disease_32.png,train/Bacterial Red disease/Bacterial-Red-disease-4-_png.rf.fa890dce2ea7abf6902b5c3de6929fce.jpg,Bacterial Red disease,Bacterial Red disease,Bacterial Red Disease,Bacterial Red Disease,dhash,0b0e668c3c7461ed,0,NEAR_DUPLICATE,True,SAME_LABEL,KEEP_SAME_SPLIT,"identical dHash, different bytes (policy: near-duplicate groups stay in one split)"
current_freshwater-29d42910f061,current_freshwater-b1498d93d267,current_freshwater,current_freshwater,test_split/Fungal diseases Saprolegniasis_Fungal diseases Saprolegniasis_53.jpg,train_split/Fungal diseases Saprolegniasis/Fungal diseases Saprolegniasis_aug_310.jpg,Fungal diseases Saprolegniasis,Fungal diseases Saprolegniasis,Saprolegniasis,Saprolegniasis,dhash,0b0e8d8f0e0f0f8f,0,NEAR_DUPLICATE,False,SAME_LABEL,KEEP_SAME_SPLIT,"identical dHash, different bytes (policy: near-duplicate groups stay in one split)"
current_freshwater-e963b9d72350,current_freshwater-0cc6a2a28c8c,current_freshwater,current_freshwater,train_split/Healthy Fish/Healthy Fish_157.jpg,train_split/Healthy Fish/Healthy Fish_aug_40.jpg,Healthy Fish,Healthy Fish,Healthy Fish,Healthy Fish,dhash,0b27e0d89eea6d07,0,NEAR_DUPLICATE,False,SAME_LABEL,KEEP_SAME_SPLIT,"identical dHash, different bytes (policy: near-duplicate groups stay in one split)"
current_freshwater-00dab06a9a2d,current_freshwater-f51df9519ca3,current_freshwater,current_freshwater,train_split/Viral diseases White tail disease/Viral diseases White tail disease_aug_119.jpg,train_split/Viral diseases White tail disease/Viral diseases White tail disease_aug_20.jpg,Viral diseases White tail disease,Viral diseases White tail disease,White Tail Disease,White Tail Disease,dhash,0b3bc10f232b0e84,0,NEAR_DUPLICATE,False,SAME_LABEL,KEEP_SAME_SPLIT,"identical dHash, different bytes (policy: near-duplicate groups stay in one split)"
current_freshwater-a8017eed87b1,current_freshwater-f11be1e832aa,current_freshwater,current_freshwater,train_split/Fungal diseases Saprolegniasis/Fungal diseases Saprolegniasis_16.jpg,train_split/Fungal diseases Saprolegniasis/Fungal diseases Saprolegniasis_aug_305.jpg,Fungal diseases Saprolegniasis,Fungal diseases Saprolegniasis,Saprolegniasis,Saprolegniasis,dhash,0b9bbbc3cf1b0f0f,0,NEAR_DUPLICATE,False,SAME_LABEL,KEEP_SAME_SPLIT,"identical dHash, different bytes (policy: near-duplicate groups stay in one split)"
mendeley-b61a255dd0b7,mendeley-5d83b92d0a15,mendeley,mendeley,Bacterial Red Diseases/Rui_(Labeo rohita)/Fish_52/IMG20260212070207.jpg,Bacterial Red Diseases/Rui_(Labeo rohita)/Fish_52/IMG20260212070208.jpg,Bacterial Red Diseases,Bacterial Red Diseases,Bacterial Red Disease,Bacterial Red Disease,dhash,0baab2b393d39b98,0,NEAR_DUPLICATE,False,SAME_LABEL,KEEP_SAME_SPLIT,"identical dHash, different bytes (policy: near-duplicate groups stay in one split)"
mendeley-b61a255dd0b7,mendeley-4999408159fb,mendeley,mendeley,Bacterial Red Diseases/Rui_(Labeo rohita)/Fish_52/IMG20260212070207.jpg,Bacterial Red Diseases/Rui_(Labeo rohita)/Fish_52/IMG20260212070209.jpg,Bacterial Red Diseases,Bacterial Red Diseases,Bacterial Red Disease,Bacterial Red Disease,dhash,0baab2b393d39b98,0,NEAR_DUPLICATE,False,SAME_LABEL,KEEP_SAME_SPLIT,"identical dHash, different bytes (policy: near-duplicate groups stay in one split)"
mendeley-5d83b92d0a15,mendeley-4999408159fb,mendeley,mendeley,Bacterial Red Diseases/Rui_(Labeo rohita)/Fish_52/IMG20260212070208.jpg,Bacterial Red Diseases/Rui_(Labeo rohita)/Fish_52/IMG20260212070209.jpg,Bacterial Red Diseases,Bacterial Red Diseases,Bacterial Red Disease,Bacterial Red Disease,dhash,0baab2b393d39b98,0,NEAR_DUPLICATE,False,SAME_LABEL,KEEP_SAME_SPLIT,"identical dHash, different bytes (policy: near-duplicate groups stay in one split)"
current_freshwater-12651be163fb,current_freshwater-33f36c18e896,current_freshwater,current_freshwater,test_split/Bacterial Red disease_Bacterial Red disease_221.jpg,train_split/Bacterial Red disease/Bacterial Red disease_aug_200.jpg,Bacterial Red disease,Bacterial Red disease,Bacterial Red Disease,Bacterial Red Disease,dhash,000f0c191b87c337,0,NEAR_DUPLICATE,False,SAME_LABEL,KEEP_SAME_SPLIT,"identical dHash, different bytes (policy: near-duplicate groups stay in one split)"
current_freshwater-12651be163fb,current_freshwater-97f78bcf7d64,current_freshwater,current_freshwater,test_split/Bacterial Red disease_Bacterial Red disease_221.jpg,train_split/Bacterial Red disease/Bacterial Red disease_aug_258.jpg,Bacterial Red disease,Bacterial Red disease,Bacterial Red Disease,Bacterial Red Disease,dhash,000f0c191b87c337,0,NEAR_DUPLICATE,False,SAME_LABEL,KEEP_SAME_SPLIT,"identical dHash, different bytes (policy: near-duplicate groups stay in one split)"
current_freshwater-0561f7c7c455,kaptai-65cbe9d0cb31,current_freshwater,kaptai,train_split/Healthy Fish/Healthy Fish_415.jpg,Healthy Fish/healthy (10).jpg,Healthy Fish,Healthy Fish,Healthy Fish,Healthy Fish,dhash,0c06470707070c06,0,NEAR_DUPLICATE,True,SAME_LABEL,KEEP_SAME_SPLIT,"identical dHash, different bytes (policy: near-duplicate groups stay in one split)"
current_freshwater-d1ba5b7c65fb,current_freshwater-b50c1a3d91bd,current_freshwater,current_freshwater,train_split/Viral diseases White tail disease/Viral diseases White tail disease_aug_148.jpg,train_split/Viral diseases White tail disease/Viral diseases White tail disease_aug_238.jpg,Viral diseases White tail disease,Viral diseases White tail disease,White Tail Disease,White Tail Disease,dhash,0c0c60e8accc6c6c,0,NEAR_DUPLICATE,False,SAME_LABEL,KEEP_SAME_SPLIT,"identical dHash, different bytes (policy: near-duplicate groups stay in one split)"
current_freshwater-42497a441069,current_freshwater-448e9ce98586,current_freshwater,current_freshwater,train_split/Fungal diseases Saprolegniasis/Fungal diseases Saprolegniasis_142.jpg,train_split/Fungal diseases Saprolegniasis/Fungal diseases Saprolegniasis_aug_140.jpg,Fungal diseases Saprolegniasis,Fungal diseases Saprolegniasis,Saprolegniasis,Saprolegniasis,dhash,0c0e0f070146c041,0,NEAR_DUPLICATE,False,SAME_LABEL,KEEP_SAME_SPLIT,"identical dHash, different bytes (policy: near-duplicate groups stay in one split)"
current_freshwater-8f38ccadd7ab,current_freshwater-20e93ab647c9,current_freshwater,current_freshwater,train_split/Bacterial gill disease/Bacterial gill disease_44.jpg,train_split/Bacterial gill disease/Bacterial gill disease_aug_122.jpg,Bacterial gill disease,Bacterial gill disease,Bacterial Gill Disease,Bacterial Gill Disease,dhash,0c3cf0d0d8f8f8fa,0,NEAR_DUPLICATE,False,SAME_LABEL,KEEP_SAME_SPLIT,"identical dHash, different bytes (policy: near-duplicate groups stay in one split)"
current_freshwater-8f38ccadd7ab,roboflow-6105fd3b3338,current_freshwater,roboflow,train_split/Bacterial gill disease/Bacterial gill disease_44.jpg,train/Bacterial gill disease/Bacterial-gill-disease-4-_jpg.rf.21cc61b80a31dd071b85f7e5f64b1e20.jpg,Bacterial gill disease,Bacterial gill disease,Bacterial Gill Disease,Bacterial Gill Disease,dhash,0c3cf0d0d8f8f8fa,0,NEAR_DUPLICATE,True,SAME_LABEL,KEEP_SAME_SPLIT,"identical dHash, different bytes (policy: near-duplicate groups stay in one split)"
current_freshwater-20e93ab647c9,roboflow-6105fd3b3338,current_freshwater,roboflow,train_split/Bacterial gill disease/Bacterial gill disease_aug_122.jpg,train/Bacterial gill disease/Bacterial-gill-disease-4-_jpg.rf.21cc61b80a31dd071b85f7e5f64b1e20.jpg,Bacterial gill disease,Bacterial gill disease,Bacterial Gill Disease,Bacterial Gill Disease,dhash,0c3cf0d0d8f8f8fa,0,NEAR_DUPLICATE,True,SAME_LABEL,KEEP_SAME_SPLIT,"identical dHash, different bytes (policy: near-duplicate groups stay in one split)"
current_freshwater-491e411c56ce,current_freshwater-eb7eeeed6771,current_freshwater,current_freshwater,test_split/Bacterial diseases - Aeromoniasis_Bacterial diseases - Aeromoniasis_138.jpg,train_split/Bacterial diseases - Aeromoniasis/Bacterial diseases - Aeromoniasis_aug_76.jpg,Bacterial diseases - Aeromoniasis,Bacterial diseases - Aeromoniasis,Aeromoniasis,Aeromoniasis,dhash,0c3cf191192ce660,0,NEAR_DUPLICATE,False,SAME_LABEL,KEEP_SAME_SPLIT,"identical dHash, different bytes (policy: near-duplicate groups stay in one split)"
current_freshwater-491e411c56ce,paper_dataset-c7e464e21b90,current_freshwater,paper_dataset,test_split/Bacterial diseases - Aeromoniasis_Bacterial diseases - Aeromoniasis_138.jpg,InfectedFish/infected_198.png,Bacterial diseases - Aeromoniasis,InfectedFish,Aeromoniasis,,dhash,0c3cf191192ce660,0,NEAR_DUPLICATE,True,UNRESOLVED_LABEL,REVIEW,"identical dHash, a label is unresolved; the match is evidence for the mapping decision"
current_freshwater-491e411c56ce,roboflow-035c7bd038e8,current_freshwater,roboflow,test_split/Bacterial diseases - Aeromoniasis_Bacterial diseases - Aeromoniasis_138.jpg,valid/Bacterial diseases - Aeromoniasis/Bacterial-diseases-Aeromoniasis-23-_jpg.rf.11b35ea9442cb572b7e78e98688f5a96.jpg,Bacterial diseases - Aeromoniasis,Bacterial diseases - Aeromoniasis,Aeromoniasis,Aeromoniasis,dhash,0c3cf191192ce660,0,NEAR_DUPLICATE,True,SAME_LABEL,KEEP_SAME_SPLIT,"identical dHash, different bytes (policy: near-duplicate groups stay in one split)"
current_freshwater-eb7eeeed6771,paper_dataset-c7e464e21b90,current_freshwater,paper_dataset,train_split/Bacterial diseases - Aeromoniasis/Bacterial diseases - Aeromoniasis_aug_76.jpg,InfectedFish/infected_198.png,Bacterial diseases - Aeromoniasis,InfectedFish,Aeromoniasis,,dhash,0c3cf191192ce660,0,NEAR_DUPLICATE,True,UNRESOLVED_LABEL,REVIEW,"identical dHash, a label is unresolved; the match is evidence for the mapping decision"
current_freshwater-eb7eeeed6771,roboflow-035c7bd038e8,current_freshwater,roboflow,train_split/Bacterial diseases - Aeromoniasis/Bacterial diseases - Aeromoniasis_aug_76.jpg,valid/Bacterial diseases - Aeromoniasis/Bacterial-diseases-Aeromoniasis-23-_jpg.rf.11b35ea9442cb572b7e78e98688f5a96.jpg,Bacterial diseases - Aeromoniasis,Bacterial diseases - Aeromoniasis,Aeromoniasis,Aeromoniasis,dhash,0c3cf191192ce660,0,NEAR_DUPLICATE,True,SAME_LABEL,KEEP_SAME_SPLIT,"identical dHash, different bytes (policy: near-duplicate groups stay in one split)"
paper_dataset-c7e464e21b90,roboflow-035c7bd038e8,paper_dataset,roboflow,InfectedFish/infected_198.png,valid/Bacterial diseases - Aeromoniasis/Bacterial-diseases-Aeromoniasis-23-_jpg.rf.11b35ea9442cb572b7e78e98688f5a96.jpg,InfectedFish,Bacterial diseases - Aeromoniasis,,Aeromoniasis,dhash,0c3cf191192ce660,0,NEAR_DUPLICATE,True,UNRESOLVED_LABEL,REVIEW,"identical dHash, a label is unresolved; the match is evidence for the mapping decision"
current_freshwater-777a666eb003,current_freshwater-3784f17606e9,current_freshwater,current_freshwater,test_split/Bacterial Red disease_Bacterial Red disease_65.jpg,train_split/Bacterial Red disease/Bacterial Red disease_aug_121.jpg,Bacterial Red disease,Bacterial Red disease,Bacterial Red Disease,Bacterial Red Disease,dhash,0c998b2b3b1f1830,0,NEAR_DUPLICATE,False,SAME_LABEL,KEEP_SAME_SPLIT,"identical dHash, different bytes (policy: near-duplicate groups stay in one split)"
current_freshwater-5f1dafd59c00,current_freshwater-08d38c3bbecd,current_freshwater,current_freshwater,train_split/Fungal diseases Saprolegniasis/Fungal diseases Saprolegniasis_34.jpg,train_split/Fungal diseases Saprolegniasis/Fungal diseases Saprolegniasis_aug_121.jpg,Fungal diseases Saprolegniasis,Fungal diseases Saprolegniasis,Saprolegniasis,Saprolegniasis,dhash,0c9c1e0f2e1e8ce8,0,NEAR_DUPLICATE,False,SAME_LABEL,KEEP_SAME_SPLIT,"identical dHash, different bytes (policy: near-duplicate groups stay in one split)"
current_freshwater-5f1dafd59c00,current_freshwater-1605380c75a1,current_freshwater,current_freshwater,train_split/Fungal diseases Saprolegniasis/Fungal diseases Saprolegniasis_34.jpg,train_split/Fungal diseases Saprolegniasis/Fungal diseases Saprolegniasis_aug_228.jpg,Fungal diseases Saprolegniasis,Fungal diseases Saprolegniasis,Saprolegniasis,Saprolegniasis,dhash,0c9c1e0f2e1e8ce8,0,NEAR_DUPLICATE,False,SAME_LABEL,KEEP_SAME_SPLIT,"identical dHash, different bytes (policy: near-duplicate groups stay in one split)"
current_freshwater-5f1dafd59c00,roboflow-0ffbb479e066,current_freshwater,roboflow,train_split/Fungal diseases Saprolegniasis/Fungal diseases Saprolegniasis_34.jpg,train/Fungal diseases Saprolegniasis/Fungal-diseases-Saprolegniasis-23-_jpg.rf.163b2caa2b9b0aab7cecf81daee2b788.jpg,Fungal diseases Saprolegniasis,Fungal diseases Saprolegniasis,Saprolegniasis,Saprolegniasis,dhash,0c9c1e0f2e1e8ce8,0,NEAR_DUPLICATE,True,SAME_LABEL,KEEP_SAME_SPLIT,"identical dHash, different bytes (policy: near-duplicate groups stay in one split)"
current_freshwater-08d38c3bbecd,current_freshwater-1605380c75a1,current_freshwater,current_freshwater,train_split/Fungal diseases Saprolegniasis/Fungal diseases Saprolegniasis_aug_121.jpg,train_split/Fungal diseases Saprolegniasis/Fungal diseases Saprolegniasis_aug_228.jpg,Fungal diseases Saprolegniasis,Fungal diseases Saprolegniasis,Saprolegniasis,Saprolegniasis,dhash,0c9c1e0f2e1e8ce8,0,NEAR_DUPLICATE,False,SAME_LABEL,KEEP_SAME_SPLIT,"identical dHash, different bytes (policy: near-duplicate groups stay in one split)"
current_freshwater-08d38c3bbecd,roboflow-0ffbb479e066,current_freshwater,roboflow,train_split/Fungal diseases Saprolegniasis/Fungal diseases Saprolegniasis_aug_121.jpg,train/Fungal diseases Saprolegniasis/Fungal-diseases-Saprolegniasis-23-_jpg.rf.163b2caa2b9b0aab7cecf81daee2b788.jpg,Fungal diseases Saprolegniasis,Fungal diseases Saprolegniasis,Saprolegniasis,Saprolegniasis,dhash,0c9c1e0f2e1e8ce8,0,NEAR_DUPLICATE,True,SAME_LABEL,KEEP_SAME_SPLIT,"identical dHash, different bytes (policy: near-duplicate groups stay in one split)"
current_freshwater-1605380c75a1,roboflow-0ffbb479e066,current_freshwater,roboflow,train_split/Fungal diseases Saprolegniasis/Fungal diseases Saprolegniasis_aug_228.jpg,train/Fungal diseases Saprolegniasis/Fungal-diseases-Saprolegniasis-23-_jpg.rf.163b2caa2b9b0aab7cecf81daee2b788.jpg,Fungal diseases Saprolegniasis,Fungal diseases Saprolegniasis,Saprolegniasis,Saprolegniasis,dhash,0c9c1e0f2e1e8ce8,0,NEAR_DUPLICATE,True,SAME_LABEL,KEEP_SAME_SPLIT,"identical dHash, different bytes (policy: near-duplicate groups stay in one split)"
current_freshwater-059da44862a0,current_freshwater-3a84cf94f2ad,current_freshwater,current_freshwater,test_split/Bacterial Red disease_Bacterial Red disease_41.jpg,train_split/Bacterial Red disease/Bacterial Red disease_aug_186.jpg,Bacterial Red disease,Bacterial Red disease,Bacterial Red Disease,Bacterial Red Disease,dhash,0d070482c6070000,0,NEAR_DUPLICATE,False,SAME_LABEL,KEEP_SAME_SPLIT,"identical dHash, different bytes (policy: near-duplicate groups stay in one split)"
current_freshwater-04d625e6cfc1,roboflow-aa0f44ce1d4d,current_freshwater,roboflow,train_split/Healthy Fish/Healthy Fish_279.jpg,train/Healthy Fish/Healthy-Fish-2-_png.rf.b197613824a05be687085f7530886c4d.jpg,Healthy Fish,Healthy Fish,Healthy Fish,Healthy Fish,dhash,0d0f1d7d7c3e2e0e,0,NEAR_DUPLICATE,True,SAME_LABEL,KEEP_SAME_SPLIT,"identical dHash, different bytes (policy: near-duplicate groups stay in one split)"
current_freshwater-3ea4022c46f3,current_freshwater-a26a3eedf03b,current_freshwater,current_freshwater,train_split/Parasitic diseases/Parasitic diseases_191.jpg,train_split/Parasitic diseases/Parasitic diseases_aug_284.jpg,Parasitic diseases,Parasitic diseases,Parasitic Disease,Parasitic Disease,dhash,0d1b133331bc0f0f,0,NEAR_DUPLICATE,False,SAME_LABEL,KEEP_SAME_SPLIT,"identical dHash, different bytes (policy: near-duplicate groups stay in one split)"
current_freshwater-3ea4022c46f3,current_freshwater-b5644e8be7fb,current_freshwater,current_freshwater,train_split/Parasitic diseases/Parasitic diseases_191.jpg,train_split/Parasitic diseases/Parasitic diseases_aug_57.jpg,Parasitic diseases,Parasitic diseases,Parasitic Disease,Parasitic Disease,dhash,0d1b133331bc0f0f,0,NEAR_DUPLICATE,False,SAME_LABEL,KEEP_SAME_SPLIT,"identical dHash, different bytes (policy: near-duplicate groups stay in one split)"
current_freshwater-a26a3eedf03b,current_freshwater-b5644e8be7fb,current_freshwater,current_freshwater,train_split/Parasitic diseases/Parasitic diseases_aug_284.jpg,train_split/Parasitic diseases/Parasitic diseases_aug_57.jpg,Parasitic diseases,Parasitic diseases,Parasitic Disease,Parasitic Disease,dhash,0d1b133331bc0f0f,0,NEAR_DUPLICATE,False,SAME_LABEL,KEEP_SAME_SPLIT,"identical dHash, different bytes (policy: near-duplicate groups stay in one split)"
